"taxonUUID","taxonRank","kingdom","simplifiedScientificName","current_redlistTW","suggested_redlistTW","source_process"
"233a25cd-bac6-4bb2-94bb-a4b4c173c218","species","Animalia","Acridotheres javanicus","NA",NA,"corrected_redlistTW"
"56db805c-faf5-417c-8d04-ae8f442ca622","species","Animalia","Acridotheres cristatellus","暫無危機（LC, Least Concern）","接近受脅（NT, Near Threatened）","corrected_redlistTW"
"5dbb2b00-a638-4838-bb08-6e884152302b","species","Animalia","Acrocephalus sorghophilus","NA",NA,"corrected_redlistTW"
"b6dc0713-111d-4b39-b283-f330282f5341","species","Animalia","Acrocephalus tangorum","NA",NA,"corrected_redlistTW"
"387954d8-7500-4162-b38f-e02683ae1186","species","Animalia","Cyornis brunneatus","NA",NA,"corrected_redlistTW"
"c04eb7ce-0b9b-4dfd-9e7d-74c5df6d7067","species","Animalia","Emberiza rustica","NA",NA,"corrected_redlistTW"
"6522d339-ae75-4202-8bfa-a09b94dcd662","species","Animalia","Helopsaltes pleskei","NA",NA,"corrected_redlistTW"
"08dd93ce-8d46-44a9-92ba-8f4a5aec3cf1","species","Animalia","Aquila heliaca","NA",NA,"corrected_redlistTW"
"3fae360a-23ea-45ef-827a-4c7af654fe69","species","Animalia","Clanga clanga","NA",NA,"corrected_redlistTW"
"283a16c1-47fd-4221-a221-d52e575766ee","species","Animalia","Ichthyaetus relictus","NA",NA,"corrected_redlistTW"
"e566274e-4dce-485b-a51c-9c53a4488794","species","Animalia","Rissa tridactyla","NA",NA,"corrected_redlistTW"
"aef79acf-2172-4f1b-bcf0-f89039067f8e","species","Animalia","Synthliboramphus wumizusume","NA",NA,"corrected_redlistTW"
"e486a442-46fe-47b3-a92a-d80d7c72b5e4","species","Animalia","Anas luzonica","NA",NA,"corrected_redlistTW"
"9e4f5b40-ceae-4fc5-bec4-b1b65ef1f7ca","species","Animalia","Anser cygnoides","NA",NA,"corrected_redlistTW"
"925fa76b-afac-482a-aaa2-af890f137cf8","species","Animalia","Anser erythropus","NA",NA,"corrected_redlistTW"
"f76d0089-0522-41ca-a311-ea1e1e0bcb37","species","Animalia","Aythya ferina","NA",NA,"corrected_redlistTW"
"9aee7654-fbf5-4529-acbd-9f08478581cf","species","Animalia","Clangula hyemalis","NA",NA,"corrected_redlistTW"
"629ea7b1-f65a-4df0-95be-0494829346d8","species","Animalia","Mergus squamatus","NA",NA,"corrected_redlistTW"
"a9182b3e-5cb1-4c28-932d-26b9a7eb62db","species","Animalia","Antigone vipio","NA",NA,"corrected_redlistTW"
"bc2b5442-7a76-49bb-99a5-65631f2175fc","species","Animalia","Grus japonensis","NA",NA,"corrected_redlistTW"
"943a9b58-5627-41a3-8794-ee25b5165d7c","species","Animalia","Grus monacha","NA",NA,"corrected_redlistTW"
"251368bf-574e-4e61-8fff-b77abe6f4370","species","Animalia","Leucogeranus leucogeranus","NA","","corrected_redlistTW"
"5e24ac51-e693-49ce-9793-5a81a87d293f","species","Animalia","Hydrobates leucorhous","NA",NA,"corrected_redlistTW"
"4748e6b0-2087-4910-89ee-5a3f657b5369","species","Animalia","Phoebastria albatrus","NA","","corrected_redlistTW"
"6dffa02d-95b8-4d06-b509-dda361173a01","species","Animalia","Gorsachius goisagi","NA",NA,"corrected_redlistTW"
"0c97ee83-eb22-4e9f-bba9-6e23a7891727","species","Animalia","Nipponia nippon","NA",NA,"corrected_redlistTW"
"ff35c17d-4ad0-4f7e-918d-16cb3a8f9edc","species","Animalia","Ptilinopus leclancheri","NA",NA,"corrected_redlistTW"
"8a30e23d-3d8c-4a7c-9c27-ddef4b1b7014","species","Animalia","Halcyon pileata","NA",NA,"corrected_redlistTW"
"30fddbfa-1efd-44a8-ab73-e83ce7113bb4","species","Animalia","Podiceps auritus","NA",NA,"corrected_redlistTW"
"47ab4272-64bb-4b8e-b010-037fb787f256","species","Animalia","Eutropis multifasciata","NA",NA,"corrected_redlistTW"
"b2975c1c-8643-4206-a6de-2f2ec65f30d9","species","Animalia","Gekko monarchus","NA",NA,"corrected_redlistTW"
"381bf2ce-6ad3-4a01-a6ae-e03d1eb7d60d","species","Animalia","Hemidactylus frenatus","NA",NA,"corrected_redlistTW"
"04c6dcad-8ff2-4911-a95e-b13996177c41","species","Animalia","Hemidactylus brookii","NA",NA,"corrected_redlistTW"
"02090f7f-f362-4a04-9b5a-a797c4e32246","species","Animalia","Anolis sagrei","NA",NA,"corrected_redlistTW"
"27cc5120-bb2d-4a43-b353-154b05987c0f","species","Animalia","Iguana iguana","NA",NA,"corrected_redlistTW"
"9fdabd61-783c-4a57-9a19-4e9dab98cf9f","species","Animalia","Trachemys scripta","NA",NA,"corrected_redlistTW"
"aae297ff-949c-4aac-9bc5-bc33916744e0","species","Animalia","Rattus exulans","NA",NA,"corrected_redlistTW"
"4c497a4b-02bc-4d4b-b502-51763dd0ab4b","species","Animalia","Pipistrellus montanus","NA",NA,"corrected_redlistTW"
"3c13c2ea-37be-44de-8e41-9dda16da11be","species","Animalia","Pipistrellus taiwanensis","NA",NA,"corrected_redlistTW"
"5f7d20a1-1d0b-4122-b905-517463797c98","species","Animalia","Cynopterus sphinx","NA",NA,"corrected_redlistTW"
"14d0933d-08f2-403c-83d6-96c8479ec3f7","species","Animalia","Rousettus leschenaultii","NA",NA,"corrected_redlistTW"
"0bdcea29-6d89-4ed7-b227-36b9bbe32c8b","species","Animalia","Cervus nippon","NA",NA,"corrected_redlistTW"
"ff912a9f-c4d4-4b83-aed2-1da3c462b9b2","species","Animalia","Aquarana catesbeiana","NA",NA,"corrected_redlistTW"
"1488d5cc-26fb-43ae-8d18-040edea6bb27","species","Animalia","Polypedates megacephalus","NA",NA,"corrected_redlistTW"
"f4b2f0bb-b7ae-4fb9-b466-1d58a4a77ce2","species","Animalia","Rhinella marina","NA",NA,"corrected_redlistTW"
"548afc00-41bb-4980-9cc1-8bbdd9e5860e","species","Animalia","Fejervarya cancrivora","NA",NA,"corrected_redlistTW"
"94a953b6-d8ab-4f73-ae47-224bf942b8eb","species","Animalia","Kaloula pulchra","NA",NA,"corrected_redlistTW"
"6e2c5d5f-ed42-4943-b505-66fe69435587","species","Animalia","Emberiza personata","暫無危機（LC, Least Concern）","","corrected_redlistTW"
"099552d8-6b9d-4f92-9667-a690fe0c286c","infraspecies","Animalia","Lonchura atricapilla sinensis","","易危（VU, Vulnerable）","corrected_redlistTW"
"1dc2ca35-a992-4753-b6e8-d609774848dc","infraspecies","Animalia","Lonchura atricapilla jagori","","易危（VU, Vulnerable）","corrected_redlistTW"
"69e21abf-b727-4b43-8fe6-d5fd3adf1ad5","infraspecies","Animalia","Lonchura atricapilla deignani","","易危（VU, Vulnerable）","corrected_redlistTW"
"58c022b9-5598-44ca-93c5-514bbf212e49","infraspecies","Animalia","Oriolus chinensis maculatus","","易危（VU, Vulnerable）","corrected_redlistTW"
"da946eff-550a-49ef-9c2d-6cafb480ccb9","infraspecies","Animalia","Phasianus colchicus karpowi","","極危（CR, Critically Endangered）","corrected_redlistTW"
"8da960a7-8e82-43ea-a6af-6589b4184c47","infraspecies","Animalia","Hydrobates leucorhous leucorhous","NA",NA,"corrected_redlistTW"
"80f016bc-a3d2-4afd-865e-d5d8ce4c2968","infraspecies","Animalia","Ptilinopus leclancheri longialis","NA",NA,"corrected_redlistTW"
"2d70d761-6b25-49b0-8039-719a68adbc28","infraspecies","Animalia","Podiceps auritus auritus","NA",NA,"corrected_redlistTW"
"7ac39eaf-514a-4c28-9374-d8ee3184fe01","infraspecies","Animalia","Trachemys scripta elegans","NA",NA,"corrected_redlistTW"
"a441e589-9fd5-4151-8830-36e3ca61b62d","infraspecies","Animalia","Trachemys scripta scripta","NA",NA,"corrected_redlistTW"
"7289401e-7e8f-4cb7-9928-7433333b2e46","infraspecies","Animalia","Cervus nippon taiouanus","NA",NA,"corrected_redlistTW"
"6cfab3d9-fe44-4449-aa3b-51b1f2309580","species","Animalia","Tagiades tethys","","暫無危機（LC, Least Concern）","corrected_redlistTW"
"3b166100-1a7c-4f97-9b58-278c8fb8aa9b","species","Animalia","Pseudocoladenia dan","","接近受脅（NT, Near Threatened）","corrected_redlistTW"
"98bf4954-a511-48c2-bf35-ce4e9db0dd35","species","Animalia","Athyma jina","","接近受脅（NT, Near Threatened）","corrected_redlistTW"
"324a481d-7c26-4b85-b6df-22037747f6c5","species","Animalia","Neptis hesione","","接近受脅（NT, Near Threatened）","corrected_redlistTW"
"e55396c3-7ff9-472f-839e-b1fb1d06b4c2","species","Animalia","Eurema brigitta","","易危（VU, Vulnerable）","corrected_redlistTW"
"d531d769-6e92-455f-a97f-bce498acbdf1","species","Animalia","Aporia agathon","","接近受脅（NT, Near Threatened）","corrected_redlistTW"
"5d0847b6-4791-4048-b264-c6a4fe9a8667","species","Animalia","Aporia gigantea","","易危（VU, Vulnerable）","corrected_redlistTW"
"a4c6f85e-08b4-4302-99c7-6453d1117e5d","species","Animalia","Aciagrion migratum","","接近受脅（NT, Near Threatened）","corrected_redlistTW"
"96dca445-a975-49d0-90d2-3d2658a8a7f4","species","Animalia","Agriocnemis pygmaea","","暫無危機（LC, Least Concern）","corrected_redlistTW"
"43674f7c-e032-4234-ae5f-227d0602c484","species","Animalia","Agriocnemis femina","","暫無危機（LC, Least Concern）","corrected_redlistTW"
"a4ce0858-6ccf-43c4-b6f0-4797513c6b7a","species","Animalia","Ceriagrion melanurum","","極危（CR, Critically Endangered）","corrected_redlistTW"
"66a8a938-8c1e-4eaf-a901-92f3c075582a","species","Animalia","Ceriagrion nipponicum","","極危（CR, Critically Endangered）","corrected_redlistTW"
"5fbcfae6-ea81-4573-8180-3c898697364b","species","Animalia","Ceriagrion auranticum","","暫無危機（LC, Least Concern）","corrected_redlistTW"
"203ffe6d-ba24-4181-95bb-c04ecaf3a99b","species","Animalia","Ceriagrion fallax","","暫無危機（LC, Least Concern）","corrected_redlistTW"
"db43a9f2-b585-4ffb-b0e8-70af5c18f438","species","Animalia","Ischnura asiatica","","未評估（NE, Not Evaluated）","corrected_redlistTW"
"3856ed5a-f901-4153-8ed7-9d710f3e93f9","species","Animalia","Ischnura senegalensis","","暫無危機（LC, Least Concern）","corrected_redlistTW"
"d759478a-de21-4d10-ae38-b373f98e02b2","species","Animalia","Mortonagrion selenion","","未評估（NE, Not Evaluated）","corrected_redlistTW"
"7b64cfce-b461-4873-979e-8fb5b53e2bda","species","Animalia","Mortonagrion hirosei","","極危（CR, Critically Endangered）","corrected_redlistTW"
"83d548df-90a3-432c-9af3-18736c129a8c","species","Animalia","Paracercion melanotum","","暫無危機（LC, Least Concern）","corrected_redlistTW"
"75bfc536-d267-42f0-8405-dca968ec0d57","species","Animalia","Paracercion sieboldii","","未評估（NE, Not Evaluated）","corrected_redlistTW"
"dc713467-7362-4f82-9b73-5efb5b934fca","species","Animalia","Paracercion calamorum","","暫無危機（LC, Least Concern）","corrected_redlistTW"
"238e95cc-ccc2-426e-8fa7-bdc1fb84655d","species","Animalia","Pseudagrion microcephalum","","暫無危機（LC, Least Concern）","corrected_redlistTW"
"966dad42-1951-48b6-ba72-cb2e73eb17d0","species","Animalia","Pseudagrion rubriceps","","資料缺乏（DD, Data Deficient）","corrected_redlistTW"
"2a39544a-f95f-429a-90e2-4d720640f6b8","species","Animalia","Pseudagrion pilidorsum","","暫無危機（LC, Least Concern）","corrected_redlistTW"
"ce57073f-bca3-42d8-aa4c-1d46d8ccfbe4","species","Animalia","Anaciaeschna martini","","接近受脅（NT, Near Threatened）","corrected_redlistTW"
"5273c00f-48ed-426c-a719-818406312801","species","Animalia","Anaciaeschna jaspidea","","暫無危機（LC, Least Concern）","corrected_redlistTW"
"eb019832-1fd1-4a9f-9b1a-488f4c706d3a","species","Animalia","Anax guttatus","","暫無危機（LC, Least Concern）","corrected_redlistTW"
"3267483b-78e4-48b5-bfc8-4a3ece4112c1","species","Animalia","Anax panybeus","","暫無危機（LC, Least Concern）","corrected_redlistTW"
"6e5e7546-d08a-4540-acfb-d3b017ad75b9","species","Animalia","Anax nigrofasciatus","","暫無危機（LC, Least Concern）","corrected_redlistTW"
"b2e94a81-5bb1-43dd-8539-82a93165be24","species","Animalia","Anax parthenope","","未評估（NE, Not Evaluated）","corrected_redlistTW"
"6780f963-aa39-4874-af70-22b2c9d6ff14","species","Animalia","Cephalaeschna risi","","易危（VU, Vulnerable）","corrected_redlistTW"
"ef947cfc-f409-4f05-8e3e-58bab01c4007","species","Animalia","Gynacantha bayadera","","接近受脅（NT, Near Threatened）","corrected_redlistTW"
"bc2c1ca4-88e6-438c-8d9e-72a2f83013a9","species","Animalia","Gynacantha japonica","","暫無危機（LC, Least Concern）","corrected_redlistTW"
"1f77aabf-1eed-4b95-9782-58ea1ca4a142","species","Animalia","Gynacantha ryukyuensis","","暫無危機（LC, Least Concern）","corrected_redlistTW"
"16ae30e4-901b-44d0-993c-d457d11f0b36","species","Animalia","Gynacantha saltatrix","","瀕危（EN, Endangered）","corrected_redlistTW"
"ddcf3694-c89b-4eb1-af14-32609f502534","species","Animalia","Periaeschna magdalena","","接近受脅（NT, Near Threatened）","corrected_redlistTW"
"15776791-e11b-470f-aaeb-dfb50eeb8eac","species","Animalia","Sarasaeschna tsaopiensis","","瀕危（EN, Endangered）","corrected_redlistTW"
"07f1f503-b29e-47f2-8764-7d3c9474d0bf","species","Animalia","Sarasaeschna lieni","","接近受脅（NT, Near Threatened）","corrected_redlistTW"
"43f3993e-39d2-4952-8538-d1aac247c24b","species","Animalia","Sarasaeschna pyanan","","接近受脅（NT, Near Threatened）","corrected_redlistTW"
"98d556d5-c027-4367-8b57-7741495f6ac0","species","Animalia","Sarasaeschna chiangchinlii","","易危（VU, Vulnerable）","corrected_redlistTW"
"d7183cdf-acca-44b7-940d-feed3af27e52","species","Animalia","Sarasaeschna kaoi","","極危（CR, Critically Endangered）","corrected_redlistTW"
"039c2f28-2e7c-4707-966f-1f46c610a56c","species","Animalia","Aeshna petalura","","暫無危機（LC, Least Concern）","corrected_redlistTW"
"8cb4223c-dfaf-472f-a8b5-fa1c7144d735","species","Animalia","Anisogomphus maacki","","易危（VU, Vulnerable）","corrected_redlistTW"
"bbb756de-57db-4f5a-906a-5976a7ea8079","species","Animalia","Asiagomphus hainanensis","","接近受脅（NT, Near Threatened）","corrected_redlistTW"
"4b50189e-6bba-4801-9d76-59ab4f676618","species","Animalia","Asiagomphus pacificus","","易危（VU, Vulnerable）","corrected_redlistTW"
"0311ee4f-e15e-4972-a57c-23617e555752","species","Animalia","Asiagomphus perlaetus","","瀕危（EN, Endangered）","corrected_redlistTW"
"0d66f442-d82a-4ac6-888c-ca5adaf4357f","species","Animalia","Asiagomphus septimus","","接近受脅（NT, Near Threatened）","corrected_redlistTW"
"2abb2843-08a3-48c1-abd7-962a19409459","species","Animalia","Burmagomphus vermicularis","","暫無危機（LC, Least Concern）","corrected_redlistTW"
"44c64a9b-5835-41b5-8cff-849ff9f18ed1","species","Animalia","Fukienogomphus prometheus","","接近受脅（NT, Near Threatened）","corrected_redlistTW"
"60d9b43d-2769-4b38-b6e2-b18d0d1eeae2","species","Animalia","Gomphidia confluens","","接近受脅（NT, Near Threatened）","corrected_redlistTW"
"fc8eb5c7-4001-48fb-83ef-4d681b14d07d","species","Animalia","Heliogomphus retroflexus","","暫無危機（LC, Least Concern）","corrected_redlistTW"
"e5c6da69-37c8-431e-8d45-6affff161084","species","Animalia","Ictinogomphus rapax","","暫無危機（LC, Least Concern）","corrected_redlistTW"
"965d2fb5-b742-4621-9bdc-79dfa56bac25","species","Animalia","Lamelligomphus formosanus","","暫無危機（LC, Least Concern）","corrected_redlistTW"
"6d08d572-cff4-4679-b493-bf5ba78187b4","species","Animalia","Merogomphus pavici","","接近受脅（NT, Near Threatened）","corrected_redlistTW"
"fc42ef70-7fa4-49cd-9353-51aab13a516b","species","Animalia","Sieboldius deflexus","","接近受脅（NT, Near Threatened）","corrected_redlistTW"
"b2251962-5a7a-454f-bd29-c070b7e63e36","species","Animalia","Sinictinogomphus clavatus","","暫無危機（LC, Least Concern）","corrected_redlistTW"
"03a72898-804b-4b50-8e35-a266cf59734a","species","Animalia","Sinogomphus formosanus","","暫無危機（LC, Least Concern）","corrected_redlistTW"
"e74f8e31-e5c1-40a9-814b-79ce6f58b721","species","Animalia","Stylogomphus changi","","暫無危機（LC, Least Concern）","corrected_redlistTW"
"6d399929-516e-4f54-8139-68281ab38b3c","species","Animalia","Stylogomphus shirozui","","暫無危機（LC, Least Concern）","corrected_redlistTW"
"a7deaf8a-e8a7-4d7f-a459-1a9987f0775f","species","Animalia","Leptogomphus sauteri","","暫無危機（LC, Least Concern）","corrected_redlistTW"
"0defb28c-09ee-48fb-b092-aeefb9981c26","species","Animalia","Anotogaster klossi","","暫無危機（LC, Least Concern）","corrected_redlistTW"
"df8d1a1d-124c-4607-b9c2-533ae2d6460d","species","Animalia","Chlorogomphus brevistigma","","接近受脅（NT, Near Threatened）","corrected_redlistTW"
"efef3ec8-67f9-40d7-9f87-2c5855cad9fa","species","Animalia","Chlorogomphus risi","","暫無危機（LC, Least Concern）","corrected_redlistTW"
"5a9082e4-fbc9-45d6-b29b-96d3f4383cf1","species","Animalia","Aristocypha baibarana","","極危（CR, Critically Endangered）","corrected_redlistTW"
"a883838f-1444-44d4-a63a-3d8dc5802ba5","species","Animalia","Rhinocypha taiwana","","瀕危（EN, Endangered）","corrected_redlistTW"
"f6b69d9b-e2cb-45c7-bd99-6c7ff9d0967d","species","Animalia","Heliocypha perforata","","暫無危機（LC, Least Concern）","corrected_redlistTW"
"7e1f4500-494a-4bb6-aaee-8f0fe7e7225e","species","Animalia","Libellago lineata","","瀕危（EN, Endangered）","corrected_redlistTW"
"2bb9dd19-1602-4535-afdf-c6363fa5a983","species","Animalia","Bayadera brevicauda","","暫無危機（LC, Least Concern）","corrected_redlistTW"
"7dc20760-3086-4f93-9f08-3975b5a87470","species","Animalia","Euphaea formosa","","暫無危機（LC, Least Concern）","corrected_redlistTW"
"70471991-ebec-4b80-813f-6bca09c3fc24","species","Animalia","Brachythemis contaminata","","暫無危機（LC, Least Concern）","corrected_redlistTW"
"9ff1c239-4fe1-4972-813a-8b741feabfb5","species","Animalia","Deielia phaon","","未評估（NE, Not Evaluated）","corrected_redlistTW"
"50b5be46-180c-4316-82b8-bf3e73c285ba","species","Animalia","Diplacodes trivialis","","暫無危機（LC, Least Concern）","corrected_redlistTW"
"ba53fd7b-2593-4cfa-9342-a878017fa64e","species","Animalia","Hydrobasileus croceus","","暫無危機（LC, Least Concern）","corrected_redlistTW"
"03c84c4d-f518-4674-ad57-d851397556db","species","Animalia","Lyriothemis flava","","暫無危機（LC, Least Concern）","corrected_redlistTW"
"9b609bf2-87b1-49ba-bcbd-468201482879","species","Animalia","Lyriothemis elegantissima","","暫無危機（LC, Least Concern）","corrected_redlistTW"
"5a1a17b8-a6bb-403c-9ea1-b8920b73038c","species","Animalia","Macrodiplax cora","","暫無危機（LC, Least Concern）","corrected_redlistTW"
"0a4cbe68-8a9b-4863-b8a0-d161819a4596","species","Animalia","Nannophya pygmaea","","瀕危（EN, Endangered）","corrected_redlistTW"
"03aef23e-a178-427b-8027-195914baf14e","species","Animalia","Nannophyopsis clara","","瀕危（EN, Endangered）","corrected_redlistTW"
"7d7b603a-e390-42bb-bbad-d518641cf100","species","Animalia","Neurothemis fulvia","","未評估（NE, Not Evaluated）","corrected_redlistTW"
"184e130f-babe-4d9f-8698-ae23d46056dd","species","Animalia","Neurothemis taiwanensis","","暫無危機（LC, Least Concern）","corrected_redlistTW"
"0fee45b5-fb52-40e1-83dd-9bee2833e549","species","Animalia","Neurothemis tullia","","極危（CR, Critically Endangered）","corrected_redlistTW"
"db9651db-196e-4343-a0ea-63ed4d067867","species","Animalia","Orthetrum glaucum","","暫無危機（LC, Least Concern）","corrected_redlistTW"
"0f5191c3-1eb1-4fc2-9381-c7a254395880","species","Animalia","Orthetrum luzonicum","","暫無危機（LC, Least Concern）","corrected_redlistTW"
"96637826-25da-4e32-813d-1591d8ae2d81","infraspecies","Animalia","Orthetrum melania continentale","","暫無危機（LC, Least Concern）","corrected_redlistTW"
"0151f2e2-4365-49f8-a697-d93cfbe28de5","infraspecies","Animalia","Orthetrum triangulare triangulare","","暫無危機（LC, Least Concern）","corrected_redlistTW"
"70de0277-836f-4c40-9e02-90a2b3999a02","species","Animalia","Orthetrum albistylum","","極危（CR, Critically Endangered）","corrected_redlistTW"
"d78768be-9da1-4a87-858b-5906e03b19b5","species","Animalia","Orthetrum pruinosum","","瀕危（EN, Endangered）","corrected_redlistTW"
"7682e6c1-93a1-49ec-acfe-c6ce68fd6a70","species","Animalia","Orthetrum sabina","","暫無危機（LC, Least Concern）","corrected_redlistTW"
"a1b6a2c8-d224-4009-b22f-8e7f426300b6","species","Animalia","Pantala flavescens","","暫無危機（LC, Least Concern）","corrected_redlistTW"
"cfca8a7e-51b2-41a4-b071-6a59374ffa15","species","Animalia","Pseudothemis zonata","","暫無危機（LC, Least Concern）","corrected_redlistTW"
"62ad55f6-44cc-4ef6-af9e-4ee0baf473b2","species","Animalia","Rhyothemis severini","","瀕危（EN, Endangered）","corrected_redlistTW"
"798e156b-041d-4b68-ad01-bc27c22cf760","species","Animalia","Rhyothemis triangularis","","接近受脅（NT, Near Threatened）","corrected_redlistTW"
"b1a7ac56-949d-4d38-b4da-653e6fb90cc3","species","Animalia","Rhyothemis regia","","暫無危機（LC, Least Concern）","corrected_redlistTW"
"a06f4017-6cbb-4319-aa58-f60940a07863","species","Animalia","Rhyothemis variegata","","暫無危機（LC, Least Concern）","corrected_redlistTW"
"80a9804b-3eda-4eb5-b0c5-913e14f357d0","species","Animalia","Sympetrum darwinianum","","未評估（NE, Not Evaluated）","corrected_redlistTW"
"c38ade02-8d7e-439c-b7f9-553ba8ffdfe6","species","Animalia","Sympetrum kunckeli","","未評估（NE, Not Evaluated）","corrected_redlistTW"
"697286a5-86c9-46c1-8fc6-b97409140ff5","species","Animalia","Sympetrum cordulegaster","","未評估（NE, Not Evaluated）","corrected_redlistTW"
"f44d893e-20d5-4f49-b0fc-eea82e0b3865","species","Animalia","Sympetrum depressiusculum","","未評估（NE, Not Evaluated）","corrected_redlistTW"
"daee45f2-702a-4bc3-940f-76b10a8d409a","species","Animalia","Sympetrum fonscolombii","","未評估（NE, Not Evaluated）","corrected_redlistTW"
"cfccfc6c-89bd-498e-8ed1-22996fbf6a53","species","Animalia","Sympetrum nantouensis","","瀕危（EN, Endangered）","corrected_redlistTW"
"dc638eb5-5456-451e-b504-918ae78f9d16","species","Animalia","Sympetrum baccha","","RE","corrected_redlistTW"
"d4fc848c-b4e7-4994-be79-e93fb53b86c6","species","Animalia","Sympetrum eroticum","","接近受脅（NT, Near Threatened）","corrected_redlistTW"
"118c4f95-1d01-4d8b-8701-d3e00dd60049","species","Animalia","Tholymis tillarga","","暫無危機（LC, Least Concern）","corrected_redlistTW"
"125736d1-2fc2-40df-8678-25f9cb31637a","species","Animalia","Tramea virginia","","暫無危機（LC, Least Concern）","corrected_redlistTW"
"527f29d3-deb5-428f-8293-f198090bf201","species","Animalia","Tramea transmarina","","暫無危機（LC, Least Concern）","corrected_redlistTW"
"a8add0af-57bd-44d3-98be-63448b769961","species","Animalia","Trithemis aurora","","暫無危機（LC, Least Concern）","corrected_redlistTW"
"c7350fe8-1801-490f-8e2f-010097d3f6ed","species","Animalia","Trithemis festiva","","暫無危機（LC, Least Concern）","corrected_redlistTW"
"5bf83fca-43b5-46d5-8a1b-63728733cd8c","species","Animalia","Trithemis pallidinervis","","未評估（NE, Not Evaluated）","corrected_redlistTW"
"604aaed0-0d66-4a5e-b20f-bee2b545edf4","species","Animalia","Zygonyx takasago","","暫無危機（LC, Least Concern）","corrected_redlistTW"
"83bd5185-fc1d-430e-ba05-a3877e7d3084","species","Animalia","Zyxomma petiolatum","","暫無危機（LC, Least Concern）","corrected_redlistTW"
"f1214d64-5522-45ed-818d-6fb2c93bb30d","species","Animalia","Zyxomma obtusum","","暫無危機（LC, Least Concern）","corrected_redlistTW"
"1a8a377a-24a0-48ee-be28-25fa6a3fb348","species","Animalia","Acisoma panorpoides","","暫無危機（LC, Least Concern）","corrected_redlistTW"
"245efa49-df68-4266-9534-01f41200e0c4","species","Animalia","Agrionoptera insignis","","瀕危（EN, Endangered）","corrected_redlistTW"
"22dc0d55-61c0-46f8-9c82-5851307ebad4","species","Animalia","Brachydiplax chalybea","","暫無危機（LC, Least Concern）","corrected_redlistTW"
"79c187f8-23e4-40f1-9cc6-c936614b723e","species","Animalia","Cratilla lineata","","暫無危機（LC, Least Concern）","corrected_redlistTW"
"58ba26ce-0821-49c8-bdc8-a60338406436","species","Animalia","Crocothemis servilia","","暫無危機（LC, Least Concern）","corrected_redlistTW"
"756bd88c-cc90-41e8-b965-164c11a2f796","species","Animalia","Lathrecista asiatica","","資料缺乏（DD, Data Deficient）","corrected_redlistTW"
"ef8b662f-5ec7-4a69-a43a-2470698a833c","species","Animalia","Onychothemis testacea","","暫無危機（LC, Least Concern）","corrected_redlistTW"
"a2976c52-9273-4014-9709-ee9f2295712f","species","Animalia","Potamarcha congener","","暫無危機（LC, Least Concern）","corrected_redlistTW"
"b07278eb-aae6-4cb2-873e-24a92f3e17ca","species","Animalia","Urothemis signata","","暫無危機（LC, Least Concern）","corrected_redlistTW"
"bd7f518d-163d-49a7-b4c5-ae7ce6c6cc2d","species","Animalia","Coeliccia cyanomelas","","暫無危機（LC, Least Concern）","corrected_redlistTW"
"f7ef222c-adda-45f3-a04a-85789e29b7ec","species","Animalia","Coeliccia flavicauda","","暫無危機（LC, Least Concern）","corrected_redlistTW"
"1e67c223-1876-43fc-adc5-f5773cdc847a","species","Animalia","Copera marginipes","","暫無危機（LC, Least Concern）","corrected_redlistTW"
"2b534b7d-9bc5-4a7c-b20a-d41763c058bd","species","Animalia","Onychargia atrocyana","","瀕危（EN, Endangered）","corrected_redlistTW"
"9fc539ea-c6ad-4f6a-ac67-3f09624b7e7e","species","Animalia","Prodasineura croconota","","暫無危機（LC, Least Concern）","corrected_redlistTW"
"d1ef61a2-f66f-42aa-8cbe-daa70cd55e49","species","Animalia","Prodasineura autumnalis","","資料缺乏（DD, Data Deficient）","corrected_redlistTW"
"c62ca225-db31-461b-a36d-599fcc19529b","species","Animalia","Epophthalmia elegans","","暫無危機（LC, Least Concern）","corrected_redlistTW"
"4c3c4fe6-60d9-48d7-bfa9-e2e039bd0f4f","species","Animalia","Macromia clio","","暫無危機（LC, Least Concern）","corrected_redlistTW"
"2876ffb9-bca4-4b40-be1a-09115b2e4155","species","Animalia","Macromia urania","","暫無危機（LC, Least Concern）","corrected_redlistTW"
"9292e860-0505-469c-b055-1fc1ce525b6f","species","Animalia","Macromia daimoji","","瀕危（EN, Endangered）","corrected_redlistTW"
"bd7d5a45-f55a-4fbe-aaff-6762cbe5bbd1","species","Animalia","Macromidia ishidai","","極危（CR, Critically Endangered）","corrected_redlistTW"
"059c6715-5b60-4df7-8a4c-7a6c848d7e4e","species","Animalia","Somatochlora taiwana","","極危（CR, Critically Endangered）","corrected_redlistTW"
"abe37b35-c2be-4a6b-b303-f752e666b7f5","species","Animalia","Hemicordulia mindana","","瀕危（EN, Endangered）","corrected_redlistTW"
"13cdbc08-c641-4a25-a40a-600d83ca5539","species","Animalia","Indolestes cyaneus","","暫無危機（LC, Least Concern）","corrected_redlistTW"
"2560e757-2f3a-42fa-861a-4ea245a402b7","species","Animalia","Lestes concinnus","","未評估（NE, Not Evaluated）","corrected_redlistTW"
"7ec6c0ca-959a-44f2-bf1f-3fb63dca6530","species","Animalia","Orolestes selysi","","暫無危機（LC, Least Concern）","corrected_redlistTW"
"9e6bcca4-6b08-4501-a10b-7d60700e4a2b","species","Animalia","Matrona cyanoptera","","暫無危機（LC, Least Concern）","corrected_redlistTW"
"290eed6d-3ae6-464d-9f66-80f898178bf0","species","Animalia","Mnais tenuis","","接近受脅（NT, Near Threatened）","corrected_redlistTW"
"62dac292-35f3-4ba3-8797-d31462cce697","species","Animalia","Neurobasis chinensis","","未評估（NE, Not Evaluated）","corrected_redlistTW"
"abac735a-24a7-441d-9c5d-3376224295df","species","Animalia","Psolodesmus mandarinus","","暫無危機（LC, Least Concern）","corrected_redlistTW"
"2cadf583-a820-44e7-8c2c-293710e69d35","species","Animalia","Sinolestes edita","","瀕危（EN, Endangered）","corrected_redlistTW"
"190f34b2-24a4-4a26-8d9c-7d905fdcbadc","species","Animalia","Rhipidolestes aculeatus","","暫無危機（LC, Least Concern）","corrected_redlistTW"
"decc7c45-a76b-43d6-8feb-1e4553ae144b","infraspecies","Animalia","Euploea eunice botelianus","","暫無危機（LC, Least Concern）","corrected_redlistTW"
"c29d6155-515b-420d-9576-c9088f744ef7","infraspecies","Animalia","Euploea eunice kadu","","暫無危機（LC, Least Concern）","corrected_redlistTW"
"3f509cd7-5271-46da-80cc-485698a92a12","infraspecies","Animalia","Euploea sylvester laetifica","","暫無危機（LC, Least Concern）","corrected_redlistTW"
"37aa9187-c19c-4ca1-96dd-9e117dcad5f4","infraspecies","Animalia","Euploea tulliolus pollita","","暫無危機（LC, Least Concern）","corrected_redlistTW"
"ca26ab0f-eed4-4c01-a4ee-93c7d7844eeb","infraspecies","Animalia","Hypolimnas bolina iacintha","","暫無危機（LC, Least Concern）","corrected_redlistTW"
"d45baf8e-3a15-404b-87f5-4bd4aac79de8","infraspecies","Animalia","Tirumala limniace orestilla","","暫無危機（LC, Least Concern）","corrected_redlistTW"
"3e538ada-f285-420f-b52b-c35d787b359f","infraspecies","Animalia","Ypthima esakii wangi","","暫無危機（LC, Least Concern）","corrected_redlistTW"
"4240e3e7-9981-490d-a032-36769e564c9b","infraspecies","Animalia","Hestina assimilis assimilis","","暫無危機（LC, Least Concern）","corrected_redlistTW"
"de9fe7c0-dbb6-4ee5-a354-dda59b8bbe7e","infraspecies","Animalia","Idea leuconoe kwashotoensis","","暫無危機（LC, Least Concern）","corrected_redlistTW"
"e5ddcc39-637d-4af1-9aca-b2ee17909881","infraspecies","Animalia","Papilio bianor kotoensis","","暫無危機（LC, Least Concern）","corrected_redlistTW"
"5bda7999-2d85-4807-ac2c-8e134e52cdf8","infraspecies","Animalia","Papilio polytes ledebouria","","暫無危機（LC, Least Concern）","corrected_redlistTW"
"47b4ff50-05ed-4153-a075-c8fb8cdf5e9c","infraspecies","Animalia","Papilio protenor liukiuensis","","暫無危機（LC, Least Concern）","corrected_redlistTW"
"5b643d2f-e361-4a97-b908-c079158497cf","infraspecies","Animalia","Agriocnemis femina oryzae","","暫無危機（LC, Least Concern）","corrected_redlistTW"
"31c38595-79d4-4382-a256-6bce09bf9dea","infraspecies","Animalia","Ceriagrion auranticum ryukyuanum","","暫無危機（LC, Least Concern）","corrected_redlistTW"
"fde0f09a-36a1-4cec-a83c-e4cf030a99d5","infraspecies","Animalia","Ceriagrion fallax fallax","","暫無危機（LC, Least Concern）","corrected_redlistTW"
"49f8ec96-9627-418a-b7db-b60e158d494b","species","Animalia","Ischnura rubilio","","極危（CR, Critically Endangered）","corrected_redlistTW"
"9f879755-2385-48c5-b5cc-38e476c87123","infraspecies","Animalia","Paracercion calamorum dyeri","","暫無危機（LC, Least Concern）","corrected_redlistTW"
"5b0a2a23-276c-41cd-bde9-c4fa8986b0b0","infraspecies","Animalia","Pseudagrion pilidorsum pilidorsum","","暫無危機（LC, Least Concern）","corrected_redlistTW"
"592888d1-97d1-43f2-9245-146c5c8da8b5","infraspecies","Animalia","Anax nigrofasciatus nigrofasciatus","","暫無危機（LC, Least Concern）","corrected_redlistTW"
"6f5208a4-0e18-41c4-845c-7a907add218d","infraspecies","Animalia","Planaeschna ishigakiana flavostria","","接近受脅（NT, Near Threatened）","corrected_redlistTW"
"7a4988f7-6fe4-40a1-bb7e-d69258f354dc","infraspecies","Animalia","Aeshna petalura taiyal","","暫無危機（LC, Least Concern）","corrected_redlistTW"
"9863ee73-4688-4093-91be-ddf84172609b","species","Animalia","Gomphidia fukienensis","","瀕危（EN, Endangered）","corrected_redlistTW"
"bd0ccfa8-1179-4181-8cd0-82feedc1ead3","infraspecies","Animalia","Stylogomphus shirozui shirozui","","暫無危機（LC, Least Concern）","corrected_redlistTW"
"3dcf80dc-c609-4983-af75-d4b9c7a7996a","infraspecies","Animalia","Leptogomphus sauteri formosanus","","暫無危機（LC, Least Concern）","corrected_redlistTW"
"d9946b2c-0fe5-4134-b27d-4f3729c010d6","infraspecies","Animalia","Leptogomphus sauteri sauteri","","暫無危機（LC, Least Concern）","corrected_redlistTW"
"1541536d-1f13-44c3-a0b2-e6754b66e95d","infraspecies","Animalia","Heliocypha perforata perforata","","暫無危機（LC, Least Concern）","corrected_redlistTW"
"46c2db6d-a1b7-4294-927d-1a734d0437b7","infraspecies","Animalia","Libellago lineata lineata","","瀕危（EN, Endangered）","corrected_redlistTW"
"2923e97c-4957-4f18-98bb-c03f193cc24e","infraspecies","Animalia","Neurothemis tullia tullia","","極危（CR, Critically Endangered）","corrected_redlistTW"
"839c6d29-fcfd-4ba3-8391-d413e18f79bc","infraspecies","Animalia","Orthetrum albistylum speciosum","","極危（CR, Critically Endangered）","corrected_redlistTW"
"8c4839b8-d186-452b-9d03-4bfe0b321afd","species","Animalia","Orthetrum internum","","接近受脅（NT, Near Threatened）","corrected_redlistTW"
"67449ef9-01f6-46d8-84aa-753183d327ef","infraspecies","Animalia","Orthetrum pruinosum clelia","","瀕危（EN, Endangered）","corrected_redlistTW"
"d505ac66-f898-4dca-af0e-d31747e9b216","infraspecies","Animalia","Orthetrum pruinosum neglectum","","暫無危機（LC, Least Concern）","corrected_redlistTW"
"5d2b1148-ef83-4e1a-bccf-80fe83ee5f8b","infraspecies","Animalia","Orthetrum sabina sabina","","暫無危機（LC, Least Concern）","corrected_redlistTW"
"8f9515ba-199a-441f-ae43-31024d791ce4","infraspecies","Animalia","Rhyothemis regia regia","","暫無危機（LC, Least Concern）","corrected_redlistTW"
"bf761e8c-35ff-4d4d-bdd6-aaef71e247d4","infraspecies","Animalia","Rhyothemis variegata arria","","暫無危機（LC, Least Concern）","corrected_redlistTW"
"17cae73a-6031-4ab9-a152-f0b0c377148b","infraspecies","Animalia","Sympetrum baccha baccha","","RE","corrected_redlistTW"
"e5fd7189-23c5-40c0-b4aa-a2b9e39d14f0","infraspecies","Animalia","Sympetrum eroticum ardens","","接近受脅（NT, Near Threatened）","corrected_redlistTW"
"895871ea-0093-4f21-8386-d9d2384e2e40","species","Animalia","Sympetrum speciosum","","暫無危機（LC, Least Concern）","corrected_redlistTW"
"6a7921cf-520b-4cf8-85bd-51b6bbbb2dd2","infraspecies","Animalia","Tramea transmarina euryale","","暫無危機（LC, Least Concern）","corrected_redlistTW"
"55506a27-5eb0-41d0-8b5f-45059499fac2","infraspecies","Animalia","Tramea transmarina propinqua","","資料缺乏（DD, Data Deficient）","corrected_redlistTW"
"cfd21070-4578-48f8-93f1-44c7d0cff8a5","infraspecies","Animalia","Acisoma panorpoides panorpoides","","暫無危機（LC, Least Concern）","corrected_redlistTW"
"1e074759-3908-4d78-b9e3-f86841e4a566","infraspecies","Animalia","Agrionoptera insignis similis","","瀕危（EN, Endangered）","corrected_redlistTW"
"b903b6f7-6e77-49f1-ad68-9f1456167ac1","infraspecies","Animalia","Brachydiplax chalybea flavovittata","","暫無危機（LC, Least Concern）","corrected_redlistTW"
"e7da34f1-6ac2-40e7-aae4-18ea3b7790bf","infraspecies","Animalia","Cratilla lineata assidua","","暫無危機（LC, Least Concern）","corrected_redlistTW"
"6e69b30d-b39c-4dba-8fd7-4acddbca4784","infraspecies","Animalia","Crocothemis servilia servilia","","暫無危機（LC, Least Concern）","corrected_redlistTW"
"950f1b16-f3c4-4ae8-9de1-3e6fab53d465","infraspecies","Animalia","Lathrecista asiatica asiatica","","資料缺乏（DD, Data Deficient）","corrected_redlistTW"
"2193f2eb-529a-439d-986b-e92f9e2806e7","infraspecies","Animalia","Potamarcha congener congener","","暫無危機（LC, Least Concern）","corrected_redlistTW"
"a97e2366-e890-4668-862e-0459e18da23e","infraspecies","Animalia","Urothemis signata yiei","","暫無危機（LC, Least Concern）","corrected_redlistTW"
"8e6af5dd-413a-477e-a973-71c8f685225a","infraspecies","Animalia","Coeliccia flavicauda flavicauda","","暫無危機（LC, Least Concern）","corrected_redlistTW"
"0a4fabfe-7f53-4e04-a367-3f06dad89654","infraspecies","Animalia","Hemicordulia mindana nipponica","","瀕危（EN, Endangered）","corrected_redlistTW"
"0345cd1e-79cb-4da9-9b1f-a2db4e890911","infraspecies","Animalia","Neurobasis chinensis chinensis","","未評估（NE, Not Evaluated）","corrected_redlistTW"
"c8240fd4-443a-49ee-a7fe-0bccc5fd2273","infraspecies","Animalia","Psolodesmus mandarinus dorothea","","暫無危機（LC, Least Concern）","corrected_redlistTW"
"0328b361-5357-4f77-af97-37c0a259a030","infraspecies","Animalia","Psolodesmus mandarinus mandarinus","","暫無危機（LC, Least Concern）","corrected_redlistTW"
"22981c1f-fa40-46fa-bd70-0ad12dd5a0ae","infraspecies","Animalia","Rhipidolestes aculeatus aculeatus","","暫無危機（LC, Least Concern）","corrected_redlistTW"
"2774f51c-b6c2-4fb2-b411-d62c63d83a8d","species","Plantae","Selaginella uncinata","NA",NA,"corrected_redlistTW"
"b629b61d-4c69-4fd6-a893-3a4905202351","species","Plantae","Salvinia molesta","NA",NA,"corrected_redlistTW"
"e1271a9b-6561-4560-9662-03ade482c776","species","Plantae","Pityrogramma calomelanos","NA",NA,"corrected_redlistTW"
"4ec8c6ae-b527-465c-bce7-f6676151d917","species","Plantae","Pteris dimorpha","暫無危機（LC, Least Concern）","極危（CR, Critically Endangered）","corrected_redlistTW"
"f28c3e57-731a-4672-b4ef-007e3bbe1313","species","Plantae","Hymenasplenium murakami-hatanakae","暫無危機（LC, Least Concern）","","corrected_redlistTW"
"e1d50809-78ca-4882-9dd1-f293327df26d","species","Plantae","Cyclosorus ferox","NA",NA,"corrected_redlistTW"
"d8772028-32ba-4603-8830-b4cfa4d04dba","species","Plantae","Thelypteris omeiensis","","暫無危機（LC, Least Concern）","corrected_redlistTW"
"0c5c2f47-5ee8-4845-8b5e-fc58dde91755","species","Plantae","Leptogramma mollissima","瀕危（EN, Endangered）","","corrected_redlistTW"
"6a16dc08-ade0-41ff-9b0f-dbaea427576e","species","Plantae","Diplazium esculentum","","暫無危機（LC, Least Concern）","corrected_redlistTW"
"4542adcf-2944-456b-8198-873031f68f66","species","Plantae","Platycerium bifurcatum","NA",NA,"corrected_redlistTW"
"f5995de7-54ec-4544-9756-eab6f5814dec","species","Plantae","Pyrrosia assimilis","極危（CR, Critically Endangered）","","corrected_redlistTW"
"d1af5957-2b82-4cb6-ab94-1214902b0deb","species","Plantae","Podocarpus macrophyllus","","易危（VU, Vulnerable）","corrected_redlistTW"
"f4b44328-3f77-4602-9c8d-b94519dc31ed","species","Plantae","Calocedrus macrolepis","","易危（VU, Vulnerable）","corrected_redlistTW"
"7cba24de-1d1b-467a-b8b3-09793b818ddf","species","Plantae","Cabomba caroliniana","NA",NA,"corrected_redlistTW"
"b9f26d39-89f3-4728-9a8b-393f18fe96bb","species","Plantae","Nymphaea tetragona","","資料缺乏（DD, Data Deficient）","corrected_redlistTW"
"7c0ea3a7-f25e-4a1d-8849-ee2755ea5c70","species","Plantae","Nuphar japonica","NA","","corrected_redlistTW"
"77498faf-b11e-4b40-aa72-92c019c0d782","species","Plantae","Illicium × rubellum","NA","","corrected_redlistTW"
"0381ddc2-7ec3-48f5-970d-5476a0277db2","species","Plantae","Peperomia pellucida","NA",NA,"corrected_redlistTW"
"28904ffc-bcef-4c78-a998-6372054c0ad4","species","Plantae","Piper sarmentosum","NA",NA,"corrected_redlistTW"
"03495b90-a6d2-4290-98eb-c05b6bcc2fac","species","Plantae","Myristica ceylanica","","易危（VU, Vulnerable）","corrected_redlistTW"
"0e374590-a10c-4417-9bd9-87673d657feb","species","Plantae","Myristica elliptica","","瀕危（EN, Endangered）","corrected_redlistTW"
"6199ddf2-6391-451b-9e7c-02aeec0d2f30","species","Plantae","Artabotrys hexapetalus","未評估（NE, Not Evaluated）","","corrected_redlistTW"
"66761de8-0d38-4077-b938-ece677b080bd","species","Plantae","Cinnamomum burmannii","NA",NA,"corrected_redlistTW"
"cc8e3a0b-1f44-497c-9a63-f6d5b12cb515","species","Plantae","Neolitsea aciculata","","暫無危機（LC, Least Concern）","corrected_redlistTW"
"bcfa4c7f-e95a-4c88-861d-67b03c24862b","species","Plantae","Arisaema taiwanense","","暫無危機（LC, Least Concern）","corrected_redlistTW"
"41d4c1a0-8e4c-4364-88ad-08657b92a452","species","Plantae","Colocasia tonoimo","NA",NA,"corrected_redlistTW"
"96e71dea-c639-4109-862b-19b48fcdaae9","species","Plantae","Epipremnum aureum","NA",NA,"corrected_redlistTW"
"d73480a1-8caa-4122-84a7-0843656428f2","species","Plantae","Philodendron evansii","未評估（NE, Not Evaluated）","","corrected_redlistTW"
"248a53ac-265e-4e81-8eff-c827b4e26c9a","species","Plantae","Pistia stratiotes","NA",NA,"corrected_redlistTW"
"b120dfce-2efa-439b-bb2a-ad932b8c678f","species","Plantae","Syngonium podophyllum","NA",NA,"corrected_redlistTW"
"b447c3f1-5d41-4f8a-b573-dfb8bf6ed523","species","Plantae","Wolffia globosa","","暫無危機（LC, Least Concern）","corrected_redlistTW"
"e387e718-e92a-46b9-a20c-0262ad353e47","species","Plantae","Vallisneria americana","NA",NA,"corrected_redlistTW"
"dadcb82e-f43c-4035-8afe-80f4bc46368b","species","Plantae","Limnobium laevigatum","NA",NA,"corrected_redlistTW"
"7012b976-0aa4-4044-9654-2f7b4bcc5fe6","species","Plantae","Dioscorea sansibarensis","NA",NA,"corrected_redlistTW"
"f313b274-ea3c-4a66-9579-90b8f7ddb8ab","species","Plantae","Carludovica palmata","NA",NA,"corrected_redlistTW"
"361f0ed3-0d37-4d29-9044-57b8ec7902f0","species","Plantae","Sandersonia aurantiaca","未評估（NE, Not Evaluated）","","corrected_redlistTW"
"bbaec7af-d806-465c-abad-1365a99e8f6e","species","Plantae","Cymbidium ensifolium","","暫無危機（LC, Least Concern）","corrected_redlistTW"
"8efa36fc-6284-4d84-9d60-40443546892d","species","Plantae","Cymbidium lancifolium","","接近受脅（NT, Near Threatened）","corrected_redlistTW"
"8aa4ad0c-7204-4370-bc0a-a275b75edf5a","species","Plantae","Cynorkis fastigiata","NA",NA,"corrected_redlistTW"
"cd745965-a897-4554-9e4d-0b243b06abe1","species","Plantae","Didymoplexis pallens","","資料缺乏（DD, Data Deficient）","corrected_redlistTW"
"c325e7eb-cf8f-4654-b9da-e4318622dafa","species","Plantae","Gastrodia fontinalis","","極危（CR, Critically Endangered）","corrected_redlistTW"
"83737a9a-e72a-45b4-8dcd-5b89c557d2e3","species","Plantae","Goodyera robusta","","暫無危機（LC, Least Concern）","corrected_redlistTW"
"8f27ad5e-a44d-4e5a-a586-0523506ec768","species","Plantae","Yoania amagiensis","","極危（CR, Critically Endangered）","corrected_redlistTW"
"187d3f66-b4ca-4620-b478-72705922e617","species","Plantae","Gastrochilus japonicus","","暫無危機（LC, Least Concern）","corrected_redlistTW"
"a943e602-c95c-4ca7-8edb-661183daa6cc","species","Plantae","Trimezia longifolia","未評估（NE, Not Evaluated）","","corrected_redlistTW"
"e9cdf538-9024-4e6e-8493-a9cf0000be5d","species","Plantae","Sisyrinchium atlanticum","NA",NA,"corrected_redlistTW"
"78cb337d-7a8b-4919-97c2-d51a762ec57d","species","Plantae","Agave americana","NA",NA,"corrected_redlistTW"
"bd560640-5b0b-465b-a013-09643340e2c1","species","Plantae","Agave fourcroydes","NA",NA,"corrected_redlistTW"
"27f84923-d467-44a3-8c6a-0a61d6fdb8d6","species","Plantae","Asparagus densiflorus","未評估（NE, Not Evaluated）","","corrected_redlistTW"
"0570abab-f655-4242-8dcc-7c260c7e75cf","species","Plantae","Disporopsis fuscopicta","","暫無危機（LC, Least Concern）","corrected_redlistTW"
"17f7fc62-6c18-4f36-b699-fca58358983e","species","Plantae","Pritchardia pacifica","未評估（NE, Not Evaluated）","","corrected_redlistTW"
"ecad48e2-b3e9-41f2-8d0d-c01b3b9b8872","species","Plantae","Callisia repens","NA",NA,"corrected_redlistTW"
"f283a491-7bf1-4c84-9b71-c8bead840a91","species","Plantae","Tradescantia fluminensis","NA",NA,"corrected_redlistTW"
"ac90838e-18ba-474c-b638-add9f194792d","species","Plantae","Tradescantia pallida","NA",NA,"corrected_redlistTW"
"fbfa4b74-7921-4501-bc0a-880977938ecb","species","Plantae","Canna indica","NA",NA,"corrected_redlistTW"
"d40026b3-a791-4d69-87b5-58a485aed5df","species","Plantae","Musa itinerans","","極危（CR, Critically Endangered）","corrected_redlistTW"
"97ec7e3e-1d2f-4bf7-ad3f-961af3cd2f39","species","Plantae","Alpinia galanga","NA",NA,"corrected_redlistTW"
"75afeb75-6f20-42e4-901e-2fbe2af761e6","species","Plantae","Alpinia pricei","","暫無危機（LC, Least Concern）","corrected_redlistTW"
"5a166132-dccb-4102-93ba-6c6524ddce76","species","Plantae","Curcuma longa","NA",NA,"corrected_redlistTW"
"0d25db64-5b8d-4ac6-898c-5cc8cdf6534f","species","Plantae","Hedychium coronarium","NA",NA,"corrected_redlistTW"
"c8ab9dfd-16fc-4e8c-92b4-569be56458d2","species","Plantae","Juncus marginatus","NA",NA,"corrected_redlistTW"
"bfa8e745-c88a-4934-a82b-2daf0aeec523","species","Plantae","Carex grallatoria","","易危（VU, Vulnerable）","corrected_redlistTW"
"53e781f0-8649-43f9-946a-c78e9c0e9a4a","species","Plantae","Carex manca","","暫無危機（LC, Least Concern）","corrected_redlistTW"
"31b6dfa8-bc8b-4618-8ae2-5f1473d29e7e","species","Plantae","Carex tristachya","","暫無危機（LC, Least Concern）","corrected_redlistTW"
"97bcff02-2142-47d4-a860-f4e2555392aa","species","Plantae","Cyperus esculentus","NA",NA,"corrected_redlistTW"
"1267c1fc-ff5e-4ecb-a672-6a190c66d8ed","species","Plantae","Cyperus nutans","","暫無危機（LC, Least Concern）","corrected_redlistTW"
"834dd4cf-2526-47c7-9d8a-5bd52f1b8a32","species","Plantae","Cyperus prolifer","NA",NA,"corrected_redlistTW"
"83242dfe-f9c6-48b0-8947-6749d64b189e","species","Plantae","Cyperus surinamensis","NA",NA,"corrected_redlistTW"
"966aa00b-c318-47ea-8d4e-a18449a8e89a","species","Plantae","Cyperus cyperoides","","暫無危機（LC, Least Concern）","corrected_redlistTW"
"82998915-ee1f-4c13-8acf-50ca679bfba0","species","Plantae","Fimbristylis tristachya","","暫無危機（LC, Least Concern）","corrected_redlistTW"
"b8811d4c-e418-4f11-a71f-67cb1a2537cb","species","Plantae","Lepironia articulata","資料缺乏（DD, Data Deficient）","","corrected_redlistTW"
"20f1e69c-3a1c-45d0-8366-4d670d8a0b66","species","Plantae","Scleria sumatrensis","極危（CR, Critically Endangered）","RE","corrected_redlistTW"
"6ded4a9f-5377-411e-ba16-28599fd512e9","species","Plantae","Agrostis infirma","","暫無危機（LC, Least Concern）","corrected_redlistTW"
"3ae540a4-a083-48bd-a6cd-42287db1f266","species","Plantae","Agrostis stolonifera","NA",NA,"corrected_redlistTW"
"597325d3-ed71-47b8-b230-c484ee501f24","species","Plantae","Alopecurus aequalis","","暫無危機（LC, Least Concern）","corrected_redlistTW"
"d384d37c-36c5-4c2e-a10d-e2f0a78df757","species","Plantae","Alopecurus myosuroides","NA",NA,"corrected_redlistTW"
"591a8f82-15f9-4f4d-bb60-25d17c1e1fa3","species","Plantae","Arthraxon lancifolius","NA",NA,"corrected_redlistTW"
"0f4c3045-98bc-4c00-aa92-c1798614e362","species","Plantae","Avena fatua","NA",NA,"corrected_redlistTW"
"dd7abf73-ea86-488f-8f79-d9db16adf30f","species","Plantae","Avena sativa","NA",NA,"corrected_redlistTW"
"daec7749-f80d-4414-b5c8-5c9fe7e80b3b","species","Plantae","Axonopus compressus","NA",NA,"corrected_redlistTW"
"61eb5907-c3a8-402b-8e89-d426e33d1cf1","species","Plantae","Bambusa stenostachya","NA",NA,"corrected_redlistTW"
"99cd6c9e-3156-493d-bb47-6ec16d0fb553","species","Plantae","Briza minor","NA",NA,"corrected_redlistTW"
"3f48aacd-c861-4483-a248-635185383f98","species","Plantae","Bromus catharticus","NA",NA,"corrected_redlistTW"
"471be935-7215-4660-a7bd-08584fc9d288","species","Plantae","Bromus hordeaceus","NA",NA,"corrected_redlistTW"
"75b6be76-7422-46b9-9d79-f0abc4fe55df","species","Plantae","Bromus pubescens","NA",NA,"corrected_redlistTW"
"6925b161-1ed4-47df-a2b4-2f9d2bc749d3","species","Plantae","Bromus rigidus","NA",NA,"corrected_redlistTW"
"25354f2b-0d6b-4695-a8b2-a7562015495d","species","Plantae","Cenchrus ciliaris","NA",NA,"corrected_redlistTW"
"50c36e65-7fee-4ebf-b4f8-22da0964356a","species","Plantae","Cenchrus echinatus","NA",NA,"corrected_redlistTW"
"ffa012ab-21cc-4df3-97da-01e74e3ecb94","species","Plantae","Chloris divaricata","NA",NA,"corrected_redlistTW"
"c04827f4-f037-441d-a576-ee9b3c5c29e3","species","Plantae","Cymbopogon nardus","NA",NA,"corrected_redlistTW"
"3ccfa3f0-f884-4263-a651-ad836d0a8fac","species","Plantae","Cynodon plectostachyus","NA",NA,"corrected_redlistTW"
"5e95b8b6-edae-4080-b964-6f7f47d39d17","species","Plantae","Deschampsia cespitosa","NA",NA,"corrected_redlistTW"
"556468e2-0900-4e2b-b852-01e6454c5216","species","Plantae","Deyeuxia pyramidalis","接近受脅（NT, Near Threatened）","","corrected_redlistTW"
"7547a224-2415-43ac-8409-f3afbae1d903","species","Plantae","Dichanthium aristatum","NA",NA,"corrected_redlistTW"
"190c3e63-d8e5-4602-8d85-af5e81ceec8a","species","Plantae","Digitaria radicosa","","暫無危機（LC, Least Concern）","corrected_redlistTW"
"0ab0b4d0-08e3-4fec-8236-141d9edd77ff","species","Plantae","Eragrostis ciliaris","NA",NA,"corrected_redlistTW"
"90d04d85-573b-4721-9afb-94ce75d5d122","species","Plantae","Eragrostis minor","NA",NA,"corrected_redlistTW"
"086a9199-fc3b-485f-adc2-065ce3335667","species","Plantae","Festuca arundinacea","NA",NA,"corrected_redlistTW"
"ec7cd619-1b78-4177-b083-cddfe5f93bb8","species","Plantae","Heteropogon contortus","NA",NA,"corrected_redlistTW"
"129bcd37-3dd8-4409-b7ef-60039c169062","species","Plantae","Imperata cylindrica","","暫無危機（LC, Least Concern）","corrected_redlistTW"
"8ce8f979-f14a-47a3-aa6f-525e2d8f0925","species","Plantae","Ischaemum aristatum","","暫無危機（LC, Least Concern）","corrected_redlistTW"
"60635ba9-5bd8-4dfc-8024-e50b9dab6e48","species","Plantae","Ischaemum barbatum","","暫無危機（LC, Least Concern）","corrected_redlistTW"
"419785d6-3a54-4535-ae09-1dfbf2044d78","species","Plantae","Lolium perenne","NA",NA,"corrected_redlistTW"
"4b3b9af3-1e7d-45c1-8c02-cf5891d3259e","species","Plantae","Melinis minutiflora","NA",NA,"corrected_redlistTW"
"1648f669-f7d6-4b7d-a817-7bbc03ad4a5e","species","Plantae","Microstegium fasciculatum","NA",NA,"corrected_redlistTW"
"2d8d642d-efd3-4d15-9868-4f2ab8fcc5a2","species","Plantae","Microstegium tenue","NA",NA,"corrected_redlistTW"
"2a58d448-63b8-4af3-9a82-fc56573413ae","species","Plantae","Oplismenus hirtellus","","暫無危機（LC, Least Concern）","corrected_redlistTW"
"4a4a3d5f-d78f-43f6-974f-3db3670f5a03","species","Plantae","Megathyrsus maximus","NA",NA,"corrected_redlistTW"
"61f700a6-953b-4313-9e8c-51ed41089313","species","Plantae","Paspalidium punctatum","NA",NA,"corrected_redlistTW"
"72227a0e-9898-4d01-ba2d-105940c476a3","species","Plantae","Paspalum conjugatum","NA",NA,"corrected_redlistTW"
"6d21f8cd-20ed-4b12-9447-4bd88ac92bb1","species","Plantae","Paspalum dilatatum","NA",NA,"corrected_redlistTW"
"0be42929-0417-4f7f-9494-9088c7f7ab26","species","Plantae","Paspalum fimbriatum","NA",NA,"corrected_redlistTW"
"9dbbfa29-961c-4476-970f-9986b5fd455d","species","Plantae","Paspalum paniculatum","NA",NA,"corrected_redlistTW"
"af48a558-7802-4109-801e-9d48da8037ec","species","Plantae","Paspalum urvillei","NA",NA,"corrected_redlistTW"
"d8f7c3a9-7261-432b-836c-663a8da9cd6c","species","Plantae","Pennisetum clandestinum","NA",NA,"corrected_redlistTW"
"9609385c-f670-4362-9221-f10fb040aef1","species","Plantae","Pennisetum polystachion","NA",NA,"corrected_redlistTW"
"7eec04fc-ebbb-4b7f-bc5f-7d7f7cb4eb62","species","Plantae","Poa compressa","NA",NA,"corrected_redlistTW"
"260b906b-3ac5-4d09-b375-56a76502145b","species","Plantae","Poa sphondylodes","","接近受脅（NT, Near Threatened）","corrected_redlistTW"
"ef9374aa-c65a-46a3-94e4-7d91fb9f6664","species","Plantae","Poa trivialis","NA",NA,"corrected_redlistTW"
"66fdedc3-617a-4227-81c3-511e2a499a8f","species","Plantae","Saccharum officinarum","未評估（NE, Not Evaluated）","","corrected_redlistTW"
"18b794f7-4694-4d83-a52b-2bfa9940cf56","species","Plantae","Saccharum robustum","未評估（NE, Not Evaluated）","","corrected_redlistTW"
"4a0bc7df-54b1-49e8-bab1-179742dda044","species","Plantae","Saccharum sinensis","未評估（NE, Not Evaluated）","","corrected_redlistTW"
"9f05f49e-2932-43a6-bcc3-129779889208","species","Plantae","Secale cereale","NA",NA,"corrected_redlistTW"
"4c1f326b-093c-4fc5-b0dd-db21b7c2b64f","species","Plantae","Setaria barbata","NA",NA,"corrected_redlistTW"
"012ff465-fec5-4cf5-813e-19dd28317010","species","Plantae","Setaria sphacelata","NA",NA,"corrected_redlistTW"
"e2ab31a5-c5b8-4340-a869-c82b00cd4184","species","Plantae","Sorghum halepense","NA",NA,"corrected_redlistTW"
"ed66d6d1-2979-4f5d-922b-b354ca017605","species","Plantae","Stenotaphrum secundatum","NA",NA,"corrected_redlistTW"
"b174a62b-031c-4512-b127-19f9be9c7673","species","Plantae","Themeda japonica","NA",NA,"corrected_redlistTW"
"7194aa84-0807-403a-bb44-2cd188b71728","species","Plantae","Tripsacum dactyloides","NA",NA,"corrected_redlistTW"
"77b708df-fcf7-4262-ac7a-e7ac2515c2bb","species","Plantae","Trisetum spicatum","","暫無危機（LC, Least Concern）","corrected_redlistTW"
"855845a3-3e7a-4c46-9945-afc878fa707c","species","Plantae","Triticum aestivum","未評估（NE, Not Evaluated）","","corrected_redlistTW"
"d04d2cc4-a56a-4b54-93c3-9a3f9c9750ea","species","Plantae","Fumaria parviflora","NA",NA,"corrected_redlistTW"
"7daad5c5-4e99-44c8-a027-3a7f41e94cce","species","Plantae","Papaver rhoeas","NA",NA,"corrected_redlistTW"
"5f6b3db6-7378-4957-850d-31d425f274d1","species","Plantae","Stephania japonica","","暫無危機（LC, Least Concern）","corrected_redlistTW"
"15f93048-e0d1-4d81-9f12-85bd20b163ed","species","Plantae","Clematis parviloba","","接近受脅（NT, Near Threatened）","corrected_redlistTW"
"23ff8cd1-b0c1-4572-ab2b-048489103f79","species","Plantae","Clematis tashiroi","","暫無危機（LC, Least Concern）","corrected_redlistTW"
"b49f9b52-e485-4a0a-b076-742006db96fb","species","Plantae","Clematis terniflora","","易危（VU, Vulnerable）","corrected_redlistTW"
"db3460f2-5555-4886-9382-b0aa786f66ab","species","Plantae","Clematis uncinata","","暫無危機（LC, Least Concern）","corrected_redlistTW"
"150931d3-ad90-4311-80d5-817d2cb8f268","species","Plantae","Semiaquilegia adoxoides","NA",NA,"corrected_redlistTW"
"491a6977-881c-427b-9fda-6ee28aa2cdc2","species","Plantae","Thalictrum javanicum","","資料缺乏（DD, Data Deficient）","corrected_redlistTW"
"8bdbfb8f-4bd0-4e96-b504-f75410855a13","species","Plantae","Buxus microphylla","","暫無危機（LC, Least Concern）","corrected_redlistTW"
"083b8444-d5b3-42b3-8a56-e44d32a458fe","species","Plantae","Daphniphyllum glaucescens","","暫無危機（LC, Least Concern）","corrected_redlistTW"
"c7e2190a-a1ea-4a66-a7d3-3c1dcf2bb020","species","Plantae","Sedum emarginatum","NA",NA,"corrected_redlistTW"
"124c9a4b-d812-4658-8426-4b6816891541","species","Plantae","Haloragis chinensis","暫無危機（LC, Least Concern）","","corrected_redlistTW"
"9ff82985-109b-419e-b1bd-1292104e372c","species","Plantae","Myriophyllum ussuriense","NA",NA,"corrected_redlistTW"
"d7dce2b2-d477-4b98-b3c2-38a709ce4fe4","species","Plantae","Ampelopsis cantoniensis","","暫無危機（LC, Least Concern）","corrected_redlistTW"
"4424ae5b-52da-4e35-95f7-1f5a64b9a7b0","species","Plantae","Cissus lanyuensis","接近受脅（NT, Near Threatened）","","corrected_redlistTW"
"be0cab7d-3f00-4ad6-a858-168e12381234","species","Plantae","Parthenocissus dalzielii","","暫無危機（LC, Least Concern）","corrected_redlistTW"
"e2c47e98-6c32-4f1c-a20a-5a2acf331342","species","Plantae","Vitis thunbergii","","瀕危（EN, Endangered）","corrected_redlistTW"
"cbc269a9-e9f8-499d-bd92-c4ed1cef635f","species","Plantae","Alysicarpus rugosus","NA",NA,"corrected_redlistTW"
"1b32d0bb-5827-4922-9dd1-94f858a6689b","species","Plantae","Bauhinia purpurea","NA",NA,"corrected_redlistTW"
"d611e688-9180-4038-994c-6ad4a2c0bfe6","species","Plantae","Bauhinia variegata","NA",NA,"corrected_redlistTW"
"142a2b11-a6a3-41cc-bc63-4716ae57e87e","species","Plantae","Cajanus cajan","NA",NA,"corrected_redlistTW"
"0c37e6bd-f682-412a-b0db-ef015747783a","species","Plantae","Calopogonium mucunoides","NA",NA,"corrected_redlistTW"
"3db642b9-a224-407b-bae7-a09b54dc6c2c","species","Plantae","Canavalia ensiformis","NA",NA,"corrected_redlistTW"
"9401c76b-2a5d-4d8a-8a81-fb03168168ae","species","Plantae","Centrosema pubescens","NA",NA,"corrected_redlistTW"
"f5077f96-6f08-493b-87fb-c4cd80bb7c53","species","Plantae","Chamaecrista mimosoides","NA",NA,"corrected_redlistTW"
"3a0d7f40-b038-4726-a6e7-e0672a2830a4","species","Plantae","Chamaecrista nictitans","NA",NA,"corrected_redlistTW"
"a084e046-b855-4af1-ad5d-4fe1ab64ee12","species","Plantae","Clitoria falcata","NA",NA,"corrected_redlistTW"
"618d39e2-a35e-46e0-8983-5e39a61771f4","species","Plantae","Crotalaria incana","NA",NA,"corrected_redlistTW"
"7203ad4b-9f15-4878-a469-e698516b0e11","species","Plantae","Crotalaria juncea","NA",NA,"corrected_redlistTW"
"4ecbf8a0-b740-4f13-8a82-f938b8153e45","species","Plantae","Crotalaria micans","NA",NA,"corrected_redlistTW"
"85255816-478a-4588-a534-11db65a8ce0f","species","Plantae","Cyamopsis tetragonoloba","NA",NA,"corrected_redlistTW"
"5dab3d7e-59da-4715-bc5d-e9b9ec635489","species","Plantae","Cytisus scoparius","未評估（NE, Not Evaluated）","","corrected_redlistTW"
"8d9fc7e5-f14f-4646-93f6-a62f7dfd6f9d","species","Plantae","Derris elliptica","NA",NA,"corrected_redlistTW"
"e59e7592-2621-45f2-9729-c686eae6887a","species","Plantae","Desmanthus virgatus","NA",NA,"corrected_redlistTW"
"7de1f810-1778-41d2-aa06-c2da6483568b","species","Plantae","Desmodium intortum","NA",NA,"corrected_redlistTW"
"226da7be-a204-4ede-88f5-9febc82117b4","species","Plantae","Flemingia macrophylla","","暫無危機（LC, Least Concern）","corrected_redlistTW"
"9b01f769-2ca7-47ba-935e-f9021c6baac4","species","Plantae","Glycine max","","易危（VU, Vulnerable）","corrected_redlistTW"
"6936d03f-50ba-403d-90a2-a2b906f19738","species","Plantae","Indigofera hendecaphylla","暫無危機（LC, Least Concern）","","corrected_redlistTW"
"47b3cceb-3003-4911-b5b1-366d807db574","species","Plantae","Lablab purpureus","NA",NA,"corrected_redlistTW"
"3756f993-3e93-4706-b600-6c8a6c92e362","species","Plantae","Lespedeza thunbergii","","暫無危機（LC, Least Concern）","corrected_redlistTW"
"2ca163d5-a4d2-4bb6-81a2-e2560943e8f7","species","Plantae","Leucaena leucocephala","NA",NA,"corrected_redlistTW"
"22017cd3-5fc3-4e5d-ab56-0c56bf3fc5f7","species","Plantae","Macroptilium bracteatum","NA",NA,"corrected_redlistTW"
"dc30844e-982b-4526-ad08-2f963ae04a52","species","Plantae","Medicago arabica","NA",NA,"corrected_redlistTW"
"fb4f17cb-54f8-4f4b-b332-7502099b6265","species","Plantae","Medicago lupulina","NA",NA,"corrected_redlistTW"
"2a374c08-2890-4cb3-8cfa-3038b5f76c35","species","Plantae","Medicago minima","NA",NA,"corrected_redlistTW"
"2fdd7cbf-c6da-4281-97c6-ef81efec7cb2","species","Plantae","Medicago sativa","NA",NA,"corrected_redlistTW"
"60280cea-05a9-4dbf-bd39-a684e41b9bde","species","Plantae","Mimosa diplotricha","NA",NA,"corrected_redlistTW"
"cf2feebd-b80c-4cb8-8a26-b5f0bab23fb3","species","Plantae","Mimosa pudica","NA",NA,"corrected_redlistTW"
"02c1bf14-cddd-48f1-8780-f414fb32375d","species","Plantae","Mucuna pruriens","NA",NA,"corrected_redlistTW"
"e9035b87-4816-4e13-8e89-6900e67672f6","species","Plantae","Psoralea corylifolia","NA",NA,"corrected_redlistTW"
"f065ed26-5c0d-4b75-9c52-16fd32d73747","species","Plantae","Pueraria phaseoloides","NA",NA,"corrected_redlistTW"
"4e7b00d7-1210-4694-9555-3f1a651ff1d6","species","Plantae","Senna alata","NA",NA,"corrected_redlistTW"
"08137fde-4342-42f2-88b7-4dfdcbea88fe","species","Plantae","Senna hirsuta","NA",NA,"corrected_redlistTW"
"8d98ca99-5c07-4eb3-a134-7f1c464850b2","species","Plantae","Senna occidentalis","NA",NA,"corrected_redlistTW"
"0c757b33-2844-4c76-a471-bcdad7a9f67e","species","Plantae","Senna siamea","NA",NA,"corrected_redlistTW"
"9d3969f1-f568-4b24-9dfb-474b63fcedde","species","Plantae","Senna tora","NA",NA,"corrected_redlistTW"
"282e4681-4833-4aa2-8e7a-8d55dc6225cd","species","Plantae","Smithia yehii","瀕危（EN, Endangered）","","corrected_redlistTW"
"bdde08b7-b46e-4455-af8a-8cb9dbbea9fa","species","Plantae","Tadehagi triquetrum","","暫無危機（LC, Least Concern）","corrected_redlistTW"
"37cdba64-c368-4360-b720-e596a36f39e8","species","Plantae","Trifolium dubium","NA",NA,"corrected_redlistTW"
"d5387329-1c8b-4351-8581-f1ed23c282a7","species","Plantae","Vicia cracca","NA",NA,"corrected_redlistTW"
"f8ce8958-06e3-4eef-be52-7a5cd73eb4e2","species","Plantae","Vicia tetrasperma","NA",NA,"corrected_redlistTW"
"6a79b6ec-6b43-44fa-b1ad-66f223c903bf","species","Plantae","Vigna radiata","","暫無危機（LC, Least Concern）","corrected_redlistTW"
"8bb9f6e0-ac8f-4a45-be84-075c19e2669e","species","Plantae","Vigna umbellata","NA",NA,"corrected_redlistTW"
"6559c074-5c9e-47b0-ae64-a356267b2089","species","Plantae","Photinia serratifolia","","暫無危機（LC, Least Concern）","corrected_redlistTW"
"ffd82a88-e3d1-4a31-8ae4-be72240ebaca","species","Plantae","Prunus japonica","NA",NA,"corrected_redlistTW"
"50e3a1ed-3dda-4133-abfd-2f4f9c021ed8","species","Plantae","Prunus mume","NA",NA,"corrected_redlistTW"
"dc6f20a8-bbe4-40b3-9a61-10cbf825e5bf","species","Plantae","Prunus phaeosticta","暫無危機（LC, Least Concern）","瀕危（EN, Endangered）","corrected_redlistTW"
"c6ed1d00-87d9-43be-a901-7e9eba1a8f76","species","Plantae","Rosa bracteata","","易危（VU, Vulnerable）","corrected_redlistTW"
"ae3fdb23-ba42-4497-8518-9197a5c27355","species","Plantae","Rubus pseudoacer","","資料缺乏（DD, Data Deficient）","corrected_redlistTW"
"f8559f26-ce35-40ea-b3ec-e83ce722f766","species","Plantae","Rubus taitoensis","","暫無危機（LC, Least Concern）","corrected_redlistTW"
"419f9a08-fa43-4cdc-aed8-6374945ec8b4","species","Plantae","Sanguisorba officinalis","","極危（CR, Critically Endangered）","corrected_redlistTW"
"a07b057b-0da3-4ac0-b6b4-8208646bf3e0","species","Plantae","Rhamnus chingshuiensis","","瀕危（EN, Endangered）","corrected_redlistTW"
"c91e6961-5b2f-4850-a488-76c7d76203d1","species","Plantae","Sageretia thea","","暫無危機（LC, Least Concern）","corrected_redlistTW"
"be38b5cd-921c-430d-98dd-1a53a8d830bc","species","Plantae","Ficus cumingii","","暫無危機（LC, Least Concern）","corrected_redlistTW"
"9871209a-0f50-4732-bebc-5b8fb9b830e7","species","Plantae","Ficus erecta","","暫無危機（LC, Least Concern）","corrected_redlistTW"
"a344c05d-a4d3-49ba-b4cf-131b155691ff","species","Plantae","Ficus pedunculosa","","易危（VU, Vulnerable）","corrected_redlistTW"
"05092423-0e28-4118-b710-50ce5a27272c","species","Plantae","Ficus ruficaulis","","接近受脅（NT, Near Threatened）","corrected_redlistTW"
"2e4ba230-3b13-49be-beab-3d69d039c98e","species","Plantae","Ficus sarmentosa","","暫無危機（LC, Least Concern）","corrected_redlistTW"
"7ef4a65a-73f4-47f7-9a80-c4a271a00926","species","Plantae","Ficus superba","","暫無危機（LC, Least Concern）","corrected_redlistTW"
"71699cd4-689f-4dc7-8920-e946b9938634","species","Plantae","Ficus variegata","","暫無危機（LC, Least Concern）","corrected_redlistTW"
"ee7fa9b6-cfb2-4c76-a48f-59a064c2633b","species","Plantae","Boehmeria nivea","","暫無危機（LC, Least Concern）","corrected_redlistTW"
"75d421ff-9f9b-41bc-bc26-9cc780c6d6fb","species","Plantae","Droguetia iners","","接近受脅（NT, Near Threatened）","corrected_redlistTW"
"6b477edc-ebae-4c90-a20a-8dec4d20d2e4","species","Plantae","Pilea nummulariifolia","NA",NA,"corrected_redlistTW"
"dae487b5-e6f5-4d09-97bb-7a1bd6a9be33","species","Plantae","Quercus acutissima","NA",NA,"corrected_redlistTW"
"2abd5192-9b24-40dd-b9e6-8aa694e60f4b","species","Plantae","Quercus glandulifera","","瀕危（EN, Endangered）","corrected_redlistTW"
"2a41f00f-3e38-4cd3-b04d-75db8d78bfde","species","Plantae","Casuarina equisetifolia","NA",NA,"corrected_redlistTW"
"45e86a72-71fb-43c5-98cc-afe8549738a2","species","Plantae","Coccinia grandis","NA",NA,"corrected_redlistTW"
"aa8ba1fb-562c-4e8c-aeed-53d12ced9087","species","Plantae","Melothria pendula","NA",NA,"corrected_redlistTW"
"b26d6039-1295-4207-baed-bf0b885ee3da","species","Plantae","Momordica charantia","NA",NA,"corrected_redlistTW"
"523de51e-bd52-4b97-b708-d52f278b8a55","species","Plantae","Sechium edule","NA",NA,"corrected_redlistTW"
"39f6c7f1-6fc8-4a7c-ba79-d65ec58eb500","species","Plantae","Sicyos angulatus","NA",NA,"corrected_redlistTW"
"bbb1807f-2283-44f3-9e32-14c0b54ead48","species","Plantae","Begonia grandis","未評估（NE, Not Evaluated）","","corrected_redlistTW"
"bf25c1a6-f4df-41d8-b187-59aecab6dbe3","species","Plantae","Elaeocarpus sylvestris","","暫無危機（LC, Least Concern）","corrected_redlistTW"
"27aba1a0-9885-4dac-92fe-0a20ec6ca924","species","Plantae","Hypericum patulum","NA",NA,"corrected_redlistTW"
"7569062f-d181-43fb-8697-b92e41d5fc5e","species","Plantae","Viola adenothrix","","暫無危機（LC, Least Concern）","corrected_redlistTW"
"90458852-6ebb-4c73-bcbb-1607004aa2dd","species","Plantae","Viola inconspicua","","暫無危機（LC, Least Concern）","corrected_redlistTW"
"1eb971d0-4a5e-4910-aa7a-c87b3ab2ea88","species","Plantae","Viola obtusa","","易危（VU, Vulnerable）","corrected_redlistTW"
"9ad45d38-0329-4b74-8c53-47fba65ba3f8","species","Plantae","Passiflora suberosa","NA",NA,"corrected_redlistTW"
"d5eb37b7-935b-4ecc-a5cb-063dece1b0b6","species","Plantae","Salix taiwanalpina","","接近受脅（NT, Near Threatened）","corrected_redlistTW"
"acd7aa79-fa3d-48b9-a9fd-fe51a46e9052","species","Plantae","Acalypha aristata","NA",NA,"corrected_redlistTW"
"87b6b686-1288-4b06-971c-d3c40fa9a647","species","Plantae","Acalypha indica","","暫無危機（LC, Least Concern）","corrected_redlistTW"
"ebb55f7c-a533-4dda-8bc4-50c3b08bdf81","species","Plantae","Alchornea trewioides","","易危（VU, Vulnerable）","corrected_redlistTW"
"1cbb11ec-ac4e-49c1-b964-1cb1f29b9ad9","species","Plantae","Croton bonplandianus","NA",NA,"corrected_redlistTW"
"fe43aa9c-d584-4ceb-9272-bff69cb3c3cb","species","Plantae","Croton tiglium","NA",NA,"corrected_redlistTW"
"73db2835-8e05-4c6c-8edd-004c7da86308","species","Plantae","Euphorbia cyathophora","NA",NA,"corrected_redlistTW"
"4c4e9ab1-cdc1-4e1c-b2f0-36a302dee68e","species","Plantae","Euphorbia hirta","NA",NA,"corrected_redlistTW"
"9e693c03-edfd-4f99-bf22-2c9cb87c2094","species","Plantae","Euphorbia hypericifolia","NA",NA,"corrected_redlistTW"
"a1deffb1-4d51-4914-9470-c9eb634f798a","species","Plantae","Euphorbia hyssopifolia","NA",NA,"corrected_redlistTW"
"9ab415e1-dcb2-48b1-9dfd-0d3cb179d235","species","Plantae","Euphorbia tirucalli","NA",NA,"corrected_redlistTW"
"c862c2c8-3475-4315-a0ff-ea28af6786c3","species","Plantae","Euphorbia peplus","NA",NA,"corrected_redlistTW"
"914cf8f4-4d24-49f3-a5e0-9da1de9d8b8d","species","Plantae","Hevea brasiliensis","NA",NA,"corrected_redlistTW"
"c2727b46-1f9d-420d-a311-0bc2da9d4b75","species","Plantae","Manihot esculenta","NA",NA,"corrected_redlistTW"
"d1ddb15a-d234-4430-920c-2efaf347c4d3","species","Plantae","Ricinus communis","NA",NA,"corrected_redlistTW"
"4501e040-8e35-4472-8ab7-8de4c19c915f","species","Plantae","Triadica sebifera","NA",NA,"corrected_redlistTW"
"029287b4-68b0-4abe-b5b7-5b1aea2cf117","species","Plantae","Vernicia fordii","NA",NA,"corrected_redlistTW"
"4cc8118c-e76f-49a7-a5ce-b0cbc02ea35f","species","Plantae","Antidesma japonicum","","暫無危機（LC, Least Concern）","corrected_redlistTW"
"fd9a5b0f-1cc0-48cc-ab3d-c8e3e046bfa7","species","Plantae","Phyllanthus amarus","NA",NA,"corrected_redlistTW"
"6a086c13-47ec-4ee2-a525-c4ee2a274b6d","species","Plantae","Phyllanthus debilis","NA",NA,"corrected_redlistTW"
"f4fb4176-f25e-482c-87ab-7e570f2fa243","species","Plantae","Phyllanthus emblica","未評估（NE, Not Evaluated）","","corrected_redlistTW"
"eeea73ff-87fc-4629-a7b4-5622a6d1eb59","species","Plantae","Geranium molle","NA",NA,"corrected_redlistTW"
"c22349aa-c694-4d46-b4c3-a820e94c1d94","species","Plantae","Geranium pusillum","NA",NA,"corrected_redlistTW"
"3cc236ff-43b7-4629-baf8-26f7e45c1528","species","Plantae","Punica granatum","未評估（NE, Not Evaluated）","","corrected_redlistTW"
"e1409986-2637-4c46-9ead-f9f6a6439cbd","species","Plantae","Rotala ramosior","NA",NA,"corrected_redlistTW"
"7ea0b276-bb5c-4a05-8709-b81fcc771ad0","species","Plantae","Epilobium brevifolium","","暫無危機（LC, Least Concern）","corrected_redlistTW"
"f7d1ef31-1c4c-4e6f-890e-7c52694eb3b3","species","Plantae","Oenothera biennis","NA",NA,"corrected_redlistTW"
"cce1a8a0-b5b9-46f8-877a-5d7baf2675e6","species","Plantae","Oenothera glazioviana","NA",NA,"corrected_redlistTW"
"857187b2-5660-4661-8579-36edb4603354","species","Plantae","Oenothera stricta","NA",NA,"corrected_redlistTW"
"a33522a5-bd82-416d-b8f6-25dbb3cd770d","species","Plantae","Oenothera tetraptera","NA",NA,"corrected_redlistTW"
"bc1eaf49-441a-4396-be9c-3a1fe88cacdf","species","Plantae","Eucalyptus robusta","未評估（NE, Not Evaluated）","","corrected_redlistTW"
"1cdf5fe3-4320-43cf-a49f-f25ddac51dc9","species","Plantae","Psidium guajava","NA",NA,"corrected_redlistTW"
"41295fa5-14c6-4ce1-b330-6a6f34fd91a8","species","Plantae","Syzygium jambos","NA",NA,"corrected_redlistTW"
"3c927e6e-e8e8-4637-b24d-4c5daf7526f7","species","Plantae","Clidemia hirta","NA",NA,"corrected_redlistTW"
"ef8d1a07-a3f9-4064-8209-36b1e99dbfda","species","Plantae","Memecylon caeruleum","未評估（NE, Not Evaluated）","","corrected_redlistTW"
"3e629f0e-4cd7-48f9-b1bc-0a161417bd4e","species","Plantae","Sarcopyramis napalensis","","暫無危機（LC, Least Concern）","corrected_redlistTW"
"902f9ae3-6179-48f3-b760-753dd9df0084","species","Plantae","Rhus succedanea","","暫無危機（LC, Least Concern）","corrected_redlistTW"
"2bb2200b-ae4a-43b8-bb72-29cef51ad1cb","species","Plantae","Cardiospermum halicacabum","NA",NA,"corrected_redlistTW"
"2f44dcbc-93a2-4f4f-b942-0ce904bd909b","species","Plantae","Glycosmis parviflora","","接近受脅（NT, Near Threatened）","corrected_redlistTW"
"29f2e704-1569-4305-8d55-9fa8ea27b2fe","species","Plantae","Zanthoxylum ailanthoides","","資料缺乏（DD, Data Deficient）","corrected_redlistTW"
"b496a4c1-029c-4603-9707-53cfa3868f29","species","Plantae","Swietenia macrophylla","NA",NA,"corrected_redlistTW"
"6a8a5034-9aff-4fc0-ab49-b86b0c41e338","species","Plantae","Muntingia calabura","NA",NA,"corrected_redlistTW"
"bac3e8ee-43c1-4030-8678-51d20dd746c2","species","Plantae","Abelmoschus moschatus","NA",NA,"corrected_redlistTW"
"c6c95e01-5952-4aab-91e3-f77252363c2a","species","Plantae","Abutilon striatum","NA",NA,"corrected_redlistTW"
"dc2806f9-3eb2-4a7d-9e5e-721a8efa8709","species","Plantae","Anoda cristata","NA",NA,"corrected_redlistTW"
"588ef17f-4ef5-410e-b6ad-501b0b1c4752","species","Plantae","Bombax ceiba","NA",NA,"corrected_redlistTW"
"749220ac-f47e-4b2f-85b8-dff8f0dc89a6","species","Plantae","Corchorus olitorius","NA",NA,"corrected_redlistTW"
"70de7fb4-44bd-4476-a72f-a5649003c166","species","Plantae","Malachra capitata","NA",NA,"corrected_redlistTW"
"84740d19-ccbf-4de2-b618-6adff12f7291","species","Plantae","Malva neglecta","NA",NA,"corrected_redlistTW"
"23b735c2-9084-4601-99f3-bd47b8817327","species","Plantae","Malvastrum spicatum","NA",NA,"corrected_redlistTW"
"03e051cd-0ac9-48d4-988c-82725fabdaf3","species","Plantae","Sida spinosa","NA",NA,"corrected_redlistTW"
"e8421d50-e4e1-46ce-a193-3308feec882a","species","Plantae","Sida cordata","","暫無危機（LC, Least Concern）","corrected_redlistTW"
"ff50c53f-01fc-477c-a749-77ecb304e8ca","species","Plantae","Carica papaya","NA",NA,"corrected_redlistTW"
"7f68dcaa-2638-423a-9664-600921aa0a17","species","Plantae","Capparis micracantha","","暫無危機（LC, Least Concern）","corrected_redlistTW"
"342d0e51-f439-46e3-9166-18c8e672714d","species","Plantae","Capparis sikkimensis","","接近受脅（NT, Near Threatened）","corrected_redlistTW"
"eaa33725-90af-4537-8803-aa39c36741bc","species","Plantae","Cleome gynandra","NA",NA,"corrected_redlistTW"
"dddeb89d-daae-43e6-ab53-edc9b3d019f6","species","Plantae","Cleome rutidosperma","NA",NA,"corrected_redlistTW"
"9935e797-85c8-427d-8ece-eb09499a4ae8","species","Plantae","Cleome viscosa","NA",NA,"corrected_redlistTW"
"8a9be9be-7be0-44c4-bf6f-fddba60d3274","species","Plantae","Arabidopsis lyrata","","暫無危機（LC, Least Concern）","corrected_redlistTW"
"dd1ead36-82a6-488b-ba2b-80bea43eabe8","species","Plantae","Cardamine scutata","未評估（NE, Not Evaluated）","暫無危機（LC, Least Concern）","corrected_redlistTW"
"ba5b9ec0-223d-4293-a730-32538aef73dc","species","Plantae","Lepidium virginicum","NA",NA,"corrected_redlistTW"
"36c6cb2a-be84-4550-a822-49b22bfa2569","species","Plantae","Rapistrum rugosum","NA",NA,"corrected_redlistTW"
"16725e2e-90fc-4fc3-9b64-119c8f717d36","species","Plantae","Rorippa palustris","NA",NA,"corrected_redlistTW"
"41423fed-2548-42e5-8863-379990153e67","species","Plantae","Rorippa sylvestris","NA",NA,"corrected_redlistTW"
"c0324701-ecbb-4911-a653-a93092b644cc","species","Plantae","Sisymbrium irio","NA",NA,"corrected_redlistTW"
"503d8dfd-3b76-4d05-ac4a-82886bdc574e","species","Plantae","Sisymbrium orientale","NA",NA,"corrected_redlistTW"
"deec24c2-e6a6-416f-8e80-f9ad0c0026f4","species","Plantae","Tamarix aphylla","NA",NA,"corrected_redlistTW"
"fe75db5d-18b3-4ec8-aaa7-4aa0e7ba6174","species","Plantae","Fagopyrum esculentum","NA",NA,"corrected_redlistTW"
"2bcc6498-7080-4e02-8609-b831281d7cb9","species","Plantae","Persicaria capitata","NA",NA,"corrected_redlistTW"
"597094e4-bc4e-4d7f-b566-c3606710f363","species","Plantae","Polygonum plebeium","NA",NA,"corrected_redlistTW"
"95eb92a8-d8c7-428c-883d-b3b1a23ba1dc","species","Plantae","Rumex acetosella","NA",NA,"corrected_redlistTW"
"52d8d01a-6277-473e-b704-07db10e624d3","species","Plantae","Rumex maritimus","NA",NA,"corrected_redlistTW"
"a033a128-f9bc-4f84-b717-d755564c21f3","species","Plantae","Rumex obtusifolius","NA",NA,"corrected_redlistTW"
"b2152e9d-f87b-41c0-8e69-d30b8ad3f066","species","Plantae","Polycarpon tetraphyllum","NA",NA,"corrected_redlistTW"
"c9948190-f85d-40f9-b7e2-e02a64a6d44d","species","Plantae","Stellaria alsine","","暫無危機（LC, Least Concern）","corrected_redlistTW"
"6210bea5-f7df-48b2-b705-29610a5cb174","species","Plantae","Alternanthera paronychioides","NA",NA,"corrected_redlistTW"
"9b1fb878-07eb-4a18-8f72-d9c5e4f2cc95","species","Plantae","Alternanthera reineckii","NA",NA,"corrected_redlistTW"
"c5cab850-6fa9-4527-a29b-d8676792956e","species","Plantae","Amaranthus dubius","NA",NA,"corrected_redlistTW"
"4194b26e-092f-49a9-b6e7-64831b36df99","species","Plantae","Amaranthus hybridus","NA",NA,"corrected_redlistTW"
"61675a9e-861d-46ed-b200-6e5eeafc2d8b","species","Plantae","Amaranthus lividus","NA",NA,"corrected_redlistTW"
"beb1a6ef-4b2a-4741-9a92-15f455f29685","species","Plantae","Amaranthus patulus","NA",NA,"corrected_redlistTW"
"e15bce30-9a28-4f14-bda3-719de2c48337","species","Plantae","Gomphrena celosioides","NA",NA,"corrected_redlistTW"
"7ec7a367-4567-4244-9dbb-103909c3b16a","species","Plantae","Phytolacca americana","NA",NA,"corrected_redlistTW"
"2ebd71e2-2140-4c14-a227-2e5045f3837b","species","Plantae","Boerhavia coccinea","NA",NA,"corrected_redlistTW"
"c377cbc6-3ed9-40ee-8d91-67948120af8f","species","Plantae","Boerhavia erecta","NA",NA,"corrected_redlistTW"
"b6b8512e-94f9-4fc2-8214-5ec185febbbc","species","Plantae","Mollugo verticillata","NA",NA,"corrected_redlistTW"
"862116bb-174f-4ecc-b614-0a5bb7d9cb3e","species","Plantae","Anredera cordifolia","NA",NA,"corrected_redlistTW"
"3975dff9-4d43-40bb-8632-cf4b50bd5d8f","species","Plantae","Basella alba","NA",NA,"corrected_redlistTW"
"1dc0fc5b-502f-4055-a554-8d73c81bf0b5","species","Plantae","Talinum paniculatum","NA",NA,"corrected_redlistTW"
"298e8788-f413-47ec-ab39-6c121f2774de","species","Plantae","Portulaca pilosa","NA","暫無危機（LC, Least Concern）","corrected_redlistTW"
"a3ef390b-d854-4531-8278-c39ba5a0ef91","species","Plantae","Opuntia dillenii","NA",NA,"corrected_redlistTW"
"fe57986a-b1aa-4587-b59b-e851d4b26e68","species","Plantae","Impatiens walleriana","NA",NA,"corrected_redlistTW"
"4e01100e-4afb-41b6-8a8e-0821266259c0","species","Plantae","Cleyera japonica","","暫無危機（LC, Least Concern）","corrected_redlistTW"
"ac7ebafa-6f33-462f-aea4-b58b41755316","species","Plantae","Eurya nitida","","接近受脅（NT, Near Threatened）","corrected_redlistTW"
"b31630c3-46f9-4739-ba2c-54b32f2ee60a","species","Plantae","Ardisia cornudentata","","暫無危機（LC, Least Concern）","corrected_redlistTW"
"a1a372e0-ec0f-4992-8c79-aed61efbc5e7","species","Plantae","Maesa perlaria","暫無危機（LC, Least Concern）","資料缺乏（DD, Data Deficient）","corrected_redlistTW"
"22910ba1-a4a7-432e-9db0-b672d0bed1dd","species","Plantae","Primula malacoides","未評估（NE, Not Evaluated）","","corrected_redlistTW"
"ecc5eac4-ee54-4768-b878-2861bee28984","species","Plantae","Styrax formosanus","","暫無危機（LC, Least Concern）","corrected_redlistTW"
"a457cd9e-aa48-4646-a540-223d373f1ff2","species","Plantae","Styrax japonicus","","易危（VU, Vulnerable）","corrected_redlistTW"
"f2609cdd-0d62-4ab5-8cd0-cd271447994d","species","Plantae","Lyonia ovalifolia","","暫無危機（LC, Least Concern）","corrected_redlistTW"
"ed26407e-c1ec-48df-9df4-98fae271189d","species","Plantae","Vaccinium dunalianum","","暫無危機（LC, Least Concern）","corrected_redlistTW"
"110eecd3-df95-4572-b5da-ff6280affa8c","species","Plantae","Vaccinium japonicum","","暫無危機（LC, Least Concern）","corrected_redlistTW"
"ffcc50a3-205c-4d49-99d5-13ae67cf93c8","species","Plantae","Rhododendron ovatum","接近受脅（NT, Near Threatened）","資料缺乏（DD, Data Deficient）","corrected_redlistTW"
"62770cbd-6709-4c5d-a070-518d62e68f1f","species","Plantae","Scleromitrion koanum","暫無危機（LC, Least Concern）","資料缺乏（DD, Data Deficient）","corrected_redlistTW"
"38d8c68e-d907-448a-8e2e-f34e31497dcb","species","Plantae","Scleromitrion angustifolium","暫無危機（LC, Least Concern）","","corrected_redlistTW"
"6165569c-1f33-425e-9808-e99a0ca51f4e","species","Plantae","Aidia canthioides","易危（VU, Vulnerable）","","corrected_redlistTW"
"cafa51d1-8bb0-4743-a25a-124fc2865506","species","Plantae","Richardia brasiliensis","NA",NA,"corrected_redlistTW"
"78a4e3a8-2b14-450e-b161-94749804c30a","species","Plantae","Spermacoce articularis","NA",NA,"corrected_redlistTW"
"85de8b4c-a1d9-43b8-bad9-29f8fa3e130d","species","Plantae","Spermacoce latifolia","NA",NA,"corrected_redlistTW"
"18248abf-1f2c-4c22-83c6-864019ea4011","species","Plantae","Coffea arabica","未評估（NE, Not Evaluated）","","corrected_redlistTW"
"ff9c7616-3f0c-47f9-85b5-3ae790d8e9c1","species","Plantae","Lasianthus appressihirtus","","暫無危機（LC, Least Concern）","corrected_redlistTW"
"c3aa5403-c8c9-4565-8a5a-679872fe162d","species","Plantae","Lasianthus japonicus","","暫無危機（LC, Least Concern）","corrected_redlistTW"
"ea052900-6c7d-4e8b-b0fe-1888dd403601","species","Plantae","Uncaria lanosa","","接近受脅（NT, Near Threatened）","corrected_redlistTW"
"f4da0eaa-86ab-4eb2-8bcb-5f6e5a531eae","species","Plantae","Gentiana flavomaculata","","暫無危機（LC, Least Concern）","corrected_redlistTW"
"84185815-6673-41a0-bd4e-ba43b2886885","species","Plantae","Asclepias curassavica","NA",NA,"corrected_redlistTW"
"18c190b7-75b6-42af-826a-6bad1dee5985","species","Plantae","Cordia dichotoma","NA",NA,"corrected_redlistTW"
"a441f014-4568-4171-856d-a91df293af0e","species","Plantae","Ipomoea alba","NA",NA,"corrected_redlistTW"
"5c6e9d8a-48b8-4f6f-85dc-386e1b062816","species","Plantae","Ipomoea aquatica","NA",NA,"corrected_redlistTW"
"60ee5bfe-18e7-4d7d-ab29-54add130e27e","species","Plantae","Ipomoea batatas","NA",NA,"corrected_redlistTW"
"90cb2aef-0bfc-444f-b1bf-4862ef793b49","species","Plantae","Ipomoea cairica","NA",NA,"corrected_redlistTW"
"dde9de3a-b193-4229-af05-30b3d57fe5a7","species","Plantae","Ipomoea eriocarpa","NA",NA,"corrected_redlistTW"
"f6a7e751-2c9f-4496-8457-3765fbac282b","species","Plantae","Ipomoea pes-caprae","","暫無危機（LC, Least Concern）","corrected_redlistTW"
"c497a7e3-c1b2-45d3-88f3-665ef3aa109f","species","Plantae","Ipomoea purpurea","NA",NA,"corrected_redlistTW"
"0d3435f8-2faa-4278-b24c-8834fe5e4b1e","species","Plantae","Ipomoea quamoclit","NA",NA,"corrected_redlistTW"
"6a333b18-b8df-418d-9ef0-7b47134fdeec","species","Plantae","Ipomoea trifida","NA",NA,"corrected_redlistTW"
"8309c9b3-a736-40d1-b5ec-b8a2d92c8ae7","species","Plantae","Ipomoea wrightii","NA",NA,"corrected_redlistTW"
"48842b97-daf9-419c-a558-5415b6a5c126","species","Plantae","Evolvulus nummularius","NA",NA,"corrected_redlistTW"
"06b33991-32d9-437a-b1cd-bc7f6436358f","species","Plantae","Distimake dissectus","NA","","corrected_redlistTW"
"0a2f225a-c9e7-48e7-b369-a34bd07920ee","species","Plantae","Distimake quinquefolius","NA","","corrected_redlistTW"
"f46c0022-bd49-4e21-8669-7a233ecbb901","species","Plantae","Lepistemon binectariferum","","接近受脅（NT, Near Threatened）","corrected_redlistTW"
"ebd584cd-9e41-45d5-8b33-d96ee8b927ce","species","Plantae","Solanum americanum","NA",NA,"corrected_redlistTW"
"fdc2ad12-a607-4290-8265-67d15f657f57","species","Plantae","Solanum capsicoides","NA",NA,"corrected_redlistTW"
"86d647b3-28a8-4ad4-b589-c750bcf72c4c","species","Plantae","Solanum elaeagnifolium","NA",NA,"corrected_redlistTW"
"67f074c1-710e-4171-9d11-8ae828ed6c88","species","Plantae","Solanum erianthum","NA",NA,"corrected_redlistTW"
"176145ba-1c10-44cc-aabe-e6a53c4734f8","species","Plantae","Solanum lasiocarpum","NA",NA,"corrected_redlistTW"
"6bdd7f21-bdc2-4e3a-940c-94bddce57aa1","species","Plantae","Solanum mammosum","NA",NA,"corrected_redlistTW"
"4aa4f816-7593-49c9-8305-f838c47963d3","species","Plantae","Solanum mauritianum","NA",NA,"corrected_redlistTW"
"9cca6b2d-594b-4461-87cc-f77b977d5203","species","Plantae","Solanum rostratum","NA",NA,"corrected_redlistTW"
"e20545f8-33be-489b-baa9-f85043bc9dbc","species","Plantae","Solanum scabrum","NA",NA,"corrected_redlistTW"
"0062ec8c-df29-49b9-adc7-38c5109ff8e8","species","Plantae","Solanum sisymbriifolium","NA",NA,"corrected_redlistTW"
"14ae9feb-ae54-4e27-8e3d-78c0b4d4d7e1","species","Plantae","Solanum viarum","NA",NA,"corrected_redlistTW"
"00c00059-de2d-4072-8ed1-67710ecf01f4","species","Plantae","Nicotiana longiflora","NA",NA,"corrected_redlistTW"
"abbc731e-3934-4123-9b79-1626e49a3b95","species","Plantae","Nicotiana tabacum","NA",NA,"corrected_redlistTW"
"ba7eaf42-1b9b-4a59-95a0-f6404957ff2a","species","Plantae","Physalis angulata","NA",NA,"corrected_redlistTW"
"e8a113ca-92f7-4164-908e-48336c7baaa0","species","Plantae","Physalis peruviana","NA",NA,"corrected_redlistTW"
"21494616-7786-49bd-9b6c-5304e478b6ea","species","Plantae","Lycium chinense","NA",NA,"corrected_redlistTW"
"b060dd16-1ea1-436d-a91e-30994be4c16b","species","Plantae","Brunfelsia uniflora","未評估（NE, Not Evaluated）","","corrected_redlistTW"
"4f46ea14-cecf-406d-bb79-f21ee3c58ae5","species","Plantae","Cyphomandra betacea","NA",NA,"corrected_redlistTW"
"03330afd-4a27-4a30-a31c-3e06d92a87eb","species","Plantae","Lysionotus pauciflorus","","瀕危（EN, Endangered）","corrected_redlistTW"
"eee8af45-c26a-4925-b861-5bf437f6603e","species","Plantae","Veronica arvensis","NA",NA,"corrected_redlistTW"
"f6fd50da-5f65-467a-8b07-68b28ef78c5b","species","Plantae","Veronica persica","NA",NA,"corrected_redlistTW"
"6e3b9661-c274-48cf-a0dc-e72e47f64c55","species","Plantae","Plantago lanceolata","NA",NA,"corrected_redlistTW"
"29bd26d0-2c31-4034-aca5-53e324dab2e4","species","Plantae","Scoparia dulcis","NA",NA,"corrected_redlistTW"
"ec6c68d7-2f4c-4c37-a43a-2f4a41374503","species","Plantae","Callitriche palustris","","接近受脅（NT, Near Threatened）","corrected_redlistTW"
"5445551e-cd08-45a4-b7be-3f310d285560","species","Plantae","Callitriche deflexa","NA","","corrected_redlistTW"
"9eb68669-00b2-4df4-a452-ceb01f7a3bc8","species","Plantae","Veronicastrum axillare","","易危（VU, Vulnerable）","corrected_redlistTW"
"231c1bf3-c2e6-435a-b6db-f8e3b7be085b","species","Plantae","Mecardonia procumbens","NA",NA,"corrected_redlistTW"
"8518a0ea-3edb-451b-895a-c3130b6f15e0","species","Plantae","Stemodia verticillata","NA",NA,"corrected_redlistTW"
"ee80e4e9-f8f3-41ce-b76b-e5d992ac15d0","species","Plantae","Lindernia rotundifolia","NA",NA,"corrected_redlistTW"
"8e290ada-1dd2-498f-adf2-0e18a58719cb","species","Plantae","Torenia fournieri","NA",NA,"corrected_redlistTW"
"04616751-f85a-41ca-8da7-39cb4e618477","species","Plantae","Justicia comata","NA",NA,"corrected_redlistTW"
"74661b88-c0a7-48c2-a519-168ad1303054","species","Plantae","Justicia procumbens","","易危（VU, Vulnerable）","corrected_redlistTW"
"2c977b4a-204a-451e-a9b9-bcd405f6af8e","species","Plantae","Ruellia simplex","NA","","corrected_redlistTW"
"b1d6aa10-da09-4dff-a7db-8b88d61951fb","species","Plantae","Ruellia elegans","未評估（NE, Not Evaluated）","","corrected_redlistTW"
"b578676b-e8df-4617-88a8-4943bedcff8e","species","Plantae","Thunbergia fragrans","NA",NA,"corrected_redlistTW"
"a8cc41f5-11bc-4e35-bd80-7859c051ace2","species","Plantae","Thunbergia grandiflora","NA",NA,"corrected_redlistTW"
"f243c887-0061-4ab7-a5b1-4d47f87f8657","species","Plantae","Hygrophila corymbosa","NA",NA,"corrected_redlistTW"
"742b4ee0-7179-477d-ab12-6f00acd61906","species","Plantae","Hygrophila guianensis","NA",NA,"corrected_redlistTW"
"a6b72368-601a-4d22-a6e1-649350a7974f","species","Plantae","Blechum pyramidatum","NA",NA,"corrected_redlistTW"
"e1d0c699-809f-4c0c-98e6-31bd77aced52","species","Plantae","Nelsonia canescens","NA",NA,"corrected_redlistTW"
"f5367ef7-06bc-4815-b6cf-09476cbd90c4","species","Plantae","Campsis grandiflora","未評估（NE, Not Evaluated）","","corrected_redlistTW"
"6dbf40e8-a553-4af9-9c03-55d8c54f6b99","species","Plantae","Spathodea campanulata","NA",NA,"corrected_redlistTW"
"c6e7b99d-3a6b-48b8-a0e9-15dac5f75aad","species","Plantae","Utricularia graminifolia","NA",NA,"corrected_redlistTW"
"a0b3af95-9350-4804-a969-0947116c7935","species","Plantae","Verbena brasiliensis","NA",NA,"corrected_redlistTW"
"74601f3b-9dcf-4cdc-8954-5753c22c93c1","species","Plantae","Verbena officinalis","NA",NA,"corrected_redlistTW"
"e047b15b-6c3d-4427-96dd-54746835cfd3","species","Plantae","Petrea volubilis","未評估（NE, Not Evaluated）","","corrected_redlistTW"
"a00674c7-5a28-45a6-8066-1be2a8295d6a","species","Plantae","Salvia lyrata","NA",NA,"corrected_redlistTW"
"090af790-e92f-48bf-8994-2d85849d9a09","species","Plantae","Salvia splendens","NA","","corrected_redlistTW"
"cae2a79a-72a9-4cc8-90b3-d82d957c293d","species","Plantae","Hyptis pectinata","NA",NA,"corrected_redlistTW"
"cba52c0d-de14-451a-b05b-e98bb06177b1","species","Plantae","Ajuga decumbens","NA",NA,"corrected_redlistTW"
"7f4a77e2-5573-489b-b3b0-9f99791245e3","species","Plantae","Lamium hybridum","NA",NA,"corrected_redlistTW"
"f2e14723-614d-4f4b-b807-5c785dd40307","species","Plantae","Lamium purpureum","NA",NA,"corrected_redlistTW"
"5b0d1fa9-402c-4d03-ad8f-bc8c00981a6c","species","Plantae","Salvia rosmarinus","未評估（NE, Not Evaluated）","","corrected_redlistTW"
"3b0eaa2f-cc85-4755-872b-cba591ec40cd","species","Plantae","Clinopodium brownei","NA",NA,"corrected_redlistTW"
"a47f0dd1-80d4-4df2-8803-18e9c7acbdbc","species","Plantae","Coleus amboinicus","NA",NA,"corrected_redlistTW"
"76775612-17b3-40b4-a7d1-6021ee1f01d9","species","Plantae","Perilla frutescens","NA",NA,"corrected_redlistTW"
"d587813f-1e54-4074-aabc-156f9ec5ed93","species","Plantae","Peplidium maritimum","暫無危機（LC, Least Concern）","","corrected_redlistTW"
"34f7a527-089b-422f-8723-e1b66c3a8e8d","species","Plantae","Ilex lonicerifolia","","接近受脅（NT, Near Threatened）","corrected_redlistTW"
"2faaa36d-29b6-42ff-9b7b-2a5d66841188","species","Plantae","Ilex yunnanensis","","暫無危機（LC, Least Concern）","corrected_redlistTW"
"d3f9bb83-410c-48c4-9247-a63f512a8b3e","species","Plantae","Lobelia cliffortiana","NA",NA,"corrected_redlistTW"
"1fadfe85-cdca-4772-8c68-789e00841a3f","species","Plantae","Triodanis biflora","NA",NA,"corrected_redlistTW"
"4ef116c0-6c3b-43ec-af43-008b8465922a","species","Plantae","Codonopsis javanica","","暫無危機（LC, Least Concern）","corrected_redlistTW"
"2ed0f7c4-abe5-4ba6-82e9-0f8b2065446e","species","Plantae","Hippobroma longiflora","NA",NA,"corrected_redlistTW"
"ff4356ee-18f3-49ff-81f0-f22070b52e73","species","Plantae","Nymphoides peltata","NA",NA,"corrected_redlistTW"
"eebf55f2-f963-465e-8c36-4aaaa1a51f6d","species","Plantae","Senecio vulgaris","NA",NA,"corrected_redlistTW"
"c034d411-f971-4ac3-a1c6-56b6b82bbdc2","species","Plantae","Vernonia elliptica","NA",NA,"corrected_redlistTW"
"d5c84c98-ccf1-48dc-9b62-4c25dd4f91ee","species","Plantae","Gymnanthemum amygdalinum","NA","","corrected_redlistTW"
"cb590ca2-b331-4832-8b25-eec73a27fa7d","species","Plantae","Mikania micrantha","NA",NA,"corrected_redlistTW"
"f9c26696-f721-4523-bf07-79b6f84d45d1","species","Plantae","Cirsium japonicum","","暫無危機（LC, Least Concern）","corrected_redlistTW"
"15d44560-9227-40a7-a16f-0d2ebc453173","species","Plantae","Aster panduratus","未評估（NE, Not Evaluated）","","corrected_redlistTW"
"a3956017-506d-4191-91ec-ef4993786394","species","Plantae","Gnaphalium involucratum","","暫無危機（LC, Least Concern）","corrected_redlistTW"
"d5f1865a-1aff-4780-bcfa-c332c736b226","species","Plantae","Gnaphalium pensylvanicum","NA",NA,"corrected_redlistTW"
"768b5d35-e55c-4c22-a9f3-2d173dc2eeec","species","Plantae","Gnaphalium spicatum","NA",NA,"corrected_redlistTW"
"5bba033d-e731-4a56-b91e-5aa691745129","species","Plantae","Acmella brachyglossa","NA",NA,"corrected_redlistTW"
"404baf0f-4205-4407-ae91-5eb807b73406","species","Plantae","Acmella ciliata","NA",NA,"corrected_redlistTW"
"db3fe860-54d7-4fd3-8eba-b2eded92e528","species","Plantae","Acmella uliginosa","NA",NA,"corrected_redlistTW"
"486d643f-9c53-49e5-8a22-acdb5db59e5a","species","Plantae","Ageratina riparia","NA",NA,"corrected_redlistTW"
"5a1b206a-62cf-4887-a0ff-82014668ed49","species","Plantae","Erigeron annuus","暫無危機（LC, Least Concern）",NA,"corrected_redlistTW"
"0e95fd70-a71e-4fd7-be49-74ae9799c8bb","species","Plantae","Erigeron bellioides","NA",NA,"corrected_redlistTW"
"c5906503-36ee-4f7e-96a6-545490ebe79f","species","Plantae","Gaillardia pulchella","NA",NA,"corrected_redlistTW"
"c1db24d4-c630-4ab8-b811-836ef21554b2","species","Plantae","Lactuca serriola","NA",NA,"corrected_redlistTW"
"56f0233b-880f-4074-9e9e-24108822d66e","species","Plantae","Pluchea sagittalis","NA",NA,"corrected_redlistTW"
"0b717579-431e-4470-9fff-0bdf0b66c28e","species","Plantae","Sonchus asper","NA",NA,"corrected_redlistTW"
"2cd271da-7870-486b-8f72-225c98cc8e62","species","Plantae","Sonchus oleraceus","NA",NA,"corrected_redlistTW"
"629bd0d9-c9e9-417d-8ba5-cb98360c22d5","species","Plantae","Cichorium intybus","NA",NA,"corrected_redlistTW"
"6932f1f8-e1b8-4ac3-bf84-efed4917b794","species","Plantae","Dendranthema lavandulifolium","","瀕危（EN, Endangered）","corrected_redlistTW"
"84de22f5-44a4-47ca-a24c-a81925cb5e60","species","Plantae","Argyranthemum frutescens","NA",NA,"corrected_redlistTW"
"758da701-ad22-4a5c-8ccd-72f3a3faddf1","species","Plantae","Leucanthemum vulgare","NA",NA,"corrected_redlistTW"
"565c39eb-bf6d-4329-b1b7-7c7c81330261","species","Plantae","Adenostemma lavenia","","暫無危機（LC, Least Concern）","corrected_redlistTW"
"66c2ac34-769e-4152-9445-93ae3524a6fa","species","Plantae","Ageratum conyzoides","NA",NA,"corrected_redlistTW"
"dbc3ddfb-47a2-4cd5-95b6-00906762afec","species","Plantae","Ainsliaea latifolia","","暫無危機（LC, Least Concern）","corrected_redlistTW"
"d567142c-a7fc-4961-b7d6-eac71fa4f551","species","Plantae","Bellis perennis","NA",NA,"corrected_redlistTW"
"e2593ec6-06f1-4891-8c9c-f814f3d23e0c","species","Plantae","Calyptocarpus vialis","NA",NA,"corrected_redlistTW"
"2cff98fa-7df2-48df-a441-f9cdd1ce4552","species","Plantae","Chromolaena odorata","NA",NA,"corrected_redlistTW"
"d85b0dc6-abc7-479e-930b-8b24a20d9bb9","species","Plantae","Clibadium surinamense","NA",NA,"corrected_redlistTW"
"f28ac344-d5ae-41bd-991a-090faf6bcbc4","species","Plantae","Cosmos bipinnatus","NA",NA,"corrected_redlistTW"
"fa544455-9967-426c-b3ae-bdf517ae44a8","species","Plantae","Crassocephalum crepidioides","NA",NA,"corrected_redlistTW"
"4a7d8a3f-5d65-419f-8157-04d953615272","species","Plantae","Eclipta zippeliana","NA",NA,"corrected_redlistTW"
"aece28a8-b1dc-468f-9a8d-bc62d7e869fe","species","Plantae","Eclipta angustata","NA","","corrected_redlistTW"
"976ecc76-5146-46b0-a9d7-a49c89675730","species","Plantae","Eleutheranthera ruderalis","NA",NA,"corrected_redlistTW"
"8e534c9b-8e4d-4fbc-85df-f15b82f7cbd6","species","Plantae","Emilia fosbergii","NA",NA,"corrected_redlistTW"
"0b1bafcd-3e1f-427b-9a3a-ae8963ab9e74","species","Plantae","Flaveria bidentis","NA",NA,"corrected_redlistTW"
"e0852c8d-298b-48a5-a424-d59042f636c3","species","Plantae","Galinsoga parviflora","NA",NA,"corrected_redlistTW"
"23d808ae-0af4-41c8-a71f-3115780883d3","species","Plantae","Galinsoga quadriradiata","NA",NA,"corrected_redlistTW"
"e098fded-93c7-42df-b560-f877b0e6d090","species","Plantae","Grangea maderaspatana","NA",NA,"corrected_redlistTW"
"b04db460-c395-4b6c-bd8b-fd1e9a35f977","species","Plantae","Guizotia abyssinica","NA",NA,"corrected_redlistTW"
"b9e35f2e-573f-4735-bc2e-974928efde42","species","Plantae","Gymnocoronis spilanthoides","NA",NA,"corrected_redlistTW"
"e4019433-0c0b-4099-977b-1e7bdc1f1a80","species","Plantae","Gynura bicolor","NA",NA,"corrected_redlistTW"
"9af60689-59f3-41fd-b577-9c5cb4696774","species","Plantae","Hypochaeris glabra","NA",NA,"corrected_redlistTW"
"ad91bb8e-d6fc-45ad-b558-6ebc1b4d9deb","species","Plantae","Hypochaeris radicata","NA",NA,"corrected_redlistTW"
"7dbebf50-26f4-4c80-948b-e7784697513d","species","Plantae","Parthenium hysterophorus","NA",NA,"corrected_redlistTW"
"b25776f8-e7a9-4527-a34a-c0e2b7a7ca3d","species","Plantae","Picris hieracioides","","暫無危機（LC, Least Concern）","corrected_redlistTW"
"d5fde6e2-a4df-4849-a7cb-1ab5b3b5647c","species","Plantae","Praxelis clematidea","NA",NA,"corrected_redlistTW"
"790a1dba-ecec-46b5-8030-a4fbc7a43153","species","Plantae","Pseudelephantopus spicatus","NA",NA,"corrected_redlistTW"
"86a7cbe5-5161-4c41-96a2-3801f2f10487","species","Plantae","Xanthium strumarium","NA",NA,"corrected_redlistTW"
"610c888f-c6a1-4a96-87d0-4702dd4e057e","species","Plantae","Thymophylla tenuiloba","未評估（NE, Not Evaluated）","","corrected_redlistTW"
"63dee2a2-0327-45d3-823f-80d03b85b7f7","species","Plantae","Viburnum plicatum","暫無危機（LC, Least Concern）","接近受脅（NT, Near Threatened）","corrected_redlistTW"
"71f03077-bebf-4d68-9214-51b12e1ba1e7","species","Plantae","Viburnum phlebotrichum","未評估（NE, Not Evaluated）","","corrected_redlistTW"
"ead67651-d311-472e-bb8f-7bfef35bf119","species","Plantae","Pittosporum illicioides","","暫無危機（LC, Least Concern）","corrected_redlistTW"
"1a141451-0a4a-4b8a-abf4-975268269c5a","species","Plantae","Heptapleurum actinophyllum","未評估（NE, Not Evaluated）","","corrected_redlistTW"
"d0940231-723b-4266-8c76-d24ebdc9c4b8","species","Plantae","Hydrocotyle leucocephala","NA",NA,"corrected_redlistTW"
"c67343c9-442b-4827-afe1-a264e63b1591","species","Plantae","Hydrocotyle verticillata","NA",NA,"corrected_redlistTW"
"1b062c5e-1c69-427b-a636-5f544fba58ac","species","Plantae","Apium leptophyllum","NA",NA,"corrected_redlistTW"
"2362776f-1de0-4a6e-b203-757f6cd856ea","species","Plantae","Foeniculum vulgare","NA",NA,"corrected_redlistTW"
"bb4e601a-b5f7-4f9f-8cdb-c77e67a924a7","species","Plantae","Cnidium monnieri","","暫無危機（LC, Least Concern）","corrected_redlistTW"
"7c636ef0-525c-4d2b-95ca-3d38d767a157","species","Plantae","Arabis stelleri","","易危（VU, Vulnerable）","corrected_redlistTW"
"f0dfa6f9-6990-428e-bbf0-b8d473720a0b","species","Plantae","Morina nepalensis","未評估（NE, Not Evaluated）","","corrected_redlistTW"
"21f004ac-abf3-482a-97d5-fcd269d205fd","species","Plantae","Arabidopsis halleri","","瀕危（EN, Endangered）","corrected_redlistTW"
"561056b8-745d-4f86-937f-47d6b4bc945b","infraspecies","Plantae","Isoetes taiwanensis kinmenensis","未評估（NE, Not Evaluated）","極危（CR, Critically Endangered）","corrected_redlistTW"
"52aa72be-9c41-447a-b1a6-5c6ba3f29484","species","Plantae","Lindsaea javanensis","","暫無危機（LC, Least Concern）","corrected_redlistTW"
"8c564065-39b2-425d-b8d8-358a8d13fa3b","infraspecies","Plantae","Diplazium kawakamii subglabratum","","暫無危機（LC, Least Concern）","corrected_redlistTW"
"12f7c406-5425-4298-a63c-0fca3b382b76","infraspecies","Plantae","Colocasia esculenta esculenta","NA",NA,"corrected_redlistTW"
"b7597a78-6819-4759-bb73-14537a079a71","infraspecies","Plantae","Bulbophyllum albociliatum weiminianum","資料缺乏（DD, Data Deficient）","易危（VU, Vulnerable）","corrected_redlistTW"
"ef451aae-eb47-44de-8b3c-5be3fe14f830","infraspecies","Plantae","Calanthe davidii matsudae","","暫無危機（LC, Least Concern）","corrected_redlistTW"
"343441cf-6fe4-4a48-a263-b45a36d11ef9","infraspecies","Plantae","Cephalantheropsis obcordata alboflavescens","暫無危機（LC, Least Concern）","接近受脅（NT, Near Threatened）","corrected_redlistTW"
"31dd5400-ad2c-47dd-a6c1-ed4a8482acfe","infraspecies","Plantae","Dendrobium xantholeucum tairukounia","","資料缺乏（DD, Data Deficient）","corrected_redlistTW"
"5af63d98-d9e7-429b-a145-c18f0cc6d6b7","infraspecies","Plantae","Arrhenatherum elatius variegatum","NA",NA,"corrected_redlistTW"
"97edc11f-4583-47e3-a3e2-2b9a9a23eb86","infraspecies","Plantae","Chloris divaricata cynodontoides","NA",NA,"corrected_redlistTW"
"fabc7ac0-0dfe-473d-b22e-320f97ceaeab","infraspecies","Plantae","Ischaemum aristatum glaucum","資料缺乏（DD, Data Deficient）","暫無危機（LC, Least Concern）","corrected_redlistTW"
"9923b328-9a53-48fe-bbc9-46c7b1dc8dfe","infraspecies","Plantae","Leptochloa fusca fascicularis","NA",NA,"corrected_redlistTW"
"9c7f2b7a-ce42-4e0b-b9cc-af0040cc4c71","infraspecies","Plantae","Vitis flexuosa parvifolia","NA","接近受脅（NT, Near Threatened）","corrected_redlistTW"
"89054486-6fe6-4408-ba21-f3e991b800de","infraspecies","Plantae","Aeschynomene americana glandulosa","NA",NA,"corrected_redlistTW"
"03be7af0-96e2-4ddc-9489-371034ee11b9","infraspecies","Plantae","Vicia sativa nigra","NA",NA,"corrected_redlistTW"
"c9621ef9-bd8f-49c3-b9c3-5ee64af424d4","infraspecies","Plantae","Vigna unguiculata sesquipedalis","未評估（NE, Not Evaluated）",NA,"corrected_redlistTW"
"6a31fc42-4dbd-4603-baea-458c14efc9b6","infraspecies","Plantae","Photinia serratifolia daphniphylloides","","暫無危機（LC, Least Concern）","corrected_redlistTW"
"548be040-659d-475c-812d-b6fed9e75964","infraspecies","Plantae","Ficus fistulosa benguetensis","NA",NA,"corrected_redlistTW"
"649f75a6-2fbc-4c79-aebd-3e8e32c983c6","infraspecies","Plantae","Ficus formosana shimadae","NA",NA,"corrected_redlistTW"
"e164f7d1-a6ff-4448-94d3-ae09069d122e","infraspecies","Plantae","Gonostegia pentandra hypericifolia","","易危（VU, Vulnerable）","corrected_redlistTW"
"cd2acb84-ca7a-4d27-a82a-fc771d3ebfea","infraspecies","Plantae","Acalypha indica indica","NA","暫無危機（LC, Least Concern）","corrected_redlistTW"
"7169a9e0-3519-48d0-892c-bde8bf40ef7e","infraspecies","Plantae","Sida javensis expilosa","","資料缺乏（DD, Data Deficient）","corrected_redlistTW"
"4b450d8c-a007-40fe-8875-0c1560c1dfc8","infraspecies","Plantae","Rumex crispus crispus","NA",NA,"corrected_redlistTW"
"9f5628fc-4830-4d73-ace0-6aad76fb48f0","infraspecies","Plantae","Portulaca pilosa pilosa","NA","暫無危機（LC, Least Concern）","corrected_redlistTW"
"59349f68-a651-4907-8039-a988b02fb360","infraspecies","Plantae","Mussaenda macrophylla brevipilosa","","接近受脅（NT, Near Threatened）","corrected_redlistTW"
"6842cd35-c470-4303-b7eb-1fec362dec6e","infraspecies","Plantae","Ipomoea carnea fistulosa","NA",NA,"corrected_redlistTW"
"ae455c53-61f9-42d1-b044-91027e6cd2b7","infraspecies","Plantae","Lycopersicon esculentum cerasiforme","NA",NA,"corrected_redlistTW"
"74034b1e-97cf-442b-bb80-40ab7e24988d","infraspecies","Plantae","Asystasia gangetica gangetica","NA",NA,"corrected_redlistTW"
"b44154c5-8eac-4505-92b1-3368f500cbc9","infraspecies","Plantae","Aster subulatus subulatus","NA",NA,"corrected_redlistTW"
"e4f91b7e-ea7f-455f-8cee-601693054a1c","infraspecies","Plantae","Lindernia dubia anagallidea","NA",NA,"corrected_redlistTW"
"12c920ac-e8d3-4ba1-bb70-18583a5d278b","species","Animalia","Gekko gecko","NA",NA,"corrected_redlistTW"
"c4257995-939a-41a7-8cd6-1d2e549e7b30","species","Plantae","Hymenachne amplexicaulis","","瀕危（EN, Endangered）","corrected_redlistTW"
"f3bb3294-f26a-4d6c-ab70-23f5b0667481","species","Animalia","Physignathus cocincinus","NA",NA,"corrected_redlistTW"
"30ecc23f-0b29-440d-abe7-85e3ac4881c3","species","Animalia","Chamaeleo calyptratus","NA",NA,"corrected_redlistTW"
"89d7be27-d836-4ef1-8cfa-2ea202ce995b","species","Animalia","Eleutherodactylus planirostris","NA",NA,"corrected_redlistTW"
"e32c6d37-4d2e-49c2-83a2-38a3e5d7eb4d","species","Animalia","Lycodon capucinus","NA",NA,"corrected_redlistTW"
"02e33fee-9f12-47e9-ad2e-b021fa725f0b","species","Plantae","Aleuritopteris krameri","資料缺乏（DD, Data Deficient）","","corrected_redlistTW"
"23a13f43-d602-4dbe-bec5-4d4f5e452433","infraspecies","Animalia","Delias pasithoe pasithoe","","暫無危機（LC, Least Concern）","corrected_redlistTW"
"76f17fcc-1311-4835-a037-05f6126d94af","infraspecies","Animalia","Potanthus confucius confucius","","暫無危機（LC, Least Concern）","corrected_redlistTW"
"6d41873c-78de-4ece-8592-5b75c4427903","infraspecies","Animalia","Papilio paris paris","","暫無危機（LC, Least Concern）","corrected_redlistTW"
"c05b9690-698a-4029-b80c-8d9bab383843","infraspecies","Animalia","Papilio bianor bianor","","暫無危機（LC, Least Concern）","corrected_redlistTW"
"fd7432d3-acd2-47f2-b5c8-442c77742be7","infraspecies","Animalia","Appias albina darada","","暫無危機（LC, Least Concern）","corrected_redlistTW"
"53a64f94-f150-423b-8be6-1aa12fea3a20","infraspecies","Animalia","Hebomoia glaucippe glaucippe","","暫無危機（LC, Least Concern）","corrected_redlistTW"
"1d9f9c65-70c0-4a3d-96a0-57847a30e391","infraspecies","Animalia","Taraka hamada isona","","暫無危機（LC, Least Concern）","corrected_redlistTW"
"fc61b96b-871e-4662-a57b-1d40ffb4e0a6","infraspecies","Animalia","Heliophorus ila chinensis","","暫無危機（LC, Least Concern）","corrected_redlistTW"
"84b07d16-3ef3-4254-897f-58786564add7","infraspecies","Animalia","Jamides bochus plato","","暫無危機（LC, Least Concern）","corrected_redlistTW"
"3f23896d-4d6f-4812-9f46-2c31c75ae129","infraspecies","Animalia","Jamides bochus herodicus","","暫無危機（LC, Least Concern）","corrected_redlistTW"
"e35ea0c7-e783-485f-a2a4-b67fdff40e8f","infraspecies","Animalia","Zizeeria maha maha","","暫無危機（LC, Least Concern）","corrected_redlistTW"
"22e95ab8-8a11-4fa8-a68b-cea7317124a9","infraspecies","Animalia","Zizina otis otis","","暫無危機（LC, Least Concern）","corrected_redlistTW"
"5d575722-40d7-43fa-ad82-9ad3774b83cb","infraspecies","Animalia","Acytolepis puspa gisca","","暫無危機（LC, Least Concern）","corrected_redlistTW"
"040233e8-130b-4f91-957b-b7451f9f4922","infraspecies","Animalia","Chilades pandava pandava","","暫無危機（LC, Least Concern）","corrected_redlistTW"
"e486dd05-44ac-4fd1-ac24-228e53af0ccb","infraspecies","Plantae","Symplocos formosana taiheizanensis","","暫無危機（LC, Least Concern）","corrected_redlistTW"
"771ae925-cd89-407a-81ba-901f0a9e12e6","species","Plantae","Polystichum mayebarae","資料缺乏（DD, Data Deficient）","","corrected_redlistTW"
"1d17f804-1f7b-4628-b5bc-5fba5f669ee8","species","Plantae","Citrus × aurantium","易危（VU, Vulnerable）","資料缺乏（DD, Data Deficient）","corrected_redlistTW"
"84fd49cd-1cde-4b32-85f3-14adf195d515","species","Plantae","Deparia deflexa","","資料缺乏（DD, Data Deficient）","corrected_redlistTW"
"9631b29e-360f-4eda-b10f-672b022e668a","species","Plantae","Elatostema cuneatum","易危（VU, Vulnerable）","","corrected_redlistTW"
"7d39b2fa-545a-4e91-8899-9c92185d177a","species","Plantae","Tetraselmis marina","未評估（NE, Not Evaluated）","","corrected_redlistTW"
"0f93f0dc-9737-4431-8b76-d0929617766d","species","Plantae","Talinum fruticosum","NA","","corrected_redlistTW"
"fa429082-a61c-43ae-956b-f1ab64285268","species","Animalia","Fregata andrewsi","NA",NA,"corrected_redlistTW"
"cf1dcb7c-dcc8-4983-a71f-8a8d389c8125","species","Animalia","Orthetrum melania","","暫無危機（LC, Least Concern）","corrected_redlistTW"
"33c34481-e34d-47b6-a3d9-a903ffa90515","species","Animalia","Orthetrum triangulare","","暫無危機（LC, Least Concern）","corrected_redlistTW"
"738a647c-6118-4abb-81ef-658ba8ebed25","species","Plantae","Bidens frondosa","NA","","corrected_redlistTW"
"d2a99421-81dd-49d1-94e2-8d49739a7f3c","species","Plantae","Adiantum tenerum","NA","","corrected_redlistTW"
"147f825e-bf65-43e5-97bc-04df4eb9ea20","species","Plantae","Cassia bakeriana","未評估（NE, Not Evaluated）","","corrected_redlistTW"
"f59f7e58-ace4-4ba3-8b41-3c906e526e35","species","Plantae","Senna surattensis","NA",NA,"corrected_redlistTW"
"21ecc241-d052-45d5-98f1-d0ea8947d23a","species","Plantae","Euonymus centidens","未評估（NE, Not Evaluated）","","corrected_redlistTW"
"842ad359-abc6-44ec-8c63-ddfc3606c98c","species","Plantae","Kurzia borneensis","暫無危機（LC, Least Concern）","","corrected_redlistTW"
"ddc86c85-6849-419f-8dab-ad379ec9cfd2","species","Plantae","Apocopis wrightii","未評估（NE, Not Evaluated）","","corrected_redlistTW"
"80fcf2c0-895b-4e26-a3d0-03b381c3cf3b","species","Plantae","Vincetoxicum fordii","未評估（NE, Not Evaluated）","","corrected_redlistTW"
"dbe9f7d1-d7f0-443c-a444-d9b88857cc46","species","Plantae","Cansjera rheedei","未評估（NE, Not Evaluated）","","corrected_redlistTW"
"56e7c70e-f31e-4cd2-ad02-b0093f03a872","species","Plantae","Amphidium mougeotii","暫無危機（LC, Least Concern）","","corrected_redlistTW"
"34e18970-acfb-40e2-bc99-bf27f653ae3a","species","Plantae","Leptopetalum coreanum","暫無危機（LC, Least Concern）","","corrected_redlistTW"
"b6a03451-26a3-410c-866f-fcec8f52b3ca","species","Plantae","Goniophlebium amoenum","暫無危機（LC, Least Concern）","","corrected_redlistTW"
"6390e827-5061-4f64-9c70-3f8340509ef9","species","Plantae","Rhus chinensis","暫無危機（LC, Least Concern）","","corrected_redlistTW"
"c8827b5e-878e-4f1f-af81-f8a5253f1997","species","Plantae","Heptapleurum ellipticum","暫無危機（LC, Least Concern）","易危（VU, Vulnerable）","corrected_redlistTW"
"31b3743f-cb9f-4c54-b1eb-13ab35f8ad53","species","Plantae","Plagiogyria pycnophylla","資料缺乏（DD, Data Deficient）","","corrected_redlistTW"
"e82b72a5-469c-4d3f-8b7a-ed9ac8fa4e45","species","Plantae","Dryopteris acutodentata","暫無危機（LC, Least Concern）","","corrected_redlistTW"
"5ca9c608-6e20-4103-b09f-876a050409ec","species","Plantae","Dryopteris nyingchiensis","瀕危（EN, Endangered）","","corrected_redlistTW"
"ec9a6051-2511-4e19-8fd3-6392e8149423","species","Plantae","Urochloa ramosa","NA","","corrected_redlistTW"
"8857db55-cb86-4499-8621-4fa61060871d","species","Plantae","Jacaranda acutifolia","未評估（NE, Not Evaluated）","","corrected_redlistTW"
"5fdb3235-ad4a-4fb3-a4d5-e9049f94f167","species","Plantae","Leptopetalum taiwanense","暫無危機（LC, Least Concern）","","corrected_redlistTW"
"360b6b89-256f-427f-b635-78e898d5eced","infraspecies","Plantae","Clinopodium laxiflorum laxiflorum","暫無危機（LC, Least Concern）",NA,"corrected_redlistTW"
"e9d8724b-6ce1-4345-bd1c-622e71e79eb8","infraspecies","Plantae","Rhus chinensis chinensis","NA","","corrected_redlistTW"
"40e2cf45-c788-41d4-a0b8-25ffd1e1d1e7","infraspecies","Plantae","Spiranthes nivea nivea","接近受脅（NT, Near Threatened）",NA,"corrected_redlistTW"
"63886265-d37f-4635-a277-822ec340edfb","infraspecies","Animalia","Neptis hylas hylas","","暫無危機（LC, Least Concern）","corrected_redlistTW"
"2f2773ec-4cdc-4d13-aff6-f176b267207d","infraspecies","Animalia","Parantica aglea melanoides","","暫無危機（LC, Least Concern）","corrected_redlistTW"
"c43e1a7e-e9c5-4748-8447-4dfdf4f5960a","infraspecies","Animalia","Polygonia c-aureum c-aureum","","暫無危機（LC, Least Concern）","corrected_redlistTW"
"77c8b891-9498-4e93-9358-d0951170975c","infraspecies","Animalia","Ypthima norma norma","","資料缺乏（DD, Data Deficient）","corrected_redlistTW"
"28d127e2-83b2-4811-b098-6078ca171b8d","infraspecies","Animalia","Lethe rohria permagnis","","瀕危（EN, Endangered）","corrected_redlistTW"
"01922a7a-c364-4a9f-9c1b-8ae7bf10c12f","infraspecies","Animalia","Limenitis sulpitia sulpitia","","接近受脅（NT, Near Threatened）","corrected_redlistTW"
"8c7a606b-02e3-460b-bf2d-6d7ad966967c","infraspecies","Animalia","Nacaduba kurava euplea","","暫無危機（LC, Least Concern）","corrected_redlistTW"
"cd500c05-c2a1-4c09-a817-5d59599b174e","infraspecies","Animalia","Neptis soma ominicola","","暫無危機（LC, Least Concern）","corrected_redlistTW"
"05900483-949b-4ce6-b64c-00a57863750a","infraspecies","Animalia","Graphium sarpedon sarpedon","","暫無危機（LC, Least Concern）","corrected_redlistTW"
"9e641b5f-e82c-4e8a-9b91-5315e459dbf6","infraspecies","Animalia","Hypolimnas bolina philippensis","","暫無危機（LC, Least Concern）","corrected_redlistTW"
"d36e746e-03a5-43d6-af9b-1c9a856da2c3","infraspecies","Animalia","Cyrestis thyodamas chinensis","","暫無危機（LC, Least Concern）","corrected_redlistTW"
"301e57fa-0a43-4b53-b621-c47f7b0d8ee0","infraspecies","Animalia","Papilio agenor agenor","","暫無危機（LC, Least Concern）","corrected_redlistTW"
"a248e169-d506-41c9-8490-88a703fd733a","infraspecies","Animalia","Phasianus colchicus torquatus","","極危（CR, Critically Endangered）","corrected_redlistTW"
"48d28537-9f49-4b06-bcc7-2f7b6ba29476","species","Animalia","Sicyopterus macrostetholepis","暫無危機（LC, Least Concern）","","corrected_redlistTW"
"36c6d6f2-68d3-4dbd-9091-eb51627a4fb4","species","Plantae","Zingiber chengii","瀕危（EN, Endangered）","","corrected_redlistTW"
"0aef2287-bfa5-47e9-bbc1-0f9dca8228a5","species","Plantae","Begonia hirtella","未評估（NE, Not Evaluated）","","corrected_redlistTW"
"52439ecb-3ecf-432b-983b-623438552dc4","species","Animalia","Indothemis carnatica","","資料缺乏（DD, Data Deficient）","corrected_redlistTW"
"8f1d72ba-c296-45e1-8aa7-503355daa7c8","species","Plantae","Aster kanoi","接近受脅（NT, Near Threatened）","","corrected_redlistTW"
"7ab7db5b-4955-4223-8dc4-24129825765f","species","Plantae","Dichanthium caricosum","NA","","corrected_redlistTW"
