"new_simple_name","taxon_id","kingdom","class","new_iucn","new_protected","new_redlistTW"
"Equisetum arvense","t0026355","Plantae","Polypodiopsida","LC",NA,NA
"Equisetum ramosissimum","t0026357","Plantae","Polypodiopsida","LC",NA,"LC"
"Psilotum nudum","t0026358","Plantae","Polypodiopsida","LC",NA,"LC"
"Vandenboschia maxima","t0026425","Plantae","Polypodiopsida","LC",NA,"LC"
"Dicranopteris linearis","t0026428","Plantae","Polypodiopsida","LC",NA,"LC"
"Lygodium microphyllum","t0026439","Plantae","Polypodiopsida","LC",NA,"VU"
"Azolla pinnata","t0026444","Plantae","Polypodiopsida","LC",NA,"DD"
"Salvinia cucullata","t0026445","Plantae","Polypodiopsida","LC",NA,NA
"Salvinia natans","t0026447","Plantae","Polypodiopsida","LC",NA,"CR"
"Cibotium barometz","t0026463","Plantae","Polypodiopsida","LC",NA,"LC"
"Acrostichum aureum","t0026490","Plantae","Polypodiopsida","LC",NA,"VU"
"Ceratopteris thalictroides","t0026491","Plantae","Polypodiopsida","LC",NA,"LC"
"Pteris vittata","t0026528","Plantae","Polypodiopsida","LC",NA,"LC"
"Bolbitis appendiculata","t0026613","Plantae","Polypodiopsida","LC",NA,"LC"
"Elaphoglossum angulatum","t0026620","Plantae","Polypodiopsida","DD",NA,"LC"
"Leptochilus decurrens","t0026835","Plantae","Polypodiopsida","LC",NA,"LC"
"Leptochilus pteropus","t0026842","Plantae","Polypodiopsida","LC",NA,"LC"
"Cyclosorus interruptus","t0026962","Plantae","Polypodiopsida","LC",NA,"NT"
"Cleistoblechnum eburneum","t0027053","Plantae","Polypodiopsida","VU",NA,"VU"
"Limnophila aromatica","t0027056","Plantae","Magnoliopsida","LC",NA,"VU"
"Nageia fleuryi","t0027057","Plantae","Pinopsida","NT",NA,NA
"Nageia nagi","t0027058","Plantae","Pinopsida","NT",NA,"EN"
"Podocarpus costalis","t0027059","Plantae","Pinopsida","EN",NA,"CR"
"Podocarpus fasciculus","t0027060","Plantae","Pinopsida","VU",NA,"VU"
"Podocarpus nakaii","t0027063","Plantae","Pinopsida","EN",NA,"EN"
"Deutzia pulchra","t0027066","Plantae","Magnoliopsida","LC",NA,"LC"
"Solanum insanum","t0033491","Plantae","Magnoliopsida","LC",NA,"VU"
"Eulophia graminea","t0033507","Plantae","Magnoliopsida","LC",NA,"NT"
"Eleocharis atropurpurea","t0033509","Plantae","Magnoliopsida","LC",NA,"EN"
"Cyperus procerus","t0033510","Plantae","Magnoliopsida","LC",NA,"NT"
"Zanthoxylum avicennae","t0033522","Plantae","Magnoliopsida","LC",NA,"VU"
"Abelmoschus moschatus","t0033541","Plantae","Magnoliopsida","LC",NA,NA
"Acacia confusa","t0033549","Plantae","Magnoliopsida","LC",NA,"LC"
"Acalypha caturus","t0033554","Plantae","Magnoliopsida","LC",NA,"LC"
"Acalypha suirenbiensis","t0033558","Plantae","Magnoliopsida","VU",NA,"DD"
"Acer albopurpurascens","t0033568","Plantae","Magnoliopsida","LC",NA,"LC"
"Acer kawakamii","t0033569","Plantae","Magnoliopsida","LC",NA,"LC"
"Acer serrulatum","t0033570","Plantae","Magnoliopsida","LC",NA,"LC"
"Achillea millefolium","t0033572","Plantae","Magnoliopsida","LC",NA,NA
"Acmella uliginosa","t0033581","Plantae","Magnoliopsida","LC",NA,NA
"Acorus gramineus","t0033582","Plantae","Magnoliopsida","LC",NA,"LC"
"Acronychia pedunculata","t0033589","Plantae","Magnoliopsida","LC",NA,"DD"
"Actinoscirpus grossus","t0033601","Plantae","Magnoliopsida","LC",NA,"RE"
"Adiantum capillus-veneris","t0033607","Plantae","Polypodiopsida","LC",NA,"LC"
"Aeschynomene indica","t0033623","Plantae","Magnoliopsida","LC",NA,NA
"Agave americana","t0033633","Plantae","Magnoliopsida","LC",NA,NA
"Agave filifera","t0033634","Plantae","Magnoliopsida","LC",NA,NA
"Agave univittata","t0033637","Plantae","Magnoliopsida","LC",NA,NA
"Aglaia odorata","t0033642","Plantae","Magnoliopsida","LC",NA,NA
"Agrostis clavata","t0033652","Plantae","Magnoliopsida","LC",NA,"LC"
"Agrostis stolonifera","t0033657","Plantae","Magnoliopsida","LC",NA,NA
"Alangium chinense","t0033672","Plantae","Magnoliopsida","LC",NA,"LC"
"Albizia kalkora","t0033676","Plantae","Magnoliopsida","LC",NA,"DD"
"Albizia lebbeck","t0033677","Plantae","Magnoliopsida","LC",NA,NA
"Albizia procera","t0033678","Plantae","Magnoliopsida","LC",NA,"LC"
"Albizia retusa","t0033679","Plantae","Magnoliopsida","LC",NA,"EN"
"Aletris formosana","t0033683","Plantae","Magnoliopsida","LC",NA,"LC"
"Aletris spicata","t0033684","Plantae","Magnoliopsida","LC",NA,"LC"
"Aleurites moluccanus","t0033686","Plantae","Magnoliopsida","LC",NA,NA
"Allium chinense","t0033693","Plantae","Magnoliopsida","LC",NA,"DD"
"Allium grayi","t0033695","Plantae","Magnoliopsida","LC",NA,"DD"
"Allium schoenoprasum","t0033697","Plantae","Magnoliopsida","LC",NA,NA
"Allium thunbergii","t0033698","Plantae","Magnoliopsida","DD",NA,"DD"
"Allium tuberosum","t0033699","Plantae","Magnoliopsida","LC",NA,NA
"Alocasia odora","t0033703","Plantae","Magnoliopsida","LC",NA,"LC"
"Aloe striata","t0033708","Plantae","Magnoliopsida","LC",NA,NA
"Aloe vera","t0033710","Plantae","Magnoliopsida","LC",NA,NA
"Alopecurus myosuroides","t0033711","Plantae","Magnoliopsida","LC",NA,NA
"Alpinia zerumbet","t0040128","Plantae","Magnoliopsida","DD",NA,"LC"
"Alternanthera sessilis","t0040131","Plantae","Magnoliopsida","LC",NA,"LC"
"Alysicarpus bupleurifolius","t0040132","Plantae","Magnoliopsida","LC",NA,"LC"
"Ammannia multiflora","t0040147","Plantae","Magnoliopsida","LC",NA,"LC"
"Amorphophallus paeoniifolius","t0040150","Plantae","Magnoliopsida","LC",NA,"EN"
"Anneslea fragrans lanceolata","t0040174","Plantae","Magnoliopsida","VU",NA,"VU"
"Annona glabra","t0040175","Plantae","Magnoliopsida","LC",NA,NA
"Annona montana","t0040176","Plantae","Magnoliopsida","LC",NA,NA
"Annona muricata","t0040177","Plantae","Magnoliopsida","LC",NA,NA
"Annona reticulata","t0040178","Plantae","Magnoliopsida","LC",NA,NA
"Annona squamosa","t0040179","Plantae","Magnoliopsida","LC",NA,NA
"Antidesma montanum","t0040199","Plantae","Magnoliopsida","LC",NA,"LC"
"Antidesma pleuricum","t0040200","Plantae","Magnoliopsida","NT",NA,"VU"
"Aphanamixis polystachya","t0040204","Plantae","Magnoliopsida","LC",NA,"VU"
"Aphananthe aspera","t0040205","Plantae","Magnoliopsida","LC",NA,"LC"
"Aponogeton taiwanensis","t0040208","Plantae","Magnoliopsida","LC",NA,"CR"
"Aralia armata","t0040220","Plantae","Magnoliopsida","LC",NA,"LC"
"Aralia bipinnata","t0040221","Plantae","Magnoliopsida","LC",NA,"LC"
"Araucaria columnaris","t0040224","Plantae","Pinopsida","LC",NA,NA
"Archidendron lucidum","t0040225","Plantae","Magnoliopsida","LC",NA,"LC"
"Ardisia elliptica","t0040231","Plantae","Magnoliopsida","LC",NA,"NT"
"Ardisia quinquegona","t0040234","Plantae","Magnoliopsida","LC",NA,"LC"
"Ardisia sieboldii","t0040235","Plantae","Magnoliopsida","LC",NA,"LC"
"Areca catechu","t0040238","Plantae","Magnoliopsida","LC",NA,NA
"Aria alnifolia","t0040246","Plantae","Magnoliopsida","LC",NA,"EN"
"Arisaema heterophyllum","t0040250","Plantae","Magnoliopsida","LC",NA,"LC"
"Artocarpus treculianus","t0040269","Plantae","Magnoliopsida","LC",NA,NA
"Artocarpus lakoocha","t0040270","Plantae","Magnoliopsida","LC",NA,NA
"Artocarpus xanthocarpus","t0040271","Plantae","Magnoliopsida","VU",NA,"VU"
"Arundinella nepalensis","t0040277","Plantae","Magnoliopsida","LC",NA,NA
"Arundo donax","t0040279","Plantae","Magnoliopsida","LC",NA,"LC"
"Asparagus cochinchinensis","t0040286","Plantae","Magnoliopsida","DD",NA,"LC"
"Astronia formosana","t0040305","Plantae","Magnoliopsida","LC",NA,"LC"
"Avena fatua","t0040317","Plantae","Magnoliopsida","LC",NA,NA
"Avena sativa","t0040318","Plantae","Magnoliopsida","DD",NA,NA
"Axonopus scoparius","t0040322","Plantae","Magnoliopsida","LC",NA,NA
"Barringtonia asiatica","t0040346","Plantae","Magnoliopsida","LC",NA,"VU"
"Barringtonia racemosa","t0040347","Plantae","Magnoliopsida","LC",NA,"VU"
"Bauhinia purpurea","t0040355","Plantae","Magnoliopsida","LC",NA,NA
"Bauhinia variegata","t0040356","Plantae","Magnoliopsida","LC",NA,NA
"Beilschmiedia erythrophloia","t0040364","Plantae","Magnoliopsida","LC",NA,"LC"
"Beilschmiedia tsangii","t0040365","Plantae","Magnoliopsida","LC",NA,"LC"
"Bertholletia excelsa","t0040373","Plantae","Magnoliopsida","VU",NA,NA
"Bidens tripartita","t0040378","Plantae","Magnoliopsida","LC",NA,"VU"
"Bischofia javanica","t0040381","Plantae","Magnoliopsida","LC",NA,"LC"
"Blumea balsamifera","t0040389","Plantae","Magnoliopsida","LC",NA,"LC"
"Blyxa aubertii","t0040393","Plantae","Magnoliopsida","LC",NA,"NT"
"Blyxa japonica","t0040395","Plantae","Magnoliopsida","LC",NA,"NT"
"Bonnaya ciliata","t0040408","Plantae","Magnoliopsida","LC",NA,"LC"
"Bonnaya ruellioides","t0040409","Plantae","Magnoliopsida","LC",NA,"LC"
"Brachiaria mutica","t0040424","Plantae","Magnoliopsida","LC",NA,NA
"Brachiaria subquadripara","t0040425","Plantae","Magnoliopsida","LC",NA,"LC"
"Brasenia schreberi","t0040442","Plantae","Magnoliopsida","LC",NA,"VU"
"Brassica oleracea","t0040443","Plantae","Magnoliopsida","DD",NA,NA
"Breynia disticha","t0040448","Plantae","Magnoliopsida","LC",NA,NA
"Bridelia balansae","t0040450","Plantae","Magnoliopsida","LC",NA,"LC"
"Bridelia tomentosa","t0040451","Plantae","Magnoliopsida","LC",NA,"LC"
"Broussonetia papyrifera","t0040466","Plantae","Magnoliopsida","LC",NA,"LC"
"Brucea javanica","t0040467","Plantae","Magnoliopsida","LC",NA,"LC"
"Brugmansia suaveolens","t0040468","Plantae","Magnoliopsida","EW",NA,NA
"Buchanania arborescens","t0040490","Plantae","Magnoliopsida","LC",NA,"NT"
"Buddleja curviflora","t0040491","Plantae","Magnoliopsida","CR",NA,"VU"
"Bulbophyllum rubrolabellum","t0040509","Plantae","Magnoliopsida","EN",NA,"VU"
"Bulbophyllum tokioi","t0040512","Plantae","Magnoliopsida","EN",NA,"NT"
"Bulbostylis densa","t0040515","Plantae","Magnoliopsida","LC",NA,"LC"
"Caesalpinia bonduc","t0040525","Plantae","Magnoliopsida","LC",NA,"VU"
"Caesalpinia pulcherrima","t0040529","Plantae","Magnoliopsida","LC",NA,NA
"Callerya nitida","t0040555","Plantae","Magnoliopsida","LC",NA,"VU"
"Callitriche palustris","t0040561","Plantae","Magnoliopsida","LC",NA,"NT"
"Camellia brevistyla","t0040579","Plantae","Magnoliopsida","LC",NA,"LC"
"Camellia caudata","t0040580","Plantae","Magnoliopsida","LC",NA,"LC"
"Camellia formosensis","t0040581","Plantae","Magnoliopsida","VU",NA,"NT"
"Camellia furfuracea","t0040582","Plantae","Magnoliopsida","LC",NA,"VU"
"Camellia japonica","t0040583","Plantae","Magnoliopsida","LC",NA,"VU"
"Camellia kissi","t0040584","Plantae","Magnoliopsida","LC",NA,"VU"
"Camellia salicifolia","t0040585","Plantae","Magnoliopsida","LC",NA,"NT"
"Camellia sinensis","t0040586","Plantae","Magnoliopsida","DD",NA,NA
"Camellia transarisanensis","t0040587","Plantae","Magnoliopsida","VU",NA,"LC"
"Camellia trichoclada","t0040588","Plantae","Magnoliopsida","VU",NA,"VU"
"Camphora micrantha","t0040593","Plantae","Magnoliopsida","LC",NA,"LC"
"Machilus philippinensis","t0040595","Plantae","Magnoliopsida","LC",NA,"LC"
"Canavalia rosea","t0040612","Plantae","Magnoliopsida","LC",NA,"LC"
"Capparis acutifolia","t0040621","Plantae","Magnoliopsida","LC",NA,"VU"
"Capparis pubiflora","t0040623","Plantae","Magnoliopsida","LC",NA,"EN"
"Limnophila heterophylla","t0046084","Plantae","Magnoliopsida","LC",NA,"EW"
"Limnophila sessiliflora","t0046085","Plantae","Magnoliopsida","LC",NA,"EN"
"Heptapleurum ellipticum","t0046125","Plantae","Magnoliopsida","LC",NA,"VU"
"Heptapleurum taiwanianum","t0046126","Plantae","Magnoliopsida","LC",NA,"LC"
"Heptapleurum heptaphyllum","t0046127","Plantae","Magnoliopsida","LC",NA,"LC"
"Limnophila rugosa","t0046156","Plantae","Magnoliopsida","LC",NA,"VU"
"Sagittaria trifolia","t0046157","Plantae","Magnoliopsida","LC",NA,"LC"
"Hygrophila polysperma","t0046166","Plantae","Magnoliopsida","LC",NA,"EN"
"Acorus calamus","t0046169","Plantae","Magnoliopsida","LC",NA,NA
"Magnolia champaca","t0046174","Plantae","Magnoliopsida","LC",NA,NA
"Triglochin palustris","t0046175","Plantae","Magnoliopsida","LC",NA,NA
"Ficus benjamina","t0046293","Plantae","Magnoliopsida","LC",NA,"LC"
"Ficus caulocarpa","t0046294","Plantae","Magnoliopsida","LC",NA,"LC"
"Ficus fistulosa","t0046300","Plantae","Magnoliopsida","LC",NA,"LC"
"Ficus fistulosa benguetensis","t0046301","Plantae","Magnoliopsida","LC",NA,NA
"Ficus nervosa","t0046306","Plantae","Magnoliopsida","LC",NA,"LC"
"Ficus septica","t0046316","Plantae","Magnoliopsida","LC",NA,"LC"
"Ficus tinctoria","t0046319","Plantae","Magnoliopsida","LC",NA,"LC"
"Ficus virgata","t0046322","Plantae","Magnoliopsida","LC",NA,"LC"
"Vallisneria spiralis","t0049253","Plantae","Magnoliopsida","LC",NA,NA
"Vernicia fordii","t0049266","Plantae","Magnoliopsida","LC",NA,NA
"Vernicia montana","t0049267","Plantae","Magnoliopsida","LC",NA,NA
"Veronica peregrina","t0049281","Plantae","Magnoliopsida","LC",NA,NA
"Viburnum betulifolium","t0049287","Plantae","Magnoliopsida","LC",NA,"LC"
"Viburnum luzonicum","t0049290","Plantae","Magnoliopsida","LC",NA,"LC"
"Viburnum odoratissimum","t0049291","Plantae","Magnoliopsida","LC",NA,"LC"
"Viburnum sympodiale","t0049296","Plantae","Magnoliopsida","LC",NA,"LC"
"Vigna hosei","t0049304","Plantae","Magnoliopsida","DD",NA,"LC"
"Vigna luteola","t0049305","Plantae","Magnoliopsida","LC",NA,"LC"
"Vigna marina","t0049306","Plantae","Magnoliopsida","LC",NA,"LC"
"Vitex negundo","t0049330","Plantae","Magnoliopsida","LC",NA,"LC"
"Vitex trifolia","t0049332","Plantae","Magnoliopsida","LC",NA,"VU"
"Vitis vinifera","t0049337","Plantae","Magnoliopsida","LC",NA,NA
"Waltheria indica","t0049343","Plantae","Magnoliopsida","LC",NA,"LC"
"Wendlandia formosana","t0049344","Plantae","Magnoliopsida","LC",NA,"LC"
"Wendlandia luzoniensis","t0049345","Plantae","Magnoliopsida","LC",NA,"LC"
"Wendlandia uvariifolia","t0049346","Plantae","Magnoliopsida","LC",NA,"LC"
"Wolffia globosa","t0049351","Plantae","Magnoliopsida","LC",NA,"LC"
"Xylosma congesta","t0049356","Plantae","Magnoliopsida","LC",NA,"LC"
"Xyris indica","t0049358","Plantae","Magnoliopsida","LC",NA,NA
"Yoania japonica","t0049360","Plantae","Magnoliopsida","LC",NA,"EN"
"Yucca aloifolia","t0049362","Plantae","Magnoliopsida","DD",NA,NA
"Yucca filamentosa","t0049364","Plantae","Magnoliopsida","LC",NA,NA
"Yucca gloriosa","t0049365","Plantae","Magnoliopsida","LC",NA,NA
"Zamia furfuracea","t0049367","Plantae","Cycadopsida","EN",NA,NA
"Zannichellia palustris","t0049368","Plantae","Magnoliopsida","LC",NA,"VU"
"Zantedeschia aethiopica","t0049369","Plantae","Magnoliopsida","LC",NA,NA
"Zanthoxylum acanthopodium","t0049371","Plantae","Magnoliopsida","LC",NA,"VU"
"Zanthoxylum armatum","t0049372","Plantae","Magnoliopsida","LC",NA,"RE"
"Zanthoxylum simulans","t0049376","Plantae","Magnoliopsida","LC",NA,"EN"
"Zea mays","t0049378","Plantae","Magnoliopsida","LC",NA,NA
"Zelkova serrata","t0049380","Plantae","Magnoliopsida","NT",NA,"LC"
"Zingiber officinale","t0049394","Plantae","Magnoliopsida","DD",NA,NA
"Zingiber zerumbet","t0049397","Plantae","Magnoliopsida","DD",NA,NA
"Zostera japonica","t0049405","Plantae","Magnoliopsida","LC",NA,"LC"
"Abies kawakamii","t0052518","Plantae","Pinopsida","NT",NA,"LC"
"Acacia dealbata","t0052524","Plantae","Magnoliopsida","LC",NA,NA
"Acacia farnesiana","t0052525","Plantae","Magnoliopsida","LC",NA,NA
"Acalypha hontauyuensis","t0052528","Plantae","Magnoliopsida","VU",NA,"DD"
"Acer morrisonense","t0052532","Plantae","Magnoliopsida","LC",NA,"LC"
"Aegiceras corniculatum","t0052537","Plantae","Magnoliopsida","LC",NA,NA
"Aeginetia indica","t0052538","Plantae","Magnoliopsida","LC",NA,"LC"
"Aglaia chittagonga","t0052541","Plantae","Magnoliopsida","VU",NA,"VU"
"Aglaia elliptifolia","t0052542","Plantae","Magnoliopsida","LC",NA,"LC"
"Alnus henryi","t0052558","Plantae","Magnoliopsida","CR",NA,NA
"Alnus nepalensis","t0052559","Plantae","Magnoliopsida","LC",NA,NA
"Aloe arborescens","t0052560","Plantae","Magnoliopsida","LC",NA,NA
"Aloe millotii","t0052564","Plantae","Magnoliopsida","LC",NA,NA
"Alyxia sinensis","t0052576","Plantae","Magnoliopsida","LC",NA,"DD"
"Amentotaxus formosana","t0052582","Plantae","Pinopsida","EN","1","EN"
"Ammannia auriculata","t0052584","Plantae","Magnoliopsida","LC",NA,NA
"Ammannia baccifera","t0052585","Plantae","Magnoliopsida","LC",NA,"LC"
"Anoectochilus koshunensis","t0052598","Plantae","Magnoliopsida","DD",NA,"LC"
"Anthurium magnificum","t0052600","Plantae","Magnoliopsida","NT",NA,NA
"Apium graveolens","t0052605","Plantae","Magnoliopsida","LC",NA,NA
"Araucaria bidwillii","t0052611","Plantae","Pinopsida","LC",NA,NA
"Araucaria cunninghamii","t0052612","Plantae","Pinopsida","LC",NA,NA
"Ardisia squamulosa","t0052616","Plantae","Magnoliopsida","VU",NA,NA
"Isotrema cucurbitifolium","t0052623","Plantae","Magnoliopsida","VU",NA,"VU"
"Artocarpus odoratissimus","t0052638","Plantae","Magnoliopsida","NT",NA,NA
"Asparagus officinalis","t0052653","Plantae","Magnoliopsida","LC",NA,NA
"Atalantia dasycarpa","t0052674","Plantae","Magnoliopsida","LC",NA,NA
"Aucuba chinensis","t0052678","Plantae","Magnoliopsida","LC",NA,"LC"
"Averrhoa bilimbi","t0052680","Plantae","Magnoliopsida","LC",NA,NA
"Averrhoa carambola","t0052681","Plantae","Magnoliopsida","DD",NA,NA
"Avicennia marina","t0052682","Plantae","Magnoliopsida","LC",NA,"LC"
"Bacopa monnieri","t0052683","Plantae","Magnoliopsida","LC",NA,"LC"
"Bactris gasipaes","t0052684","Plantae","Magnoliopsida","LC",NA,NA
"Bergia ammannioides","t0052726","Plantae","Magnoliopsida","LC",NA,"NT"
"Berrya ammonilla","t0052727","Plantae","Magnoliopsida","LC",NA,"EN"
"Boehmeria pilosiuscula","t0052739","Plantae","Magnoliopsida","LC",NA,"LC"
"Bonnaya antipoda","t0052743","Plantae","Magnoliopsida","LC",NA,"LC"
"Borreria laevis","t0052744","Plantae","Magnoliopsida","LC",NA,NA
"Bretschneidera sinensis","t0052751","Plantae","Magnoliopsida","EN",NA,"LC"
"Buddleja asiatica","t0052755","Plantae","Magnoliopsida","LC",NA,"LC"
"Caldesia grandis","t0052770","Plantae","Magnoliopsida","LC",NA,"CR"
"Calliandra haematocephala","t0052771","Plantae","Magnoliopsida","LC",NA,NA
"Calocedrus macrolepis","t0052783","Plantae","Pinopsida","NT",NA,"VU"
"Calocedrus macrolepis formosana","t0052784","Plantae","Pinopsida","EN",NA,"VU"
"Calophyllum blancoi","t0052786","Plantae","Magnoliopsida","LC",NA,"EN"
"Calophyllum inophyllum","t0052787","Plantae","Magnoliopsida","LC",NA,"LC"
"Camellia oleifera","t0052789","Plantae","Magnoliopsida","LC",NA,NA
"Camellia sasanqua","t0052790","Plantae","Magnoliopsida","LC",NA,NA
"Canthium gynochodes","t0052795","Plantae","Magnoliopsida","LC",NA,"NT"
"Capsicum annuum","t0052799","Plantae","Magnoliopsida","LC",NA,NA
"Cardiospermum halicacabum","t0052806","Plantae","Magnoliopsida","LC",NA,NA
"Carex baccans","t0052812","Plantae","Magnoliopsida","LC",NA,"LC"
"Carex doniana","t0052826","Plantae","Magnoliopsida","LC",NA,"LC"
"Carex echinata","t0052827","Plantae","Magnoliopsida","LC",NA,"NT"
"Carex filicina","t0052829","Plantae","Magnoliopsida","LC",NA,"LC"
"Carex maculata","t0052839","Plantae","Magnoliopsida","LC",NA,"LC"
"Carex phacota","t0052850","Plantae","Magnoliopsida","LC",NA,"LC"
"Carica papaya","t0052865","Plantae","Magnoliopsida","DD",NA,NA
"Carludovica palmata","t0052866","Plantae","Magnoliopsida","LC",NA,NA
"Carpinus hebestroma","t0052872","Plantae","Magnoliopsida","CR",NA,"LC"
"Carpinus kawakamii","t0052873","Plantae","Magnoliopsida","LC",NA,"LC"
"Carpinus rankanensis","t0052874","Plantae","Magnoliopsida","LC",NA,"LC"
"Caryota mitis","t0052877","Plantae","Magnoliopsida","LC",NA,NA
"Caryota urens","t0052878","Plantae","Magnoliopsida","LC",NA,NA
"Casearia glomerata","t0052879","Plantae","Magnoliopsida","LC",NA,NA
"Casimiroa edulis","t0052881","Plantae","Magnoliopsida","LC",NA,NA
"Cassia grandis","t0052883","Plantae","Magnoliopsida","LC",NA,NA
"Castanea crenata","t0052885","Plantae","Magnoliopsida","LC",NA,NA
"Castanea mollissima","t0052886","Plantae","Magnoliopsida","LC",NA,NA
"Castanopsis chinensis","t0052887","Plantae","Magnoliopsida","LC",NA,"VU"
"Castanopsis eyrei","t0052888","Plantae","Magnoliopsida","LC",NA,"EN"
"Castanopsis fargesii","t0052889","Plantae","Magnoliopsida","LC",NA,"LC"
"Castanopsis kawakamii","t0052891","Plantae","Magnoliopsida","NT",NA,"NT"
"Castanopsis kusanoi","t0052892","Plantae","Magnoliopsida","LC",NA,"LC"
"Castanospermum australe","t0052893","Plantae","Magnoliopsida","LC",NA,NA
"Casuarina equisetifolia","t0052894","Plantae","Magnoliopsida","LC",NA,NA
"Cecropia peltata","t0052899","Plantae","Magnoliopsida","LC",NA,NA
"Celosia argentea","t0052906","Plantae","Magnoliopsida","LC",NA,"LC"
"Celtis biondii","t0052909","Plantae","Magnoliopsida","LC",NA,"LC"
"Celtis philippensis","t0052913","Plantae","Magnoliopsida","LC",NA,"VU"
"Celtis sinensis","t0052914","Plantae","Magnoliopsida","LC",NA,"LC"
"Cenchrus ciliaris","t0052915","Plantae","Magnoliopsida","LC",NA,NA
"Pennisetum setaceum","t0052917","Plantae","Magnoliopsida","LC",NA,NA
"Pennisetum polystachion","t0052918","Plantae","Magnoliopsida","LC",NA,NA
"Cephalotaxus wilsoniana","t0052928","Plantae","Pinopsida","EN",NA,"VU"
"Ceratophyllum demersum","t0052933","Plantae","Magnoliopsida","LC",NA,"DD"
"Cerbera manghas","t0052937","Plantae","Magnoliopsida","LC",NA,"LC"
"Chamaecrista mimosoides","t0052941","Plantae","Magnoliopsida","LC",NA,NA
"Chamaecyparis formosensis","t0052942","Plantae","Pinopsida","EN",NA,"NT"
"Chamaecyparis obtusa","t0052943","Plantae","Pinopsida","NT",NA,"NT"
"Chamaedorea seifrizii","t0052944","Plantae","Magnoliopsida","LC",NA,NA
"Chamaerops humilis","t0052945","Plantae","Magnoliopsida","LC",NA,NA
"Cheirostylis octodactyla","t0052959","Plantae","Magnoliopsida","EN",NA,"LC"
"Chionanthus ramiflorus","t0052974","Plantae","Magnoliopsida","LC",NA,"NT"
"Chisocheton patens","t0052977","Plantae","Magnoliopsida","LC",NA,"VU"
"Ceiba speciosa","t0052988","Plantae","Magnoliopsida","LC",NA,NA
"Chrysalidocarpus lutescens","t0052991","Plantae","Magnoliopsida","NT",NA,NA
"Chrysobalanus icaco","t0052995","Plantae","Magnoliopsida","LC",NA,NA
"Cinchona pubescens","t0053002","Plantae","Magnoliopsida","LC",NA,NA
"Cinnamomum austrosinense","t0053003","Plantae","Magnoliopsida","LC",NA,"EN"
"Cinnamomum kotoense","t0053006","Plantae","Magnoliopsida","CR",NA,"CR"
"Cinnamomum macrostemon","t0053007","Plantae","Magnoliopsida","VU",NA,"DD"
"Cinnamomum osmophloeum","t0053008","Plantae","Magnoliopsida","NT",NA,"NT"
"Cinnamomum reticulatum","t0053009","Plantae","Magnoliopsida","NT",NA,"NT"
"Cinnamomum subavenium","t0053010","Plantae","Magnoliopsida","LC",NA,"LC"
"Cinnamomum verum","t0053011","Plantae","Magnoliopsida","VU",NA,NA
"Citrus × aurantium","t0053032","Plantae","Magnoliopsida","CR",NA,"DD"
"Clausena anisum-olens","t0053038","Plantae","Magnoliopsida","LC",NA,"VU"
"Clausena excavata","t0053039","Plantae","Magnoliopsida","LC",NA,"LC"
"Clausena lansium","t0053040","Plantae","Magnoliopsida","LC",NA,NA
"Clerodendrum chinense","t0053063","Plantae","Magnoliopsida","LC",NA,NA
"Clerodendrum cyrtophyllum","t0053064","Plantae","Magnoliopsida","LC",NA,"LC"
"Clerodendrum trichotomum","t0053068","Plantae","Magnoliopsida","LC",NA,"LC"
"Clibadium surinamense","t0053070","Plantae","Magnoliopsida","LC",NA,NA
"Coccoloba uvifera","t0053077","Plantae","Magnoliopsida","LC",NA,NA
"Cocculus laurifolius","t0053078","Plantae","Magnoliopsida","LC",NA,"VU"
"Codiaeum variegatum","t0053080","Plantae","Magnoliopsida","LC",NA,NA
"Coffea arabica","t0053082","Plantae","Magnoliopsida","EN",NA,NA
"Coldenia procumbens","t0053084","Plantae","Magnoliopsida","LC",NA,"EN"
"Colubrina asiatica","t0053094","Plantae","Magnoliopsida","LC",NA,"EN"
"Commelina benghalensis","t0053098","Plantae","Magnoliopsida","LC",NA,"LC"
"Commelina diffusa","t0053100","Plantae","Magnoliopsida","LC",NA,"LC"
"Cordia dichotoma","t0053115","Plantae","Magnoliopsida","LC",NA,NA
"Corylopsis pauciflora","t0053134","Plantae","Magnoliopsida","DD",NA,"NT"
"Corylus heterophylla","t0053136","Plantae","Magnoliopsida","LC",NA,NA
"Crossandra infundibuliformis","t0053157","Plantae","Magnoliopsida","LC",NA,NA
"Crotalaria albida","t0053161","Plantae","Magnoliopsida","LC",NA,"LC"
"Crotalaria assamica","t0053162","Plantae","Magnoliopsida","LC",NA,NA
"Crotalaria incana","t0053170","Plantae","Magnoliopsida","LC",NA,NA
"Crotalaria lanceolata","t0053172","Plantae","Magnoliopsida","LC",NA,NA
"Crotalaria micans","t0053175","Plantae","Magnoliopsida","LC",NA,NA
"Croton cascarilloides","t0053184","Plantae","Magnoliopsida","LC",NA,"LC"
"Croton tiglium","t0053186","Plantae","Magnoliopsida","LC",NA,NA
"Cryptocarya chinensis","t0053188","Plantae","Magnoliopsida","LC",NA,"LC"
"Cryptocarya concinna","t0053189","Plantae","Magnoliopsida","LC",NA,"LC"
"Cryptocarya elliptifolia","t0053190","Plantae","Magnoliopsida","CR",NA,"CR"
"Cryptomeria japonica","t0053192","Plantae","Pinopsida","NT",NA,NA
"Cucurbita pepo","t0053199","Plantae","Magnoliopsida","LC",NA,NA
"Cunninghamia konishii","t0053200","Plantae","Pinopsida","EN",NA,"VU"
"Curcuma longa","t0053208","Plantae","Magnoliopsida","DD",NA,NA
"Curcuma viridiflora","t0053210","Plantae","Magnoliopsida","DD",NA,NA
"Curcuma zedoaria","t0053211","Plantae","Magnoliopsida","DD",NA,NA
"Cycas revoluta","t0053221","Plantae","Cycadopsida","LC",NA,"CR"
"Cydonia oblonga","t0053224","Plantae","Magnoliopsida","LC",NA,NA
"Cyperus alternifolius","t0053251","Plantae","Magnoliopsida","LC",NA,NA
"Cyperus compressus","t0053253","Plantae","Magnoliopsida","LC",NA,"LC"
"Cyperus difformis","t0053254","Plantae","Magnoliopsida","LC",NA,"LC"
"Cyperus diffusus","t0053255","Plantae","Magnoliopsida","LC",NA,"LC"
"Cyperus digitatus","t0053256","Plantae","Magnoliopsida","LC",NA,"NT"
"Cyperus distans","t0053257","Plantae","Magnoliopsida","LC",NA,"LC"
"Cyperus eragrostis","t0053258","Plantae","Magnoliopsida","LC",NA,NA
"Cyperus esculentus","t0053259","Plantae","Magnoliopsida","LC",NA,NA
"Cyperus exaltatus","t0053260","Plantae","Magnoliopsida","LC",NA,"LC"
"Cyperus haspan","t0053261","Plantae","Magnoliopsida","LC",NA,"LC"
"Cyperus iria","t0053263","Plantae","Magnoliopsida","LC",NA,"LC"
"Cyperus nipponicus","t0053267","Plantae","Magnoliopsida","LC",NA,"LC"
"Cyperus pilosus","t0053268","Plantae","Magnoliopsida","LC",NA,"LC"
"Cyperus rotundus","t0053272","Plantae","Magnoliopsida","LC",NA,"LC"
"Cyperus serotinus","t0053273","Plantae","Magnoliopsida","LC",NA,"NT"
"Cyperus stoloniferus","t0053274","Plantae","Magnoliopsida","LC",NA,"LC"
"Cyperus tenuiculmis","t0053276","Plantae","Magnoliopsida","LC",NA,"LC"
"Cyperus tenuispica","t0053277","Plantae","Magnoliopsida","LC",NA,"LC"
"Cypholophus moluccanus","t0053278","Plantae","Magnoliopsida","LC",NA,"NT"
"Cyphomandra betacea","t0053279","Plantae","Magnoliopsida","DD",NA,NA
"Cypripedium debile","t0053280","Plantae","Magnoliopsida","VU",NA,"NT"
"Cypripedium formosanum","t0053281","Plantae","Magnoliopsida","EN",NA,"EN"
"Cypripedium segawae","t0053282","Plantae","Magnoliopsida","CR",NA,"CR"
"Dalbergia benthamii","t0053290","Plantae","Magnoliopsida","LC",NA,"LC"
"Dalbergia sissoo","t0053292","Plantae","Magnoliopsida","LC",NA,NA
"Daucus carota","t0053303","Plantae","Magnoliopsida","LC",NA,NA
"Decaspermum gracilentum","t0053305","Plantae","Magnoliopsida","LC",NA,"LC"
"Dehaasia incrassata","t0053308","Plantae","Magnoliopsida","LC",NA,"CR"
"Delonix regia","t0053309","Plantae","Magnoliopsida","LC",NA,NA
"Dendrobium officinale","t0053312","Plantae","Magnoliopsida","CR",NA,"VU"
"Dendrobium leptocladum","t0053321","Plantae","Magnoliopsida","EN",NA,"LC"
"Dendrobium moniliforme","t0053325","Plantae","Magnoliopsida","EN",NA,"LC"
"Dendrocalamus giganteus","t0053332","Plantae","Magnoliopsida","LC",NA,NA
"Dendrocnide meyeniana","t0053336","Plantae","Magnoliopsida","LC",NA,"LC"
"Dendrolobium umbellatum","t0053338","Plantae","Magnoliopsida","LC",NA,"LC"
"Dendropanax dentiger","t0053339","Plantae","Magnoliopsida","LC",NA,"LC"
"Desmanthus virgatus","t0053345","Plantae","Magnoliopsida","LC",NA,NA
"Desmodium intortum","t0053350","Plantae","Magnoliopsida","LC",NA,NA
"Dichondra micrantha","t0053370","Plantae","Magnoliopsida","LC",NA,"LC"
"Dictyosperma album","t0053372","Plantae","Magnoliopsida","CR",NA,NA
"Dillenia indica","t0053392","Plantae","Magnoliopsida","LC",NA,NA
"Dimeria ornithopoda","t0053394","Plantae","Magnoliopsida","LC",NA,"CR"
"Dimocarpus longan","t0053395","Plantae","Magnoliopsida","DD",NA,NA
"Dioscorea persimilis","t0053413","Plantae","Magnoliopsida","NT",NA,"LC"
"Diospyros eriantha","t0053418","Plantae","Magnoliopsida","LC",NA,"LC"
"Diospyros japonica","t0053419","Plantae","Magnoliopsida","LC",NA,"LC"
"Diospyros kaki","t0053420","Plantae","Magnoliopsida","LC",NA,NA
"Diospyros kotoensis","t0053421","Plantae","Magnoliopsida","EN",NA,"EN"
"Diospyros maritima","t0053422","Plantae","Magnoliopsida","LC",NA,"LC"
"Diospyros morrisiana","t0053423","Plantae","Magnoliopsida","LC",NA,"LC"
"Diospyros oldhamii","t0053424","Plantae","Magnoliopsida","LC",NA,"LC"
"Diospyros rhombifolia","t0053425","Plantae","Magnoliopsida","LC",NA,"VU"
"Diospyros vaccinioides","t0053426","Plantae","Magnoliopsida","CR",NA,"DD"
"Diplacrum caricinum","t0053427","Plantae","Magnoliopsida","LC",NA,"VU"
"Distyliopsis dunnii","t0053437","Plantae","Magnoliopsida","LC",NA,"EN"
"Distylium gracile","t0053438","Plantae","Magnoliopsida","EN",NA,"VU"
"Distylium racemosum","t0053439","Plantae","Magnoliopsida","LC",NA,"LC"
"Dopatrium junceum","t0053440","Plantae","Magnoliopsida","LC",NA,"NT"
"Dracaena fragrans","t0053442","Plantae","Magnoliopsida","LC",NA,NA
"Dracaena reflexa","t0053445","Plantae","Magnoliopsida","LC",NA,NA
"Drosera indica","t0053448","Plantae","Magnoliopsida","LC",NA,"EN"
"Drosera peltata","t0053449","Plantae","Magnoliopsida","LC",NA,"DD"
"Duranta erecta","t0053459","Plantae","Magnoliopsida","LC",NA,NA
"Durio zibethinus","t0053461","Plantae","Magnoliopsida","DD",NA,NA
"Dysoxylum cumingianum","t0053463","Plantae","Magnoliopsida","LC",NA,"NT"
"Dysoxylum hongkongense","t0053464","Plantae","Magnoliopsida","LC",NA,"LC"
"Echinochloa crus-galli","t0053468","Plantae","Magnoliopsida","LC",NA,"LC"
"Echinochloa frumentacea","t0053469","Plantae","Magnoliopsida","LC",NA,NA
"Eclipta prostrata","t0053472","Plantae","Magnoliopsida","LC",NA,"LC"
"Ehretia acuminata","t0053475","Plantae","Magnoliopsida","LC",NA,"LC"
"Ehretia dicksonii","t0053476","Plantae","Magnoliopsida","LC",NA,"LC"
"Ehretia longiflora","t0053477","Plantae","Magnoliopsida","LC",NA,"LC"
"Ehretia philippinensis","t0053478","Plantae","Magnoliopsida","LC",NA,"VU"
"Ehretia resinosa","t0053479","Plantae","Magnoliopsida","LC",NA,"LC"
"Elaeagnus conferta","t0053481","Plantae","Magnoliopsida","LC",NA,NA
"Elaeagnus oldhamii","t0053487","Plantae","Magnoliopsida","LC",NA,"DD"
"Elaeagnus tarokoensis","t0053489","Plantae","Magnoliopsida","VU",NA,"VU"
"Elaeagnus umbellata","t0053491","Plantae","Magnoliopsida","LC",NA,"LC"
"Elaeis guineensis","t0053492","Plantae","Magnoliopsida","LC",NA,NA
"Elaeocarpus argenteus","t0053493","Plantae","Magnoliopsida","LC",NA,"LC"
"Elaeocarpus japonicus","t0053495","Plantae","Magnoliopsida","LC",NA,"LC"
"Elaeocarpus multiflorus","t0053497","Plantae","Magnoliopsida","LC",NA,"VU"
"Elaeocarpus serratus","t0053498","Plantae","Magnoliopsida","LC",NA,NA
"Eleocharis acicularis","t0053509","Plantae","Magnoliopsida","LC",NA,"LC"
"Eleocharis acutangula","t0053510","Plantae","Magnoliopsida","LC",NA,"NT"
"Eleocharis geniculata","t0053512","Plantae","Magnoliopsida","LC",NA,"LC"
"Eleocharis ochrostachys","t0053513","Plantae","Magnoliopsida","LC",NA,"EN"
"Eleocharis retroflexa","t0053514","Plantae","Magnoliopsida","LC",NA,"VU"
"Elephantopus scaber","t0053517","Plantae","Magnoliopsida","LC",NA,"LC"
"Eleusine indica","t0053519","Plantae","Magnoliopsida","LC",NA,"LC"
"Endiandra coriacea","t0053531","Plantae","Magnoliopsida","VU",NA,"CR"
"Ensete glaucum","t0053532","Plantae","Magnoliopsida","LC",NA,"LC"
"Epiphyllum oxypetalum","t0053544","Plantae","Magnoliopsida","LC",NA,NA
"Eragrostis atrovirens","t0053553","Plantae","Magnoliopsida","LC",NA,"LC"
"Eragrostis japonica","t0053563","Plantae","Magnoliopsida","LC",NA,"NT"
"Eragrostis unioloides","t0053572","Plantae","Magnoliopsida","LC",NA,"EN"
"Eriocaulon cinereum","t0053587","Plantae","Magnoliopsida","LC",NA,"LC"
"Eriocaulon nepalense","t0053589","Plantae","Magnoliopsida","LC",NA,"CR"
"Eriocaulon sexangulare","t0053590","Plantae","Magnoliopsida","LC",NA,"LC"
"Eriocaulon truncatum","t0053592","Plantae","Magnoliopsida","LC",NA,"LC"
"Eriochloa procera","t0053593","Plantae","Magnoliopsida","LC",NA,"LC"
"Erythrina crista-galli","t0053600","Plantae","Magnoliopsida","LC",NA,NA
"Erythrina variegata","t0053601","Plantae","Magnoliopsida","LC",NA,"LC"
"Erythrorchis altissima","t0053604","Plantae","Magnoliopsida","LC",NA,"LC"
"Eucalyptus cinerea","t0053605","Plantae","Magnoliopsida","NT",NA,NA
"Eucalyptus robusta","t0053606","Plantae","Magnoliopsida","NT",NA,NA
"Euchlaena mexicana","t0053607","Plantae","Magnoliopsida","LC",NA,NA
"Eugenia uniflora","t0053612","Plantae","Magnoliopsida","LC",NA,NA
"Oeceoclades pulchra","t0053620","Plantae","Magnoliopsida","LC",NA,"NT"
"Euonymus carnosus","t0053623","Plantae","Magnoliopsida","LC",NA,"LC"
"Euonymus cochinchinensis","t0053624","Plantae","Magnoliopsida","LC",NA,"NT"
"Euonymus laxiflorus","t0053628","Plantae","Magnoliopsida","LC",NA,"LC"
"Euphorbia cotinifolia","t0053637","Plantae","Magnoliopsida","LC",NA,NA
"Euphorbia heterophylla","t0053642","Plantae","Magnoliopsida","LC",NA,NA
"Euphorbia milii","t0053643","Plantae","Magnoliopsida","LC",NA,NA
"Euphorbia pulcherrima","t0053645","Plantae","Magnoliopsida","LC",NA,NA
"Euphorbia tirucalli","t0053648","Plantae","Magnoliopsida","LC",NA,NA
"Eurya gnaphalocarpa","t0053656","Plantae","Magnoliopsida","LC",NA,"LC"
"Eurya rengechiensis","t0053661","Plantae","Magnoliopsida","EN",NA,"EN"
"Euryale ferox","t0053664","Plantae","Magnoliopsida","LC",NA,"CR"
"Staphylea japonica","t0053665","Plantae","Magnoliopsida","LC",NA,"LC"
"Eustigma oblongifolium","t0053667","Plantae","Magnoliopsida","LC",NA,"LC"
"Exacum affine","t0053670","Plantae","Magnoliopsida","LC",NA,NA
"Excoecaria agallocha","t0053671","Plantae","Magnoliopsida","LC",NA,"VU"
"Fagraea ceilanica","t0053676","Plantae","Magnoliopsida","LC",NA,"VU"
"Fagus hayatae","t0053677","Plantae","Magnoliopsida","VU","1","LC"
"Fatsia polycarpa","t0053679","Plantae","Magnoliopsida","NT",NA,"LC"
"Festuca arundinacea","t0053680","Plantae","Magnoliopsida","DD",NA,NA
"Festuca ovina","t0053685","Plantae","Magnoliopsida","EN",NA,"LC"
"Festuca parvigluma","t0053686","Plantae","Magnoliopsida","LC",NA,"CR"
"Festuca rubra","t0053687","Plantae","Magnoliopsida","DD",NA,"LC"
"Ficus carica","t0053689","Plantae","Magnoliopsida","LC",NA,NA
"Ficus elastica","t0053690","Plantae","Magnoliopsida","LC",NA,NA
"Ficus lyrata","t0053691","Plantae","Magnoliopsida","LC",NA,NA
"Ficus religiosa","t0053692","Plantae","Magnoliopsida","LC",NA,NA
"Fimbristylis autumnalis","t0053696","Plantae","Magnoliopsida","LC",NA,"CR"
"Fimbristylis bisumbellata","t0053697","Plantae","Magnoliopsida","LC",NA,"LC"
"Fimbristylis complanata","t0053698","Plantae","Magnoliopsida","LC",NA,"LC"
"Fimbristylis cymosa","t0053699","Plantae","Magnoliopsida","LC",NA,"LC"
"Fimbristylis dichotoma","t0053700","Plantae","Magnoliopsida","LC",NA,"LC"
"Fimbristylis nutans","t0053707","Plantae","Magnoliopsida","LC",NA,"CR"
"Fimbristylis ovata","t0053708","Plantae","Magnoliopsida","LC",NA,"LC"
"Fimbristylis polytrichoides","t0053709","Plantae","Magnoliopsida","LC",NA,"LC"
"Fimbristylis schoenoides","t0053710","Plantae","Magnoliopsida","LC",NA,"LC"
"Fimbristylis alboviridis","t0053711","Plantae","Magnoliopsida","LC",NA,"LC"
"Fimbristylis squarrosa","t0053713","Plantae","Magnoliopsida","LC",NA,"LC"
"Fimbristylis tetragona","t0053716","Plantae","Magnoliopsida","LC",NA,"RE"
"Flacourtia inermis","t0053720","Plantae","Magnoliopsida","LC",NA,NA
"Flacourtia rukam","t0053722","Plantae","Magnoliopsida","LC",NA,"NT"
"Floscopa scandens","t0053728","Plantae","Magnoliopsida","LC",NA,"NT"
"Flueggea virosa","t0053730","Plantae","Magnoliopsida","LC",NA,"LC"
"Fraxinus griffithii","t0053733","Plantae","Magnoliopsida","LC",NA,"LC"
"Fraxinus insularis","t0053734","Plantae","Magnoliopsida","LC",NA,"LC"
"Fuirena ciliaris","t0053736","Plantae","Magnoliopsida","LC",NA,"NT"
"Fuirena umbellata","t0053737","Plantae","Magnoliopsida","LC",NA,"LC"
"Galium trifidum","t0053757","Plantae","Magnoliopsida","LC",NA,"NT"
"Garcinia dulcis","t0053758","Plantae","Magnoliopsida","LC",NA,NA
"Garcinia linii","t0053760","Plantae","Magnoliopsida","EN",NA,"NT"
"Garcinia livingstonei","t0053761","Plantae","Magnoliopsida","LC",NA,NA
"Garcinia multiflora","t0053763","Plantae","Magnoliopsida","LC",NA,"LC"
"Garcinia subelliptica","t0053764","Plantae","Magnoliopsida","LC",NA,"EN"
"Garcinia xanthochymus","t0053765","Plantae","Magnoliopsida","LC",NA,NA
"Gardenia jasminoides","t0053766","Plantae","Magnoliopsida","LC",NA,"LC"
"Gastrodia elata","t0053783","Plantae","Magnoliopsida","VU",NA,"EN"
"Geranium pusillum","t0053812","Plantae","Magnoliopsida","EN",NA,NA
"Ginkgo biloba","t0053818","Plantae","Ginkgoopsida","EN",NA,NA
"Gleditsia rolfei","t0053821","Plantae","Magnoliopsida","EN",NA,"VU"
"Glinus lotoides","t0053822","Plantae","Magnoliopsida","LC",NA,"LC"
"Glochidion rubrum","t0053823","Plantae","Magnoliopsida","LC",NA,"LC"
"Gnaphalium polycaulon","t0053834","Plantae","Magnoliopsida","LC",NA,"LC"
"Gomphandra luzoniensis","t0053837","Plantae","Magnoliopsida","LC",NA,"VU"
"Goniothalamus amuyon","t0053841","Plantae","Magnoliopsida","VU",NA,"CR"
"Gonocaryum calleryanum","t0053842","Plantae","Magnoliopsida","LC",NA,"EN"
"Gossypium herbaceum","t0053864","Plantae","Magnoliopsida","DD",NA,NA
"Gossypium hirsutum","t0053865","Plantae","Magnoliopsida","VU",NA,NA
"Grangea maderaspatana","t0053866","Plantae","Magnoliopsida","LC",NA,NA
"Grevillea robusta","t0053867","Plantae","Magnoliopsida","LC",NA,NA
"Grewia abutilifolia","t0053868","Plantae","Magnoliopsida","LC",NA,NA
"Grewia biloba","t0053869","Plantae","Magnoliopsida","LC",NA,"LC"
"Grewia eriocarpa","t0053870","Plantae","Magnoliopsida","LC",NA,"VU"
"Grewia tiliifolia","t0053873","Plantae","Magnoliopsida","LC",NA,NA
"Guettarda speciosa","t0053874","Plantae","Magnoliopsida","LC",NA,"LC"
"Habenaria dentata","t0053885","Plantae","Magnoliopsida","VU",NA,"LC"
"Haematoxylum campechianum","t0053894","Plantae","Magnoliopsida","LC",NA,NA
"Halodule pinifolia","t0053895","Plantae","Magnoliopsida","LC",NA,"LC"
"Halophila beccarii","t0053896","Plantae","Magnoliopsida","VU",NA,"LC"
"Halophila decipiens","t0053897","Plantae","Magnoliopsida","LC",NA,"LC"
"Hedychium coronarium","t0053903","Plantae","Magnoliopsida","DD",NA,NA
"Helianthus annuus","t0053906","Plantae","Magnoliopsida","LC",NA,NA
"Helicia cochinchinensis","t0053908","Plantae","Magnoliopsida","LC",NA,"LC"
"Helicia formosana","t0053909","Plantae","Magnoliopsida","LC",NA,"LC"
"Hemarthria compressa","t0053916","Plantae","Magnoliopsida","LC",NA,"LC"
"Hemipilia cordifolia","t0053921","Plantae","Magnoliopsida","EN",NA,"VU"
"Heritiera littoralis","t0053922","Plantae","Magnoliopsida","LC",NA,"EN"
"Hevea brasiliensis","t0053928","Plantae","Magnoliopsida","LC",NA,NA
"Hibiscus tiliaceus","t0053938","Plantae","Magnoliopsida","LC",NA,"LC"
"Hiptage benghalensis","t0053941","Plantae","Magnoliopsida","LC",NA,"LC"
"Holarrhena pubescens","t0053942","Plantae","Magnoliopsida","LC",NA,"DD"
"Holcoglossum quasipinifolium","t0053943","Plantae","Magnoliopsida","EN",NA,"NT"
"Homalanthus fastuosus","t0053945","Plantae","Magnoliopsida","LC",NA,"LC"
"Homonoia riparia","t0053948","Plantae","Magnoliopsida","LC",NA,"NT"
"Hydrangea aspera","t0053954","Plantae","Magnoliopsida","LC",NA,"LC"
"Hydrangea paniculata","t0053959","Plantae","Magnoliopsida","LC",NA,"LC"
"Hydrilla verticillata","t0053961","Plantae","Magnoliopsida","LC",NA,"LC"
"Hydrocharis dubia","t0053962","Plantae","Magnoliopsida","LC",NA,"NT"
"Hydrocotyle sibthorpioides","t0053971","Plantae","Magnoliopsida","LC",NA,"LC"
"Hydrocotyle verticillata","t0053972","Plantae","Magnoliopsida","LC",NA,NA
"Hydrocotyle vulgaris","t0053973","Plantae","Magnoliopsida","LC",NA,NA
"Ilex arisanensis","t0054008","Plantae","Magnoliopsida","EN",NA,"LC"
"Ilex bioritsensis","t0054010","Plantae","Magnoliopsida","LC",NA,"LC"
"Ilex cochinchinensis","t0054011","Plantae","Magnoliopsida","LC",NA,"LC"
"Ilex ficoidea","t0054013","Plantae","Magnoliopsida","LC",NA,"LC"
"Ilex formosana","t0054014","Plantae","Magnoliopsida","LC",NA,"LC"
"Ilex goshiensis","t0054015","Plantae","Magnoliopsida","LC",NA,"LC"
"Ilex micrococca","t0054021","Plantae","Magnoliopsida","LC",NA,"LC"
"Ilex pedunculosa","t0054022","Plantae","Magnoliopsida","LC",NA,"LC"
"Ilex rarasanensis","t0054024","Plantae","Magnoliopsida","EN",NA,"DD"
"Ilex rotunda","t0054025","Plantae","Magnoliopsida","LC",NA,"LC"
"Ilex tugitakayamensis","t0054027","Plantae","Magnoliopsida","EN",NA,"LC"
"Ilex uraiensis","t0054028","Plantae","Magnoliopsida","EN",NA,"LC"
"Illicium anisatum","t0054029","Plantae","Magnoliopsida","NT",NA,"LC"
"Indigofera galegoides","t0054040","Plantae","Magnoliopsida","LC",NA,"DD"
"Indigofera pedicellata","t0054044","Plantae","Magnoliopsida","LC",NA,"EN"
"Indigofera tinctoria","t0054050","Plantae","Magnoliopsida","LC",NA,"LC"
"Indigofera zollingeriana","t0054053","Plantae","Magnoliopsida","LC",NA,"VU"
"Ipomoea alba","t0054055","Plantae","Magnoliopsida","LC",NA,NA
"Ipomoea aquatica","t0054056","Plantae","Magnoliopsida","LC",NA,NA
"Ipomoea biflora","t0054057","Plantae","Magnoliopsida","LC",NA,"LC"
"Ipomoea cairica","t0054058","Plantae","Magnoliopsida","LC",NA,NA
"Ipomoea lacunosa","t0054064","Plantae","Magnoliopsida","LC",NA,NA
"Ipomoea littoralis","t0054065","Plantae","Magnoliopsida","LC",NA,"LC"
"Ipomoea triloba","t0054074","Plantae","Magnoliopsida","LC",NA,NA
"Isachne albens","t0054083","Plantae","Magnoliopsida","LC",NA,"LC"
"Ischaemum muticum","t0054092","Plantae","Magnoliopsida","LC",NA,"DD"
"Ixora philippinensis","t0054107","Plantae","Magnoliopsida","LC",NA,"EN"
"Jatropha multifida","t0054118","Plantae","Magnoliopsida","LC",NA,NA
"Juglans regia","t0054121","Plantae","Magnoliopsida","LC",NA,NA
"Juncus marginatus","t0054126","Plantae","Magnoliopsida","LC",NA,NA
"Juncus wallichianus","t0054131","Plantae","Magnoliopsida","LC",NA,"VU"
"Kalanchoe daigremontiana","t0054141","Plantae","Magnoliopsida","EN",NA,NA
"Kleinhovia hospita","t0054148","Plantae","Magnoliopsida","LC",NA,"LC"
"Lagerstroemia speciosa","t0054161","Plantae","Magnoliopsida","LC",NA,NA
"Lagerstroemia indica","t0054162","Plantae","Magnoliopsida","LC",NA,NA
"Lagerstroemia subcostata","t0054164","Plantae","Magnoliopsida","LC",NA,"LC"
"Lathyrus odoratus","t0054182","Plantae","Magnoliopsida","CR",NA,NA
"Laurus nobilis","t0054184","Plantae","Magnoliopsida","LC",NA,NA
"Lecythis minor","t0054192","Plantae","Magnoliopsida","LC",NA,NA
"Lecythis zabucajo","t0054193","Plantae","Magnoliopsida","LC",NA,NA
"Leea philippinensis","t0054195","Plantae","Magnoliopsida","NT",NA,"NT"
"Leersia hexandra","t0054196","Plantae","Magnoliopsida","LC",NA,"LC"
"Lemna aequinoctialis","t0054197","Plantae","Magnoliopsida","LC",NA,"LC"
"Lemna trisulca","t0054198","Plantae","Magnoliopsida","LC",NA,"CR"
"Leptochloa panicea","t0054215","Plantae","Magnoliopsida","LC",NA,"LC"
"Leucosyke quadrinervia","t0054223","Plantae","Magnoliopsida","EN",NA,"LC"
"Licuala spinosa","t0054224","Plantae","Magnoliopsida","LC",NA,NA
"Ligustrum ibota","t0054228","Plantae","Magnoliopsida","LC",NA,NA
"Ligustrum pricei","t0054232","Plantae","Magnoliopsida","DD",NA,"LC"
"Ligustrum sinense","t0054234","Plantae","Magnoliopsida","LC",NA,"LC"
"Lindera aggregata","t0054241","Plantae","Magnoliopsida","LC",NA,"LC"
"Lindera akoensis","t0054242","Plantae","Magnoliopsida","LC",NA,"LC"
"Lindera communis","t0054243","Plantae","Magnoliopsida","LC",NA,"LC"
"Lindera erythrocarpa","t0054244","Plantae","Magnoliopsida","LC",NA,"LC"
"Lindera glauca","t0054245","Plantae","Magnoliopsida","LC",NA,"LC"
"Lindera megaphylla","t0054246","Plantae","Magnoliopsida","LC",NA,"LC"
"Liquidambar formosana","t0054279","Plantae","Magnoliopsida","LC",NA,"LC"
"Lithocarpus amygdalifolius","t0054284","Plantae","Magnoliopsida","LC",NA,"LC"
"Lithocarpus dodonaeifolius","t0054286","Plantae","Magnoliopsida","EN",NA,"VU"
"Lithocarpus hancei","t0054287","Plantae","Magnoliopsida","LC",NA,"LC"
"Lithocarpus konishii","t0054288","Plantae","Magnoliopsida","LC",NA,"LC"
"Lithocarpus lepidocarpus","t0054289","Plantae","Magnoliopsida","LC",NA,"LC"
"Lithocarpus shinsuiensis","t0054291","Plantae","Magnoliopsida","EN",NA,"EN"
"Litsea akoensis","t0054294","Plantae","Magnoliopsida","LC",NA,"LC"
"Litsea coreana","t0054295","Plantae","Magnoliopsida","LC",NA,"LC"
"Litsea garciae","t0054296","Plantae","Magnoliopsida","LC",NA,"CR"
"Litsea glutinosa","t0054297","Plantae","Magnoliopsida","LC",NA,NA
"Litsea hypophaea","t0054298","Plantae","Magnoliopsida","LC",NA,"LC"
"Litsea morrisonensis","t0054300","Plantae","Magnoliopsida","LC",NA,"LC"
"Lobelia heyneana","t0054306","Plantae","Magnoliopsida","LC",NA,NA
"Lobelia zeylanica","t0054310","Plantae","Magnoliopsida","LC",NA,"LC"
"Pouteria campechiana","t0054325","Plantae","Magnoliopsida","LC",NA,NA
"Ludwigia adscendens","t0054327","Plantae","Magnoliopsida","LC",NA,"LC"
"Ludwigia hyssopifolia","t0054330","Plantae","Magnoliopsida","LC",NA,"LC"
"Ludwigia octovalvis","t0054331","Plantae","Magnoliopsida","LC",NA,"LC"
"Ludwigia palustris","t0054333","Plantae","Magnoliopsida","LC",NA,NA
"Ludwigia perennis","t0054334","Plantae","Magnoliopsida","LC",NA,"VU"
"Ludwigia repens","t0054335","Plantae","Magnoliopsida","LC",NA,NA
"Lumnitzera racemosa","t0054340","Plantae","Magnoliopsida","LC",NA,"NT"
"Lupinus angustifolius","t0054341","Plantae","Magnoliopsida","LC",NA,NA
"Lycopus lucidus","t0054348","Plantae","Magnoliopsida","LC",NA,"EN"
"Maackia taiwanensis","t0054363","Plantae","Magnoliopsida","EN",NA,"VU"
"Macadamia ternifolia","t0054364","Plantae","Magnoliopsida","EN",NA,NA
"Machilus konishii","t0054365","Plantae","Magnoliopsida","LC",NA,"LC"
"Machilus thunbergii","t0054368","Plantae","Magnoliopsida","LC",NA,"LC"
"Machilus zuihoensis","t0054369","Plantae","Magnoliopsida","LC",NA,"LC"
"Maclura tricuspidata","t0054370","Plantae","Magnoliopsida","LC",NA,NA
"Macrotyloma uniflorum","t0054372","Plantae","Magnoliopsida","LC",NA,"DD"
"Magnolia coco","t0054375","Plantae","Magnoliopsida","DD",NA,NA
"Mahonia oiwakensis","t0054378","Plantae","Magnoliopsida","VU",NA,"EN"
"Mallotus tiliifolius","t0054384","Plantae","Magnoliopsida","LC",NA,"VU"
"Malpighia glabra","t0054386","Plantae","Magnoliopsida","LC",NA,NA
"Malpighia mexicana","t0054387","Plantae","Magnoliopsida","LC",NA,NA
"Malus hupehensis","t0054388","Plantae","Magnoliopsida","LC",NA,"CR"
"Malvaviscus arboreus","t0054394","Plantae","Magnoliopsida","LC",NA,NA
"Mangifera indica","t0054396","Plantae","Magnoliopsida","DD",NA,NA
"Manilkara zapota","t0054398","Plantae","Magnoliopsida","LC",NA,NA
"Margaritaria indica","t0054401","Plantae","Magnoliopsida","LC",NA,"VU"
"Cyperus cyperinus","t0054403","Plantae","Magnoliopsida","LC",NA,"LC"
"Medicago sativa","t0054419","Plantae","Magnoliopsida","LC",NA,NA
"Melanolepis multiglandulosa","t0054425","Plantae","Magnoliopsida","LC",NA,"LC"
"Melia azedarach","t0054428","Plantae","Magnoliopsida","LC",NA,"LC"
"Melicope triphylla","t0054430","Plantae","Magnoliopsida","LC",NA,"LC"
"Meliosma rigida","t0054434","Plantae","Magnoliopsida","LC",NA,"LC"
"Meliosma squamulata","t0054435","Plantae","Magnoliopsida","LC",NA,"LC"
"Melochia corchorifolia","t0054438","Plantae","Magnoliopsida","LC",NA,"LC"
"Memecylon lanceolatum","t0054441","Plantae","Magnoliopsida","NT",NA,"VU"
"Mentha canadensis","t0054443","Plantae","Magnoliopsida","LC",NA,"LC"
"Metasequoia glyptostroboides","t0054449","Plantae","Pinopsida","EN",NA,NA
"Magnolia figo","t0054451","Plantae","Magnoliopsida","LC",NA,NA
"Microtropis fokienensis","t0054465","Plantae","Magnoliopsida","LC",NA,"LC"
"Microtropis japonica","t0054466","Plantae","Magnoliopsida","LC",NA,"LC"
"Millettia pachycarpa","t0054470","Plantae","Magnoliopsida","LC",NA,"LC"
"Mimosa pigra","t0054472","Plantae","Magnoliopsida","LC",NA,NA
"Mimosa pudica","t0054473","Plantae","Magnoliopsida","LC",NA,NA
"Pontederia vaginalis","t0054489","Plantae","Magnoliopsida","LC",NA,"LC"
"Morinda citrifolia","t0054496","Plantae","Magnoliopsida","LC",NA,"LC"
"Morinda umbellata","t0054498","Plantae","Magnoliopsida","LC",NA,"LC"
"Morus alba","t0054499","Plantae","Magnoliopsida","LC",NA,NA
"Muntingia calabura","t0054505","Plantae","Magnoliopsida","LC",NA,NA
"Murraya euchrestifolia","t0054510","Plantae","Magnoliopsida","LC",NA,"LC"
"Musa acuminata","t0054511","Plantae","Magnoliopsida","LC",NA,NA
"Musa balbisiana","t0054512","Plantae","Magnoliopsida","LC",NA,NA
"Musa insularimontana","t0054513","Plantae","Magnoliopsida","CR",NA,"DD"
"Musa textilis","t0054515","Plantae","Magnoliopsida","NT",NA,NA
"Musa yamiensis","t0054516","Plantae","Magnoliopsida","CR",NA,"EW"
"Myriophyllum spicatum","t0054526","Plantae","Magnoliopsida","LC",NA,"LC"
"Myriophyllum ussuriense","t0054527","Plantae","Magnoliopsida","LC",NA,NA
"Myrsine seguinii","t0054529","Plantae","Magnoliopsida","LC",NA,"LC"
"Najas gracillima","t0054532","Plantae","Magnoliopsida","LC",NA,"LC"
"Najas graminea","t0054533","Plantae","Magnoliopsida","LC",NA,"LC"
"Najas indica","t0054534","Plantae","Magnoliopsida","LC",NA,"LC"
"Najas marina","t0054535","Plantae","Magnoliopsida","LC",NA,"NT"
"Najas minor","t0054536","Plantae","Magnoliopsida","LC",NA,"LC"
"Nelsonia canescens","t0054541","Plantae","Magnoliopsida","LC",NA,NA
"Dypsis decaryi","t0054543","Plantae","Magnoliopsida","VU",NA,NA
"Neolitsea acuminatissima","t0054546","Plantae","Magnoliopsida","LC",NA,"LC"
"Neolitsea buisanensis","t0054547","Plantae","Magnoliopsida","LC",NA,"LC"
"Neolitsea daibuensis","t0054548","Plantae","Magnoliopsida","NT",NA,"NT"
"Neolitsea hiiranensis","t0054549","Plantae","Magnoliopsida","NT",NA,"VU"
"Neolitsea konishii","t0054550","Plantae","Magnoliopsida","LC",NA,"LC"
"Neolitsea parvigemma","t0054551","Plantae","Magnoliopsida","LC",NA,"LC"
"Neolitsea sericea","t0054552","Plantae","Magnoliopsida","LC",NA,"LC"
"Neolitsea villosa","t0054553","Plantae","Magnoliopsida","LC",NA,"CR"
"Neottia acuminata","t0054555","Plantae","Magnoliopsida","LC",NA,"DD"
"Nerium oleander","t0054571","Plantae","Magnoliopsida","LC",NA,NA
"Nothapodytes insularis","t0054590","Plantae","Magnoliopsida","EN",NA,"NT"
"Nuphar pumila","t0054592","Plantae","Magnoliopsida","LC",NA,"CR"
"Nymphaea rubra","t0054594","Plantae","Magnoliopsida","LC",NA,NA
"Nymphaea tetragona","t0054596","Plantae","Magnoliopsida","LC",NA,"DD"
"Nymphoides aurantiaca","t0054597","Plantae","Magnoliopsida","LC",NA,"CR"
"Nymphoides indica","t0054599","Plantae","Magnoliopsida","LC",NA,"EN"
"Olax imbricata","t0054620","Plantae","Magnoliopsida","LC",NA,"EN"
"Ophioglossum reticulatum","t0054625","Plantae","Polypodiopsida","LC",NA,"DD"
"Oplismenus compositus","t0054632","Plantae","Magnoliopsida","LC",NA,"LC"
"Oreocnide pedunculata","t0054634","Plantae","Magnoliopsida","LC",NA,"LC"
"Oreocnide trinervis","t0054635","Plantae","Magnoliopsida","LC",NA,"LC"
"Oryza australiensis","t0054646","Plantae","Magnoliopsida","LC",NA,NA
"Oryza brachyantha","t0054647","Plantae","Magnoliopsida","LC",NA,NA
"Oryza eichingeri","t0054648","Plantae","Magnoliopsida","LC",NA,NA
"Oryza glaberrima","t0054649","Plantae","Magnoliopsida","LC",NA,NA
"Oryza latifolia","t0054650","Plantae","Magnoliopsida","LC",NA,NA
"Oryza minuta","t0054651","Plantae","Magnoliopsida","LC",NA,NA
"Oryza nivara","t0054652","Plantae","Magnoliopsida","LC",NA,NA
"Oryza officinalis","t0054653","Plantae","Magnoliopsida","LC",NA,NA
"Oryza punctata","t0054654","Plantae","Magnoliopsida","LC",NA,NA
"Oryza rufipogon","t0054655","Plantae","Magnoliopsida","LC",NA,"RE"
"Osmanthus fragrans","t0054660","Plantae","Magnoliopsida","LC",NA,NA
"Osmoxylon pectinatum","t0054664","Plantae","Magnoliopsida","LC",NA,"NT"
"Ottelia alismoides","t0054666","Plantae","Magnoliopsida","LC",NA,"NT"
"Pachira aquatica","t0054670","Plantae","Magnoliopsida","LC",NA,NA
"Palaquium formosanum","t0054676","Plantae","Magnoliopsida","VU",NA,"LC"
"Panicum humile","t0054683","Plantae","Magnoliopsida","LC",NA,"LC"
"Panicum repens","t0054689","Plantae","Magnoliopsida","LC",NA,"LC"
"Panicum sumatrense","t0054691","Plantae","Magnoliopsida","LC",NA,"LC"
"Parnassia palustris","t0054701","Plantae","Magnoliopsida","LC",NA,"LC"
"Paspalidium flavidum","t0054705","Plantae","Magnoliopsida","LC",NA,NA
"Paspalidium punctatum","t0054706","Plantae","Magnoliopsida","LC",NA,NA
"Paspalum conjugatum","t0054707","Plantae","Magnoliopsida","LC",NA,NA
"Paspalum distichum","t0054709","Plantae","Magnoliopsida","LC",NA,"LC"
"Paspalum fimbriatum","t0054710","Plantae","Magnoliopsida","LC",NA,NA
"Paspalum longifolium","t0054711","Plantae","Magnoliopsida","LC",NA,"LC"
"Paspalum paniculatum","t0054714","Plantae","Magnoliopsida","LC",NA,NA
"Paspalum plicatulum","t0054715","Plantae","Magnoliopsida","LC",NA,NA
"Paspalum vaginatum","t0054719","Plantae","Magnoliopsida","LC",NA,"LC"
"Paulownia fortunei","t0054727","Plantae","Magnoliopsida","LC",NA,"EN"
"Paulownia kawakamii","t0054728","Plantae","Magnoliopsida","CR",NA,"VU"
"Pavetta indica","t0054729","Plantae","Magnoliopsida","LC",NA,"CR"
"Euphorbia tithymaloides","t0054731","Plantae","Magnoliopsida","LC",NA,NA
"Pemphis acidula","t0054735","Plantae","Magnoliopsida","LC",NA,"LC"
"Persea americana","t0054753","Plantae","Magnoliopsida","LC",NA,NA
"Persicaria lapathifolia","t0054754","Plantae","Magnoliopsida","LC",NA,"LC"
"Phalaris arundinacea","t0054767","Plantae","Magnoliopsida","LC",NA,NA
"Phaseolus vulgaris","t0054770","Plantae","Magnoliopsida","LC",NA,NA
"Phleum alpinum","t0054779","Plantae","Magnoliopsida","LC",NA,"LC"
"Phoebe formosana","t0054781","Plantae","Magnoliopsida","LC",NA,"LC"
"Phoenix canariensis","t0054782","Plantae","Magnoliopsida","LC",NA,NA
"Photinia serratifolia","t0054787","Plantae","Magnoliopsida","LC",NA,"LC"
"Phragmites australis","t0054788","Plantae","Magnoliopsida","LC",NA,"LC"
"Phyla nodiflora","t0054796","Plantae","Magnoliopsida","LC",NA,"LC"
"Phyllanthus emblica","t0054800","Plantae","Magnoliopsida","LC",NA,NA
"Phyllanthus reticulatus","t0054803","Plantae","Magnoliopsida","LC",NA,"LC"
"Phyllodium pulchellum","t0054808","Plantae","Magnoliopsida","LC",NA,"LC"
"Physalis angulata","t0054815","Plantae","Magnoliopsida","LC",NA,NA
"Physalis pubescens","t0054818","Plantae","Magnoliopsida","LC",NA,NA
"Picea morrisonicola","t0054822","Plantae","Pinopsida","VU",NA,"LC"
"Pilea melastomoides","t0054827","Plantae","Magnoliopsida","LC",NA,"LC"
"Pinanga tashiroi","t0054836","Plantae","Magnoliopsida","CR",NA,"EN"
"Pinus taiwanensis","t0054839","Plantae","Pinopsida","LC",NA,"LC"
"Pinus morrisonicola","t0054840","Plantae","Pinopsida","NT",NA,"LC"
"Pinus thunbergii","t0054842","Plantae","Pinopsida","LC",NA,NA
"Pipturus arborescens","t0054853","Plantae","Magnoliopsida","LC",NA,"LC"
"Pisonia aculeata","t0054854","Plantae","Magnoliopsida","LC",NA,"LC"
"Pisonia grandis","t0054855","Plantae","Magnoliopsida","LC",NA,NA
"Pistacia chinensis","t0054856","Plantae","Magnoliopsida","LC",NA,"LC"
"Pistia stratiotes","t0054857","Plantae","Magnoliopsida","LC",NA,NA
"Pittosporum moluccanum","t0054860","Plantae","Magnoliopsida","LC",NA,"LC"
"Pittosporum pentandrum","t0054861","Plantae","Magnoliopsida","LC",NA,"LC"
"Planchonella obovata","t0054862","Plantae","Magnoliopsida","LC",NA,"LC"
"Plantago major","t0054866","Plantae","Magnoliopsida","LC",NA,"LC"
"Pleione bulbocodioides","t0054881","Plantae","Magnoliopsida","VU",NA,"NT"
"Plinia cauliflora","t0054882","Plantae","Magnoliopsida","LC",NA,NA
"Plumeria rubra","t0054888","Plantae","Magnoliopsida","LC",NA,NA
"Poa annua","t0054890","Plantae","Magnoliopsida","LC",NA,"LC"
"Poa pratensis","t0054895","Plantae","Magnoliopsida","LC",NA,NA
"Poa trivialis","t0054900","Plantae","Magnoliopsida","LC",NA,NA
"Pogonatherum paniceum","t0054902","Plantae","Magnoliopsida","LC",NA,"LC"
"Polygonum plebeium","t0054922","Plantae","Magnoliopsida","LC",NA,NA
"Polypogon monspeliensis","t0054924","Plantae","Magnoliopsida","LC",NA,"NT"
"Pometia pinnata","t0054925","Plantae","Magnoliopsida","LC",NA,"LC"
"Portulaca oleracea","t0054931","Plantae","Magnoliopsida","LC",NA,"LC"
"Portulacaria afra","t0054935","Plantae","Magnoliopsida","LC",NA,NA
"Potamogeton crispus","t0054936","Plantae","Magnoliopsida","LC",NA,"LC"
"Potamogeton distinctus","t0054938","Plantae","Magnoliopsida","LC",NA,"VU"
"Potamogeton maackianus","t0054939","Plantae","Magnoliopsida","LC",NA,"EN"
"Potamogeton octandrus","t0054941","Plantae","Magnoliopsida","LC",NA,"LC"
"Potamogeton pusillus","t0054943","Plantae","Magnoliopsida","LC",NA,"VU"
"Pouteria caimito","t0054954","Plantae","Magnoliopsida","LC",NA,NA
"Pouteria sapota","t0054955","Plantae","Magnoliopsida","LC",NA,NA
"Premna microphylla","t0054957","Plantae","Magnoliopsida","LC",NA,"LC"
"Premna odorata","t0054959","Plantae","Magnoliopsida","LC",NA,"LC"
"Premna serratifolia","t0054960","Plantae","Magnoliopsida","LC",NA,"LC"
"Prunus armeniaca","t0054966","Plantae","Magnoliopsida","DD",NA,NA
"Prunus avium","t0054967","Plantae","Magnoliopsida","LC",NA,NA
"Prunus buergeriana","t0054968","Plantae","Magnoliopsida","LC",NA,"LC"
"Prunus campanulata","t0054969","Plantae","Magnoliopsida","LC",NA,"LC"
"Prunus pogonostyla","t0054973","Plantae","Magnoliopsida","LC",NA,"VU"
"Prunus salicina","t0054974","Plantae","Magnoliopsida","LC",NA,NA
"Prunus zippeliana","t0054976","Plantae","Magnoliopsida","LC",NA,"LC"
"Pseudotsuga wilsoniana","t0054981","Plantae","Pinopsida","VU",NA,"LC"
"Psidium guajava","t0054982","Plantae","Magnoliopsida","LC",NA,NA
"Psoralea corylifolia","t0054984","Plantae","Magnoliopsida","LC",NA,NA
"Psychotria cephalophora","t0054985","Plantae","Magnoliopsida","EN",NA,"NT"
"Psychotria manillensis","t0054986","Plantae","Magnoliopsida","LC",NA,"NT"
"Psychotria rubra","t0054987","Plantae","Magnoliopsida","LC",NA,"LC"
"Pterocarpus indicus","t0054990","Plantae","Magnoliopsida","EN",NA,NA
"Pterospermum niveum","t0054991","Plantae","Magnoliopsida","DD",NA,"VU"
"Ptychosperma elegans","t0054994","Plantae","Magnoliopsida","LC",NA,NA
"Punica granatum","t0054998","Plantae","Magnoliopsida","LC",NA,NA
"Cyperus sanguinolentus","t0055003","Plantae","Magnoliopsida","LC",NA,"LC"
"Pyrus calleryana","t0055009","Plantae","Magnoliopsida","LC",NA,"CR"
"Quercus acutissima","t0055010","Plantae","Magnoliopsida","LC",NA,NA
"Quercus aliena","t0055011","Plantae","Magnoliopsida","LC",NA,"CR"
"Quercus championii","t0055012","Plantae","Magnoliopsida","LC",NA,"LC"
"Quercus dentata","t0055013","Plantae","Magnoliopsida","LC",NA,NA
"Quercus gilva","t0055014","Plantae","Magnoliopsida","LC",NA,"LC"
"Quercus hypophaea","t0055015","Plantae","Magnoliopsida","NT",NA,"NT"
"Quercus morii","t0055016","Plantae","Magnoliopsida","LC",NA,"LC"
"Quercus myrsinifolia","t0055017","Plantae","Magnoliopsida","LC",NA,"DD"
"Quercus pachyloma","t0055018","Plantae","Magnoliopsida","LC",NA,"LC"
"Quercus salicina","t0055019","Plantae","Magnoliopsida","LC",NA,"LC"
"Quercus sessilifolia","t0055020","Plantae","Magnoliopsida","LC",NA,"LC"
"Quercus spinosa","t0055021","Plantae","Magnoliopsida","LC",NA,"LC"
"Quercus suber","t0055022","Plantae","Magnoliopsida","LC",NA,NA
"Quercus tarokoensis","t0055023","Plantae","Magnoliopsida","DD",NA,"LC"
"Quercus tatakaensis","t0055024","Plantae","Magnoliopsida","DD",NA,"LC"
"Quercus variabilis","t0055025","Plantae","Magnoliopsida","LC",NA,"LC"
"Radermachera sinica","t0055027","Plantae","Magnoliopsida","LC",NA,"LC"
"Randia spinosa","t0055029","Plantae","Magnoliopsida","LC",NA,"LC"
"Ranunculus sceleratus","t0055040","Plantae","Magnoliopsida","LC",NA,"LC"
"Rauvolfia tetraphylla","t0055047","Plantae","Magnoliopsida","LC",NA,NA
"Rauvolfia verticillata","t0055048","Plantae","Magnoliopsida","LC",NA,"LC"
"Ravenala madagascariensis","t0055049","Plantae","Magnoliopsida","LC",NA,NA
"Rhamnus crenata","t0055056","Plantae","Magnoliopsida","LC",NA,"LC"
"Rhapis excelsa","t0055064","Plantae","Magnoliopsida","LC",NA,NA
"Rhizophora stylosa","t0055067","Plantae","Magnoliopsida","LC",NA,"VU"
"Rhododendron kanehirae","t0055073","Plantae","Magnoliopsida","EW",NA,"EW"
"Rhododendron mariesii","t0055076","Plantae","Magnoliopsida","LC",NA,"LC"
"Rhodomyrtus tomentosa","t0055083","Plantae","Magnoliopsida","LC",NA,"LC"
"Rhus chinensis","t0055086","Plantae","Magnoliopsida","LC",NA,NA
"Rhynchosia minima","t0055090","Plantae","Magnoliopsida","LC",NA,"LC"
"Rhynchospora alba","t0055094","Plantae","Magnoliopsida","LC",NA,"EN"
"Rhynchospora corymbosa","t0055097","Plantae","Magnoliopsida","LC",NA,"LC"
"Ricinus communis","t0055106","Plantae","Magnoliopsida","LC",NA,NA
"Rorippa sylvestris","t0055112","Plantae","Magnoliopsida","LC",NA,NA
"Rotala mexicana","t0055122","Plantae","Magnoliopsida","LC",NA,"LC"
"Rotala ramosior","t0055123","Plantae","Magnoliopsida","LC",NA,NA
"Rotala rotundifolia","t0055124","Plantae","Magnoliopsida","LC",NA,"LC"
"Roystonea regia","t0055129","Plantae","Magnoliopsida","LC",NA,NA
"Ruppia maritima","t0055175","Plantae","Magnoliopsida","LC",NA,"LC"
"Saccharum spontaneum","t0055182","Plantae","Magnoliopsida","LC",NA,"LC"
"Sacciolepis indica","t0055183","Plantae","Magnoliopsida","LC",NA,"LC"
"Sagittaria pygmaea","t0055191","Plantae","Magnoliopsida","LC",NA,"NT"
"Saintpaulia ionantha","t0055192","Plantae","Magnoliopsida","NT",NA,NA
"Salix babylonica","t0055194","Plantae","Magnoliopsida","DD",NA,NA
"Salvia officinalis","t0055209","Plantae","Magnoliopsida","LC",NA,NA
"Samanea saman","t0055214","Plantae","Magnoliopsida","LC",NA,NA
"Sambucus williamsii","t0055216","Plantae","Magnoliopsida","LC",NA,NA
"Samolus valerandi","t0055217","Plantae","Magnoliopsida","LC",NA,NA
"Sapindus mukorossi","t0055225","Plantae","Magnoliopsida","LC",NA,"LC"
"Sapindus rarak","t0055226","Plantae","Magnoliopsida","LC",NA,NA
"Sarcococca saligna","t0055227","Plantae","Magnoliopsida","LC",NA,"NT"
"Sassafras randaiense","t0055229","Plantae","Magnoliopsida","NT",NA,"NT"
"Saururus chinensis","t0055230","Plantae","Magnoliopsida","LC",NA,"LC"
"Schizachyrium brevifolium","t0055244","Plantae","Magnoliopsida","LC",NA,"NT"
"Schoenoplectus triqueter","t0055251","Plantae","Magnoliopsida","LC",NA,"NT"
"Schoenus falcatus","t0055256","Plantae","Magnoliopsida","LC",NA,"RE"
"Schoepfia jasminodora","t0055257","Plantae","Magnoliopsida","LC",NA,"NT"
"Scleria biflora","t0055264","Plantae","Magnoliopsida","LC",NA,"LC"
"Scleria levis","t0055265","Plantae","Magnoliopsida","LC",NA,"LC"
"Scleria lithosperma","t0055266","Plantae","Magnoliopsida","LC",NA,"LC"
"Scleria novae-hollandiae","t0055267","Plantae","Magnoliopsida","LC",NA,"EN"
"Scleria radula","t0055268","Plantae","Magnoliopsida","LC",NA,"LC"
"Scleria rugosa","t0055269","Plantae","Magnoliopsida","LC",NA,"LC"
"Scleria scrobiculata","t0055270","Plantae","Magnoliopsida","LC",NA,"LC"
"Scleria sumatrensis","t0055271","Plantae","Magnoliopsida","LC",NA,"RE"
"Scleria terrestris","t0055272","Plantae","Magnoliopsida","LC",NA,"LC"
"Scolopia oldhamii","t0055274","Plantae","Magnoliopsida","LC",NA,"LC"
"Semecarpus cuneiformis","t0055304","Plantae","Magnoliopsida","LC",NA,"EN"
"Sesbania cannabina","t0055318","Plantae","Magnoliopsida","LC",NA,NA
"Sesbania grandiflora","t0055319","Plantae","Magnoliopsida","DD",NA,NA
"Sesbania sesban","t0055320","Plantae","Magnoliopsida","LC",NA,NA
"Sesuvium portulacastrum","t0055321","Plantae","Magnoliopsida","LC",NA,"LC"
"Setaria sphacelata","t0055328","Plantae","Magnoliopsida","LC",NA,NA
"Sium suave","t0055356","Plantae","Magnoliopsida","LC",NA,"CR"
"Smilax vaginata","t0055378","Plantae","Magnoliopsida","LC",NA,"LC"
"Smithia sensitiva","t0055380","Plantae","Magnoliopsida","LC",NA,"LC"
"Solanum americanum","t0055381","Plantae","Magnoliopsida","LC",NA,NA
"Solanum elaeagnifolium","t0055383","Plantae","Magnoliopsida","LC",NA,NA
"Solanum erianthum","t0055384","Plantae","Magnoliopsida","LC",NA,NA
"Solanum nigrum","t0055389","Plantae","Magnoliopsida","LC",NA,"LC"
"Solanum viarum","t0055395","Plantae","Magnoliopsida","LC",NA,NA
"Sophora flavescens","t0055404","Plantae","Magnoliopsida","LC",NA,"LC"
"Sparganium fallax","t0055410","Plantae","Magnoliopsida","LC",NA,"VU"
"Sporobolus alterniflorus","t0055411","Plantae","Magnoliopsida","LC",NA,NA
"Spathodea campanulata","t0055413","Plantae","Magnoliopsida","LC",NA,NA
"Spergularia marina","t0055416","Plantae","Magnoliopsida","LC",NA,"NT"
"Sphaeranthus africanus","t0055425","Plantae","Magnoliopsida","LC",NA,"VU"
"Sphagneticola calendulacea","t0055427","Plantae","Magnoliopsida","LC",NA,"LC"
"Sphenoclea zeylanica","t0055428","Plantae","Magnoliopsida","LC",NA,"LC"
"Spiranthes sinensis","t0055438","Plantae","Magnoliopsida","LC",NA,"LC"
"Spirodela polyrhiza","t0055439","Plantae","Magnoliopsida","LC",NA,"LC"
"Landoltia punctata","t0055440","Plantae","Magnoliopsida","LC",NA,"LC"
"Sporobolus virginicus","t0055445","Plantae","Magnoliopsida","LC",NA,NA
"Stachytarpheta jamaicensis","t0055448","Plantae","Magnoliopsida","LC",NA,NA
"Stachyurus himalaicus","t0055450","Plantae","Magnoliopsida","LC",NA,"LC"
"Stenotaphrum secundatum","t0055460","Plantae","Magnoliopsida","LC",NA,NA
"Sterculia ceramica","t0055464","Plantae","Magnoliopsida","LC",NA,"LC"
"Stictocardia tiliifolia","t0055467","Plantae","Magnoliopsida","LC",NA,"LC"
"Stuckenia pectinata","t0055478","Plantae","Magnoliopsida","LC",NA,"LC"
"Swietenia macrophylla","t0055490","Plantae","Magnoliopsida","EN",NA,NA
"Swietenia mahagoni","t0055491","Plantae","Magnoliopsida","NT",NA,NA
"Sycopsis sinensis","t0055492","Plantae","Magnoliopsida","LC",NA,"LC"
"Symplocos heishanensis","t0055500","Plantae","Magnoliopsida","LC",NA,"LC"
"Symplocos shilanensis","t0055512","Plantae","Magnoliopsida","EN",NA,"VU"
"Symplocos trichoclada","t0055515","Plantae","Magnoliopsida","VU",NA,"LC"
"Symplocos wikstroemiifolia","t0055516","Plantae","Magnoliopsida","LC",NA,"LC"
"Synsepalum dulcificum","t0055520","Plantae","Magnoliopsida","LC",NA,NA
"Syzygium acuminatissimum","t0055521","Plantae","Magnoliopsida","LC",NA,"NT"
"Syzygium buxifolium","t0055522","Plantae","Magnoliopsida","LC",NA,"LC"
"Syzygium cumini","t0055523","Plantae","Magnoliopsida","LC",NA,NA
"Syzygium jambos","t0055527","Plantae","Magnoliopsida","LC",NA,NA
"Syzygium malaccense","t0055528","Plantae","Magnoliopsida","LC",NA,NA
"Syzygium paucivenium","t0055529","Plantae","Magnoliopsida","NT",NA,"VU"
"Syzygium samarangense","t0055530","Plantae","Magnoliopsida","LC",NA,NA
"Syzygium simile","t0055531","Plantae","Magnoliopsida","NT",NA,"NT"
"Tabernaemontana elegans","t0055533","Plantae","Magnoliopsida","LC",NA,NA
"Tabernaemontana pandacaqui","t0055535","Plantae","Magnoliopsida","LC",NA,NA
"Tacca leontopetaloides","t0055537","Plantae","Magnoliopsida","LC",NA,"CR"
"Taiwania cryptomerioides","t0055549","Plantae","Pinopsida","VU",NA,"EN"
"Tamarindus indica","t0055551","Plantae","Magnoliopsida","LC",NA,NA
"Tamarix chinensis","t0055552","Plantae","Magnoliopsida","LC",NA,NA
"Taxodium distichum","t0055559","Plantae","Pinopsida","LC",NA,NA
"Tectona grandis","t0055562","Plantae","Magnoliopsida","EN",NA,NA
"Tephrosia vogelii","t0055569","Plantae","Magnoliopsida","LC",NA,NA
"Terminalia catappa","t0055570","Plantae","Magnoliopsida","LC",NA,"LC"
"Terminalia mantaly","t0055571","Plantae","Magnoliopsida","LC",NA,NA
"Thalassia hemprichii","t0055578","Plantae","Magnoliopsida","LC",NA,"LC"
"Thalia geniculata","t0055579","Plantae","Magnoliopsida","LC",NA,NA
"Timonius arboreus","t0055616","Plantae","Magnoliopsida","LC",NA,"LC"
"Trapa incisa","t0055637","Plantae","Magnoliopsida","LC",NA,"VU"
"Triadica sebifera","t0055641","Plantae","Magnoliopsida","LC",NA,NA
"Tribulus terrestris","t0055645","Plantae","Magnoliopsida","LC",NA,"LC"
"Trichophorum subcapitatum","t0055648","Plantae","Magnoliopsida","LC",NA,"LC"
"Trifolium pratense","t0055660","Plantae","Magnoliopsida","LC",NA,NA
"Trillium tschonoskii","t0055666","Plantae","Magnoliopsida","EN",NA,"NT"
"Tripsacum dactyloides","t0055670","Plantae","Magnoliopsida","DD",NA,NA
"Tripsacum laxum","t0055671","Plantae","Magnoliopsida","LC",NA,NA
"Tripterygium wilfordii","t0055676","Plantae","Magnoliopsida","LC",NA,"NT"
"Trisetum bifidum","t0055677","Plantae","Magnoliopsida","LC",NA,"VU"
"Triumfetta semitriloba","t0055682","Plantae","Magnoliopsida","LC",NA,"LC"
"Typha angustifolia","t0055699","Plantae","Magnoliopsida","LC",NA,"LC"
"Typha orientalis","t0055700","Plantae","Magnoliopsida","LC",NA,"LC"
"Ulmus parvifolia","t0055703","Plantae","Magnoliopsida","LC",NA,"NT"
"Uraria picta","t0055709","Plantae","Magnoliopsida","LC",NA,"DD"
"Urena lobata","t0055710","Plantae","Magnoliopsida","LC",NA,"LC"
"Utricularia aurea","t0055715","Plantae","Magnoliopsida","LC",NA,"EN"
"Utricularia australis","t0055716","Plantae","Magnoliopsida","LC",NA,"CR"
"Utricularia bifida","t0055717","Plantae","Magnoliopsida","LC",NA,"EN"
"Utricularia gibba","t0055719","Plantae","Magnoliopsida","LC",NA,"VU"
"Utricularia graminifolia","t0055720","Plantae","Magnoliopsida","LC",NA,NA
"Utricularia heterosepala","t0055721","Plantae","Magnoliopsida","LC",NA,"EN"
"Utricularia minor","t0055724","Plantae","Magnoliopsida","LC",NA,"DD"
"Utricularia smithiana","t0055726","Plantae","Magnoliopsida","LC",NA,NA
"Utricularia striatula","t0055727","Plantae","Magnoliopsida","LC",NA,"NT"
"Utricularia tricolor","t0055728","Plantae","Magnoliopsida","LC",NA,NA
"Utricularia uliginosa","t0055729","Plantae","Magnoliopsida","LC",NA,"RE"
"Vaccinium bracteatum","t0055730","Plantae","Magnoliopsida","LC",NA,"LC"
"Vallisneria americana","t0055737","Plantae","Magnoliopsida","LC",NA,NA
"Dimetia hedyotidea","t0057248","Plantae","Magnoliopsida","LC",NA,"LC"
"Diplazium esculentum","t0057258","Plantae","Polypodiopsida","LC",NA,"LC"
"Tricalysia dubia","t0057268","Plantae","Magnoliopsida","LC",NA,"LC"
"Dodonaea viscosa","t0057285","Plantae","Magnoliopsida","LC",NA,"LC"
"Drypetes karapinensis","t0057294","Plantae","Magnoliopsida","LC",NA,"DD"
"Drypetes littoralis","t0057295","Plantae","Magnoliopsida","LC",NA,"VU"
"Dysoxylum arborescens","t0057301","Plantae","Magnoliopsida","LC",NA,"VU"
"Dysoxylum parasiticum","t0057302","Plantae","Magnoliopsida","LC",NA,"LC"
"Echinochloa colona","t0057303","Plantae","Magnoliopsida","LC",NA,"LC"
"Enkianthus quinqueflorus","t0057321","Plantae","Magnoliopsida","LC",NA,NA
"Euonymus pallidifolia","t0057343","Plantae","Magnoliopsida","CR",NA,"EN"
"Eurycorymbus cavaleriei","t0057358","Plantae","Magnoliopsida","NT",NA,"LC"
"Falcataria falcata","t0057366","Plantae","Magnoliopsida","LC",NA,NA
"Fimbristylis ferruginea ferruginea","t0057377","Plantae","Magnoliopsida","LC",NA,"LC"
"Tubocapsicum anomalum","t0057454","Plantae","Magnoliopsida","LC",NA,"LC"
"Ulota crispa","t0057455","Plantae","Bryopsida","LC",NA,NA
"Brachiaria reptans","t0057469","Plantae","Magnoliopsida","LC",NA,"LC"
"Vicia sativa nigra","t0057484","Plantae","Magnoliopsida","LC",NA,NA
"Vigna adenantha","t0057485","Plantae","Magnoliopsida","LC",NA,"CR"
"Vigna angularis","t0057486","Plantae","Magnoliopsida","LC",NA,"DD"
"Vitex quinata","t0057492","Plantae","Magnoliopsida","LC",NA,"LC"
"Washingtonia filifera","t0057495","Plantae","Magnoliopsida","LC",NA,NA
"Zanthoxylum nitidum","t0057514","Plantae","Magnoliopsida","LC",NA,"LC"
"Geniostoma rupestre","t0057931","Plantae","Magnoliopsida","LC",NA,"VU"
"Glinus oppositifolius","t0057937","Plantae","Magnoliopsida","LC",NA,"LC"
"Glochidion philippicum","t0057938","Plantae","Magnoliopsida","LC",NA,"LC"
"Glochidion zeylanicum tomentosum","t0057943","Plantae","Magnoliopsida","EN",NA,"LC"
"Halodule uninervis","t0057979","Plantae","Magnoliopsida","LC",NA,"LC"
"Helicia rengetiensis","t0057990","Plantae","Magnoliopsida","LC",NA,"LC"
"Hellenia speciosa","t0057995","Plantae","Magnoliopsida","LC",NA,"LC"
"Hernandia nymphiifolia","t0058000","Plantae","Magnoliopsida","LC",NA,"VU"
"Homalium cochinchinensis","t0058021","Plantae","Magnoliopsida","LC",NA,"NT"
"Hydrolea zeylanica","t0058038","Plantae","Magnoliopsida","LC",NA,"EN"
"Indigofera linifolia","t0058072","Plantae","Magnoliopsida","LC",NA,"LC"
"Ipomoea batatas","t0058074","Plantae","Magnoliopsida","DD",NA,NA
"Ipomoea trifida","t0058077","Plantae","Magnoliopsida","LC",NA,NA
"Itea oldhamii","t0058090","Plantae","Magnoliopsida","LC",NA,"LC"
"Keteleeria davidiana formosana","t0058106","Plantae","Pinopsida","EN",NA,"CR"
"Laggera alata","t0058114","Plantae","Magnoliopsida","LC",NA,"VU"
"Lasianthus chinensis","t0058121","Plantae","Magnoliopsida","LC",NA,"EN"
"Lespedeza cuneata","t0058148","Plantae","Magnoliopsida","LC",NA,"LC"
"Salix kusanoi","t0058183","Plantae","Magnoliopsida","EN",NA,"EN"
"Schistidium apocarpum","t0058213","Plantae","Bryopsida","VU",NA,NA
"Selenicereus undatus","t0058239","Plantae","Magnoliopsida","DD",NA,NA
"Senna alata","t0058245","Plantae","Magnoliopsida","LC",NA,NA
"Senna bicapsularis","t0058246","Plantae","Magnoliopsida","LC",NA,NA
"Senna occidentalis","t0058248","Plantae","Magnoliopsida","LC",NA,NA
"Setaria parviflora","t0058251","Plantae","Magnoliopsida","LC",NA,NA
"Sinoadina racemosa","t0058257","Plantae","Magnoliopsida","LC",NA,"NT"
"Sinopanax formosana","t0058260","Plantae","Magnoliopsida","VU",NA,"VU"
"Cornus macrophylla","t0058315","Plantae","Magnoliopsida","LC",NA,"LC"
"Symplocos glauca","t0058321","Plantae","Magnoliopsida","LC",NA,"LC"
"Syzygium tripinnatum","t0058340","Plantae","Magnoliopsida","LC",NA,"NT"
"Taxodium distichum mexicanum","t0058349","Plantae","Pinopsida","LC",NA,NA
"Taxus sumatrana","t0058350","Plantae","Pinopsida","VU",NA,"EN"
"Tephrosia purpurea","t0058357","Plantae","Magnoliopsida","EN",NA,"LC"
"Ternstroemia gymnanthera","t0058359","Plantae","Magnoliopsida","LC",NA,"LC"
"Tetradium ruticarpum","t0058361","Plantae","Magnoliopsida","LC",NA,"LC"
"Tillandsia usneoides","t0058397","Plantae","Magnoliopsida","LC",NA,NA
"Toona sinensis","t0058404","Plantae","Magnoliopsida","LC",NA,NA
"Torenia anagallis","t0058405","Plantae","Magnoliopsida","LC",NA,"LC"
"Trema cannabina","t0058431","Plantae","Magnoliopsida","LC",NA,"LC"
"Triadica cochinchinensis","t0058436","Plantae","Magnoliopsida","LC",NA,"LC"
"Lithocarpus corneus","t0058460","Plantae","Magnoliopsida","LC",NA,"LC"
"Lithocarpus synbalanos","t0058463","Plantae","Magnoliopsida","LC",NA,"LC"
"Litsea rotundifolia oblongifolia","t0058467","Plantae","Magnoliopsida","LC",NA,"LC"
"Macaranga sinensis","t0058481","Plantae","Magnoliopsida","NT",NA,"NT"
"Macaranga tanarius","t0058482","Plantae","Magnoliopsida","LC",NA,"LC"
"Macroptilium bracteatum","t0058493","Plantae","Magnoliopsida","LC",NA,NA
"Magnolia kachirachirai","t0058498","Plantae","Magnoliopsida","EN",NA,"VU"
"Mallotus philippensis","t0058502","Plantae","Magnoliopsida","LC",NA,"LC"
"Mallotus repandus","t0058503","Plantae","Magnoliopsida","LC",NA,"LC"
"Malus doumeri","t0058504","Plantae","Magnoliopsida","DD",NA,"LC"
"Malus prunifolia","t0058505","Plantae","Magnoliopsida","DD",NA,NA
"Cyperus cyperoides","t0058509","Plantae","Magnoliopsida","LC",NA,"LC"
"Maytenus diversifolia","t0058511","Plantae","Magnoliopsida","LC",NA,"LC"
"Melicope pteleifolia","t0058514","Plantae","Magnoliopsida","LC",NA,"LC"
"Melicope semecarpifolia","t0058515","Plantae","Magnoliopsida","LC",NA,"LC"
"Microcarpaea minima","t0058541","Plantae","Magnoliopsida","LC",NA,"NT"
"Microstegium tenue","t0058547","Plantae","Magnoliopsida","DD",NA,NA
"Pongamia pinnata","t0058550","Plantae","Magnoliopsida","LC",NA,"LC"
"Murdannia spirata","t0058582","Plantae","Magnoliopsida","LC",NA,"VU"
"Neolitsea aciculata variabillima","t0058618","Plantae","Magnoliopsida","LC",NA,"LC"
"Neonauclea reticulata","t0058621","Plantae","Magnoliopsida","LC",NA,"LC"
"Neonotonia wightii","t0058622","Plantae","Magnoliopsida","LC",NA,NA
"Nitella gracilis","t0058628","Plantae","Charophyceae","LC",NA,NA
"Ochna thomasiana","t0058638","Plantae","Magnoliopsida","LC",NA,NA
"Oenanthe javanica","t0058645","Plantae","Magnoliopsida","LC",NA,"LC"
"Opuntia ficus-indica","t0058660","Plantae","Magnoliopsida","DD",NA,NA
"Oryza grandiglumis","t0058667","Plantae","Magnoliopsida","LC",NA,NA
"Pandanus odorifer","t0058682","Plantae","Magnoliopsida","LC",NA,"LC"
"Peltophorum pterocarpum","t0058713","Plantae","Magnoliopsida","LC",NA,NA
"Perilla frutescens","t0058716","Plantae","Magnoliopsida","LC",NA,NA
"Carissa macrocarpa","t0058732","Plantae","Magnoliopsida","LC",NA,NA
"Castanopsis formosana","t0058735","Plantae","Magnoliopsida","LC",NA,"LC"
"Castanopsis uraiana","t0058736","Plantae","Magnoliopsida","LC",NA,"LC"
"Pennisetum clandestinum","t0058741","Plantae","Magnoliopsida","LC",NA,NA
"Pennisetum purpureum","t0058742","Plantae","Magnoliopsida","LC",NA,NA
"Centella asiatica","t0058743","Plantae","Magnoliopsida","LC",NA,"LC"
"Centipeda minima","t0058744","Plantae","Magnoliopsida","LC",NA,"LC"
"Cephalanthus tetrandrus","t0058749","Plantae","Magnoliopsida","LC",NA,"CR"
"Ceriops tagal","t0058755","Plantae","Magnoliopsida","LC",NA,"RE"
"Champereia manillana","t0058771","Plantae","Magnoliopsida","LC",NA,"LC"
"Chara brachypus","t0058774","Plantae","Charophyceae","DD",NA,NA
"Chara zeylanica","t0058779","Plantae","Charophyceae","LC",NA,NA
"Cinnamomum tenuifolium nervosum","t0058809","Plantae","Magnoliopsida","LC",NA,"NT"
"Conocarpus erectus","t0058855","Plantae","Magnoliopsida","LC",NA,NA
"Cordyline fruticosa","t0058861","Plantae","Magnoliopsida","LC",NA,NA
"Coscinodon cribosus","t0058869","Plantae","Bryopsida","DD",NA,NA
"Cyanotis axillaris","t0058892","Plantae","Magnoliopsida","LC",NA,"VU"
"Cyperus albescens","t0058908","Plantae","Magnoliopsida","LC",NA,"CR"
"Cyperus mindorensis","t0058913","Plantae","Magnoliopsida","LC",NA,"LC"
"Dentella repens","t0058936","Plantae","Magnoliopsida","LC",NA,"LC"
"Persicaria dichotoma","t0058948","Plantae","Magnoliopsida","LC",NA,"LC"
"Phaseolus lunatus","t0058980","Plantae","Magnoliopsida","LC",NA,NA
"Photinia serratifolia lasiopetala","t0058991","Plantae","Magnoliopsida","VU",NA,"LC"
"Pinus armandii mastersiana","t0059014","Plantae","Pinopsida","EN",NA,"LC"
"Planchonella duclitan","t0059032","Plantae","Magnoliopsida","LC",NA,"EN"
"Pluchea carolinensis","t0059047","Plantae","Magnoliopsida","LC",NA,NA
"Podocarpus macrophyllus macrophyllus","t0059048","Plantae","Pinopsida","LC",NA,"EN"
"Polyscias guilfoylei","t0059076","Plantae","Magnoliopsida","LC",NA,NA
"Polyspora axillaris","t0059078","Plantae","Magnoliopsida","LC",NA,"LC"
"Prunus grisea","t0059100","Plantae","Magnoliopsida","LC",NA,"EN"
"Prunus mume","t0059102","Plantae","Magnoliopsida","LC",NA,NA
"Pteridium aquilinum japonicum","t0059119","Plantae","Polypodiopsida","LC",NA,"LC"
"Cyperus flavidus","t0059137","Plantae","Magnoliopsida","LC",NA,"LC"
"Pyracantha koidzumii","t0059139","Plantae","Magnoliopsida","EN",NA,"VU"
"Pyrenaria microcarpa ovalifolia","t0059140","Plantae","Magnoliopsida","CR",NA,"CR"
"Pyrus pyrifolia","t0059144","Plantae","Magnoliopsida","LC",NA,NA
"Randia cochinchinensis","t0059166","Plantae","Magnoliopsida","LC",NA,"LC"
"Rorippa austriaca","t0059196","Plantae","Magnoliopsida","LC",NA,NA
"Rotala rosea","t0059201","Plantae","Magnoliopsida","LC",NA,NA
"Abies firma","t0060760","Plantae","Pinopsida","LC",NA,NA
"Acacia auriculiformis","t0060765","Plantae","Magnoliopsida","LC",NA,NA
"Acacia binervata","t0060766","Plantae","Magnoliopsida","LC",NA,NA
"Acacia falcata","t0060770","Plantae","Magnoliopsida","LC",NA,NA
"Acacia floribunda","t0060771","Plantae","Magnoliopsida","LC",NA,NA
"Acacia implexa","t0060774","Plantae","Magnoliopsida","LC",NA,NA
"Acacia mangium","t0060776","Plantae","Magnoliopsida","LC",NA,NA
"Acacia pycnantha","t0060780","Plantae","Magnoliopsida","LC",NA,NA
"Acanthocereus tetragonus","t0060786","Plantae","Magnoliopsida","LC",NA,NA
"Acanthus ilicifolius","t0060790","Plantae","Magnoliopsida","LC",NA,NA
"Acer palmatum","t0060792","Plantae","Magnoliopsida","LC",NA,"LC"
"Acoelorraphe wrightii","t0060797","Plantae","Magnoliopsida","LC",NA,NA
"Adenanthera microsperma","t0060824","Plantae","Magnoliopsida","LC",NA,NA
"Adenanthera pavonina","t0060825","Plantae","Magnoliopsida","LC",NA,NA
"Adenium obesum","t0060826","Plantae","Magnoliopsida","LC",NA,NA
"Aegle marmelos","t0060845","Plantae","Magnoliopsida","NT",NA,NA
"Aesculus hippocastanum","t0060864","Plantae","Magnoliopsida","VU",NA,NA
"Agathis dammara","t0060868","Plantae","Pinopsida","VU",NA,NA
"Agathis robusta","t0060869","Plantae","Pinopsida","LC",NA,NA
"Agave angustifolia","t0060870","Plantae","Magnoliopsida","LC",NA,NA
"Agave attenuata","t0060872","Plantae","Magnoliopsida","LC",NA,NA
"Agave decipiens","t0060873","Plantae","Magnoliopsida","VU",NA,NA
"Agave schidigera","t0060876","Plantae","Magnoliopsida","LC",NA,NA
"Agave victoriae-reginae","t0060877","Plantae","Magnoliopsida","LC",NA,NA
"Aglaia formosana","t0060878","Plantae","Magnoliopsida","LC",NA,"LC"
"Aglaonema simplex","t0060883","Plantae","Magnoliopsida","LC",NA,NA
"Ailanthus altissima","t0060885","Plantae","Magnoliopsida","LC",NA,"LC"
"Aiphanes horrida","t0060888","Plantae","Magnoliopsida","LC",NA,NA
"Albizia acle","t0060890","Plantae","Magnoliopsida","NT",NA,NA
"Albizia amara","t0060891","Plantae","Magnoliopsida","LC",NA,NA
"Albizia chinensis","t0060892","Plantae","Magnoliopsida","LC",NA,NA
"Albizia harveyi","t0060893","Plantae","Magnoliopsida","LC",NA,NA
"Albizia lucida","t0060895","Plantae","Magnoliopsida","LC",NA,NA
"Alocasia sanderiana","t0060911","Plantae","Magnoliopsida","CR",NA,NA
"Alstonia scholaris","t0060916","Plantae","Magnoliopsida","LC",NA,NA
"Amborella trichopoda","t0060927","Plantae","Magnoliopsida","LC",NA,NA
"Annona cherimola","t0060980","Plantae","Magnoliopsida","LC",NA,NA
"Antidesma japonicum","t0060997","Plantae","Magnoliopsida","LC",NA,"LC"
"Aquilaria malaccensis","t0061012","Plantae","Magnoliopsida","CR",NA,NA
"Araucaria angustifolia","t0061018","Plantae","Pinopsida","CR",NA,NA
"Araucaria araucana","t0061019","Plantae","Pinopsida","EN",NA,NA
"Araucaria hunsteinii","t0061022","Plantae","Pinopsida","NT",NA,NA
"Archontophoenix alexandrae","t0061023","Plantae","Magnoliopsida","LC",NA,NA
"Archontophoenix cunninghamiana","t0061024","Plantae","Magnoliopsida","LC",NA,NA
"Areca triandra","t0061029","Plantae","Magnoliopsida","LC",NA,NA
"Arenga pinnata","t0061032","Plantae","Magnoliopsida","LC",NA,NA
"Armoracia rusticana","t0061045","Plantae","Magnoliopsida","LC",NA,NA
"Arnica montana","t0061046","Plantae","Magnoliopsida","LC",NA,NA
"Artocarpus integer","t0061058","Plantae","Magnoliopsida","LC",NA,NA
"Astrophytum asterias","t0061073","Plantae","Magnoliopsida","VU",NA,NA
"Astrophytum capricorne","t0061074","Plantae","Magnoliopsida","LC",NA,NA
"Astrophytum ornatum","t0061076","Plantae","Magnoliopsida","VU",NA,NA
"Styrax formosanus","t0069486","Plantae","Magnoliopsida","LC",NA,"LC"
"Styrax japonicus","t0069487","Plantae","Magnoliopsida","LC",NA,"VU"
"Cornus controversa","t0069488","Plantae","Magnoliopsida","LC",NA,"NT"
"Syagrus romanzoffiana","t0069490","Plantae","Magnoliopsida","LC",NA,NA
"Syagrus schizophylla","t0069491","Plantae","Magnoliopsida","LC",NA,NA
"Symplocarpus foetidus","t0069495","Plantae","Magnoliopsida","LC",NA,NA
"Symplocos acuminata","t0069496","Plantae","Magnoliopsida","LC",NA,"LC"
"Symplocos cochinchinensis","t0069498","Plantae","Magnoliopsida","LC",NA,"LC"
"Syncarpia glomulifera","t0069501","Plantae","Magnoliopsida","LC",NA,NA
"Syringa vulgaris","t0069506","Plantae","Magnoliopsida","LC",NA,NA
"Syringodium isoetifolium","t0069507","Plantae","Magnoliopsida","LC",NA,NA
"Syzygium elliptifolium","t0069512","Plantae","Magnoliopsida","CR",NA,NA
"Syzygium myrtifolium","t0069514","Plantae","Magnoliopsida","LC",NA,NA
"Handroanthus chrysanthus","t0069515","Plantae","Magnoliopsida","VU",NA,NA
"Tabebuia obtusifolia","t0069517","Plantae","Magnoliopsida","LC",NA,NA
"Tamarix aphylla","t0069529","Plantae","Magnoliopsida","LC",NA,NA
"Tecoma stans","t0069551","Plantae","Magnoliopsida","LC",NA,NA
"Tectona philippinensis","t0069552","Plantae","Magnoliopsida","EN",NA,NA
"Terminalia calamansanai","t0069561","Plantae","Magnoliopsida","LC",NA,NA
"Terminalia chebula","t0069562","Plantae","Magnoliopsida","LC",NA,NA
"Tetrapanax papyriferus","t0069592","Plantae","Magnoliopsida","LC",NA,"LC"
"Thelocactus bicolor","t0069615","Plantae","Magnoliopsida","LC",NA,NA
"Thelocactus hexaedrophorus","t0069616","Plantae","Magnoliopsida","LC",NA,NA
"Thespesia populnea","t0069621","Plantae","Magnoliopsida","LC",NA,"EN"
"Thuja occidentalis","t0069628","Plantae","Pinopsida","LC",NA,NA
"Thuja plicata","t0069629","Plantae","Pinopsida","LC",NA,NA
"Thujopsis dolabrata","t0069630","Plantae","Pinopsida","LC",NA,NA
"Tillandsia cyanea","t0069638","Plantae","Magnoliopsida","NT",NA,NA
"Toxicodendron radicans","t0069649","Plantae","Magnoliopsida","LC",NA,NA
"Trachycarpus fortunei","t0069651","Plantae","Magnoliopsida","LC",NA,NA
"Trema orientalis","t0069669","Plantae","Magnoliopsida","LC",NA,"LC"
"Trifolium subterraneum","t0069689","Plantae","Magnoliopsida","LC",NA,NA
"Tsuga canadensis","t0069708","Plantae","Pinopsida","NT",NA,NA
"Tsuga caroliniana","t0069709","Plantae","Pinopsida","NT",NA,NA
"Tsuga forrestii","t0069710","Plantae","Pinopsida","VU",NA,NA
"Tsuga heterophylla","t0069711","Plantae","Pinopsida","LC",NA,NA
"Turnera ulmifolia","t0069715","Plantae","Magnoliopsida","LC",NA,NA
"Ulmus americana","t0069722","Plantae","Magnoliopsida","EN",NA,NA
"Vaccinium dunalianum","t0069745","Plantae","Magnoliopsida","LC",NA,"LC"
"Vaccinium wrightii","t0069748","Plantae","Magnoliopsida","LC",NA,"LC"
"Washingtonia robusta","t0069807","Plantae","Magnoliopsida","LC",NA,NA
"Wodyetia bifurcata","t0069821","Plantae","Magnoliopsida","LR/cd",NA,NA
"Zamia fischeri","t0069835","Plantae","Cycadopsida","EN",NA,NA
"Zantedeschia albomaculata","t0069839","Plantae","Magnoliopsida","LC",NA,NA
"Zanthoxylum bungeanum","t0069842","Plantae","Magnoliopsida","LC",NA,NA
"Ziziphus jujuba","t0069854","Plantae","Magnoliopsida","LC",NA,NA
"Aztekium ritteri","t0072769","Plantae","Magnoliopsida","LC",NA,NA
"Bactris major","t0072772","Plantae","Magnoliopsida","LC",NA,NA
"Bauhinia acuminata","t0072800","Plantae","Magnoliopsida","LC",NA,NA
"Bauhinia galpinii","t0072802","Plantae","Magnoliopsida","LC",NA,NA
"Bauhinia racemosa","t0072803","Plantae","Magnoliopsida","LC",NA,NA
"Bauhinia tomentosa","t0072804","Plantae","Magnoliopsida","LC",NA,NA
"Beaucarnea recurvata","t0072825","Plantae","Magnoliopsida","CR",NA,NA
"Bentinckia nicobarica","t0072853","Plantae","Magnoliopsida","EN",NA,NA
"Berchemia floribunda","t0072855","Plantae","Magnoliopsida","LC",NA,"LC"
"Betula chinensis","t0072857","Plantae","Magnoliopsida","LC",NA,NA
"Bismarckia nobilis","t0072863","Plantae","Magnoliopsida","LC",NA,NA
"Bixa orellana","t0072864","Plantae","Magnoliopsida","LC",NA,NA
"Borassus flabellifer","t0072878","Plantae","Magnoliopsida","LC",NA,NA
"Bougainvillea glabra","t0072885","Plantae","Magnoliopsida","LC",NA,NA
"Brachychiton rupestris","t0072889","Plantae","Magnoliopsida","LC",NA,NA
"Breynia fruticosa","t0072911","Plantae","Magnoliopsida","LC",NA,NA
"Bruguiera gymnorhiza","t0072922","Plantae","Magnoliopsida","LC",NA,"RE"
"Brunfelsia uniflora","t0072925","Plantae","Magnoliopsida","LC",NA,NA
"Buddleja madagascariensis","t0072939","Plantae","Magnoliopsida","LC",NA,NA
"Bunchosia argentea","t0072944","Plantae","Magnoliopsida","LC",NA,NA
"Bunchosia armeniaca","t0072945","Plantae","Magnoliopsida","LC",NA,NA
"Butea monosperma","t0072947","Plantae","Magnoliopsida","LC",NA,NA
"Butia eriospatha","t0072948","Plantae","Magnoliopsida","EN",NA,NA
"Buxus microphylla","t0072951","Plantae","Magnoliopsida","LC",NA,"LC"
"Buxus sempervirens","t0072952","Plantae","Magnoliopsida","LC",NA,NA
"Calanthe davidii","t0072959","Plantae","Magnoliopsida","LC",NA,"LC"
"Calliandra surinamensis","t0072973","Plantae","Magnoliopsida","LC",NA,NA
"Callicarpa macrophylla","t0072977","Plantae","Magnoliopsida","LC",NA,NA
"Callitris preissii","t0072989","Plantae","Pinopsida","LC",NA,NA
"Callitris rhomboidea","t0072991","Plantae","Pinopsida","LC",NA,NA
"Camellia hengchunensis","t0073016","Plantae","Magnoliopsida","NT",NA,"VU"
"Camellia lutchuensis","t0073017","Plantae","Magnoliopsida","LC",NA,NA
"Camellia reticulata","t0073018","Plantae","Magnoliopsida","DD",NA,NA
"Cananga odorata","t0073027","Plantae","Magnoliopsida","LC",NA,NA
"Canarium album","t0073028","Plantae","Magnoliopsida","LC",NA,NA
"Capparis micracantha","t0073036","Plantae","Magnoliopsida","LC",NA,"LC"
"Carex longii","t0073044","Plantae","Magnoliopsida","LC",NA,NA
"Carex tsushimensis","t0073046","Plantae","Magnoliopsida","DD",NA,"NT"
"Carnegiea gigantea","t0073049","Plantae","Magnoliopsida","LC",NA,NA
"Carya illinoinensis","t0073055","Plantae","Magnoliopsida","LC",NA,NA
"Cassia fistula","t0073060","Plantae","Magnoliopsida","LC",NA,NA
"Cassia javanica","t0073061","Plantae","Magnoliopsida","LC",NA,NA
"Castanopsis cuspidata","t0073064","Plantae","Magnoliopsida","LC",NA,"LC"
"Castilla elastica","t0073066","Plantae","Magnoliopsida","LC",NA,NA
"Casuarina cunninghamiana","t0073067","Plantae","Magnoliopsida","LC",NA,NA
"Casuarina glauca","t0073069","Plantae","Magnoliopsida","LC",NA,NA
"Catalpa ovata","t0073075","Plantae","Magnoliopsida","LC",NA,NA
"Catalpa speciosa","t0073076","Plantae","Magnoliopsida","LC",NA,NA
"Catesbaea spinosa","t0073078","Plantae","Magnoliopsida","LC",NA,NA
"Cedrela odorata","t0073103","Plantae","Magnoliopsida","VU",NA,NA
"Cedrus deodara","t0073104","Plantae","Pinopsida","LC",NA,NA
"Ceiba pentandra","t0073105","Plantae","Magnoliopsida","LC",NA,NA
"Centaurium pulchellum","t0073109","Plantae","Magnoliopsida","LC",NA,"VU"
"Cephalocereus senilis","t0073113","Plantae","Magnoliopsida","EN",NA,NA
"Cephalotaxus fortunei","t0073115","Plantae","Pinopsida","LC",NA,NA
"Cephalotaxus hainanensis","t0073116","Plantae","Pinopsida","EN",NA,NA
"Cercis chinensis","t0073137","Plantae","Magnoliopsida","LC",NA,NA
"Cereus repandus","t0073139","Plantae","Magnoliopsida","LC",NA,NA
"Cestrum elegans","t0073141","Plantae","Magnoliopsida","LC",NA,NA
"Chamaecyparis lawsoniana","t0073152","Plantae","Pinopsida","NT",NA,NA
"Chamaecyparis pisifera","t0073153","Plantae","Pinopsida","LC",NA,NA
"Chamaedorea cataractarum","t0073154","Plantae","Magnoliopsida","LC",NA,NA
"Chara hydropitys","t0073164","Plantae","Charophyceae","LC",NA,NA
"Chionanthus coriaceus","t0073197","Plantae","Magnoliopsida","NT",NA,"CR"
"Chrysophyllum cainito","t0073238","Plantae","Magnoliopsida","LC",NA,NA
"Cinchona calisaya","t0073247","Plantae","Magnoliopsida","LC",NA,NA
"Cinnamomum brevipedunculatum","t0073250","Plantae","Magnoliopsida","EN",NA,"VU"
"Cinnamomum tenuifolium","t0073253","Plantae","Magnoliopsida","LC",NA,"NT"
"Citrus maxima","t0073262","Plantae","Magnoliopsida","LC",NA,NA
"Citrus medica","t0073263","Plantae","Magnoliopsida","LC",NA,NA
"Clerodendrum japonicum","t0073297","Plantae","Magnoliopsida","LC",NA,"LC"
"Clerodendrum quadriloculare","t0073298","Plantae","Magnoliopsida","LC",NA,NA
"Coccothrinax argentata","t0073342","Plantae","Magnoliopsida","LC",NA,NA
"Cochlospermum religiosum","t0073344","Plantae","Magnoliopsida","LC",NA,NA
"Cololejeunea magnilobula","t0073400","Plantae","Jungermanniopsida","EN",NA,NA
"Conophytum bilobum","t0073440","Plantae","Magnoliopsida","VU",NA,NA
"Copernicia macroglossa","t0073444","Plantae","Magnoliopsida","LC",NA,NA
"Coptis trifolia","t0073445","Plantae","Magnoliopsida","LC",NA,NA
"Cordia aspera","t0073450","Plantae","Magnoliopsida","LC",NA,"EN"
"Cordyline stricta","t0073451","Plantae","Magnoliopsida","LC",NA,NA
"Cornus florida","t0073455","Plantae","Magnoliopsida","LC",NA,NA
"Eucalyptus maculata citriodora","t0073459","Plantae","Magnoliopsida","LC",NA,NA
"Corynopuntia vilis","t0073460","Plantae","Magnoliopsida","LC",NA,NA
"Corypha umbraculifera","t0073462","Plantae","Magnoliopsida","DD",NA,NA
"Coryphantha clavata","t0073463","Plantae","Magnoliopsida","LC",NA,NA
"Coryphantha compacta","t0073464","Plantae","Magnoliopsida","LC",NA,NA
"Coryphantha elephantidens","t0073465","Plantae","Magnoliopsida","LC",NA,NA
"Coryphantha erecta","t0073466","Plantae","Magnoliopsida","LC",NA,NA
"Costus malortieanus","t0073530","Plantae","Magnoliopsida","LC",NA,NA
"Couroupita guianensis","t0073535","Plantae","Magnoliopsida","LC",NA,NA
"Crateva religiosa","t0073539","Plantae","Magnoliopsida","LC",NA,NA
"Crateva unilocularis","t0073540","Plantae","Magnoliopsida","LC",NA,NA
"Crescentia alata","t0073545","Plantae","Magnoliopsida","LC",NA,NA
"Crescentia cujete","t0073546","Plantae","Magnoliopsida","LC",NA,NA
"Cucurbita foetidissima","t0073574","Plantae","Magnoliopsida","LC",NA,NA
"Cupressus cashmeriana","t0073579","Plantae","Pinopsida","NT",NA,NA
"Cupressus funebris","t0073580","Plantae","Pinopsida","DD",NA,NA
"Cupressus lusitanica","t0073582","Plantae","Pinopsida","LC",NA,NA
"Cupressus sempervirens","t0073584","Plantae","Pinopsida","LC",NA,NA
"Cycas circinalis","t0073591","Plantae","Cycadopsida","EN",NA,NA
"Cycas media","t0073592","Plantae","Cycadopsida","LC",NA,NA
"Cycas rumphii","t0073593","Plantae","Cycadopsida","NT",NA,NA
"Cycas siamensis","t0073594","Plantae","Cycadopsida","VU",NA,NA
"Cycas thouarsii","t0073595","Plantae","Cycadopsida","LC",NA,NA
"Cyclamen persicum","t0073598","Plantae","Magnoliopsida","LC",NA,NA
"Cymodocea rotundata","t0073604","Plantae","Magnoliopsida","LC",NA,NA
"Cymodocea serrulata","t0073605","Plantae","Magnoliopsida","LC",NA,NA
"Cyperus imbricatus","t0073609","Plantae","Magnoliopsida","LC",NA,"LC"
"Cyperus michelianus","t0073610","Plantae","Magnoliopsida","LC",NA,"LC"
"Dalbergia candenatensis","t0073624","Plantae","Magnoliopsida","LC",NA,NA
"Dalbergia latifolia","t0073625","Plantae","Magnoliopsida","VU",NA,NA
"Daphniphyllum glaucescens","t0073627","Plantae","Magnoliopsida","LC",NA,"LC"
"Dendroceros japonicus","t0073645","Plantae","Anthocerotopsida","EN",NA,NA
"Diospyros dumetorum","t0073710","Plantae","Magnoliopsida","LC",NA,NA
"Dracaena curtisii","t0073744","Plantae","Magnoliopsida","NT",NA,NA
"Drosera rotundifolia","t0073759","Plantae","Magnoliopsida","LC",NA,NA
"Dumasia villosa","t0073766","Plantae","Magnoliopsida","LC",NA,"LC"
"Dypsis lastelliana","t0073774","Plantae","Magnoliopsida","LC",NA,NA
"Echinocactus grusonii","t0073783","Plantae","Magnoliopsida","EN",NA,NA
"Echinocereus berlandieri","t0073784","Plantae","Magnoliopsida","LC",NA,NA
"Echinocereus cinerascens","t0073785","Plantae","Magnoliopsida","LC",NA,NA
"Echinocereus dasyacanthus","t0073786","Plantae","Magnoliopsida","LC",NA,NA
"Echinocereus enneacanthus","t0073787","Plantae","Magnoliopsida","LC",NA,NA
"Echinocereus fendleri","t0073788","Plantae","Magnoliopsida","LC",NA,NA
"Echinocereus pectinatus","t0073790","Plantae","Magnoliopsida","LC",NA,NA
"Echinocereus pentalophus","t0073791","Plantae","Magnoliopsida","LC",NA,NA
"Echinocereus rigidissimus","t0073792","Plantae","Magnoliopsida","LC",NA,NA
"Echinocereus triglochidiatus","t0073793","Plantae","Magnoliopsida","LC",NA,NA
"Echinopsis calochlora","t0073797","Plantae","Magnoliopsida","LC",NA,NA
"Echinopsis rhodotricha","t0073800","Plantae","Magnoliopsida","LC",NA,NA
"Eleocharis congesta","t0073822","Plantae","Magnoliopsida","LC",NA,"LC"
"Eleocharis dulcis","t0073823","Plantae","Magnoliopsida","LC",NA,"LC"
"Enterolobium cyclocarpum","t0073832","Plantae","Magnoliopsida","LC",NA,NA
"Epidendrum ibaguense","t0073845","Plantae","Magnoliopsida","LC",NA,NA
"Epiphyllum crenatum","t0073848","Plantae","Magnoliopsida","LC",NA,NA
"Erythrina abyssinica","t0073860","Plantae","Magnoliopsida","LC",NA,NA
"Erythrina berteroana","t0073862","Plantae","Magnoliopsida","LC",NA,NA
"Erythrina caffra","t0073863","Plantae","Magnoliopsida","LC",NA,NA
"Erythrina vespertilio","t0073865","Plantae","Magnoliopsida","LC",NA,NA
"Espostoa lanata","t0073868","Plantae","Magnoliopsida","LC",NA,NA
"Eucalyptus botryoides","t0073881","Plantae","Magnoliopsida","NT",NA,NA
"Eucalyptus camaldulensis","t0073882","Plantae","Magnoliopsida","NT",NA,NA
"Eucalyptus diversicolor","t0073884","Plantae","Magnoliopsida","LC",NA,NA
"Eucalyptus globulus","t0073886","Plantae","Magnoliopsida","LC",NA,NA
"Eucalyptus gomphocephala","t0073887","Plantae","Magnoliopsida","VU",NA,NA
"Eucalyptus grandis","t0073888","Plantae","Magnoliopsida","NT",NA,NA
"Eucalyptus longifolia","t0073890","Plantae","Magnoliopsida","VU",NA,NA
"Eucalyptus marginata","t0073892","Plantae","Magnoliopsida","NT",NA,NA
"Eucalyptus microcorys","t0073893","Plantae","Magnoliopsida","NT",NA,NA
"Eucalyptus perriniana","t0073895","Plantae","Magnoliopsida","LC",NA,NA
"Eucalyptus polyanthemos","t0073896","Plantae","Magnoliopsida","NT",NA,NA
"Eucalyptus pulverulenta","t0073897","Plantae","Magnoliopsida","LC",NA,NA
"Eucalyptus regnans","t0073898","Plantae","Magnoliopsida","LC",NA,NA
"Eucalyptus resinifera","t0073899","Plantae","Magnoliopsida","LC",NA,NA
"Eucalyptus saligna","t0073900","Plantae","Magnoliopsida","LC",NA,NA
"Eucalyptus viminalis","t0073904","Plantae","Magnoliopsida","NT",NA,NA
"Euonymus lutchuensis","t0073919","Plantae","Magnoliopsida","LC",NA,NA
"Euphorbia antiquorum","t0073923","Plantae","Magnoliopsida","LC",NA,NA
"Euphorbia neriifolia","t0073926","Plantae","Magnoliopsida","LC",NA,NA
"Euphorbia trigona","t0073929","Plantae","Magnoliopsida","DD",NA,NA
"Eurya macartneyi","t0073934","Plantae","Magnoliopsida","LC",NA,NA
"Eurya yaeyamensis","t0073937","Plantae","Magnoliopsida","LC",NA,NA
"Melicope denhamii","t0073941","Plantae","Magnoliopsida","LC",NA,NA
"Ferocactus fordii","t0073948","Plantae","Magnoliopsida","VU",NA,NA
"Ferocactus herrerae","t0073949","Plantae","Magnoliopsida","VU",NA,NA
"Ficus cumingii","t0073954","Plantae","Magnoliopsida","LC",NA,"LC"
"Ficus hispida","t0073956","Plantae","Magnoliopsida","LC",NA,NA
"Ficus racemosa","t0073960","Plantae","Magnoliopsida","LC",NA,NA
"Ficus rubiginosa","t0073961","Plantae","Magnoliopsida","LC",NA,NA
"Ficus ruficaulis","t0073962","Plantae","Magnoliopsida","LC",NA,"NT"
"Ficus stricta","t0073963","Plantae","Magnoliopsida","LC",NA,NA
"Firmiana simplex","t0073967","Plantae","Magnoliopsida","LC",NA,"LC"
"Frailea schilinzkyana","t0074007","Plantae","Magnoliopsida","VU",NA,NA
"Fraxinus uhdei","t0074011","Plantae","Magnoliopsida","LC",NA,NA
"Frullania jackii","t0074036","Plantae","Jungermanniopsida","VU",NA,NA
"Funtumia elastica","t0074068","Plantae","Magnoliopsida","LC",NA,NA
"Galactia tenuiflora","t0074074","Plantae","Magnoliopsida","LC",NA,"LC"
"Garcinia morella","t0074080","Plantae","Magnoliopsida","LC",NA,NA
"Gleditsia sinensis","t0074112","Plantae","Magnoliopsida","LC",NA,NA
"Gliricidia sepium","t0074113","Plantae","Magnoliopsida","LC",NA,NA
"Gloriosa superba","t0074122","Plantae","Magnoliopsida","LC",NA,NA
"Gmelina chinensis","t0074132","Plantae","Magnoliopsida","LC",NA,NA
"Gmelina philippensis","t0074133","Plantae","Magnoliopsida","LC",NA,NA
"Goniothalamus chinensis","t0074148","Plantae","Magnoliopsida","LC",NA,NA
"Grevillea banksii","t0074177","Plantae","Magnoliopsida","LC",NA,NA
"Grewia asiatica","t0074178","Plantae","Magnoliopsida","LC",NA,NA
"Gymnocalycium baldianum","t0074189","Plantae","Magnoliopsida","LC",NA,NA
"Gymnocalycium denudatum","t0074190","Plantae","Magnoliopsida","EN",NA,NA
"Gymnocalycium mihanovichii","t0074191","Plantae","Magnoliopsida","LC",NA,NA
"Haageocereus decumbens","t0074201","Plantae","Magnoliopsida","LC",NA,NA
"Hamelia patens","t0074220","Plantae","Magnoliopsida","LC",NA,NA
"Helianthus debilis","t0074249","Plantae","Magnoliopsida","LC",NA,NA
"Helianthus tuberosus","t0074250","Plantae","Magnoliopsida","LC",NA,NA
"Euploca procumbens","t0074255","Plantae","Magnoliopsida","LC",NA,NA
"Heptapleurum minutistellatum","t0074263","Plantae","Magnoliopsida","LC",NA,NA
"Hibiscus moscheutos","t0074288","Plantae","Magnoliopsida","LC",NA,NA
"Howea belmoreana","t0074315","Plantae","Magnoliopsida","VU",NA,NA
"Hura crepitans","t0074321","Plantae","Magnoliopsida","LC",NA,NA
"Hydrocotyle javanica","t0074327","Plantae","Magnoliopsida","LC",NA,"LC"
"Hygrophila difformis","t0074334","Plantae","Magnoliopsida","LC",NA,NA
"Hygrophila salicifolia","t0074336","Plantae","Magnoliopsida","LC",NA,"NT"
"Hymenaea courbaril","t0074340","Plantae","Magnoliopsida","LC",NA,NA
"Hyophorbe verschaffeltii","t0074343","Plantae","Magnoliopsida","CR",NA,NA
"Hyphaene thebaica","t0074344","Plantae","Magnoliopsida","LC",NA,NA
"Ilex aquifolium","t0074370","Plantae","Magnoliopsida","LC",NA,NA
"Ilex latifolia","t0074371","Plantae","Magnoliopsida","LC",NA,NA
"Ilex opaca","t0074372","Plantae","Magnoliopsida","LC",NA,NA
"Ilex sugerokii","t0074373","Plantae","Magnoliopsida","LC",NA,"LC"
"Ilex yunnanensis","t0074374","Plantae","Magnoliopsida","LC",NA,"LC"
"Intsia bijuga","t0074377","Plantae","Magnoliopsida","NT",NA,NA
"Isoetes taiwanensis","t0074390","Plantae","Lycopodiopsida","CR",NA,"CR"
"Ixora brachiata","t0074397","Plantae","Magnoliopsida","LC",NA,NA
"Jacaranda acutifolia","t0074407","Plantae","Magnoliopsida","LC",NA,NA
"Jatropha curcas","t0074428","Plantae","Magnoliopsida","LC",NA,NA
"Jubaea chilensis","t0074430","Plantae","Magnoliopsida","EN",NA,NA
"Juniperus chinensis","t0074435","Plantae","Pinopsida","LC",NA,"VU"
"Juniperus formosana","t0074436","Plantae","Pinopsida","LC",NA,"LC"
"Juniperus procera","t0074437","Plantae","Pinopsida","LC",NA,NA
"Juniperus virginiana","t0074438","Plantae","Pinopsida","LC",NA,NA
"Justicia adhatoda","t0074439","Plantae","Magnoliopsida","LC",NA,NA
"Kalanchoe beharensis","t0074441","Plantae","Magnoliopsida","VU",NA,NA
"Kalanchoe tomentosa","t0074444","Plantae","Magnoliopsida","LC",NA,NA
"Keteleeria evelyniana","t0074446","Plantae","Pinopsida","VU",NA,NA
"Keteleeria fortunei","t0074447","Plantae","Pinopsida","NT",NA,NA
"Koelreuteria paniculata","t0074464","Plantae","Magnoliopsida","LC",NA,NA
"Lantana involucrata","t0074481","Plantae","Magnoliopsida","LC",NA,NA
"Latania loddigesii","t0074487","Plantae","Magnoliopsida","EN",NA,NA
"Latania lontaroides","t0074488","Plantae","Magnoliopsida","EN",NA,NA
"Latania verschaffeltii","t0074489","Plantae","Magnoliopsida","CR",NA,NA
"Lawsonia inermis","t0074504","Plantae","Magnoliopsida","LC",NA,NA
"Leea indica","t0074507","Plantae","Magnoliopsida","LC",NA,NA
"Leptospermum scoparium","t0074555","Plantae","Magnoliopsida","LC",NA,NA
"Lespedeza thunbergii","t0074560","Plantae","Magnoliopsida","DD",NA,"LC"
"Leuchtenbergia principis","t0074562","Plantae","Magnoliopsida","LC",NA,NA
"Lindernia hyssopioides","t0074593","Plantae","Magnoliopsida","LC",NA,"DD"
"Craterostigma sessiliflorum","t0074594","Plantae","Magnoliopsida","LC",NA,NA
"Liquidambar orientalis","t0074600","Plantae","Magnoliopsida","EN",NA,NA
"Liquidambar styraciflua","t0074601","Plantae","Magnoliopsida","LC",NA,NA
"Liriodendron chinense","t0074602","Plantae","Magnoliopsida","NT",NA,NA
"Liriodendron tulipifera","t0074603","Plantae","Magnoliopsida","LC",NA,NA
"Lithocarpus kawakamii","t0074604","Plantae","Magnoliopsida","LC",NA,"LC"
"Litsea acuminata","t0074608","Plantae","Magnoliopsida","LC",NA,"LC"
"Litsea cubeba","t0074609","Plantae","Magnoliopsida","LC",NA,"LC"
"Litsea elongata","t0074610","Plantae","Magnoliopsida","LC",NA,"LC"
"Litsea perrottetii","t0074611","Plantae","Magnoliopsida","NT",NA,NA
"Litsea rotundifolia","t0074612","Plantae","Magnoliopsida","LC",NA,"LC"
"Livistona chinensis","t0074613","Plantae","Magnoliopsida","LC",NA,"VU"
"Livistona saribus","t0074616","Plantae","Magnoliopsida","LC",NA,NA
"Lobelia cardinalis","t0074617","Plantae","Magnoliopsida","LC",NA,NA
"Lophophora williamsii","t0074639","Plantae","Magnoliopsida","VU",NA,NA
"Lupinus albus","t0074652","Plantae","Magnoliopsida","LC",NA,NA
"Lupinus luteus","t0074656","Plantae","Magnoliopsida","LC",NA,NA
"Lupinus micranthus","t0074657","Plantae","Magnoliopsida","LC",NA,NA
"Lupinus nanus","t0074659","Plantae","Magnoliopsida","LC",NA,NA
"Lupinus polyphyllus","t0074660","Plantae","Magnoliopsida","LC",NA,NA
"Lyonia ovalifolia","t0074671","Plantae","Magnoliopsida","LC",NA,"LC"
"Lysidice rhodostegia","t0074673","Plantae","Magnoliopsida","LC",NA,NA
"Machilus obovatifolia","t0074679","Plantae","Magnoliopsida","LC",NA,"LC"
"Macrozamia communis","t0074693","Plantae","Cycadopsida","LC",NA,NA
"Magnolia denudata","t0074695","Plantae","Magnoliopsida","LC",NA,NA
"Magnolia grandiflora","t0074696","Plantae","Magnoliopsida","LC",NA,NA
"Magnolia liliiflora","t0074697","Plantae","Magnoliopsida","DD",NA,NA
"Malus halliana","t0074702","Plantae","Magnoliopsida","DD",NA,NA
"Mammillaria bocasana","t0074704","Plantae","Magnoliopsida","LC",NA,NA
"Mammillaria bombycina","t0074705","Plantae","Magnoliopsida","VU",NA,NA
"Mammillaria columbiana","t0074711","Plantae","Magnoliopsida","LC",NA,NA
"Mammillaria elongata","t0074713","Plantae","Magnoliopsida","LC",NA,NA
"Mammillaria hahniana","t0074715","Plantae","Magnoliopsida","NT",NA,NA
"Mammillaria mazatlanensis","t0074719","Plantae","Magnoliopsida","LC",NA,NA
"Mammillaria parkinsonii","t0074721","Plantae","Magnoliopsida","EN",NA,NA
"Mammillaria perbella","t0074722","Plantae","Magnoliopsida","VU",NA,NA
"Mammillaria plumosa","t0074723","Plantae","Magnoliopsida","NT",NA,NA
"Mammillaria prolifera","t0074724","Plantae","Magnoliopsida","LC",NA,NA
"Mammillaria rhodantha","t0074725","Plantae","Magnoliopsida","LC",NA,NA
"Mammillaria surculosa","t0074727","Plantae","Magnoliopsida","EN",NA,NA
"Manihot glaziovii","t0074729","Plantae","Magnoliopsida","LC",NA,NA
"Melaleuca linariifolia","t0074762","Plantae","Magnoliopsida","LC",NA,NA
"Melastoma dodecandrum","t0074764","Plantae","Magnoliopsida","LC",NA,NA
"Millettia pulchra","t0074822","Plantae","Magnoliopsida","LC",NA,"CR"
"Mimusops elengi","t0074824","Plantae","Magnoliopsida","LC",NA,NA
"Moringa oleifera","t0074849","Plantae","Magnoliopsida","LC",NA,NA
"Musa coccinea","t0074861","Plantae","Magnoliopsida","EN",NA,NA
"Musa ornata","t0074864","Plantae","Magnoliopsida","LC",NA,NA
"Mussaenda erythrophylla","t0074867","Plantae","Magnoliopsida","LC",NA,NA
"Mussaenda frondosa","t0074869","Plantae","Magnoliopsida","LC",NA,NA
"Myristica ceylanica","t0074873","Plantae","Magnoliopsida","VU",NA,"VU"
"Myristica elliptica","t0074874","Plantae","Magnoliopsida","LC",NA,"EN"
"Myristica fragrans","t0074875","Plantae","Magnoliopsida","DD",NA,NA
"Myroxylon balsamum","t0074876","Plantae","Magnoliopsida","LC",NA,NA
"Myrtillocactus geometrizans","t0074878","Plantae","Magnoliopsida","LC",NA,NA
"Najas guadalupensis","t0074879","Plantae","Magnoliopsida","LC",NA,NA
"Nephelium lappaceum","t0074921","Plantae","Magnoliopsida","LC",NA,NA
"Neptunia plena","t0074928","Plantae","Magnoliopsida","LC",NA,NA
"Nitella flexilis","t0074948","Plantae","Charophyceae","LC",NA,NA
"Nitella tenuissima","t0074954","Plantae","Charophyceae","LC",NA,NA
"Nopalea cochenillifera","t0074956","Plantae","Magnoliopsida","DD",NA,NA
"Nymphaea lotus","t0074968","Plantae","Magnoliopsida","LC",NA,NA
"Nymphaea odorata","t0074970","Plantae","Magnoliopsida","LC",NA,NA
"Nymphoides peltata","t0074971","Plantae","Magnoliopsida","LC",NA,NA
"Ochna serrulata","t0074974","Plantae","Magnoliopsida","LC",NA,NA
"Opuntia basilaris","t0075005","Plantae","Magnoliopsida","LC",NA,NA
"Opuntia elatior","t0075007","Plantae","Magnoliopsida","LC",NA,NA
"Opuntia lagunae","t0075009","Plantae","Magnoliopsida","LC",NA,NA
"Opuntia leucotricha","t0075010","Plantae","Magnoliopsida","LC",NA,NA
"Opuntia microdasys","t0075013","Plantae","Magnoliopsida","LC",NA,NA
"Opuntia stricta","t0075015","Plantae","Magnoliopsida","LC",NA,NA
"Ormosia monosperma","t0075021","Plantae","Magnoliopsida","LC",NA,NA
"Oroxylum indicum","t0075024","Plantae","Magnoliopsida","LC",NA,NA
"Pachycereus pecten-aboriginum","t0075049","Plantae","Magnoliopsida","LC",NA,NA
"Pachycereus pringlei","t0075050","Plantae","Magnoliopsida","LC",NA,NA
"Pachypodium geayi","t0075052","Plantae","Magnoliopsida","LC",NA,NA
"Palaquium gutta","t0075059","Plantae","Magnoliopsida","NT",NA,NA
"Panax ginseng","t0075069","Plantae","Magnoliopsida","CR",NA,NA
"Pandanus boninensis","t0075073","Plantae","Magnoliopsida","LC",NA,NA
"Pandanus dubius","t0075074","Plantae","Magnoliopsida","LC",NA,NA
"Paphiopedilum argus","t0075082","Plantae","Magnoliopsida","EN",NA,NA
"Paphiopedilum barbatum","t0075083","Plantae","Magnoliopsida","EN",NA,NA
"Paphiopedilum bellatulum","t0075084","Plantae","Magnoliopsida","EN",NA,NA
"Paphiopedilum callosum","t0075085","Plantae","Magnoliopsida","EN",NA,NA
"Paphiopedilum ciliolare","t0075086","Plantae","Magnoliopsida","EN",NA,NA
"Paphiopedilum concolor","t0075087","Plantae","Magnoliopsida","EN",NA,NA
"Paphiopedilum dayanum","t0075088","Plantae","Magnoliopsida","CR",NA,NA
"Paphiopedilum delenatii","t0075089","Plantae","Magnoliopsida","CR",NA,NA
"Paphiopedilum exul","t0075090","Plantae","Magnoliopsida","CR",NA,NA
"Paphiopedilum fairrieanum","t0075091","Plantae","Magnoliopsida","CR",NA,NA
"Paphiopedilum glaucophyllum","t0075092","Plantae","Magnoliopsida","EN",NA,NA
"Paphiopedilum godefroyae","t0075093","Plantae","Magnoliopsida","EN",NA,NA
"Paphiopedilum haynaldianum","t0075094","Plantae","Magnoliopsida","EN",NA,NA
"Paphiopedilum hirsutissimum","t0075095","Plantae","Magnoliopsida","VU",NA,NA
"Paphiopedilum insigne","t0075097","Plantae","Magnoliopsida","EN",NA,NA
"Paphiopedilum javanicum","t0075098","Plantae","Magnoliopsida","EN",NA,NA
"Paphiopedilum lowii","t0075099","Plantae","Magnoliopsida","EN",NA,NA
"Paphiopedilum niveum","t0075100","Plantae","Magnoliopsida","EN",NA,NA
"Paphiopedilum parishii","t0075101","Plantae","Magnoliopsida","EN",NA,NA
"Paphiopedilum philippinense","t0075102","Plantae","Magnoliopsida","NT",NA,NA
"Paphiopedilum primulinum","t0075104","Plantae","Magnoliopsida","CR",NA,NA
"Paphiopedilum spicerianum","t0075106","Plantae","Magnoliopsida","EN",NA,NA
"Paphiopedilum stonei","t0075107","Plantae","Magnoliopsida","CR",NA,NA
"Paphiopedilum sukhakulii","t0075108","Plantae","Magnoliopsida","CR",NA,NA
"Paphiopedilum tonsum","t0075110","Plantae","Magnoliopsida","EN",NA,NA
"Paphiopedilum venustum","t0075111","Plantae","Magnoliopsida","EN",NA,NA
"Paphiopedilum villosum","t0075112","Plantae","Magnoliopsida","VU",NA,NA
"Parmentiera cereifera","t0075128","Plantae","Magnoliopsida","LC",NA,NA
"Peltophorum africanum","t0075159","Plantae","Magnoliopsida","LC",NA,NA
"Peniocereus greggii","t0075161","Plantae","Magnoliopsida","LC",NA,NA
"Pereskia aculeata","t0075183","Plantae","Magnoliopsida","LC",NA,NA
"Pereskia grandifolia","t0075184","Plantae","Magnoliopsida","LC",NA,NA
"Pereskia sacharosa","t0075185","Plantae","Magnoliopsida","LC",NA,NA
"Persicaria barbata","t0075187","Plantae","Magnoliopsida","LC",NA,"LC"
"Phalaenopsis violacea","t0075231","Plantae","Magnoliopsida","VU",NA,NA
"Phaseolus coccineus","t0075233","Plantae","Magnoliopsida","LC",NA,NA
"Philodendron gloriosum","t0075246","Plantae","Magnoliopsida","VU",NA,NA
"Phoenix reclinata","t0075266","Plantae","Magnoliopsida","LC",NA,NA
"Phoenix rupicola","t0075268","Plantae","Magnoliopsida","NT",NA,NA
"Phyllanthus microcarpus","t0075274","Plantae","Magnoliopsida","LC",NA,NA
"Picea glauca","t0075278","Plantae","Pinopsida","LC",NA,NA
"Pinus armandii","t0075294","Plantae","Pinopsida","LC",NA,"LC"
"Pinus attenuata","t0075295","Plantae","Pinopsida","LC",NA,NA
"Pinus banksiana","t0075296","Plantae","Pinopsida","LC",NA,NA
"Pinus canariensis","t0075297","Plantae","Pinopsida","LC",NA,NA
"Pinus clausa","t0075298","Plantae","Pinopsida","LC",NA,NA
"Pinus densata","t0075299","Plantae","Pinopsida","LC",NA,NA
"Pinus densiflora","t0075300","Plantae","Pinopsida","LC",NA,NA
"Pinus echinata","t0075301","Plantae","Pinopsida","LC",NA,NA
"Pinus elliottii","t0075302","Plantae","Pinopsida","LC",NA,NA
"Pinus halepensis","t0075303","Plantae","Pinopsida","LC",NA,NA
"Pinus koraiensis","t0075305","Plantae","Pinopsida","LC",NA,NA
"Pinus massoniana","t0075307","Plantae","Pinopsida","LC",NA,"LC"
"Pinus merkusii","t0075308","Plantae","Pinopsida","VU",NA,NA
"Pinus nigra","t0075309","Plantae","Pinopsida","LC",NA,NA
"Pinus oocarpa","t0075310","Plantae","Pinopsida","LC",NA,NA
"Pinus palustris","t0075311","Plantae","Pinopsida","EN",NA,NA
"Pinus patula","t0075312","Plantae","Pinopsida","LC",NA,NA
"Pinus pinaster","t0075313","Plantae","Pinopsida","LC",NA,NA
"Pinus pinea","t0075314","Plantae","Pinopsida","LC",NA,NA
"Pinus radiata","t0075315","Plantae","Pinopsida","EN",NA,NA
"Pinus rigida","t0075316","Plantae","Pinopsida","LC",NA,NA
"Pinus roxburghii","t0075317","Plantae","Pinopsida","LC",NA,NA
"Pinus strobus","t0075318","Plantae","Pinopsida","LC",NA,NA
"Pinus sylvestris","t0075319","Plantae","Pinopsida","LC",NA,NA
"Pinus taeda","t0075320","Plantae","Pinopsida","LC",NA,NA
"Pinus yunnanensis","t0075321","Plantae","Pinopsida","LC",NA,NA
"Piper aduncum","t0075322","Plantae","Magnoliopsida","LC",NA,NA
"Pisonia umbellifera","t0075332","Plantae","Magnoliopsida","LC",NA,"LC"
"Pistacia terebinthus","t0075333","Plantae","Magnoliopsida","LC",NA,NA
"Pithecellobium dulce","t0075337","Plantae","Magnoliopsida","LC",NA,NA
"Pleurozia gigantea","t0075414","Plantae","Jungermanniopsida","LC",NA,NA
"Plumeria obtusa","t0075421","Plantae","Magnoliopsida","LC",NA,NA
"Podocarpus elongatus","t0075424","Plantae","Pinopsida","LC",NA,NA
"Pogostemon stellatus","t0075432","Plantae","Magnoliopsida","LC",NA,"EN"
"Polaskia chichipe","t0075436","Plantae","Magnoliopsida","LC",NA,NA
"Polyscias balfouriana","t0075443","Plantae","Magnoliopsida","DD",NA,NA
"Polyscias scutellaria","t0075446","Plantae","Magnoliopsida","LC",NA,NA
"Populus deltoides","t0075453","Plantae","Magnoliopsida","LC",NA,NA
"Populus nigra","t0075455","Plantae","Magnoliopsida","DD",NA,NA
"Posoqueria longiflora","t0075472","Plantae","Magnoliopsida","LC",NA,NA
"Prunella vulgaris","t0075486","Plantae","Magnoliopsida","LC",NA,"LC"
"Prunus glandulosa","t0075488","Plantae","Magnoliopsida","DD",NA,NA
"Prunus serrulata","t0075490","Plantae","Magnoliopsida","LC",NA,NA
"Prunus taiwaniana","t0075491","Plantae","Magnoliopsida","VU",NA,"LC"
"Prunus transarisanensis","t0075492","Plantae","Magnoliopsida","NT",NA,"NT"
"Pseudophoenix vinifera","t0075506","Plantae","Magnoliopsida","VU",NA,NA
"Pseudotaxus chienii","t0075510","Plantae","Pinopsida","VU",NA,NA
"Pseudotsuga menziesii","t0075511","Plantae","Pinopsida","LC",NA,NA
"Pterocarpus santalinus","t0075525","Plantae","Magnoliopsida","EN",NA,NA
"Pterocarya stenoptera","t0075527","Plantae","Magnoliopsida","LC",NA,NA
"Pterospermum acerifolium","t0075529","Plantae","Magnoliopsida","LC",NA,NA
"Quassia amara","t0075564","Plantae","Magnoliopsida","LC",NA,NA
"Rauvolfia serpentina","t0075610","Plantae","Magnoliopsida","NT",NA,NA
"Ravenea rivularis","t0075611","Plantae","Magnoliopsida","VU",NA,NA
"Rebutia minuscula","t0075615","Plantae","Magnoliopsida","LC",NA,NA
"Rhaphiolepis indica","t0075631","Plantae","Magnoliopsida","LC",NA,"LC"
"Rhopalostylis sapida","t0075650","Plantae","Magnoliopsida","LC",NA,NA
"Rotala indica","t0075698","Plantae","Magnoliopsida","LC",NA,"LC"
"Sabal minor","t0075713","Plantae","Magnoliopsida","LC",NA,NA
"Sabal palmetto","t0075714","Plantae","Magnoliopsida","LC",NA,NA
"Sanguisorba officinalis","t0075732","Plantae","Magnoliopsida","LC",NA,"CR"
"Santalum album","t0075738","Plantae","Magnoliopsida","VU",NA,NA
"Saraca indica","t0075742","Plantae","Magnoliopsida","LC",NA,NA
"Sarracenia leucophylla","t0075748","Plantae","Magnoliopsida","VU",NA,NA
"Sassafras tzumu","t0075749","Plantae","Magnoliopsida","LC",NA,NA
"Schoenoplectiella mucronata","t0075836","Plantae","Magnoliopsida","LC",NA,"LC"
"Schoenoplectiella supina","t0075837","Plantae","Magnoliopsida","LC",NA,"NT"
"Scindapsus hederaceus","t0075850","Plantae","Magnoliopsida","LC",NA,NA
"Scleria harlandii","t0075851","Plantae","Magnoliopsida","LC",NA,NA
"Scolopia chinensis","t0075853","Plantae","Magnoliopsida","LC",NA,NA
"Selenicereus grandiflorus","t0075873","Plantae","Magnoliopsida","LC",NA,NA
"Senecio scandens","t0075890","Plantae","Magnoliopsida","LC",NA,"LC"
"Senna surattensis","t0075893","Plantae","Magnoliopsida","LC",NA,NA
"Sequoia sempervirens","t0075894","Plantae","Pinopsida","EN",NA,NA
"Sequoiadendron giganteum","t0075895","Plantae","Pinopsida","EN",NA,NA
"Sesbania bispinosa","t0075896","Plantae","Magnoliopsida","LC",NA,NA
"Sesbania javanica","t0075897","Plantae","Magnoliopsida","LC",NA,NA
"Severinia buxifolia","t0075899","Plantae","Magnoliopsida","LC",NA,"LC"
"Silene vulgaris","t0075913","Plantae","Magnoliopsida","LC",NA,NA
"Silybum marianum","t0075914","Plantae","Magnoliopsida","LC",NA,NA
"Sindora supa","t0075916","Plantae","Magnoliopsida","VU",NA,NA
"Sonneratia alba","t0075944","Plantae","Magnoliopsida","LC",NA,NA
"Spiraea cantoniensis","t0075958","Plantae","Magnoliopsida","LC",NA,NA
"Stapelia hirsuta","t0075978","Plantae","Magnoliopsida","LC",NA,NA
"Stephanotis floribunda","t0076026","Plantae","Magnoliopsida","VU",NA,NA
"Sterculia foetida","t0076030","Plantae","Magnoliopsida","LC",NA,NA
"Streptocarpus saxorum","t0076040","Plantae","Magnoliopsida","LC",NA,NA
"Daphniphyllum macropodum","t0084595","Plantae","Magnoliopsida","LC",NA,"LC"
"Acer buergerianum formosanum","t0086587","Plantae","Magnoliopsida","CR",NA,"CR"
"Acer palmatum pubescens","t0086589","Plantae","Magnoliopsida","LC",NA,"LC"
"Ailanthus altissima tanakai","t0086603","Plantae","Magnoliopsida","EN",NA,"LC"
"Chamaecyparis obtusa formosana","t0086676","Plantae","Pinopsida","VU",NA,"NT"
"Myristica elliptica simiarum","t0086904","Plantae","Magnoliopsida","LC",NA,"EN"
"Phellodendron amurense wilsonii","t0086945","Plantae","Magnoliopsida","DD",NA,"CR"
"Juncus effusus decipiens","t0087380","Plantae","Magnoliopsida","LC",NA,"LC"
"Juniperus chinensis chinensis","t0087606","Plantae","Pinopsida","LC",NA,NA
"Cyperus mitis","t0099244","Plantae","Magnoliopsida","LC",NA,NA
"Ipomoea cordatotriloba","t0099248","Plantae","Magnoliopsida","LC",NA,NA
"Melastoma sanguineum","t0099250","Plantae","Magnoliopsida","LC",NA,NA
"Abelmoschus manihot","t0099251","Plantae","Magnoliopsida","DD",NA,NA
"Acer buergerianum","t0099262","Plantae","Magnoliopsida","LC",NA,"CR"
"Sporobolus indicus","t0099300","Plantae","Magnoliopsida","LC",NA,"LC"
"Aidia canthioides","t0099305","Plantae","Magnoliopsida","LC",NA,NA
"Anneslea fragrans","t0099345","Plantae","Magnoliopsida","LC",NA,NA
"Artocarpus rigidus","t0099371","Plantae","Magnoliopsida","LC",NA,NA
"Bolboschoenus maritimus","t0099421","Plantae","Magnoliopsida","LC",NA,"LC"
"Urochloa ramosa","t0099431","Plantae","Magnoliopsida","LC",NA,NA
"Erythrina corallodendron","t0099604","Plantae","Magnoliopsida","LC",NA,NA
"Flacourtia indica","t0099654","Plantae","Magnoliopsida","LC",NA,NA
"Tsuga chinensis","t0099673","Plantae","Pinopsida","LC",NA,"LC"
"Vicia sativa","t0099697","Plantae","Magnoliopsida","LC",NA,NA
"Ipomoea pes-caprae","t0100319","Plantae","Magnoliopsida","LC",NA,"LC"
"Jatropha gossypiifolia","t0100335","Plantae","Magnoliopsida","LC",NA,NA
"Juncus effusus","t0100339","Plantae","Magnoliopsida","LC",NA,"LC"
"Juniperus procumbens","t0100343","Plantae","Pinopsida","LC",NA,NA
"Keteleeria davidiana","t0100346","Plantae","Pinopsida","LC",NA,"CR"
"Sagittaria guayanensis","t0100390","Plantae","Magnoliopsida","LC",NA,"EN"
"Rhynchospora rugosa","t0100408","Plantae","Magnoliopsida","LC",NA,"VU"
"Trapa natans","t0100527","Plantae","Magnoliopsida","LC",NA,NA
"Lobelia alsinoides","t0100544","Plantae","Magnoliopsida","LC",NA,"LC"
"Melaleuca cajuputi","t0100584","Plantae","Magnoliopsida","LC",NA,NA
"Musa itinerans","t0100608","Plantae","Magnoliopsida","LC",NA,"CR"
"Commelina erecta","t0100765","Plantae","Magnoliopsida","LC",NA,NA
"Cornus kousa","t0100771","Plantae","Magnoliopsida","LC",NA,NA
"Crateva adansonii","t0100779","Plantae","Magnoliopsida","LC",NA,"LC"
"Cypripedium reginae","t0100805","Plantae","Magnoliopsida","LC",NA,NA
"Daphniphyllum × lanyuense","t0100809","Plantae","Magnoliopsida","LC",NA,"NT"
"Potentilla supina","t0100900","Plantae","Magnoliopsida","LC",NA,NA
"Ficus superba","t0101625","Plantae","Magnoliopsida","LC",NA,"LC"
"Cyperus tuberosus","t0102095","Plantae","Magnoliopsida","LC",NA,"LC"
"Mussaenda albiflora","t0102113","Plantae","Magnoliopsida","VU",NA,"VU"
"Nymphaea nouchali","t0102114","Plantae","Magnoliopsida","LC",NA,"DD"
"Quercus stenophylloides","t0102122","Plantae","Magnoliopsida","LC",NA,"LC"
"Lithocarpus taitoensis","t0102260","Plantae","Magnoliopsida","LC",NA,"LC"
"Elatine ambigua","t0103249","Plantae","Magnoliopsida","LC",NA,"DD"
"Daphniphyllum pentandrum","t0103339","Plantae","Magnoliopsida","LC",NA,NA
"Spermacoce remota","t0103591","Plantae","Magnoliopsida","LC",NA,NA
"Elaeocarpus sylvestris","t0103659","Plantae","Magnoliopsida","LC",NA,"LC"
"Musa basjoo","t0103671","Plantae","Magnoliopsida","LC",NA,"LC"
"Passiflora suberosa","t0104442","Plantae","Magnoliopsida","LC",NA,NA
"Artocarpus altilis","t0104511","Plantae","Magnoliopsida","DD",NA,"LC"
"Chimonanthus praecox","t0104553","Plantae","Magnoliopsida","LC",NA,NA
"Elatine triandra","t0105428","Plantae","Magnoliopsida","LC",NA,NA
"Pyrenaria microcarpa","t0105623","Plantae","Magnoliopsida","LC",NA,NA
"Chara fibrosa","t0105937","Plantae","Charophyceae","LC",NA,NA
"Prunus marsupialis","t0106230","Plantae","Magnoliopsida","LC",NA,NA
"Marsilea crenata","t0106299","Plantae","Polypodiopsida","LC",NA,NA
"Boehmeria zollingeriana","t0106930","Plantae","Magnoliopsida","LC",NA,NA
"Stachytarpheta indica","t0107112","Plantae","Magnoliopsida","LC",NA,NA
"Cyperus sesquiflorus","t0107533","Plantae","Magnoliopsida","LC",NA,NA
"Cyperus nutans","t0123611","Plantae","Magnoliopsida","LC",NA,"LC"
"Neolitsea aurata","t0123669","Plantae","Magnoliopsida","LC",NA,NA
"Radermachera hainanensis","t0123762","Plantae","Magnoliopsida","LC",NA,NA
"Melaleuca leucadendra","t0123868","Plantae","Magnoliopsida","DD",NA,NA
"Hydrocotyle ranunculoides","t0123936","Plantae","Magnoliopsida","LC",NA,NA
"Schoenoplectus subulatus","t0124002","Plantae","Magnoliopsida","LC",NA,NA
"Fimbristylis ferruginea","t0124079","Plantae","Magnoliopsida","LC",NA,"LC"
"Cordia dentata","t0124135","Plantae","Magnoliopsida","LC",NA,NA
"Cephalanthus occidentalis","t0124154","Plantae","Magnoliopsida","LC",NA,NA
"Agrostis canina","t0124175","Plantae","Magnoliopsida","LC",NA,NA
"Desmanthus pernambucanus","t0124210","Plantae","Magnoliopsida","LC",NA,NA
"Bacopa floribunda","t0124226","Plantae","Magnoliopsida","LC",NA,NA
"Limnophila erecta","t0124228","Plantae","Magnoliopsida","LC",NA,NA
"Utricularia warburgii","t0124251","Plantae","Magnoliopsida","LC",NA,NA
"Epilobium nankotaizanense","t0053540","Plantae","Magnoliopsida",NA,"1","VU"
"Selaginella aristata","t0026315","Plantae","Lycopodiopsida",NA,NA,"LC"
"Selaginella boninensis","t0026316","Plantae","Lycopodiopsida",NA,NA,"NT"
"Selaginella ciliaris","t0026317","Plantae","Lycopodiopsida",NA,NA,"NT"
"Selaginella delicatula","t0026318","Plantae","Lycopodiopsida",NA,NA,"LC"
"Selaginella heterostachys","t0026320","Plantae","Lycopodiopsida",NA,NA,"LC"
"Selaginella involvens","t0026321","Plantae","Lycopodiopsida",NA,NA,"LC"
"Selaginella labordei","t0026322","Plantae","Lycopodiopsida",NA,NA,"LC"
"Selaginella lutchuensis","t0026323","Plantae","Lycopodiopsida",NA,NA,"EN"
"Selaginella moellendorffii","t0026324","Plantae","Lycopodiopsida",NA,NA,"LC"
"Selaginella nipponica","t0026325","Plantae","Lycopodiopsida",NA,NA,"EN"
"Selaginella remotifolia","t0026326","Plantae","Lycopodiopsida",NA,NA,"LC"
"Selaginella repanda","t0026327","Plantae","Lycopodiopsida",NA,NA,"LC"
"Selaginella stauntoniana","t0026328","Plantae","Lycopodiopsida",NA,NA,"LC"
"Selaginella tamariscina","t0026329","Plantae","Lycopodiopsida",NA,NA,"LC"
"Huperzia emeiensis","t0026331","Plantae","Lycopodiopsida",NA,NA,"DD"
"Huperzia herteriana","t0026332","Plantae","Lycopodiopsida",NA,NA,"DD"
"Huperzia liangshanica","t0026333","Plantae","Lycopodiopsida",NA,NA,"DD"
"Huperzia quasipolytrichoides","t0026334","Plantae","Lycopodiopsida",NA,NA,"LC"
"Huperzia selago","t0026335","Plantae","Lycopodiopsida",NA,NA,"VU"
"Huperzia myriophyllifolia","t0026336","Plantae","Lycopodiopsida",NA,NA,"DD"
"Huperzia somae","t0026337","Plantae","Lycopodiopsida",NA,NA,"LC"
"Phlegmariurus carinatus","t0026338","Plantae","Lycopodiopsida",NA,NA,"EN"
"Phlegmariurus changii","t0026339","Plantae","Lycopodiopsida",NA,NA,"DD"
"Phlegmariurus cryptomerinus","t0026340","Plantae","Lycopodiopsida",NA,NA,"NT"
"Phlegmariurus cunninghamioides","t0026341","Plantae","Lycopodiopsida",NA,NA,"CR"
"Phlegmariurus fargesii","t0026342","Plantae","Lycopodiopsida",NA,NA,"EN"
"Phlegmariurus fordii","t0026343","Plantae","Lycopodiopsida",NA,NA,"LC"
"Phlegmariurus phlegmaria","t0026344","Plantae","Lycopodiopsida",NA,NA,"EN"
"Phlegmariurus salvinioides","t0026345","Plantae","Lycopodiopsida",NA,NA,"EN"
"Phlegmariurus sieboldii","t0026346","Plantae","Lycopodiopsida",NA,NA,"EN"
"Phlegmariurus squarrosus","t0026347","Plantae","Lycopodiopsida",NA,NA,"EN"
"Lycopodiella cernua","t0026348","Plantae","Lycopodiopsida",NA,NA,"LC"
"Lycopodiastrum casuarinoides","t0026349","Plantae","Lycopodiopsida",NA,NA,"LC"
"Lycopodium annotinum","t0026350","Plantae","Lycopodiopsida",NA,NA,"VU"
"Lycopodium clavatum","t0026351","Plantae","Lycopodiopsida",NA,NA,"LC"
"Lycopodium complanatum","t0026352","Plantae","Lycopodiopsida",NA,NA,"LC"
"Lycopodium obscurum","t0026353","Plantae","Lycopodiopsida",NA,NA,"LC"
"Lycopodium veitchii","t0026354","Plantae","Lycopodiopsida",NA,NA,"LC"
"Ophioglossum austroasiaticum","t0026360","Plantae","Polypodiopsida",NA,NA,"LC"
"Ophioglossum petiolatum","t0026362","Plantae","Polypodiopsida",NA,NA,"LC"
"Ophioglossum thermale","t0026363","Plantae","Polypodiopsida",NA,NA,"NT"
"Helminthostachys zeylanica","t0026364","Plantae","Polypodiopsida",NA,NA,"CR"
"Botrychium lunaria","t0026365","Plantae","Polypodiopsida",NA,NA,"NT"
"Botrypus virginianus","t0026366","Plantae","Polypodiopsida",NA,NA,"EN"
"Japanobotrychium lanuginosum","t0026367","Plantae","Polypodiopsida",NA,NA,"VU"
"Sceptridium ternatum","t0026369","Plantae","Polypodiopsida",NA,NA,"EN"
"Angiopteris evecta","t0026370","Plantae","Polypodiopsida",NA,NA,"VU"
"Angiopteris lygodiifolia","t0026371","Plantae","Polypodiopsida",NA,NA,"LC"
"Angiopteris somae","t0026372","Plantae","Polypodiopsida",NA,NA,"EN"
"Osmunda japonica","t0026376","Plantae","Polypodiopsida",NA,NA,"LC"
"Plenasium banksiifolium","t0026378","Plantae","Polypodiopsida",NA,NA,"LC"
"Hymenophyllum acutum","t0026379","Plantae","Polypodiopsida",NA,NA,"VU"
"Hymenophyllum badium","t0026380","Plantae","Polypodiopsida",NA,NA,"LC"
"Hymenophyllum barbatum","t0026381","Plantae","Polypodiopsida",NA,NA,"LC"
"Hymenophyllum blandum","t0026382","Plantae","Polypodiopsida",NA,NA,"VU"
"Hymenophyllum denticulatum","t0026383","Plantae","Polypodiopsida",NA,NA,"NT"
"Hymenophyllum devolii","t0026384","Plantae","Polypodiopsida",NA,NA,"LC"
"Hymenophyllum digitatum","t0026385","Plantae","Polypodiopsida",NA,NA,"EN"
"Hymenophyllum fimbriatum","t0026386","Plantae","Polypodiopsida",NA,NA,"LC"
"Hymenophyllum holochilum","t0026387","Plantae","Polypodiopsida",NA,NA,"LC"
"Hymenophyllum javanicum","t0026388","Plantae","Polypodiopsida",NA,NA,"NT"
"Hymenophyllum nitidulum","t0026389","Plantae","Polypodiopsida",NA,NA,"NT"
"Hymenophyllum okadae","t0026390","Plantae","Polypodiopsida",NA,NA,"LC"
"Hymenophyllum oligosorum","t0026391","Plantae","Polypodiopsida",NA,NA,"LC"
"Hymenophyllum pallidum","t0026392","Plantae","Polypodiopsida",NA,NA,"VU"
"Hymenophyllum palmatifidum","t0026393","Plantae","Polypodiopsida",NA,NA,"CR"
"Hymenophyllum paniculiflorum","t0026394","Plantae","Polypodiopsida",NA,NA,"LC"
"Hymenophyllum pilosissimum","t0026395","Plantae","Polypodiopsida",NA,NA,"VU"
"Hymenophyllum productum","t0026396","Plantae","Polypodiopsida",NA,NA,"CR"
"Hymenophyllum semialatum","t0026397","Plantae","Polypodiopsida",NA,NA,"VU"
"Hymenophyllum simonsianum","t0026398","Plantae","Polypodiopsida",NA,NA,"CR"
"Hymenophyllum taiwanense","t0026399","Plantae","Polypodiopsida",NA,NA,"CR"
"Abrodictyum clathratum","t0026400","Plantae","Polypodiopsida",NA,NA,"NT"
"Abrodictyum cumingii","t0026401","Plantae","Polypodiopsida",NA,NA,"NT"
"Abrodictyum obscurum","t0026402","Plantae","Polypodiopsida",NA,NA,"LC"
"Callistopteris apiifolia","t0026403","Plantae","Polypodiopsida",NA,NA,"LC"
"Cephalomanes javanicum","t0026404","Plantae","Polypodiopsida",NA,NA,"NT"
"Crepidomanes bilabiatum","t0026405","Plantae","Polypodiopsida",NA,NA,"EN"
"Crepidomanes bipunctatum","t0026406","Plantae","Polypodiopsida",NA,NA,"CR"
"Crepidomanes grande","t0026407","Plantae","Polypodiopsida",NA,NA,"NT"
"Crepidomanes kurzii","t0026409","Plantae","Polypodiopsida",NA,NA,"NT"
"Crepidomanes latealatum","t0026410","Plantae","Polypodiopsida",NA,NA,"LC"
"Crepidomanes latemarginale","t0026411","Plantae","Polypodiopsida",NA,NA,"LC"
"Crepidomanes makinoi","t0026412","Plantae","Polypodiopsida",NA,NA,"LC"
"Crepidomanes minutum","t0026414","Plantae","Polypodiopsida",NA,NA,"LC"
"Crepidomanes parvifolium","t0026415","Plantae","Polypodiopsida",NA,NA,"CR"
"Crepidomanes rupicola","t0026416","Plantae","Polypodiopsida",NA,NA,"NT"
"Crepidomanes thysanostomum","t0026417","Plantae","Polypodiopsida",NA,NA,"NT"
"Crepidomanes vitiense","t0026418","Plantae","Polypodiopsida",NA,NA,"VU"
"Didymoglossum beccarianum","t0026419","Plantae","Polypodiopsida",NA,NA,"LC"
"Vandenboschia auriculata","t0026423","Plantae","Polypodiopsida",NA,NA,"LC"
"Vandenboschia kalamocarpa","t0026424","Plantae","Polypodiopsida",NA,NA,"LC"
"Vandenboschia striata","t0026426","Plantae","Polypodiopsida",NA,NA,"LC"
"Dicranopteris subpectinata","t0026429","Plantae","Polypodiopsida",NA,NA,"DD"
"Dicranopteris taiwanensis","t0026430","Plantae","Polypodiopsida",NA,NA,"LC"
"Dicranopteris tetraphylla","t0026431","Plantae","Polypodiopsida",NA,NA,"LC"
"Diplopterygium blotianum","t0026432","Plantae","Polypodiopsida",NA,NA,"LC"
"Diplopterygium chinensis","t0026433","Plantae","Polypodiopsida",NA,NA,"LC"
"Diplopterygium glaucum","t0026434","Plantae","Polypodiopsida",NA,NA,"LC"
"Diplopterygium laevissimum","t0026435","Plantae","Polypodiopsida",NA,NA,"LC"
"Cheiropleuria integrifolia","t0026436","Plantae","Polypodiopsida",NA,NA,"LC"
"Dipteris conjugata","t0026437","Plantae","Polypodiopsida",NA,NA,"LC"
"Lygodium japonicum","t0026438","Plantae","Polypodiopsida",NA,NA,"LC"
"Actinostachys digitata","t0026440","Plantae","Polypodiopsida",NA,NA,"VU"
"Schizaea dichotoma","t0026441","Plantae","Polypodiopsida",NA,NA,"CR"
"Plagiogyria adnata","t0026448","Plantae","Polypodiopsida",NA,NA,"LC"
"Plagiogyria euphlebia","t0026449","Plantae","Polypodiopsida",NA,NA,"LC"
"Plagiogyria falcata","t0026450","Plantae","Polypodiopsida",NA,NA,"LC"
"Plagiogyria glauca","t0026451","Plantae","Polypodiopsida",NA,NA,"LC"
"Plagiogyria japonica","t0026452","Plantae","Polypodiopsida",NA,NA,"VU"
"Plagiogyria koidzumii","t0026453","Plantae","Polypodiopsida",NA,NA,"CR"
"Plagiogyria stenoptera","t0026455","Plantae","Polypodiopsida",NA,NA,"LC"
"Alsophila metteniana","t0026459","Plantae","Polypodiopsida",NA,NA,"LC"
"Alsophila podophylla","t0026460","Plantae","Polypodiopsida",NA,NA,"LC"
"Sphaeropteris lepifera","t0026462","Plantae","Polypodiopsida",NA,NA,"LC"
"Cibotium taiwanense","t0026464","Plantae","Polypodiopsida",NA,NA,"LC"
"Lindsaea chienii","t0026466","Plantae","Polypodiopsida",NA,NA,"LC"
"Lindsaea cultrata","t0026467","Plantae","Polypodiopsida",NA,NA,"VU"
"Lindsaea ensifolia","t0026468","Plantae","Polypodiopsida",NA,NA,"NT"
"Lindsaea kawabatae","t0026471","Plantae","Polypodiopsida",NA,NA,"VU"
"Lindsaea lucida","t0026472","Plantae","Polypodiopsida",NA,NA,"VU"
"Lindsaea obtusa","t0026474","Plantae","Polypodiopsida",NA,NA,"NT"
"Lindsaea orbiculata","t0026475","Plantae","Polypodiopsida",NA,NA,"LC"
"Odontosoria biflora","t0026476","Plantae","Polypodiopsida",NA,NA,"LC"
"Odontosoria chinensis","t0026477","Plantae","Polypodiopsida",NA,NA,"LC"
"Odontosoria gracilis","t0026478","Plantae","Polypodiopsida",NA,NA,"NT"
"Osmolindsaea japonica","t0026479","Plantae","Polypodiopsida",NA,NA,"LC"
"Tapeinidium pinnatum","t0026483","Plantae","Polypodiopsida",NA,NA,"LC"
"Coniogramme fraxinea","t0026484","Plantae","Polypodiopsida",NA,NA,"LC"
"Coniogramme intermedia","t0026485","Plantae","Polypodiopsida",NA,NA,"LC"
"Coniogramme japonica","t0026486","Plantae","Polypodiopsida",NA,NA,"LC"
"Coniogramme procera","t0026487","Plantae","Polypodiopsida",NA,NA,"LC"
"Cryptogramma brunoniana","t0026488","Plantae","Polypodiopsida",NA,NA,"LC"
"Cryptogramma stelleri","t0026489","Plantae","Polypodiopsida",NA,NA,"NT"
"Anogramma leptophylla","t0026492","Plantae","Polypodiopsida",NA,NA,"NT"
"Onychium japonicum","t0026493","Plantae","Polypodiopsida",NA,NA,"LC"
"Onychium lucidum","t0026494","Plantae","Polypodiopsida",NA,NA,"LC"
"Onychium siliculosum","t0026495","Plantae","Polypodiopsida",NA,NA,"NT"
"Pteris angustipinna","t0026497","Plantae","Polypodiopsida",NA,NA,"CR"
"Pteris arisanensis","t0026498","Plantae","Polypodiopsida",NA,NA,"LC"
"Pteris bella","t0026499","Plantae","Polypodiopsida",NA,NA,"NT"
"Pteris biaurita","t0026500","Plantae","Polypodiopsida",NA,NA,"LC"
"Pteris cadieri","t0026501","Plantae","Polypodiopsida",NA,NA,"LC"
"Pteris dactylina","t0026503","Plantae","Polypodiopsida",NA,NA,"LC"
"Pteris deltodon","t0026504","Plantae","Polypodiopsida",NA,NA,"LC"
"Pteris ensiformis","t0026507","Plantae","Polypodiopsida",NA,NA,"LC"
"Pteris esquirolii","t0026508","Plantae","Polypodiopsida",NA,NA,"NT"
"Pteris formosana","t0026509","Plantae","Polypodiopsida",NA,NA,"LC"
"Pteris incurvata","t0026510","Plantae","Polypodiopsida",NA,NA,"LC"
"Pteris kawabatae","t0026511","Plantae","Polypodiopsida",NA,NA,"VU"
"Pteris kidoi","t0026512","Plantae","Polypodiopsida",NA,NA,"NT"
"Pteris latipinna","t0026513","Plantae","Polypodiopsida",NA,NA,"VU"
"Pteris longipes","t0026514","Plantae","Polypodiopsida",NA,NA,"LC"
"Pteris longipinna","t0026515","Plantae","Polypodiopsida",NA,NA,"LC"
"Pteris multifida","t0026516","Plantae","Polypodiopsida",NA,NA,"LC"
"Pteris venusta","t0026518","Plantae","Polypodiopsida",NA,NA,"EN"
"Pteris perplexa","t0026519","Plantae","Polypodiopsida",NA,NA,"LC"
"Pteris ryukyuensis","t0026521","Plantae","Polypodiopsida",NA,NA,"NT"
"Pteris scabristipes","t0026522","Plantae","Polypodiopsida",NA,NA,"LC"
"Pteris semipinnata","t0026523","Plantae","Polypodiopsida",NA,NA,"LC"
"Pteris tripartita","t0026527","Plantae","Polypodiopsida",NA,NA,"DD"
"Pteris wallichiana","t0026529","Plantae","Polypodiopsida",NA,NA,"LC"
"Pteris wulaiensis","t0026530","Plantae","Polypodiopsida",NA,NA,"CR"
"Aleuritopteris argentea","t0026533","Plantae","Polypodiopsida",NA,NA,"LC"
"Aleuritopteris formosana","t0026534","Plantae","Polypodiopsida",NA,NA,"LC"
"Aleuritopteris subargentea","t0026537","Plantae","Polypodiopsida",NA,NA,"DD"
"Cheilanthes chusana","t0026538","Plantae","Polypodiopsida",NA,NA,"LC"
"Cheilanthes tenuifolia","t0026540","Plantae","Polypodiopsida",NA,NA,"LC"
"Doryopteris concolor","t0026541","Plantae","Polypodiopsida",NA,NA,"LC"
"Paragymnopteris vestita","t0026542","Plantae","Polypodiopsida",NA,NA,"EN"
"Parahemionitis arifolia","t0026543","Plantae","Polypodiopsida",NA,NA,"VU"
"Adiantum capillus-junonis","t0026544","Plantae","Polypodiopsida",NA,NA,"CR"
"Adiantum caudatum","t0026545","Plantae","Polypodiopsida",NA,NA,"LC"
"Adiantum diaphanum","t0026546","Plantae","Polypodiopsida",NA,NA,"LC"
"Adiantum edgeworthii","t0026547","Plantae","Polypodiopsida",NA,NA,"LC"
"Adiantum flabellulatum","t0026548","Plantae","Polypodiopsida",NA,NA,"LC"
"Adiantum formosanum","t0026549","Plantae","Polypodiopsida",NA,NA,"VU"
"Adiantum hispidulum","t0026550","Plantae","Polypodiopsida",NA,NA,"LC"
"Adiantum menglianense","t0026552","Plantae","Polypodiopsida",NA,NA,"DD"
"Adiantum monochlamys","t0026553","Plantae","Polypodiopsida",NA,NA,"EN"
"Adiantum myriosorum","t0026554","Plantae","Polypodiopsida",NA,NA,"VU"
"Adiantum philippense","t0026555","Plantae","Polypodiopsida",NA,NA,"LC"
"Adiantum soboliferum","t0026557","Plantae","Polypodiopsida",NA,NA,"VU"
"Antrophyum castaneum","t0026562","Plantae","Polypodiopsida",NA,NA,"VU"
"Antrophyum formosanum","t0026563","Plantae","Polypodiopsida",NA,NA,"LC"
"Antrophyum henryi","t0026564","Plantae","Polypodiopsida",NA,NA,"VU"
"Antrophyum obovatum","t0026565","Plantae","Polypodiopsida",NA,NA,"LC"
"Antrophyum immersum","t0026566","Plantae","Polypodiopsida",NA,NA,"VU"
"Antrophyum sessilifolium","t0026567","Plantae","Polypodiopsida",NA,NA,"NT"
"Haplopteris heterophylla","t0026573","Plantae","Polypodiopsida",NA,NA,"CR"
"Vaginularia junghuhnii","t0026577","Plantae","Polypodiopsida",NA,NA,"NT"
"Vaginularia trichoidea","t0026578","Plantae","Polypodiopsida",NA,NA,"CR"
"Sitobolium hirsutum","t0026579","Plantae","Polypodiopsida",NA,NA,"LC"
"Dennstaedtia zeylanica","t0026580","Plantae","Polypodiopsida",NA,NA,"LC"
"Dennstaedtia scandens","t0026581","Plantae","Polypodiopsida",NA,NA,"LC"
"Microlepia smithii","t0026582","Plantae","Polypodiopsida",NA,NA,"LC"
"Histiopteris incisa","t0026583","Plantae","Polypodiopsida",NA,NA,"LC"
"Hypolepis alpina","t0026584","Plantae","Polypodiopsida",NA,NA,"LC"
"Hypolepis pallida","t0026585","Plantae","Polypodiopsida",NA,NA,"EN"
"Hypolepis punctata","t0026587","Plantae","Polypodiopsida",NA,NA,"LC"
"Hypolepis tenuifolia","t0026588","Plantae","Polypodiopsida",NA,NA,"LC"
"Microlepia calvescens","t0026589","Plantae","Polypodiopsida",NA,NA,"LC"
"Microlepia hookeriana","t0026590","Plantae","Polypodiopsida",NA,NA,"LC"
"Microlepia krameri","t0026591","Plantae","Polypodiopsida",NA,NA,"LC"
"Microlepia marginata","t0026592","Plantae","Polypodiopsida",NA,NA,"LC"
"Microlepia nepalensis","t0026593","Plantae","Polypodiopsida",NA,NA,"LC"
"Microlepia obtusiloba","t0026594","Plantae","Polypodiopsida",NA,NA,"LC"
"Microlepia platyphylla","t0026595","Plantae","Polypodiopsida",NA,NA,"CR"
"Microlepia rhomboidea","t0026596","Plantae","Polypodiopsida",NA,NA,"VU"
"Microlepia sinostrigosa","t0026597","Plantae","Polypodiopsida",NA,NA,"DD"
"Microlepia speluncae","t0026598","Plantae","Polypodiopsida",NA,NA,"LC"
"Microlepia strigosa","t0026599","Plantae","Polypodiopsida",NA,NA,"LC"
"Microlepia substrigosa","t0026600","Plantae","Polypodiopsida",NA,NA,"LC"
"Microlepia tenera","t0026601","Plantae","Polypodiopsida",NA,NA,"LC"
"Microlepia trichocarpa","t0026602","Plantae","Polypodiopsida",NA,NA,"NT"
"Microlepia trichosora","t0026603","Plantae","Polypodiopsida",NA,NA,"LC"
"Microlepia × bipinnata","t0026604","Plantae","Polypodiopsida",NA,NA,"LC"
"Microlepia intramarginalis","t0026605","Plantae","Polypodiopsida",NA,NA,"LC"
"Monachosorum henryi","t0026606","Plantae","Polypodiopsida",NA,NA,"LC"
"Monachosorum maximowiczii","t0026607","Plantae","Polypodiopsida",NA,NA,"LC"
"Paesia luzonica","t0026608","Plantae","Polypodiopsida",NA,NA,"CR"
"Bolbitis angustipinna","t0026612","Plantae","Polypodiopsida",NA,NA,"LC"
"Bolbitis heteroclita","t0026614","Plantae","Polypodiopsida",NA,NA,"LC"
"Bolbitis rhizophylla","t0026615","Plantae","Polypodiopsida",NA,NA,"NT"
"Bolbitis scalpturata","t0026616","Plantae","Polypodiopsida",NA,NA,"VU"
"Bolbitis subcordata","t0026617","Plantae","Polypodiopsida",NA,NA,"LC"
"Elaphoglossum callifolium","t0026621","Plantae","Polypodiopsida",NA,NA,"VU"
"Elaphoglossum commutatum","t0026622","Plantae","Polypodiopsida",NA,NA,"CR"
"Elaphoglossum luzonicum","t0026623","Plantae","Polypodiopsida",NA,NA,"VU"
"Elaphoglossum marginatum","t0026624","Plantae","Polypodiopsida",NA,NA,"LC"
"Elaphoglossum yoshinagae","t0026625","Plantae","Polypodiopsida",NA,NA,"LC"
"Lastreopsis tenera","t0026626","Plantae","Polypodiopsida",NA,NA,"NT"
"Pleocnemia winitii","t0026627","Plantae","Polypodiopsida",NA,NA,"LC"
"Arachniodes aristata","t0026628","Plantae","Polypodiopsida",NA,NA,"LC"
"Arachniodes festina","t0026630","Plantae","Polypodiopsida",NA,NA,"LC"
"Arachniodes globisora","t0026631","Plantae","Polypodiopsida",NA,NA,"NT"
"Arachniodes nigrospinosa","t0026632","Plantae","Polypodiopsida",NA,NA,"NT"
"Arachniodes pseudoaristata","t0026633","Plantae","Polypodiopsida",NA,NA,"LC"
"Arachniodes quadripinnata","t0026634","Plantae","Polypodiopsida",NA,NA,"LC"
"Ctenitis eatonii","t0026635","Plantae","Polypodiopsida",NA,NA,"LC"
"Ctenitis subglandulosa","t0026636","Plantae","Polypodiopsida",NA,NA,"LC"
"Cyrtomium anomophyllum","t0026637","Plantae","Polypodiopsida",NA,NA,"LC"
"Cyrtomium caryotideum","t0026638","Plantae","Polypodiopsida",NA,NA,"LC"
"Cyrtomium devexiscapulae","t0026639","Plantae","Polypodiopsida",NA,NA,"LC"
"Cyrtomium fortunei","t0026640","Plantae","Polypodiopsida",NA,NA,"VU"
"Cyrtomium macrophyllum","t0026641","Plantae","Polypodiopsida",NA,NA,"EN"
"Cyrtomium taiwanianum","t0026642","Plantae","Polypodiopsida",NA,NA,"VU"
"Cyrtomium simadae","t0026643","Plantae","Polypodiopsida",NA,NA,"EN"
"Dryopteris alpestris","t0026645","Plantae","Polypodiopsida",NA,NA,"LC"
"Dryopteris apiciflora","t0026646","Plantae","Polypodiopsida",NA,NA,"LC"
"Dryopteris atrata","t0026647","Plantae","Polypodiopsida",NA,NA,"LC"
"Dryopteris cacaina","t0026648","Plantae","Polypodiopsida",NA,NA,"LC"
"Dryopteris championii","t0026649","Plantae","Polypodiopsida",NA,NA,"VU"
"Dryopteris costalisora","t0026650","Plantae","Polypodiopsida",NA,NA,"LC"
"Dryopteris cycadina","t0026651","Plantae","Polypodiopsida",NA,NA,"LC"
"Dryopteris dickinsii","t0026652","Plantae","Polypodiopsida",NA,NA,"EN"
"Dryopteris diffracta","t0026653","Plantae","Polypodiopsida",NA,NA,"LC"
"Dryopteris enneaphylla","t0026655","Plantae","Polypodiopsida",NA,NA,"LC"
"Dryopteris erythrosora","t0026656","Plantae","Polypodiopsida",NA,NA,"EN"
"Dryopteris formosana","t0026658","Plantae","Polypodiopsida",NA,NA,"LC"
"Dryopteris fructuosa","t0026659","Plantae","Polypodiopsida",NA,NA,"LC"
"Dryopteris hendersonii","t0026662","Plantae","Polypodiopsida",NA,NA,"LC"
"Dryopteris indusiata","t0026664","Plantae","Polypodiopsida",NA,NA,"NT"
"Dryopteris integriloba","t0026665","Plantae","Polypodiopsida",NA,NA,"DD"
"Dryopteris kinkiensis","t0026667","Plantae","Polypodiopsida",NA,NA,"EN"
"Dryopteris komarovii","t0026668","Plantae","Polypodiopsida",NA,NA,"DD"
"Dryopteris kwanzanensis","t0026669","Plantae","Polypodiopsida",NA,NA,"DD"
"Dryopteris lacera","t0026670","Plantae","Polypodiopsida",NA,NA,"VU"
"Dryopteris lachoongensis","t0026671","Plantae","Polypodiopsida",NA,NA,"LC"
"Dryopteris lepidopoda","t0026672","Plantae","Polypodiopsida",NA,NA,"LC"
"Dryopteris marginata","t0026673","Plantae","Polypodiopsida",NA,NA,"LC"
"Dryopteris maximowicziana","t0026674","Plantae","Polypodiopsida",NA,NA,"VU"
"Dryopteris melanocarpa","t0026675","Plantae","Polypodiopsida",NA,NA,"LC"
"Dryopteris namegatae","t0026676","Plantae","Polypodiopsida",NA,NA,"VU"
"Dryopteris peranema","t0026679","Plantae","Polypodiopsida",NA,NA,"LC"
"Dryopteris polita","t0026680","Plantae","Polypodiopsida",NA,NA,"LC"
"Dryopteris pseudolunanensis","t0026682","Plantae","Polypodiopsida",NA,NA,"LC"
"Dryopteris pseudosieboldii","t0026683","Plantae","Polypodiopsida",NA,NA,"NT"
"Dryopteris redactopinnata","t0026684","Plantae","Polypodiopsida",NA,NA,"LC"
"Dryopteris reflexosquamata","t0026685","Plantae","Polypodiopsida",NA,NA,"LC"
"Dryopteris ryo-itoana","t0026686","Plantae","Polypodiopsida",NA,NA,"VU"
"Dryopteris scottii","t0026687","Plantae","Polypodiopsida",NA,NA,"LC"
"Dryopteris serratodentata","t0026688","Plantae","Polypodiopsida",NA,NA,"LC"
"Dryopteris sordidipes","t0026689","Plantae","Polypodiopsida",NA,NA,"LC"
"Dryopteris sparsa","t0026690","Plantae","Polypodiopsida",NA,NA,"LC"
"Dryopteris squamiseta","t0026691","Plantae","Polypodiopsida",NA,NA,"LC"
"Dryopteris stenolepis","t0026692","Plantae","Polypodiopsida",NA,NA,"LC"
"Dryopteris subatrata","t0026693","Plantae","Polypodiopsida",NA,NA,"LC"
"Dryopteris subexaltata","t0026694","Plantae","Polypodiopsida",NA,NA,"LC"
"Dryopteris sublacera","t0026695","Plantae","Polypodiopsida",NA,NA,"DD"
"Dryopteris subtriangularis","t0026696","Plantae","Polypodiopsida",NA,NA,"DD"
"Dryopteris tenuipes","t0026698","Plantae","Polypodiopsida",NA,NA,"DD"
"Dryopteris × toyamae","t0026699","Plantae","Polypodiopsida",NA,NA,"EN"
"Dryopteris transmorrisonensis","t0026700","Plantae","Polypodiopsida",NA,NA,"LC"
"Dryopteris varia","t0026701","Plantae","Polypodiopsida",NA,NA,"LC"
"Dryopteris yoroii","t0026705","Plantae","Polypodiopsida",NA,NA,"EN"
"Polystichum acanthophyllum","t0026708","Plantae","Polypodiopsida",NA,NA,"LC"
"Polystichum acutidens","t0026709","Plantae","Polypodiopsida",NA,NA,"LC"
"Polystichum atkinsonii","t0026710","Plantae","Polypodiopsida",NA,NA,"LC"
"Polystichum attenuatum","t0026711","Plantae","Polypodiopsida",NA,NA,"CR"
"Polystichum capillipes","t0026713","Plantae","Polypodiopsida",NA,NA,"CR"
"Polystichum chunii","t0026714","Plantae","Polypodiopsida",NA,NA,"CR"
"Polystichum pseudodeltodon","t0026715","Plantae","Polypodiopsida",NA,NA,"LC"
"Polystichum formosanum","t0026716","Plantae","Polypodiopsida",NA,NA,"LC"
"Polystichum fraxinellum","t0026717","Plantae","Polypodiopsida",NA,NA,"VU"
"Polystichum glaciale","t0026718","Plantae","Polypodiopsida",NA,NA,"VU"
"Polystichum grandifrons","t0026719","Plantae","Polypodiopsida",NA,NA,"CR"
"Polystichum hancockii","t0026720","Plantae","Polypodiopsida",NA,NA,"LC"
"Polystichum hecatopterum","t0026721","Plantae","Polypodiopsida",NA,NA,"LC"
"Polystichum herbaceum","t0026722","Plantae","Polypodiopsida",NA,NA,"CR"
"Polystichum lachenense","t0026724","Plantae","Polypodiopsida",NA,NA,"LC"
"Polystichum lepidocaulon","t0026725","Plantae","Polypodiopsida",NA,NA,"LC"
"Polystichum manmeiense","t0026726","Plantae","Polypodiopsida",NA,NA,"LC"
"Polystichum mucronifolium","t0026728","Plantae","Polypodiopsida",NA,NA,"LC"
"Polystichum nepalense","t0026730","Plantae","Polypodiopsida",NA,NA,"LC"
"Polystichum parvipinnulum","t0026732","Plantae","Polypodiopsida",NA,NA,"LC"
"Polystichum piceopaleaceum","t0026733","Plantae","Polypodiopsida",NA,NA,"LC"
"Polystichum prescottianum","t0026734","Plantae","Polypodiopsida",NA,NA,"VU"
"Polystichum prionolepis","t0026735","Plantae","Polypodiopsida",NA,NA,"LC"
"Polystichum sinense","t0026738","Plantae","Polypodiopsida",NA,NA,"LC"
"Polystichum stenophyllum","t0026739","Plantae","Polypodiopsida",NA,NA,"LC"
"Polystichum taizhongense","t0026740","Plantae","Polypodiopsida",NA,NA,"VU"
"Polystichum tenuius","t0026741","Plantae","Polypodiopsida",NA,NA,"CR"
"Polystichum thomsonii","t0026742","Plantae","Polypodiopsida",NA,NA,"NT"
"Polystichum xiphophyllum","t0026744","Plantae","Polypodiopsida",NA,NA,"EN"
"Lomariopsis boninensis","t0026748","Plantae","Polypodiopsida",NA,NA,"NT"
"Nephrolepis biserrata","t0026749","Plantae","Polypodiopsida",NA,NA,"LC"
"Nephrolepis brownii","t0026750","Plantae","Polypodiopsida",NA,NA,"LC"
"Nephrolepis cordifolia","t0026751","Plantae","Polypodiopsida",NA,NA,"LC"
"Arthropteris palisotii","t0026755","Plantae","Polypodiopsida",NA,NA,"LC"
"Pteridrys cnemidaria","t0026756","Plantae","Polypodiopsida",NA,NA,"VU"
"Tectaria coadunata","t0026757","Plantae","Polypodiopsida",NA,NA,"LC"
"Tectaria decurrens","t0026758","Plantae","Polypodiopsida",NA,NA,"LC"
"Tectaria devexa","t0026759","Plantae","Polypodiopsida",NA,NA,"LC"
"Tectaria dissecta","t0026760","Plantae","Polypodiopsida",NA,NA,"LC"
"Tectaria dubia","t0026761","Plantae","Polypodiopsida",NA,NA,"NT"
"Tectaria fauriei","t0026762","Plantae","Polypodiopsida",NA,NA,"LC"
"Tectaria fuscipes","t0026763","Plantae","Polypodiopsida",NA,NA,"LC"
"Tectaria griffithii","t0026764","Plantae","Polypodiopsida",NA,NA,"LC"
"Tectaria harlandii","t0026765","Plantae","Polypodiopsida",NA,NA,"LC"
"Tectaria impressa","t0026766","Plantae","Polypodiopsida",NA,NA,"LC"
"Tectaria phaeocaulis","t0026769","Plantae","Polypodiopsida",NA,NA,"LC"
"Tectaria polymorpha","t0026770","Plantae","Polypodiopsida",NA,NA,"LC"
"Tectaria simonsii","t0026771","Plantae","Polypodiopsida",NA,NA,"LC"
"Tectaria subfuscipes","t0026772","Plantae","Polypodiopsida",NA,NA,"LC"
"Tectaria subtriphylla","t0026773","Plantae","Polypodiopsida",NA,NA,"LC"
"Tectaria sulitii","t0026774","Plantae","Polypodiopsida",NA,NA,"VU"
"Oleandra wallichii","t0026776","Plantae","Polypodiopsida",NA,NA,"LC"
"Davallia pectinata","t0026780","Plantae","Polypodiopsida",NA,NA,"EN"
"Davallia repens","t0026781","Plantae","Polypodiopsida",NA,NA,"NT"
"Davallia solida","t0026782","Plantae","Polypodiopsida",NA,NA,"LC"
"Davallia trichomanoides","t0026783","Plantae","Polypodiopsida",NA,NA,"LC"
"Loxogramme biformis","t0026784","Plantae","Polypodiopsida",NA,NA,"EN"
"Loxogramme chinensis","t0026785","Plantae","Polypodiopsida",NA,NA,"DD"
"Loxogramme formosana","t0026786","Plantae","Polypodiopsida",NA,NA,"LC"
"Loxogramme grammitoides","t0026787","Plantae","Polypodiopsida",NA,NA,"NT"
"Loxogramme salicifolia","t0026789","Plantae","Polypodiopsida",NA,NA,"LC"
"Drynaria coronans","t0026791","Plantae","Polypodiopsida",NA,NA,"LC"
"Drynaria meyeniana","t0026792","Plantae","Polypodiopsida",NA,NA,"NT"
"Drynaria roosii","t0026793","Plantae","Polypodiopsida",NA,NA,"LC"
"Selliguea echinospora","t0026794","Plantae","Polypodiopsida",NA,NA,"LC"
"Selliguea engleri","t0026795","Plantae","Polypodiopsida",NA,NA,"LC"
"Selliguea hastata","t0026797","Plantae","Polypodiopsida",NA,NA,"LC"
"Selliguea quasidivaricata","t0026798","Plantae","Polypodiopsida",NA,NA,"LC"
"Selliguea yakushimensis","t0026800","Plantae","Polypodiopsida",NA,NA,"NT"
"Pyrrosia angustissima","t0026802","Plantae","Polypodiopsida",NA,NA,"VU"
"Pyrrosia linearifolia","t0026805","Plantae","Polypodiopsida",NA,NA,"LC"
"Pyrrosia lingua","t0026806","Plantae","Polypodiopsida",NA,NA,"LC"
"Pyrrosia matsudae","t0026807","Plantae","Polypodiopsida",NA,NA,"DD"
"Pyrrosia polydactylos","t0026808","Plantae","Polypodiopsida",NA,NA,"LC"
"Pyrrosia porosa","t0026809","Plantae","Polypodiopsida",NA,NA,"DD"
"Pyrrosia sheareri","t0026810","Plantae","Polypodiopsida",NA,NA,"LC"
"Goniophlebium persicifolium","t0026815","Plantae","Polypodiopsida",NA,NA,"DD"
"Goniophlebium transpianense","t0026817","Plantae","Polypodiopsida",NA,NA,"LC"
"Lemmaphyllum microphyllum","t0026818","Plantae","Polypodiopsida",NA,NA,"LC"
"Lepisorus kawakamii","t0026822","Plantae","Polypodiopsida",NA,NA,"LC"
"Lepisorus kuchenensis","t0026823","Plantae","Polypodiopsida",NA,NA,"DD"
"Lepisorus megasorus","t0026824","Plantae","Polypodiopsida",NA,NA,"LC"
"Lepisorus miyoshianus","t0026825","Plantae","Polypodiopsida",NA,NA,"NT"
"Lepisorus monilisorus","t0026826","Plantae","Polypodiopsida",NA,NA,"LC"
"Lepisorus morrisonensis","t0026827","Plantae","Polypodiopsida",NA,NA,"LC"
"Lepisorus mucronatus","t0026828","Plantae","Polypodiopsida",NA,NA,"CR"
"Lepisorus obscurevenulosus","t0026829","Plantae","Polypodiopsida",NA,NA,"LC"
"Lepisorus papakensis","t0026830","Plantae","Polypodiopsida",NA,NA,"LC"
"Lepisorus pseudoussuriensis","t0026831","Plantae","Polypodiopsida",NA,NA,"LC"
"Lepisorus suboligolepidus","t0026832","Plantae","Polypodiopsida",NA,NA,"LC"
"Lepisorus thunbergianus","t0026833","Plantae","Polypodiopsida",NA,NA,"LC"
"Lepisorus tosaensis","t0026834","Plantae","Polypodiopsida",NA,NA,"LC"
"Leptochilus hemionitideus","t0026837","Plantae","Polypodiopsida",NA,NA,"LC"
"Leptochilus henryi","t0026838","Plantae","Polypodiopsida",NA,NA,"DD"
"Microsorum insigne","t0026839","Plantae","Polypodiopsida",NA,NA,"LC"
"Leptochilus longissimus","t0026840","Plantae","Polypodiopsida",NA,NA,"EN"
"Leptochilus nigrescens","t0026841","Plantae","Polypodiopsida",NA,NA,"VU"
"Leptochilus wrightii","t0026843","Plantae","Polypodiopsida",NA,NA,"LC"
"Bosmania membranacea","t0026845","Plantae","Polypodiopsida",NA,NA,"LC"
"Microsorum punctatum","t0026846","Plantae","Polypodiopsida",NA,NA,"LC"
"Microsorum scolopendria","t0026847","Plantae","Polypodiopsida",NA,NA,"LC"
"Microsorum steerei","t0026848","Plantae","Polypodiopsida",NA,NA,"EN"
"Neolepisorus ensatus","t0026849","Plantae","Polypodiopsida",NA,NA,"LC"
"Calymmodon gracilis","t0026852","Plantae","Polypodiopsida",NA,NA,"LC"
"Calymmodon oligotrichus","t0026853","Plantae","Polypodiopsida",NA,NA,"NT"
"Calymmodon ordinatus","t0026854","Plantae","Polypodiopsida",NA,NA,"VU"
"Grammitis glandulosa","t0026855","Plantae","Polypodiopsida",NA,NA,"EN"
"Dasygrammitis mollicoma","t0026856","Plantae","Polypodiopsida",NA,NA,"EN"
"Micropolypodium okuboi","t0026857","Plantae","Polypodiopsida",NA,NA,"LC"
"Oreogrammitis adspersa","t0026858","Plantae","Polypodiopsida",NA,NA,"VU"
"Oreogrammitis caespitosa","t0026861","Plantae","Polypodiopsida",NA,NA,"EN"
"Oreogrammitis ilanensis","t0026862","Plantae","Polypodiopsida",NA,NA,"CR"
"Oreogrammitis marivelesensis","t0026863","Plantae","Polypodiopsida",NA,NA,"CR"
"Oreogrammitis moorei","t0026864","Plantae","Polypodiopsida",NA,NA,"CR"
"Oreogrammitis orientalis","t0026865","Plantae","Polypodiopsida",NA,NA,"CR"
"Oreogrammitis setigera","t0026867","Plantae","Polypodiopsida",NA,NA,"VU"
"Oreogrammitis subnervosa","t0026869","Plantae","Polypodiopsida",NA,NA,"VU"
"Oreogrammitis taiwanensis","t0026870","Plantae","Polypodiopsida",NA,NA,"VU"
"Prosaptia contigua","t0026873","Plantae","Polypodiopsida",NA,NA,"LC"
"Prosaptia formosana","t0026874","Plantae","Polypodiopsida",NA,NA,"LC"
"Prosaptia nutans","t0026875","Plantae","Polypodiopsida",NA,NA,"EN"
"Prosaptia obliquata","t0026876","Plantae","Polypodiopsida",NA,NA,"LC"
"Prosaptia pectinata","t0026877","Plantae","Polypodiopsida",NA,NA,"CR"
"Prosaptia urceolaris","t0026878","Plantae","Polypodiopsida",NA,NA,"NT"
"Scleroglossum sulcatum","t0026879","Plantae","Polypodiopsida",NA,NA,"VU"
"Xiphopterella devolii","t0026881","Plantae","Polypodiopsida",NA,NA,"CR"
"Acystopteris taiwaniana","t0026882","Plantae","Polypodiopsida",NA,NA,"LC"
"Acystopteris tenuisecta","t0026883","Plantae","Polypodiopsida",NA,NA,"LC"
"Cystopteris fragilis","t0026884","Plantae","Polypodiopsida",NA,NA,"LC"
"Cystopteris moupinensis","t0026885","Plantae","Polypodiopsida",NA,NA,"LC"
"Gymnocarpium oyamense","t0026886","Plantae","Polypodiopsida",NA,NA,"CR"
"Gymnocarpium remotepinnatum","t0026887","Plantae","Polypodiopsida",NA,NA,"LC"
"Rhachidosorus pulcher","t0026888","Plantae","Polypodiopsida",NA,NA,"NT"
"Diplaziopsis javanica","t0026889","Plantae","Polypodiopsida",NA,NA,"LC"
"Asplenium antiquum","t0026891","Plantae","Polypodiopsida",NA,NA,"LC"
"Asplenium bullatum","t0026892","Plantae","Polypodiopsida",NA,NA,"NT"
"Asplenium capillipes","t0026893","Plantae","Polypodiopsida",NA,NA,"LC"
"Asplenium crinicaule","t0026894","Plantae","Polypodiopsida",NA,NA,"CR"
"Asplenium cuneatiforme","t0026895","Plantae","Polypodiopsida",NA,NA,"LC"
"Asplenium ensiforme","t0026896","Plantae","Polypodiopsida",NA,NA,"LC"
"Asplenium exiguum","t0026897","Plantae","Polypodiopsida",NA,NA,"DD"
"Asplenium formosae","t0026898","Plantae","Polypodiopsida",NA,NA,"LC"
"Asplenium griffithianum","t0026899","Plantae","Polypodiopsida",NA,NA,"LC"
"Asplenium incisum","t0026901","Plantae","Polypodiopsida",NA,NA,"LC"
"Asplenium matsumurae","t0026902","Plantae","Polypodiopsida",NA,NA,"NT"
"Asplenium nidus","t0026903","Plantae","Polypodiopsida",NA,NA,"LC"
"Asplenium pekinense","t0026905","Plantae","Polypodiopsida",NA,NA,"DD"
"Asplenium pifongiae","t0026906","Plantae","Polypodiopsida",NA,NA,"EN"
"Asplenium prolongatum","t0026908","Plantae","Polypodiopsida",NA,NA,"LC"
"Asplenium pseudolaserpitiifolium","t0026909","Plantae","Polypodiopsida",NA,NA,"DD"
"Asplenium pulcherrimum","t0026910","Plantae","Polypodiopsida",NA,NA,"NT"
"Asplenium ritoense","t0026911","Plantae","Polypodiopsida",NA,NA,"LC"
"Asplenium ruta-muraria","t0026912","Plantae","Polypodiopsida",NA,NA,"VU"
"Asplenium septentrionale","t0026913","Plantae","Polypodiopsida",NA,NA,"NT"
"Asplenium setoi","t0026914","Plantae","Polypodiopsida",NA,NA,"LC"
"Asplenium steerei","t0026915","Plantae","Polypodiopsida",NA,NA,"VU"
"Asplenium tenerum","t0026918","Plantae","Polypodiopsida",NA,NA,"NT"
"Asplenium tenuifolium","t0026920","Plantae","Polypodiopsida",NA,NA,"LC"
"Asplenium trichomanes","t0026921","Plantae","Polypodiopsida",NA,NA,"LC"
"Asplenium tripteropus","t0026922","Plantae","Polypodiopsida",NA,NA,"LC"
"Asplenium viride","t0026923","Plantae","Polypodiopsida",NA,NA,"LC"
"Asplenium wrightii","t0026924","Plantae","Polypodiopsida",NA,NA,"LC"
"Asplenium yoshinagae","t0026925","Plantae","Polypodiopsida",NA,NA,"LC"
"Hymenasplenium obliquissimum","t0026933","Plantae","Polypodiopsida",NA,NA,"LC"
"Hymenasplenium pseudobscurum","t0026935","Plantae","Polypodiopsida",NA,NA,"NT"
"Macrothelypteris polypodioides","t0026937","Plantae","Polypodiopsida",NA,NA,"EN"
"Macrothelypteris torresiana","t0026938","Plantae","Polypodiopsida",NA,NA,"LC"
"Phegopteris connectilis","t0026939","Plantae","Polypodiopsida",NA,NA,"VU"
"Phegopteris decursivepinnata","t0026940","Plantae","Polypodiopsida",NA,NA,"LC"
"Pseudophegopteris levingei","t0026942","Plantae","Polypodiopsida",NA,NA,"VU"
"Pseudophegopteris subaurita","t0026943","Plantae","Polypodiopsida",NA,NA,"LC"
"Amauropelta angustifrons","t0026944","Plantae","Polypodiopsida",NA,NA,"LC"
"Amauropelta beddomei","t0026945","Plantae","Polypodiopsida",NA,NA,"LC"
"Ampelopteris prolifera","t0026947","Plantae","Polypodiopsida",NA,NA,"LC"
"Christella acuminata","t0026948","Plantae","Polypodiopsida",NA,NA,"LC"
"Christella arida","t0026949","Plantae","Polypodiopsida",NA,NA,"LC"
"Christella dentata","t0026950","Plantae","Polypodiopsida",NA,NA,"LC"
"Christella ensifera","t0026951","Plantae","Polypodiopsida",NA,NA,"DD"
"Christella jaculosa","t0026952","Plantae","Polypodiopsida",NA,NA,"LC"
"Christella latipinna","t0026953","Plantae","Polypodiopsida",NA,NA,"LC"
"Christella papilio","t0026954","Plantae","Polypodiopsida",NA,NA,"NT"
"Christella parasitica","t0026955","Plantae","Polypodiopsida",NA,NA,"LC"
"Cyclogramma auriculata","t0026960","Plantae","Polypodiopsida",NA,NA,"LC"
"Glaphyropteridopsis erubescens","t0026963","Plantae","Polypodiopsida",NA,NA,"LC"
"Leptogramma tottoides","t0026965","Plantae","Polypodiopsida",NA,NA,"LC"
"Metathelypteris flaccida","t0026967","Plantae","Polypodiopsida",NA,NA,"CR"
"Metathelypteris gracilescens","t0026968","Plantae","Polypodiopsida",NA,NA,"LC"
"Metathelypteris laxa","t0026969","Plantae","Polypodiopsida",NA,NA,"LC"
"Metathelypteris uraiensis","t0026970","Plantae","Polypodiopsida",NA,NA,"LC"
"Pneumatopteris truncata","t0026971","Plantae","Polypodiopsida",NA,NA,"LC"
"Pronephrium gymnopteridifrons","t0026972","Plantae","Polypodiopsida",NA,NA,"LC"
"Pronephrium longipetiolatum","t0026973","Plantae","Polypodiopsida",NA,NA,"VU"
"Pronephrium parishii","t0026975","Plantae","Polypodiopsida",NA,NA,"LC"
"Grypothrix ramosii","t0026976","Plantae","Polypodiopsida",NA,NA,"LC"
"Pronephrium simplex","t0026977","Plantae","Polypodiopsida",NA,NA,"LC"
"Pronephrium triphyllum","t0026978","Plantae","Polypodiopsida",NA,NA,"LC"
"Pseudocyclosorus esquirolii","t0026980","Plantae","Polypodiopsida",NA,NA,"LC"
"Pseudocyclosorus tylodes","t0026981","Plantae","Polypodiopsida",NA,NA,"NT"
"Sphaerostephanos productus","t0026982","Plantae","Polypodiopsida",NA,NA,"LC"
"Sphaerostephanos taiwanensis","t0026983","Plantae","Polypodiopsida",NA,NA,"LC"
"Stegnogramma dictyoclinoides","t0026984","Plantae","Polypodiopsida",NA,NA,"EN"
"Stegnogramma griffithii","t0026985","Plantae","Polypodiopsida",NA,NA,"LC"
"Stegnogramma wilfordii","t0026986","Plantae","Polypodiopsida",NA,NA,"LC"
"Woodsia andersonii","t0026987","Plantae","Polypodiopsida",NA,NA,"CR"
"Woodsia okamotoi","t0026988","Plantae","Polypodiopsida",NA,NA,"CR"
"Woodsia polystichoides","t0026989","Plantae","Polypodiopsida",NA,NA,"LC"
"Athyrium anisopterum","t0026990","Plantae","Polypodiopsida",NA,NA,"LC"
"Athyrium arisanense","t0026991","Plantae","Polypodiopsida",NA,NA,"LC"
"Athyrium atkinsonii","t0026992","Plantae","Polypodiopsida",NA,NA,"LC"
"Athyrium auriculatum","t0026993","Plantae","Polypodiopsida",NA,NA,"VU"
"Athyrium cryptogrammoides","t0026994","Plantae","Polypodiopsida",NA,NA,"LC"
"Athyrium epirachis","t0026996","Plantae","Polypodiopsida",NA,NA,"DD"
"Athyrium erythropodum","t0026997","Plantae","Polypodiopsida",NA,NA,"LC"
"Athyrium banajaoense","t0026998","Plantae","Polypodiopsida",NA,NA,"LC"
"Athyrium leiopodum","t0026999","Plantae","Polypodiopsida",NA,NA,"LC"
"Athyrium minimum","t0027000","Plantae","Polypodiopsida",NA,NA,"VU"
"Athyrium mupinense","t0027001","Plantae","Polypodiopsida",NA,NA,"LC"
"Athyrium nakanoi","t0027002","Plantae","Polypodiopsida",NA,NA,"LC"
"Athyrium opacum","t0027004","Plantae","Polypodiopsida",NA,NA,"LC"
"Athyrium otophorum","t0027005","Plantae","Polypodiopsida",NA,NA,"NT"
"Athyrium palustre","t0027006","Plantae","Polypodiopsida",NA,NA,"VU"
"Athyrium pubicostatum","t0027007","Plantae","Polypodiopsida",NA,NA,"LC"
"Athyrium puncticaule","t0027008","Plantae","Polypodiopsida",NA,NA,"VU"
"Athyrium silvicola","t0027011","Plantae","Polypodiopsida",NA,NA,"LC"
"Athyrium strigillosum","t0027012","Plantae","Polypodiopsida",NA,NA,"LC"
"Athyrium tozanense","t0027013","Plantae","Polypodiopsida",NA,NA,"LC"
"Athyrium tripinnatum","t0027014","Plantae","Polypodiopsida",NA,NA,"LC"
"Athyrium vidalii","t0027015","Plantae","Polypodiopsida",NA,NA,"LC"
"Deparia deflexa","t0027016","Plantae","Polypodiopsida",NA,NA,"DD"
"Deparia formosana","t0027017","Plantae","Polypodiopsida",NA,NA,"LC"
"Deparia jiulungensis","t0027018","Plantae","Polypodiopsida",NA,NA,"LC"
"Deparia lancea","t0027019","Plantae","Polypodiopsida",NA,NA,"LC"
"Deparia subfluvialis","t0027020","Plantae","Polypodiopsida",NA,NA,"LC"
"Deparia unifurcata","t0027021","Plantae","Polypodiopsida",NA,NA,"VU"
"Diplazium asperum","t0027023","Plantae","Polypodiopsida",NA,NA,"DD"
"Diplazium chinense","t0027024","Plantae","Polypodiopsida",NA,NA,"EN"
"Diplazium chioui","t0027025","Plantae","Polypodiopsida",NA,NA,"NT"
"Diplazium crassiusculum","t0027026","Plantae","Polypodiopsida",NA,NA,"VU"
"Diplazium dilatatum","t0027027","Plantae","Polypodiopsida",NA,NA,"LC"
"Diplazium doederleinii","t0027028","Plantae","Polypodiopsida",NA,NA,"LC"
"Diplazium incomptum","t0027030","Plantae","Polypodiopsida",NA,NA,"EN"
"Diplazium ketagalaniorum","t0027031","Plantae","Polypodiopsida",NA,NA,"VU"
"Diplazium kuoi","t0027032","Plantae","Polypodiopsida",NA,NA,"VU"
"Diplazium laxifrons","t0027033","Plantae","Polypodiopsida",NA,NA,"DD"
"Diplazium maonense","t0027034","Plantae","Polypodiopsida",NA,NA,"LC"
"Diplazium megaphyllum","t0027035","Plantae","Polypodiopsida",NA,NA,"VU"
"Diplazium mettenianum","t0027036","Plantae","Polypodiopsida",NA,NA,"LC"
"Diplazium okinawaense","t0027037","Plantae","Polypodiopsida",NA,NA,"LC"
"Diplazium petrii","t0027039","Plantae","Polypodiopsida",NA,NA,"LC"
"Diplazium pullingeri","t0027040","Plantae","Polypodiopsida",NA,NA,"LC"
"Diplazium wichurae","t0027043","Plantae","Polypodiopsida",NA,NA,"LC"
"Pentarhizidium orientale","t0027044","Plantae","Polypodiopsida",NA,NA,"CR"
"Woodwardia harlandii","t0027045","Plantae","Polypodiopsida",NA,NA,"NT"
"Woodwardia japonica","t0027046","Plantae","Polypodiopsida",NA,NA,"LC"
"Woodwardia kempii","t0027047","Plantae","Polypodiopsida",NA,NA,"DD"
"Woodwardia prolifera","t0027048","Plantae","Polypodiopsida",NA,NA,"LC"
"Woodwardia unigemmata","t0027049","Plantae","Polypodiopsida",NA,NA,"LC"
"Brainea insignis","t0027052","Plantae","Polypodiopsida",NA,NA,"VU"
"Diploblechnum fraseri","t0027054","Plantae","Polypodiopsida",NA,NA,"CR"
"Spicantopsis hancockii","t0027055","Plantae","Polypodiopsida",NA,NA,"LC"
"Deutzia taiwanensis","t0027067","Plantae","Magnoliopsida",NA,NA,"LC"
"Strychnos cathayensis","t0027069","Plantae","Magnoliopsida",NA,NA,"NT"
"Solanum miyakojimense","t0033494","Plantae","Magnoliopsida",NA,NA,"NT"
"Solanum peikuoense","t0033495","Plantae","Magnoliopsida",NA,NA,"LC"
"Solanum violaceum","t0033498","Plantae","Magnoliopsida",NA,NA,"LC"
"Solanum retrorsum","t0033499","Plantae","Magnoliopsida",NA,NA,"CR"
"Bulbophyllum albociliatum remotifolium","t0033500","Plantae","Magnoliopsida",NA,NA,"DD"
"Bulbophyllum taiwanense","t0033501","Plantae","Magnoliopsida",NA,NA,"NT"
"Bulbophyllum kuanwuensis","t0033502","Plantae","Magnoliopsida",NA,NA,"EN"
"Fimbristylis diphylloides","t0033503","Plantae","Magnoliopsida",NA,NA,"LC"
"Fimbristylis tomentosa","t0033512","Plantae","Magnoliopsida",NA,NA,"LC"
"Nymphoides coreana","t0033519","Plantae","Magnoliopsida",NA,NA,"VU"
"Abrus precatorius","t0033543","Plantae","Magnoliopsida",NA,NA,"LC"
"Acacia caesia","t0033548","Plantae","Magnoliopsida",NA,NA,"LC"
"Acalypha angatensis","t0033550","Plantae","Magnoliopsida",NA,NA,"LC"
"Acalypha australis","t0033552","Plantae","Magnoliopsida",NA,NA,"LC"
"Acalypha brachystachya","t0033553","Plantae","Magnoliopsida",NA,NA,"VU"
"Acalypha indica minima","t0033555","Plantae","Magnoliopsida",NA,NA,"LC"
"Acalypha matudai","t0033557","Plantae","Magnoliopsida",NA,NA,"DD"
"Acampe praemorsa longepedunculata","t0033560","Plantae","Magnoliopsida",NA,NA,"LC"
"Acanthophippium striatum","t0033561","Plantae","Magnoliopsida",NA,NA,"LC"
"Acanthophippium sylhetense","t0033562","Plantae","Magnoliopsida",NA,NA,"LC"
"Achyranthes aspera indica","t0033575","Plantae","Magnoliopsida",NA,NA,"LC"
"Achyranthes longifolia","t0033576","Plantae","Magnoliopsida",NA,NA,"LC"
"Actinidia arguta","t0033591","Plantae","Magnoliopsida",NA,NA,"VU"
"Actinidia callosa discolor","t0033592","Plantae","Magnoliopsida",NA,NA,"LC"
"Actinidia latifolia","t0033593","Plantae","Magnoliopsida",NA,NA,"NT"
"Actinidia rufa","t0033594","Plantae","Magnoliopsida",NA,NA,"LC"
"Actinidia setosa","t0033595","Plantae","Magnoliopsida",NA,NA,"LC"
"Actinostemma tenerum","t0033602","Plantae","Magnoliopsida",NA,NA,"LC"
"Adenia heterophylla","t0033604","Plantae","Magnoliopsida",NA,NA,"DD"
"Adenophora triphylla","t0033605","Plantae","Magnoliopsida",NA,NA,"LC"
"Adenostemma lavenia","t0033606","Plantae","Magnoliopsida",NA,NA,"LC"
"Adiantum capillus-veneris capillus-veneris","t0033608","Plantae","Polypodiopsida",NA,NA,"LC"
"Adinandra formosana formosana","t0033609","Plantae","Magnoliopsida",NA,NA,"LC"
"Aeridostachya robusta","t0033613","Plantae","Magnoliopsida",NA,NA,"CR"
"Aerva sanguinolenta","t0033620","Plantae","Magnoliopsida",NA,NA,"LC"
"Agastache rugosa","t0033632","Plantae","Magnoliopsida",NA,NA,"NT"
"Agrimonia pilosa","t0033647","Plantae","Magnoliopsida",NA,NA,"LC"
"Agropyron formosanum","t0033650","Plantae","Magnoliopsida",NA,NA,"LC"
"Agrostis infirma arisan-montana","t0033653","Plantae","Magnoliopsida",NA,NA,"LC"
"Agrostis infirma formosana","t0033654","Plantae","Magnoliopsida",NA,NA,"LC"
"Agrostis infirma fukuyamae","t0033655","Plantae","Magnoliopsida",NA,NA,"LC"
"Agrostis infirma infirma","t0033656","Plantae","Magnoliopsida",NA,NA,"LC"
"Agrostophyllum formosanum","t0033658","Plantae","Magnoliopsida",NA,NA,"CR"
"Ainsliaea fragrans","t0033660","Plantae","Magnoliopsida",NA,NA,"LC"
"Ainsliaea latifolia henryi","t0033661","Plantae","Magnoliopsida",NA,NA,"LC"
"Ainsliaea macroclinidioides","t0033662","Plantae","Magnoliopsida",NA,NA,"LC"
"Ajuga nipponensis","t0033663","Plantae","Magnoliopsida",NA,NA,"VU"
"Ajuga taiwanensis","t0033664","Plantae","Magnoliopsida",NA,NA,"LC"
"Akebia trifoliata australis","t0033671","Plantae","Magnoliopsida",NA,NA,"NT"
"Albizia julibrissin","t0033675","Plantae","Magnoliopsida",NA,NA,"LC"
"Alchornea trewioides formosae","t0033682","Plantae","Magnoliopsida",NA,NA,"VU"
"Alisma canaliculatum","t0033690","Plantae","Magnoliopsida",NA,NA,"VU"
"Alloteropsis semialata","t0033700","Plantae","Magnoliopsida",NA,NA,"EN"
"Alocasia cucullata","t0033701","Plantae","Magnoliopsida",NA,NA,"NT"
"Alocasia macrorrhizos","t0033702","Plantae","Magnoliopsida",NA,NA,"LC"
"Alpinia flabellata","t0033714","Plantae","Magnoliopsida",NA,NA,"LC"
"Alpinia intermedia","t0033717","Plantae","Magnoliopsida",NA,NA,"LC"
"Alpinia japonica","t0033718","Plantae","Magnoliopsida",NA,NA,"LC"
"Alpinia pricei","t0033719","Plantae","Magnoliopsida",NA,NA,"LC"
"Alpinia pricei sessiliflora","t0033720","Plantae","Magnoliopsida",NA,NA,"LC"
"Alpinia shimadae","t0033722","Plantae","Magnoliopsida",NA,NA,"LC"
"Alpinia shimadae kawakamii","t0040127","Plantae","Magnoliopsida",NA,NA,"LC"
"Amischotolype hispida","t0040144","Plantae","Magnoliopsida",NA,NA,"LC"
"Amitostigma gracile","t0040145","Plantae","Magnoliopsida",NA,NA,"NT"
"Ammannia coccinea","t0040146","Plantae","Magnoliopsida",NA,NA,"LC"
"Amorphophallus henryi","t0040148","Plantae","Magnoliopsida",NA,NA,"LC"
"Amorphophallus kiusianus","t0040149","Plantae","Magnoliopsida",NA,NA,"LC"
"Anaphalis morrisonicola","t0040158","Plantae","Magnoliopsida",NA,NA,"LC"
"Anaphalis nepalensis","t0040159","Plantae","Magnoliopsida",NA,NA,"LC"
"Anaphalis royleana","t0040160","Plantae","Magnoliopsida",NA,NA,"LC"
"Androcorys pusillus","t0040164","Plantae","Magnoliopsida",NA,NA,"LC"
"Androsace umbellata","t0040165","Plantae","Magnoliopsida",NA,NA,"LC"
"Anemone stolonifera","t0040167","Plantae","Magnoliopsida",NA,NA,"VU"
"Angelica dahurica formosana","t0040168","Plantae","Magnoliopsida",NA,NA,"VU"
"Angelica morii","t0040169","Plantae","Magnoliopsida",NA,NA,"LC"
"Aniselytron treutleri","t0040170","Plantae","Magnoliopsida",NA,NA,"DD"
"Anisomeles indica","t0040171","Plantae","Magnoliopsida",NA,NA,"LC"
"Anodendron affine","t0040181","Plantae","Magnoliopsida",NA,NA,"LC"
"Anodendron benthamianum","t0040182","Plantae","Magnoliopsida",NA,NA,"LC"
"Anthoxanthum horsfieldii formosanum","t0040195","Plantae","Magnoliopsida",NA,NA,"NT"
"Antidesma japonicum acutisepalum","t0040198","Plantae","Magnoliopsida",NA,NA,"DD"
"Apluda mutica","t0040207","Plantae","Magnoliopsida",NA,NA,"LC"
"Appendicula fenixii","t0040209","Plantae","Magnoliopsida",NA,NA,"NT"
"Appendicula reflexa","t0040210","Plantae","Magnoliopsida",NA,NA,"LC"
"Appendicula kotoensis","t0040211","Plantae","Magnoliopsida",NA,NA,"VU"
"Arabis serrata","t0040212","Plantae","Magnoliopsida",NA,NA,"NT"
"Arabis stelleri japonica","t0040214","Plantae","Magnoliopsida",NA,NA,"VU"
"Arachniodes amabilis amabilis","t0040217","Plantae","Polypodiopsida",NA,NA,"LC"
"Arachnis labrosa","t0040218","Plantae","Magnoliopsida",NA,NA,"LC"
"Aralia cordata","t0040222","Plantae","Magnoliopsida",NA,NA,"NT"
"Ardisia brevicaulis","t0040228","Plantae","Magnoliopsida",NA,NA,"LC"
"Ardisia chinensis","t0040229","Plantae","Magnoliopsida",NA,NA,"LC"
"Ardisia crenata","t0040230","Plantae","Magnoliopsida",NA,NA,"LC"
"Ardisia maclurei","t0040233","Plantae","Magnoliopsida",NA,NA,"VU"
"Ardisia villosa","t0040236","Plantae","Magnoliopsida",NA,NA,"VU"
"Ardisia violacea","t0040237","Plantae","Magnoliopsida",NA,NA,"NT"
"Arenaria subpilosa","t0040239","Plantae","Magnoliopsida",NA,NA,"LC"
"Arenaria takasagomontana","t0040240","Plantae","Magnoliopsida",NA,NA,"LC"
"Argostemma solaniflorum","t0040243","Plantae","Magnoliopsida",NA,NA,"VU"
"Argyreia formosana","t0040244","Plantae","Magnoliopsida",NA,NA,"VU"
"Arisaema consanguineum","t0040247","Plantae","Magnoliopsida",NA,NA,"LC"
"Arisaema formosanum","t0040248","Plantae","Magnoliopsida",NA,NA,"LC"
"Arisaema grapsospadix","t0040249","Plantae","Magnoliopsida",NA,NA,"LC"
"Arisaema matsudae","t0040251","Plantae","Magnoliopsida",NA,NA,"VU"
"Arisaema ringens","t0040252","Plantae","Magnoliopsida",NA,NA,"LC"
"Aristolochia zollingeriana","t0040254","Plantae","Magnoliopsida",NA,NA,"NT"
"Artemisia annua","t0040258","Plantae","Magnoliopsida",NA,NA,"RE"
"Artemisia indica","t0040259","Plantae","Magnoliopsida",NA,NA,"LC"
"Artemisia japonica","t0040260","Plantae","Magnoliopsida",NA,NA,"LC"
"Artemisia lancea","t0040262","Plantae","Magnoliopsida",NA,NA,"LC"
"Artemisia morrisonensis","t0040263","Plantae","Magnoliopsida",NA,NA,"LC"
"Artemisia tsugitakaensis","t0040265","Plantae","Magnoliopsida",NA,NA,"LC"
"Arthraxon hispidus","t0040266","Plantae","Magnoliopsida",NA,NA,"LC"
"Arundina graminifolia","t0040272","Plantae","Magnoliopsida",NA,NA,"CR"
"Arundinella hirta","t0040276","Plantae","Magnoliopsida",NA,NA,"NT"
"Arundinella setosa","t0040278","Plantae","Magnoliopsida",NA,NA,"LC"
"Arundo formosana","t0040280","Plantae","Magnoliopsida",NA,NA,"LC"
"Asarum caudigerum","t0040281","Plantae","Magnoliopsida",NA,NA,"LC"
"Asarum hypogynum","t0040282","Plantae","Magnoliopsida",NA,NA,"VU"
"Asarum macranthum","t0040283","Plantae","Magnoliopsida",NA,NA,"LC"
"Asplenium adiantoides","t0040289","Plantae","Polypodiopsida",NA,NA,"LC"
"Asplenium normale","t0040290","Plantae","Polypodiopsida",NA,NA,"LC"
"Asplenium scolopendrium","t0040291","Plantae","Polypodiopsida",NA,NA,"VU"
"Asplenium scolopendrium japonicum","t0040292","Plantae","Polypodiopsida",NA,NA,"VU"
"Asplenium wilfordii","t0040293","Plantae","Polypodiopsida",NA,NA,"LC"
"Aster ageratoides","t0040294","Plantae","Magnoliopsida",NA,NA,"LC"
"Aster hispidus","t0040296","Plantae","Magnoliopsida",NA,NA,"LC"
"Astilbe longicarpa","t0040303","Plantae","Magnoliopsida",NA,NA,"LC"
"Mackaya neesiana","t0040306","Plantae","Magnoliopsida",NA,NA,"VU"
"Athyrium decurrenti-alatum","t0040307","Plantae","Polypodiopsida",NA,NA,"LC"
"Athyrium delavayi subrigescens","t0040308","Plantae","Polypodiopsida",NA,NA,"LC"
"Athyrium iseanum","t0040309","Plantae","Polypodiopsida",NA,NA,"LC"
"Siraitia taiwaniana","t0040324","Plantae","Magnoliopsida",NA,NA,"VU"
"Balanophora harlandii","t0040325","Plantae","Magnoliopsida",NA,NA,"LC"
"Balanophora laxiflora","t0040326","Plantae","Magnoliopsida",NA,NA,"LC"
"Bambusa pachinensis hirsutissima","t0040331","Plantae","Magnoliopsida",NA,NA,"NT"
"Barbarea orthoceras","t0040336","Plantae","Magnoliopsida",NA,NA,"LC"
"Barthea barthei","t0040348","Plantae","Magnoliopsida",NA,NA,"LC"
"Basilicum polystachyon","t0040353","Plantae","Magnoliopsida",NA,NA,"VU"
"Begonia fenicis","t0040359","Plantae","Magnoliopsida",NA,NA,"NT"
"Begonia formosana","t0040360","Plantae","Magnoliopsida",NA,NA,"LC"
"Begonia palmata","t0040361","Plantae","Magnoliopsida",NA,NA,"LC"
"Begonia longifolia","t0040362","Plantae","Magnoliopsida",NA,NA,"LC"
"Belosynapsis ciliata","t0040367","Plantae","Magnoliopsida",NA,NA,"LC"
"Belosynapsis kawakamii","t0040368","Plantae","Magnoliopsida",NA,NA,"NT"
"Berberis kawakamii","t0040370","Plantae","Magnoliopsida",NA,NA,"NT"
"Berberis mingetsuensis","t0040371","Plantae","Magnoliopsida",NA,NA,"CR"
"Bidens bipinnata","t0040375","Plantae","Magnoliopsida",NA,NA,"LC"
"Bidens biternata","t0040376","Plantae","Magnoliopsida",NA,NA,"LC"
"Bidens pilosa minor","t0040377","Plantae","Magnoliopsida",NA,NA,"LC"
"Biophytum sensitivum","t0040380","Plantae","Magnoliopsida",NA,NA,"LC"
"Blastus cochinchinensis","t0040383","Plantae","Magnoliopsida",NA,NA,"LC"
"Liparis condylobulbon","t0040385","Plantae","Magnoliopsida",NA,NA,"LC"
"Liparis grossa","t0040386","Plantae","Magnoliopsida",NA,NA,"NT"
"Bletilla formosana","t0040387","Plantae","Magnoliopsida",NA,NA,"LC"
"Blumea aromatica","t0040388","Plantae","Magnoliopsida",NA,NA,"LC"
"Blumea lacera","t0040390","Plantae","Magnoliopsida",NA,NA,"LC"
"Blumea laciniata","t0040391","Plantae","Magnoliopsida",NA,NA,"LC"
"Blumea lanceolaria","t0040392","Plantae","Magnoliopsida",NA,NA,"LC"
"Blyxa echinosperma","t0040394","Plantae","Magnoliopsida",NA,NA,"NT"
"Boehmeria clidemioides","t0040396","Plantae","Magnoliopsida",NA,NA,"VU"
"Boehmeria formosana","t0040398","Plantae","Magnoliopsida",NA,NA,"LC"
"Boehmeria zollingeriana blinii","t0040399","Plantae","Magnoliopsida",NA,NA,"LC"
"Boenninghausenia albiflora","t0040400","Plantae","Magnoliopsida",NA,NA,"LC"
"Boerhavia glabrata","t0040401","Plantae","Magnoliopsida",NA,NA,"LC"
"Bolboschoenus planiculmis","t0040404","Plantae","Magnoliopsida",NA,NA,"EN"
"Boschniakia himalaica","t0040414","Plantae","Magnoliopsida",NA,NA,"LC"
"Bostrychanthera deflexa","t0040415","Plantae","Magnoliopsida",NA,NA,"LC"
"Bothriochloa bladhii","t0040417","Plantae","Magnoliopsida",NA,NA,"LC"
"Bothriochloa ischaemum","t0040418","Plantae","Magnoliopsida",NA,NA,"LC"
"Bothriospermum zeylanicum","t0040420","Plantae","Magnoliopsida",NA,NA,"LC"
"Brachiaria villosa","t0040426","Plantae","Magnoliopsida",NA,NA,"LC"
"Brachycorythis galeandra","t0040427","Plantae","Magnoliopsida",NA,NA,"CR"
"Brachycorythis peitawuensis","t0040428","Plantae","Magnoliopsida",NA,NA,"DD"
"Brachypodium kawakamii","t0040432","Plantae","Magnoliopsida",NA,NA,"LC"
"Brachypodium sylvaticum","t0040433","Plantae","Magnoliopsida",NA,NA,"LC"
"Bredia gibba","t0040445","Plantae","Magnoliopsida",NA,NA,"LC"
"Bredia laisherana","t0040447","Plantae","Magnoliopsida",NA,NA,"CR"
"Bromus morrisonensis","t0040458","Plantae","Magnoliopsida",NA,NA,"LC"
"Bulbophyllum albociliatum","t0040493","Plantae","Magnoliopsida",NA,NA,"LC"
"Bulbophyllum aureolabellum","t0040495","Plantae","Magnoliopsida",NA,NA,"LC"
"Bulbophyllum drymoglossum","t0040496","Plantae","Magnoliopsida",NA,NA,"LC"
"Bulbophyllum electrinum sui","t0040497","Plantae","Magnoliopsida",NA,NA,"VU"
"Bulbophyllum macraei","t0040498","Plantae","Magnoliopsida",NA,NA,"LC"
"Bulbophyllum griffithii","t0040499","Plantae","Magnoliopsida",NA,NA,"EN"
"Bulbophyllum insulsoides","t0040500","Plantae","Magnoliopsida",NA,NA,"LC"
"Bulbophyllum japonicum","t0040501","Plantae","Magnoliopsida",NA,NA,"LC"
"Bulbophyllum hirundinis","t0040502","Plantae","Magnoliopsida",NA,NA,"LC"
"Bulbophyllum melanoglossum","t0040504","Plantae","Magnoliopsida",NA,NA,"LC"
"Bulbophyllum pauciflorum","t0040505","Plantae","Magnoliopsida",NA,NA,"CR"
"Bulbophyllum pectinatum","t0040506","Plantae","Magnoliopsida",NA,NA,"LC"
"Bulbophyllum pingtungense","t0040507","Plantae","Magnoliopsida",NA,NA,"EN"
"Bulbophyllum retusiusculum","t0040508","Plantae","Magnoliopsida",NA,NA,"LC"
"Sunipia andersonii","t0040510","Plantae","Magnoliopsida",NA,NA,"LC"
"Bulbophyllum setaceum setaceum","t0040511","Plantae","Magnoliopsida",NA,NA,"NT"
"Bulbostylis barbata","t0040513","Plantae","Magnoliopsida",NA,NA,"LC"
"Burmannia championii","t0040517","Plantae","Magnoliopsida",NA,NA,"EN"
"Burmannia cryptopetala","t0040518","Plantae","Magnoliopsida",NA,NA,"VU"
"Burmannia itoana","t0040519","Plantae","Magnoliopsida",NA,NA,"NT"
"Burmannia liukiuensis","t0040520","Plantae","Magnoliopsida",NA,NA,"VU"
"Caesalpinia crista","t0040526","Plantae","Magnoliopsida",NA,NA,"LC"
"Caesalpinia decapetala","t0040527","Plantae","Magnoliopsida",NA,NA,"LC"
"Caesalpinia minax","t0040528","Plantae","Magnoliopsida",NA,NA,"VU"
"Calamagrostis epigeios","t0040533","Plantae","Magnoliopsida",NA,NA,"LC"
"Calamus formosanus","t0040534","Plantae","Magnoliopsida",NA,NA,"LC"
"Calamus siphonospathus","t0040535","Plantae","Magnoliopsida",NA,NA,"NT"
"Calanthe alismifolia","t0040538","Plantae","Magnoliopsida",NA,NA,"LC"
"Calanthe alpina","t0040539","Plantae","Magnoliopsida",NA,NA,"CR"
"Calanthe arcuata","t0040540","Plantae","Magnoliopsida",NA,NA,"LC"
"Calanthe arisanensis","t0040541","Plantae","Magnoliopsida",NA,NA,"LC"
"Calanthe aristulifera","t0040542","Plantae","Magnoliopsida",NA,NA,"LC"
"Calanthe clavata","t0040543","Plantae","Magnoliopsida",NA,NA,"DD"
"Calanthe davidii davidii","t0040544","Plantae","Magnoliopsida",NA,NA,"LC"
"Calanthe graciliflora","t0040545","Plantae","Magnoliopsida",NA,NA,"LC"
"Calanthe puberula","t0040546","Plantae","Magnoliopsida",NA,NA,"LC"
"Calanthe striata","t0040547","Plantae","Magnoliopsida",NA,NA,"NT"
"Calanthe masuca","t0040548","Plantae","Magnoliopsida",NA,NA,"LC"
"Calanthe tricarinata","t0040549","Plantae","Magnoliopsida",NA,NA,"NT"
"Calanthe triplicata","t0040550","Plantae","Magnoliopsida",NA,NA,"LC"
"Callicarpa kochiana","t0040556","Plantae","Magnoliopsida",NA,NA,"LC"
"Callicarpa pilosissima","t0040557","Plantae","Magnoliopsida",NA,NA,"LC"
"Calystegia soldanella","t0040578","Plantae","Magnoliopsida",NA,NA,"NT"
"Distimake vitifolius","t0040590","Plantae","Magnoliopsida",NA,NA,"EN"
"Campanula dimorphantha","t0040591","Plantae","Magnoliopsida",NA,NA,"NT"
"Campylotropis giraldii","t0040609","Plantae","Magnoliopsida",NA,NA,"LC"
"Canavalia cathartica","t0040610","Plantae","Magnoliopsida",NA,NA,"LC"
"Capillipedium assimile","t0040618","Plantae","Magnoliopsida",NA,NA,"LC"
"Capillipedium kwashotensis","t0040619","Plantae","Magnoliopsida",NA,NA,"NT"
"Capillipedium parviflorum","t0040620","Plantae","Magnoliopsida",NA,NA,"LC"
"Capparis micracantha henryi","t0040622","Plantae","Magnoliopsida",NA,NA,"LC"
"Cardamine occulta","t0040626","Plantae","Magnoliopsida",NA,NA,"LC"
"Vincetoxicum atratum","t0046066","Plantae","Magnoliopsida",NA,NA,"EN"
"Vincetoxicum chinense","t0046067","Plantae","Magnoliopsida",NA,NA,"NT"
"Vincetoxicum hirsutum","t0046068","Plantae","Magnoliopsida",NA,NA,"LC"
"Vincetoxicum lui","t0046070","Plantae","Magnoliopsida",NA,NA,"LC"
"Vincetoxicum oshimae","t0046071","Plantae","Magnoliopsida",NA,NA,"LC"
"Vincetoxicum sui","t0046072","Plantae","Magnoliopsida",NA,NA,"LC"
"Vincetoxicum taiwanense","t0046073","Plantae","Magnoliopsida",NA,NA,"NT"
"Limnophila aromaticoides","t0046082","Plantae","Magnoliopsida",NA,NA,"NT"
"Limnophila taoyuanensis","t0046083","Plantae","Magnoliopsida",NA,NA,"EW"
"Limnophila fragrans","t0046095","Plantae","Magnoliopsida",NA,NA,"EN"
"Deutzia cordatula","t0046100","Plantae","Magnoliopsida",NA,NA,"LC"
"Pedicularis refracta transmorrisonensis","t0046101","Plantae","Magnoliopsida",NA,NA,"LC"
"Entada tonkinensis","t0046111","Plantae","Magnoliopsida",NA,NA,"LC"
"Entada rheedei","t0046112","Plantae","Magnoliopsida",NA,NA,"LC"
"Leptopetalum biflorum","t0046113","Plantae","Magnoliopsida",NA,NA,"LC"
"Melastoma malabathricum","t0046118","Plantae","Magnoliopsida",NA,NA,"DD"
"Medinilla taiwaniana","t0046121","Plantae","Magnoliopsida",NA,NA,"LC"
"Heptapleurum arboricola","t0046124","Plantae","Magnoliopsida",NA,NA,"LC"
"Epithema ceylanicum","t0046144","Plantae","Magnoliopsida",NA,NA,"VU"
"Eccoilopus formosanus","t0046160","Plantae","Magnoliopsida",NA,NA,"DD"
"Hemigraphis reptans","t0046167","Plantae","Magnoliopsida",NA,NA,"VU"
"Staurogyne concinnula","t0046168","Plantae","Magnoliopsida",NA,NA,"LC"
"Lysimachia arvensis","t0046172","Plantae","Magnoliopsida",NA,NA,"LC"
"Justicia procumbens","t0046173","Plantae","Magnoliopsida",NA,NA,"LC"
"Rungia chinensis","t0046176","Plantae","Magnoliopsida",NA,NA,"LC"
"Strobilanthes formosanus","t0046177","Plantae","Magnoliopsida",NA,NA,"LC"
"Torilis japonica","t0046182","Plantae","Magnoliopsida",NA,NA,"LC"
"Mnesithea laevis chenii","t0046219","Plantae","Magnoliopsida",NA,NA,"VU"
"Fatoua pilosa","t0046289","Plantae","Magnoliopsida",NA,NA,"LC"
"Fatoua villosa","t0046290","Plantae","Magnoliopsida",NA,NA,"LC"
"Ficus aurantiacea parvifolia","t0046292","Plantae","Magnoliopsida",NA,NA,"LC"
"Ficus cumingii terminalifolia","t0046295","Plantae","Magnoliopsida",NA,NA,"LC"
"Ficus erecta beecheyana","t0046297","Plantae","Magnoliopsida",NA,NA,"LC"
"Ficus erecta erecta","t0046298","Plantae","Magnoliopsida",NA,NA,"DD"
"Ficus esquiroliana","t0046299","Plantae","Magnoliopsida",NA,NA,"VU"
"Ficus formosana","t0046302","Plantae","Magnoliopsida",NA,NA,"LC"
"Ficus heteropleura","t0046303","Plantae","Magnoliopsida",NA,NA,"VU"
"Ficus irisana","t0046304","Plantae","Magnoliopsida",NA,NA,"LC"
"Ficus pedunculosa mearnsii","t0046308","Plantae","Magnoliopsida",NA,NA,"VU"
"Ficus pedunculosa pedunculosa","t0046309","Plantae","Magnoliopsida",NA,NA,"VU"
"Ficus pubinervis","t0046310","Plantae","Magnoliopsida",NA,NA,"NT"
"Ficus pumila awkeotsang","t0046312","Plantae","Magnoliopsida",NA,NA,"LC"
"Ficus ruficaulis antaoensis","t0046313","Plantae","Magnoliopsida",NA,NA,"NT"
"Ficus sarmentosa","t0046314","Plantae","Magnoliopsida",NA,NA,"LC"
"Ficus superba japonica","t0046317","Plantae","Magnoliopsida",NA,NA,"LC"
"Ficus tannoensis","t0046318","Plantae","Magnoliopsida",NA,NA,"LC"
"Ficus vaccinioides","t0046320","Plantae","Magnoliopsida",NA,NA,"LC"
"Ficus variegata garciae","t0046321","Plantae","Magnoliopsida",NA,NA,"LC"
"Humulus scandens","t0046323","Plantae","Magnoliopsida",NA,NA,"LC"
"Maclura cochinchinensis","t0046324","Plantae","Magnoliopsida",NA,NA,"LC"
"Malaisia scandens","t0046325","Plantae","Magnoliopsida",NA,NA,"LC"
"Morus australis","t0046326","Plantae","Magnoliopsida",NA,NA,"LC"
"Vallisneria gigantea","t0049252","Plantae","Magnoliopsida",NA,NA,"DD"
"Vanda lamellata","t0049254","Plantae","Magnoliopsida",NA,NA,"VU"
"Vanilla somae","t0049257","Plantae","Magnoliopsida",NA,NA,"LC"
"Vanoverberghia sasakiana","t0049258","Plantae","Magnoliopsida",NA,NA,"VU"
"Ventilago elegans","t0049259","Plantae","Magnoliopsida",NA,NA,"LC"
"Ventilago leiocarpa","t0049260","Plantae","Magnoliopsida",NA,NA,"LC"
"Veratrum formosanum","t0049261","Plantae","Magnoliopsida",NA,NA,"LC"
"Vernonia cinerea parviflora","t0049269","Plantae","Magnoliopsida",NA,NA,"LC"
"Vernonia gratiosa","t0049271","Plantae","Magnoliopsida",NA,NA,"LC"
"Vernonia maritima","t0049272","Plantae","Magnoliopsida",NA,NA,"VU"
"Vernonia patula","t0049273","Plantae","Magnoliopsida",NA,NA,"LC"
"Veronica didyma","t0049275","Plantae","Magnoliopsida",NA,NA,"LC"
"Veronica javanica","t0049277","Plantae","Magnoliopsida",NA,NA,"LC"
"Veronica linariifolia","t0049278","Plantae","Magnoliopsida",NA,NA,"LC"
"Veronica morrisonicola","t0049279","Plantae","Magnoliopsida",NA,NA,"LC"
"Veronica oligosperma","t0049280","Plantae","Magnoliopsida",NA,NA,"LC"
"Veronica taiwanica","t0049283","Plantae","Magnoliopsida",NA,NA,"LC"
"Veronica undulata","t0049284","Plantae","Magnoliopsida",NA,NA,"LC"
"Veronicastrum loshanense","t0049285","Plantae","Magnoliopsida",NA,NA,"CR"
"Viburnum erosum","t0049288","Plantae","Magnoliopsida",NA,NA,"LC"
"Viburnum formosanum","t0049289","Plantae","Magnoliopsida",NA,NA,"LC"
"Viburnum parvifolium","t0049292","Plantae","Magnoliopsida",NA,NA,"LC"
"Viburnum propinquum","t0049294","Plantae","Magnoliopsida",NA,NA,"LC"
"Viburnum sphaerocarpum","t0049295","Plantae","Magnoliopsida",NA,NA,"DD"
"Viburnum taitoense","t0049297","Plantae","Magnoliopsida",NA,NA,"LC"
"Viburnum urceolatum","t0049298","Plantae","Magnoliopsida",NA,NA,"LC"
"Vigna radiata sublobata","t0049308","Plantae","Magnoliopsida",NA,NA,"LC"
"Vigna reflexopilosa","t0049309","Plantae","Magnoliopsida",NA,NA,"LC"
"Viola arcuata","t0049311","Plantae","Magnoliopsida",NA,NA,"LC"
"Viola betonicifolia","t0049313","Plantae","Magnoliopsida",NA,NA,"LC"
"Viola biflora","t0049314","Plantae","Magnoliopsida",NA,NA,"NT"
"Viola confusa","t0049315","Plantae","Magnoliopsida",NA,NA,"LC"
"Viola diffusa","t0049316","Plantae","Magnoliopsida",NA,NA,"LC"
"Viola grypoceras","t0049318","Plantae","Magnoliopsida",NA,NA,"LC"
"Viola mandshurica","t0049320","Plantae","Magnoliopsida",NA,NA,"LC"
"Viola senzanensis","t0049322","Plantae","Magnoliopsida",NA,NA,"LC"
"Viola shinchikuensis","t0049323","Plantae","Magnoliopsida",NA,NA,"LC"
"Viola tenuis","t0049324","Plantae","Magnoliopsida",NA,NA,"LC"
"Viscum angulatum","t0049327","Plantae","Magnoliopsida",NA,NA,"NT"
"Viscum articulatum","t0049328","Plantae","Magnoliopsida",NA,NA,"LC"
"Viscum multinerve","t0049329","Plantae","Magnoliopsida",NA,NA,"NT"
"Vitex rotundifolia","t0049331","Plantae","Magnoliopsida",NA,NA,"LC"
"Vitis amurensis","t0049333","Plantae","Magnoliopsida",NA,NA,"VU"
"Vitis flexuosa","t0049334","Plantae","Magnoliopsida",NA,NA,"NT"
"Vitis kelungensis","t0049335","Plantae","Magnoliopsida",NA,NA,"NT"
"Vrydagzynea nuda","t0049340","Plantae","Magnoliopsida",NA,NA,"LC"
"Wahlenbergia marginata","t0049342","Plantae","Magnoliopsida",NA,NA,"LC"
"Wikstroemia lanceolata","t0049347","Plantae","Magnoliopsida",NA,NA,"NT"
"Wikstroemia mononectaria","t0049348","Plantae","Magnoliopsida",NA,NA,"VU"
"Wikstroemia retusa","t0049349","Plantae","Magnoliopsida",NA,NA,"DD"
"Wikstroemia taiwanensis","t0049350","Plantae","Magnoliopsida",NA,NA,"LC"
"Xyris formosana","t0049357","Plantae","Magnoliopsida",NA,NA,"CR"
"Ypsilandra thibetica","t0049361","Plantae","Magnoliopsida",NA,NA,"LC"
"Yushania niitakayamensis","t0049366","Plantae","Magnoliopsida",NA,NA,"LC"
"Zanthoxylum pistaciiflorum","t0049373","Plantae","Magnoliopsida",NA,NA,"EN"
"Zanthoxylum scandens","t0049374","Plantae","Magnoliopsida",NA,NA,"LC"
"Zanthoxylum schinifolium","t0049375","Plantae","Magnoliopsida",NA,NA,"LC"
"Zanthoxylum wutaiense","t0049377","Plantae","Magnoliopsida",NA,NA,"EN"
"Zehneria mucronata","t0049379","Plantae","Magnoliopsida",NA,NA,"LC"
"Zeuxine flava","t0049383","Plantae","Magnoliopsida",NA,NA,"LC"
"Zeuxine agyokuana","t0049384","Plantae","Magnoliopsida",NA,NA,"LC"
"Zeuxine integrilabella","t0049386","Plantae","Magnoliopsida",NA,NA,"VU"
"Zeuxine kantokeiense","t0049387","Plantae","Magnoliopsida",NA,NA,"DD"
"Zeuxine nervosa","t0049388","Plantae","Magnoliopsida",NA,NA,"LC"
"Zeuxine philippinensis","t0049390","Plantae","Magnoliopsida",NA,NA,"CR"
"Zeuxine tenuifolia","t0049393","Plantae","Magnoliopsida",NA,NA,"LC"
"Zingiber oligophyllum","t0049395","Plantae","Magnoliopsida",NA,NA,"EN"
"Zingiber pleiostachyum","t0049396","Plantae","Magnoliopsida",NA,NA,"LC"
"Zornia cantoniensis","t0049403","Plantae","Magnoliopsida",NA,NA,"LC"
"Zornia intecta","t0049404","Plantae","Magnoliopsida",NA,NA,"VU"
"Zoysia matrella","t0049407","Plantae","Magnoliopsida",NA,NA,"LC"
"Zoysia pacifica","t0049408","Plantae","Magnoliopsida",NA,NA,"NT"
"Zoysia sinica","t0049409","Plantae","Magnoliopsida",NA,NA,"LC"
"Acalypha akoensis","t0052526","Plantae","Magnoliopsida",NA,NA,"DD"
"Adenophora morrisonensis uehatae","t0052534","Plantae","Magnoliopsida",NA,NA,"LC"
"Adinandra lasiostyla","t0052536","Plantae","Magnoliopsida",NA,NA,"LC"
"Aeschynanthus acuminatus","t0052539","Plantae","Magnoliopsida",NA,NA,"LC"
"Agrostis dimorpholemma","t0052544","Plantae","Magnoliopsida",NA,NA,"EN"
"Ainsliaea secundiflora","t0052546","Plantae","Magnoliopsida",NA,NA,"VU"
"Ajuga dictyocarpa","t0052549","Plantae","Magnoliopsida",NA,NA,"VU"
"Ajuga pygmaea","t0052550","Plantae","Magnoliopsida",NA,NA,"VU"
"Akebia longeracemosa","t0052551","Plantae","Magnoliopsida",NA,NA,"LC"
"Alniphyllum pterospermum","t0052556","Plantae","Magnoliopsida",NA,NA,"LC"
"Alpinia nantoensis","t0052569","Plantae","Magnoliopsida",NA,NA,"DD"
"Alpinia oui","t0052570","Plantae","Magnoliopsida",NA,NA,"LC"
"Alpinia uraiensis","t0052572","Plantae","Magnoliopsida",NA,NA,"LC"
"Alyxia monticola","t0052574","Plantae","Magnoliopsida",NA,NA,"NT"
"Alyxia taiwanensis","t0052577","Plantae","Magnoliopsida",NA,NA,"NT"
"Amitostigma alpestre","t0052583","Plantae","Magnoliopsida",NA,NA,"LC"
"Amorphophallus hirtus","t0052587","Plantae","Magnoliopsida",NA,NA,"LC"
"Ampelopsis glandulosa glandulosa","t0052590","Plantae","Magnoliopsida",NA,NA,"LC"
"Anaphalis horaimontana","t0052592","Plantae","Magnoliopsida",NA,NA,"LC"
"Angelica hirsutiflora","t0052593","Plantae","Magnoliopsida",NA,NA,"VU"
"Angelica tarokoensis","t0052594","Plantae","Magnoliopsida",NA,NA,"EN"
"Aniselytron agrostoides","t0052596","Plantae","Magnoliopsida",NA,NA,"LC"
"Anoectochilus formosanus","t0052597","Plantae","Magnoliopsida",NA,NA,"LC"
"Aphyllorchis simplex","t0052603","Plantae","Magnoliopsida",NA,NA,"DD"
"Apios taiwanianus","t0052604","Plantae","Magnoliopsida",NA,NA,"EN"
"Arabidopsis halleri gemmifera","t0052608","Plantae","Magnoliopsida",NA,NA,"EN"
"Aralia decaisneana","t0052610","Plantae","Magnoliopsida",NA,NA,"LC"
"Ardisia japonica","t0052614","Plantae","Magnoliopsida",NA,NA,"LC"
"Ardisia pusilla","t0052615","Plantae","Magnoliopsida",NA,NA,"LC"
"Ardisia virens","t0052617","Plantae","Magnoliopsida",NA,NA,"LC"
"Arenaria serpyllifolia","t0052618","Plantae","Magnoliopsida",NA,NA,"LC"
"Argyreia akoensis","t0052619","Plantae","Magnoliopsida",NA,NA,"CR"
"Arisaema ilanense","t0052620","Plantae","Magnoliopsida",NA,NA,"VU"
"Arisaema nanjenense","t0052621","Plantae","Magnoliopsida",NA,NA,"VU"
"Aristida chinensis","t0052622","Plantae","Magnoliopsida",NA,NA,"CR"
"Aristolochia foveolata","t0052624","Plantae","Magnoliopsida",NA,NA,"NT"
"Aristolochia heterophylla","t0052625","Plantae","Magnoliopsida",NA,NA,"LC"
"Artemisia anomala","t0052626","Plantae","Magnoliopsida",NA,NA,"NT"
"Artemisia capillaris","t0052627","Plantae","Magnoliopsida",NA,NA,"LC"
"Artemisia chingii","t0052628","Plantae","Magnoliopsida",NA,NA,"LC"
"Artemisia fukudo","t0052630","Plantae","Magnoliopsida",NA,NA,"LC"
"Artemisia kawakamii","t0052631","Plantae","Magnoliopsida",NA,NA,"LC"
"Artemisia niitakayamensis","t0052632","Plantae","Magnoliopsida",NA,NA,"LC"
"Artemisia oligocarpa","t0052633","Plantae","Magnoliopsida",NA,NA,"LC"
"Artemisia simulans","t0052634","Plantae","Magnoliopsida",NA,NA,"LC"
"Arthraxon pauciflorus","t0052635","Plantae","Magnoliopsida",NA,NA,"DD"
"Arthraxon quartinianus","t0052636","Plantae","Magnoliopsida",NA,NA,"LC"
"Asarum chatienshanianum","t0052643","Plantae","Magnoliopsida",NA,NA,"EN"
"Asarum crassisepalum","t0052644","Plantae","Magnoliopsida",NA,NA,"VU"
"Asarum epigynum","t0052645","Plantae","Magnoliopsida",NA,NA,"VU"
"Asarum satsumense","t0052647","Plantae","Magnoliopsida",NA,NA,"EN"
"Asarum taipingshanianum","t0052648","Plantae","Magnoliopsida",NA,NA,"VU"
"Asarum tawushanianum","t0052649","Plantae","Magnoliopsida",NA,NA,"CR"
"Asarum villisepalum","t0052650","Plantae","Magnoliopsida",NA,NA,"EN"
"Asarum yaeyamense","t0052651","Plantae","Magnoliopsida",NA,NA,"EN"
"Aspidistra daibuensis","t0052654","Plantae","Magnoliopsida",NA,NA,"LC"
"Aster altaicus","t0052656","Plantae","Magnoliopsida",NA,NA,"EN"
"Aster chingshuiensis","t0052657","Plantae","Magnoliopsida",NA,NA,"EN"
"Aster formosanus","t0052658","Plantae","Magnoliopsida",NA,NA,"LC"
"Aster indicus","t0052659","Plantae","Magnoliopsida",NA,NA,"LC"
"Aster itsunboshi","t0052660","Plantae","Magnoliopsida",NA,NA,"DD"
"Aster lasiocladus","t0052661","Plantae","Magnoliopsida",NA,NA,"LC"
"Aster morrisonensis","t0052662","Plantae","Magnoliopsida",NA,NA,"EN"
"Aster oldhamii","t0052663","Plantae","Magnoliopsida",NA,NA,"LC"
"Aster ovalifolius","t0052664","Plantae","Magnoliopsida",NA,NA,"EN"
"Aster taiwanensis","t0052667","Plantae","Magnoliopsida",NA,NA,"LC"
"Aster taoyuenensis","t0052668","Plantae","Magnoliopsida",NA,NA,"EN"
"Astilbe macroflora","t0052670","Plantae","Magnoliopsida",NA,NA,"LC"
"Astragalus nankotaizanensis","t0052672","Plantae","Magnoliopsida",NA,NA,"EN"
"Astragalus nokoensis","t0052673","Plantae","Magnoliopsida",NA,NA,"VU"
"Atriplex maximowicziana","t0052676","Plantae","Magnoliopsida",NA,NA,"LC"
"Atriplex nummularia","t0052677","Plantae","Magnoliopsida",NA,NA,"DD"
"Aucuba japonica","t0052679","Plantae","Magnoliopsida",NA,NA,"LC"
"Balanophora fungosa","t0052685","Plantae","Magnoliopsida",NA,NA,"VU"
"Balanophora japonica","t0052686","Plantae","Magnoliopsida",NA,NA,"CR"
"Balanophora wrightii","t0052687","Plantae","Magnoliopsida",NA,NA,"VU"
"Balanophora yakushimensis","t0052688","Plantae","Magnoliopsida",NA,NA,"EN"
"Bambusa dolichoclada","t0052690","Plantae","Magnoliopsida",NA,NA,"LC"
"Bambusa dolichomerithalla","t0052691","Plantae","Magnoliopsida",NA,NA,"LC"
"Bambusa utilis","t0052693","Plantae","Magnoliopsida",NA,NA,"DD"
"Barbarea taiwaniana","t0052695","Plantae","Magnoliopsida",NA,NA,"EN"
"Phanera championii","t0052696","Plantae","Magnoliopsida",NA,NA,"LC"
"Begonia austrotaiwanensis","t0052697","Plantae","Magnoliopsida",NA,NA,"VU"
"Begonia bouffordii","t0052698","Plantae","Magnoliopsida",NA,NA,"EN"
"Begonia chitoensis","t0052699","Plantae","Magnoliopsida",NA,NA,"LC"
"Begonia chuyunshanensis","t0052700","Plantae","Magnoliopsida",NA,NA,"VU"
"Begonia lukuana","t0052704","Plantae","Magnoliopsida",NA,NA,"VU"
"Begonia nantoensis","t0052706","Plantae","Magnoliopsida",NA,NA,"LC"
"Begonia pinglinensis","t0052707","Plantae","Magnoliopsida",NA,NA,"NT"
"Begonia ravenii","t0052708","Plantae","Magnoliopsida",NA,NA,"NT"
"Begonia taiwaniana","t0052709","Plantae","Magnoliopsida",NA,NA,"LC"
"Begonia tengchiana","t0052710","Plantae","Magnoliopsida",NA,NA,"VU"
"Begonia wutaiana","t0052711","Plantae","Magnoliopsida",NA,NA,"VU"
"Berberis aristatoserrulata","t0052712","Plantae","Magnoliopsida",NA,NA,"DD"
"Berberis brevisepala","t0052713","Plantae","Magnoliopsida",NA,NA,"NT"
"Berberis chingshuiensis","t0052714","Plantae","Magnoliopsida",NA,NA,"CR"
"Berberis hayatana","t0052715","Plantae","Magnoliopsida",NA,NA,"NT"
"Berberis nantoensis","t0052717","Plantae","Magnoliopsida",NA,NA,"VU"
"Berberis pengii","t0052718","Plantae","Magnoliopsida",NA,NA,"NT"
"Berberis ravenii","t0052719","Plantae","Magnoliopsida",NA,NA,"DD"
"Berberis schaaliae","t0052720","Plantae","Magnoliopsida",NA,NA,"NT"
"Berberis tarokoensis","t0052721","Plantae","Magnoliopsida",NA,NA,"CR"
"Berchemia arisanensis","t0052722","Plantae","Magnoliopsida",NA,NA,"VU"
"Berchemia fenchifuensis","t0052723","Plantae","Magnoliopsida",NA,NA,"EN"
"Berchemia formosana","t0052724","Plantae","Magnoliopsida",NA,NA,"LC"
"Berchemia lineata","t0052725","Plantae","Magnoliopsida",NA,NA,"LC"
"Blumea conspicua","t0052729","Plantae","Magnoliopsida",NA,NA,"VU"
"Blumea formosana","t0052730","Plantae","Magnoliopsida",NA,NA,"LC"
"Blumea linearis","t0052732","Plantae","Magnoliopsida",NA,NA,"VU"
"Blumea mollis","t0052733","Plantae","Magnoliopsida",NA,NA,"LC"
"Blumea oblongifolia","t0052734","Plantae","Magnoliopsida",NA,NA,"VU"
"Boehmeria densiflora","t0052736","Plantae","Magnoliopsida",NA,NA,"LC"
"Boehmeria hwaliensis","t0052737","Plantae","Magnoliopsida",NA,NA,"VU"
"Boehmeria longispica","t0052738","Plantae","Magnoliopsida",NA,NA,"EN"
"Boehmeria pilushanensis","t0052740","Plantae","Magnoliopsida",NA,NA,"VU"
"Bothriochloa glabra","t0052746","Plantae","Magnoliopsida",NA,NA,"LC"
"Bredia dulanica","t0052748","Plantae","Magnoliopsida",NA,NA,"VU"
"Bredia oldhamii","t0052749","Plantae","Magnoliopsida",NA,NA,"LC"
"Bromus formosanus","t0052752","Plantae","Magnoliopsida",NA,NA,"NT"
"Bulbophyllum albociliatum brevipedunculatum","t0052756","Plantae","Magnoliopsida",NA,NA,"VU"
"Bulbophyllum ciliisepalum","t0052757","Plantae","Magnoliopsida",NA,NA,"EN"
"Bulbophyllum confragosum","t0052758","Plantae","Magnoliopsida",NA,NA,"DD"
"Bulbophyllum fimbriperianthium","t0052759","Plantae","Magnoliopsida",NA,NA,"CR"
"Bulbophyllum hymenanthum","t0052760","Plantae","Magnoliopsida",NA,NA,"NT"
"Bulbophyllum omerandrum","t0052761","Plantae","Magnoliopsida",NA,NA,"LC"
"Bulbophyllum umbellatum","t0052763","Plantae","Magnoliopsida",NA,NA,"LC"
"Bupleurum kaoi","t0052764","Plantae","Magnoliopsida",NA,NA,"EN"
"Calamagrostis arundinacea","t0052765","Plantae","Magnoliopsida",NA,NA,"LC"
"Calamus beccarii","t0052766","Plantae","Magnoliopsida",NA,NA,"LC"
"Calanthe kinabaluensis","t0052768","Plantae","Magnoliopsida",NA,NA,"DD"
"Calathodes polycarpa","t0052769","Plantae","Magnoliopsida",NA,NA,"EN"
"Callicarpa hypoleucophylla","t0052772","Plantae","Magnoliopsida",NA,NA,"VU"
"Callicarpa japonica","t0052773","Plantae","Magnoliopsida",NA,NA,"LC"
"Callicarpa longissima","t0052774","Plantae","Magnoliopsida",NA,NA,"NT"
"Callicarpa randaiensis","t0052776","Plantae","Magnoliopsida",NA,NA,"LC"
"Callicarpa remotiflora","t0052777","Plantae","Magnoliopsida",NA,NA,"NT"
"Callicarpa remotiserrulata","t0052778","Plantae","Magnoliopsida",NA,NA,"LC"
"Callicarpa tikusikensis","t0052779","Plantae","Magnoliopsida",NA,NA,"LC"
"Callitriche japonica","t0052781","Plantae","Magnoliopsida",NA,NA,"LC"
"Callitriche raveniana","t0052782","Plantae","Magnoliopsida",NA,NA,"DD"
"Camellia nokoensis","t0052788","Plantae","Magnoliopsida",NA,NA,"VU"
"Camellia transnokoensis","t0052791","Plantae","Magnoliopsida",NA,NA,"LC"
"Canavalia lineata","t0052793","Plantae","Magnoliopsida",NA,NA,"LC"
"Capparis floribunda","t0052796","Plantae","Magnoliopsida",NA,NA,"VU"
"Capparis lanceolaris","t0052797","Plantae","Magnoliopsida",NA,NA,"CR"
"Capparis sabiifolia","t0052798","Plantae","Magnoliopsida",NA,NA,"LC"
"Cardamine agyokumontana","t0052801","Plantae","Magnoliopsida",NA,NA,"DD"
"Cardamine impatiens","t0052803","Plantae","Magnoliopsida",NA,NA,"LC"
"Cardamine nipponica","t0052804","Plantae","Magnoliopsida",NA,NA,"DD"
"Carex alliiformis","t0052807","Plantae","Magnoliopsida",NA,NA,"NT"
"Carex alopecuroides","t0052808","Plantae","Magnoliopsida",NA,NA,"LC"
"Carex alterniflora","t0052809","Plantae","Magnoliopsida",NA,NA,"LC"
"Carex arisanensis","t0052810","Plantae","Magnoliopsida",NA,NA,"LC"
"Carex atrata","t0052811","Plantae","Magnoliopsida",NA,NA,"LC"
"Carex bilateralis","t0052813","Plantae","Magnoliopsida",NA,NA,"LC"
"Carex brachyanthera","t0052814","Plantae","Magnoliopsida",NA,NA,"LC"
"Carex breviculmis","t0052815","Plantae","Magnoliopsida",NA,NA,"LC"
"Carex brevicuspis","t0052816","Plantae","Magnoliopsida",NA,NA,"NT"
"Carex breviscapa","t0052817","Plantae","Magnoliopsida",NA,NA,"LC"
"Carex brownii","t0052818","Plantae","Magnoliopsida",NA,NA,"DD"
"Carex brunnea","t0052819","Plantae","Magnoliopsida",NA,NA,"LC"
"Carex capillacea","t0052820","Plantae","Magnoliopsida",NA,NA,"NT"
"Carex jisaburo-ohwiana","t0052821","Plantae","Magnoliopsida",NA,NA,"NT"
"Carex chrysolepis","t0052822","Plantae","Magnoliopsida",NA,NA,"LC"
"Carex cryptostachys","t0052823","Plantae","Magnoliopsida",NA,NA,"VU"
"Carex daxinensis","t0052824","Plantae","Magnoliopsida",NA,NA,"DD"
"Carex fernaldiana","t0052828","Plantae","Magnoliopsida",NA,NA,"LC"
"Carex formosensis","t0052830","Plantae","Magnoliopsida",NA,NA,"LC"
"Carex fulvorubescens","t0052831","Plantae","Magnoliopsida",NA,NA,"LC"
"Carex hoozanensis","t0052832","Plantae","Magnoliopsida",NA,NA,"LC"
"Carex kiotensis","t0052833","Plantae","Magnoliopsida",NA,NA,"LC"
"Carex kobomugi","t0052834","Plantae","Magnoliopsida",NA,NA,"CR"
"Carex laticeps","t0052835","Plantae","Magnoliopsida",NA,NA,"EN"
"Carex liui","t0052836","Plantae","Magnoliopsida",NA,NA,"LC"
"Carex longistipes","t0052837","Plantae","Magnoliopsida",NA,NA,"LC"
"Carex macrandrolepis","t0052838","Plantae","Magnoliopsida",NA,NA,"LC"
"Carex makinoensis","t0052840","Plantae","Magnoliopsida",NA,NA,"LC"
"Carex manca takasagoana","t0052841","Plantae","Magnoliopsida",NA,NA,"LC"
"Carex metallica","t0052842","Plantae","Magnoliopsida",NA,NA,"RE"
"Carex mollicula","t0052843","Plantae","Magnoliopsida",NA,NA,"NT"
"Carex morii","t0052844","Plantae","Magnoliopsida",NA,NA,"LC"
"Carex nemostachys","t0052845","Plantae","Magnoliopsida",NA,NA,"NT"
"Carex nubigena","t0052846","Plantae","Magnoliopsida",NA,NA,"LC"
"Carex orthostemon","t0052847","Plantae","Magnoliopsida",NA,NA,"LC"
"Carex oxyandra","t0052848","Plantae","Magnoliopsida",NA,NA,"LC"
"Carex perakensis","t0052849","Plantae","Magnoliopsida",NA,NA,"LC"
"Carex pumila","t0052851","Plantae","Magnoliopsida",NA,NA,"LC"
"Carex purpureotincta","t0052852","Plantae","Magnoliopsida",NA,NA,"VU"
"Carex rafflesiana","t0052853","Plantae","Magnoliopsida",NA,NA,"NT"
"Carex rhynchachaenium","t0052854","Plantae","Magnoliopsida",NA,NA,"LC"
"Carex scabrifolia","t0052855","Plantae","Magnoliopsida",NA,NA,"RE"
"Carex scaposa","t0052856","Plantae","Magnoliopsida",NA,NA,"EN"
"Carex sclerocarpa","t0052857","Plantae","Magnoliopsida",NA,NA,"LC"
"Carex subfilicinoides","t0052859","Plantae","Magnoliopsida",NA,NA,"DD"
"Carex taihokuensis","t0052860","Plantae","Magnoliopsida",NA,NA,"LC"
"Carex urelytra","t0052863","Plantae","Magnoliopsida",NA,NA,"LC"
"Carex wahuensis","t0052864","Plantae","Magnoliopsida",NA,NA,"LC"
"Carpesium abrotanoides","t0052867","Plantae","Magnoliopsida",NA,NA,"VU"
"Carpesium cernuum","t0052868","Plantae","Magnoliopsida",NA,NA,"VU"
"Carpesium divaricatum","t0052869","Plantae","Magnoliopsida",NA,NA,"NT"
"Carpesium minus","t0052870","Plantae","Magnoliopsida",NA,NA,"LC"
"Carpesium nepalense","t0052871","Plantae","Magnoliopsida",NA,NA,"LC"
"Caryopteris incana","t0052876","Plantae","Magnoliopsida",NA,NA,"LC"
"Casearia membranacea","t0052880","Plantae","Magnoliopsida",NA,NA,"LC"
"Cassytha filiformis","t0052884","Plantae","Magnoliopsida",NA,NA,"LC"
"Cayratia japonica","t0052897","Plantae","Magnoliopsida",NA,NA,"LC"
"Cayratia maritima","t0052898","Plantae","Magnoliopsida",NA,NA,"NT"
"Celastrus hindsii","t0052901","Plantae","Magnoliopsida",NA,NA,"LC"
"Celastrus kusanoi","t0052902","Plantae","Magnoliopsida",NA,NA,"LC"
"Celastrus paniculatus","t0052903","Plantae","Magnoliopsida",NA,NA,"LC"
"Celastrus punctatus","t0052904","Plantae","Magnoliopsida",NA,NA,"LC"
"Celosia taitoensis","t0052908","Plantae","Magnoliopsida",NA,NA,"DD"
"Celtis formosana","t0052910","Plantae","Magnoliopsida",NA,NA,"LC"
"Celtis nervosa","t0052912","Plantae","Magnoliopsida",NA,NA,"NT"
"Centaurium japonicum","t0052919","Plantae","Magnoliopsida",NA,NA,"LC"
"Centotheca lappacea","t0052920","Plantae","Magnoliopsida",NA,NA,"NT"
"Cephalanthera longifolia","t0052923","Plantae","Magnoliopsida",NA,NA,"LC"
"Cephalanthera erecta","t0052924","Plantae","Magnoliopsida",NA,NA,"VU"
"Calanthe kooshunensis","t0052925","Plantae","Magnoliopsida",NA,NA,"EN"
"Calanthe longipes","t0052926","Plantae","Magnoliopsida",NA,NA,"NT"
"Stellaria monosperma japonica","t0052932","Plantae","Magnoliopsida",NA,NA,"LC"
"Ceratophyllum kossinskyi","t0052934","Plantae","Magnoliopsida",NA,NA,"DD"
"Ceratophyllum oryzetorum","t0052935","Plantae","Magnoliopsida",NA,NA,"DD"
"Chamabainia cuspidata","t0052939","Plantae","Magnoliopsida",NA,NA,"LC"
"Cheirostylis chinensis","t0052954","Plantae","Magnoliopsida",NA,NA,"LC"
"Cheirostylis cochinchinensis clibborndyeri","t0052955","Plantae","Magnoliopsida",NA,NA,"DD"
"Cheirostylis cochinchinensis","t0052956","Plantae","Magnoliopsida",NA,NA,"LC"
"Cheirostylis liukiuensis","t0052957","Plantae","Magnoliopsida",NA,NA,"LC"
"Cheirostylis nantouensis","t0052958","Plantae","Magnoliopsida",NA,NA,"DD"
"Cheirostylis rubrifolius","t0052960","Plantae","Magnoliopsida",NA,NA,"DD"
"Cheirostylis chinensis takeoi","t0052961","Plantae","Magnoliopsida",NA,NA,"LC"
"Chenopodium album","t0052963","Plantae","Magnoliopsida",NA,NA,"LC"
"Chenopodium formosanum","t0052964","Plantae","Magnoliopsida",NA,NA,"DD"
"Chenopodium glaucum","t0052965","Plantae","Magnoliopsida",NA,NA,"LC"
"Chenopodium serotinum","t0052967","Plantae","Magnoliopsida",NA,NA,"LC"
"Chikusichloa mutica","t0052968","Plantae","Magnoliopsida",NA,NA,"CR"
"Chiloschista parishii","t0052969","Plantae","Magnoliopsida",NA,NA,"CR"
"Chimaphila japonica","t0052970","Plantae","Magnoliopsida",NA,NA,"LC"
"Chimaphila monticola","t0052971","Plantae","Magnoliopsida",NA,NA,"DD"
"Chionanthus retusus","t0052975","Plantae","Magnoliopsida",NA,NA,"EN"
"Henckelia anachoreta","t0052976","Plantae","Magnoliopsida",NA,NA,"VU"
"Chloranthus henryi","t0052978","Plantae","Magnoliopsida",NA,NA,"LC"
"Chloranthus oldhamii","t0052979","Plantae","Magnoliopsida",NA,NA,"LC"
"Chloris barbata","t0052980","Plantae","Magnoliopsida",NA,NA,"LC"
"Chloris formosana","t0052982","Plantae","Magnoliopsida",NA,NA,"NT"
"Christia campanulata","t0052989","Plantae","Magnoliopsida",NA,NA,"LC"
"Christisonia hookeri","t0052990","Plantae","Magnoliopsida",NA,NA,"VU"
"Chrysoglossum ornatum","t0052996","Plantae","Magnoliopsida",NA,NA,"LC"
"Chrysopogon aciculatus","t0052997","Plantae","Magnoliopsida",NA,NA,"LC"
"Chrysosplenium delavayi","t0052999","Plantae","Magnoliopsida",NA,NA,"LC"
"Chrysosplenium hebetatum","t0053000","Plantae","Magnoliopsida",NA,NA,"LC"
"Cinnamomum insulari-montanum","t0053005","Plantae","Magnoliopsida",NA,NA,"LC"
"Circaea cordata","t0053012","Plantae","Magnoliopsida",NA,NA,"LC"
"Circaea erubescens","t0053013","Plantae","Magnoliopsida",NA,NA,"LC"
"Circaea glabrescens","t0053014","Plantae","Magnoliopsida",NA,NA,"RE"
"Cirsium arisanense","t0053016","Plantae","Magnoliopsida",NA,NA,"LC"
"Cirsium japonicum australe","t0053017","Plantae","Magnoliopsida",NA,NA,"LC"
"Cirsium ferum","t0053018","Plantae","Magnoliopsida",NA,NA,"LC"
"Cirsium hosokawae","t0053019","Plantae","Magnoliopsida",NA,NA,"LC"
"Cirsium kawakamii","t0053021","Plantae","Magnoliopsida",NA,NA,"LC"
"Cirsium lineare","t0053022","Plantae","Magnoliopsida",NA,NA,"EN"
"Cirsium morii","t0053023","Plantae","Magnoliopsida",NA,NA,"LC"
"Cirsium suzukii","t0053024","Plantae","Magnoliopsida",NA,NA,"LC"
"Cissus elongata","t0053026","Plantae","Magnoliopsida",NA,NA,"DD"
"Cissus pteroclada","t0053028","Plantae","Magnoliopsida",NA,NA,"NT"
"Cissus repens","t0053029","Plantae","Magnoliopsida",NA,NA,"LC"
"Cladium jamaicense","t0053036","Plantae","Magnoliopsida",NA,NA,"EN"
"Claoxylon brachyandrum","t0053037","Plantae","Magnoliopsida",NA,NA,"NT"
"Cleisostoma paniculatum","t0053041","Plantae","Magnoliopsida",NA,NA,"LC"
"Cleisostoma uraiensis","t0053042","Plantae","Magnoliopsida",NA,NA,"EN"
"Clematis akoensis","t0053043","Plantae","Magnoliopsida",NA,NA,"NT"
"Clematis crassifolia","t0053044","Plantae","Magnoliopsida",NA,NA,"LC"
"Clematis formosana","t0053045","Plantae","Magnoliopsida",NA,NA,"NT"
"Clematis grata","t0053046","Plantae","Magnoliopsida",NA,NA,"LC"
"Clematis lasiandra","t0053048","Plantae","Magnoliopsida",NA,NA,"LC"
"Clematis leschenaultiana","t0053049","Plantae","Magnoliopsida",NA,NA,"LC"
"Clematis meyeniana","t0053050","Plantae","Magnoliopsida",NA,NA,"LC"
"Clematis montana","t0053051","Plantae","Magnoliopsida",NA,NA,"LC"
"Clematis parviloba bartlettii","t0053052","Plantae","Magnoliopsida",NA,NA,"NT"
"Clematis pseudootophora","t0053053","Plantae","Magnoliopsida",NA,NA,"NT"
"Clematis psilandra","t0053054","Plantae","Magnoliopsida",NA,NA,"VU"
"Clematis tamurae","t0053055","Plantae","Magnoliopsida",NA,NA,"NT"
"Clematis tsugetorum","t0053056","Plantae","Magnoliopsida",NA,NA,"VU"
"Clerodendrum canescens","t0053062","Plantae","Magnoliopsida",NA,NA,"LC"
"Clerodendrum inerme","t0053065","Plantae","Magnoliopsida",NA,NA,"LC"
"Clerodendrum ohwi","t0053066","Plantae","Magnoliopsida",NA,NA,"DD"
"Clinopodium chinense","t0053072","Plantae","Magnoliopsida",NA,NA,"LC"
"Clinopodium laxiflorum","t0053073","Plantae","Magnoliopsida",NA,NA,"LC"
"Codonopsis kawakamii","t0053081","Plantae","Magnoliopsida",NA,NA,"LC"
"Coleus formosanus","t0053086","Plantae","Magnoliopsida",NA,NA,"LC"
"Collabium chinense","t0053088","Plantae","Magnoliopsida",NA,NA,"EN"
"Collabium formosanum","t0053089","Plantae","Magnoliopsida",NA,NA,"LC"
"Colocasia formosana","t0053091","Plantae","Magnoliopsida",NA,NA,"LC"
"Comanthosphace formosana","t0053096","Plantae","Magnoliopsida",NA,NA,"VU"
"Commelina auriculata","t0053097","Plantae","Magnoliopsida",NA,NA,"LC"
"Commelina communis","t0053099","Plantae","Magnoliopsida",NA,NA,"LC"
"Commelina paludosa","t0053101","Plantae","Magnoliopsida",NA,NA,"LC"
"Conandron ramondioides","t0053102","Plantae","Magnoliopsida",NA,NA,"NT"
"Conioselinum morrisonense","t0053104","Plantae","Magnoliopsida",NA,NA,"LC"
"Connarus subinaequifolius","t0053105","Plantae","Magnoliopsida",NA,NA,"DD"
"Conyza japonica","t0053109","Plantae","Magnoliopsida",NA,NA,"LC"
"Coptis quinquefolia","t0053110","Plantae","Magnoliopsida",NA,NA,"LC"
"Coptosapelta diffusa","t0053111","Plantae","Magnoliopsida",NA,NA,"LC"
"Cornopteris philippinensis","t0053120","Plantae","Polypodiopsida",NA,NA,"DD"
"Corybas shanlinshiensis","t0053121","Plantae","Magnoliopsida",NA,NA,"EN"
"Corybas puniceus","t0053122","Plantae","Magnoliopsida",NA,NA,"CR"
"Corybas sinii","t0053123","Plantae","Magnoliopsida",NA,NA,"EN"
"Corydalis decumbens","t0053126","Plantae","Magnoliopsida",NA,NA,"LC"
"Corydalis incisa","t0053127","Plantae","Magnoliopsida",NA,NA,"LC"
"Corydalis koidzumiana","t0053128","Plantae","Magnoliopsida",NA,NA,"LC"
"Corydalis ochotensis","t0053129","Plantae","Magnoliopsida",NA,NA,"LC"
"Corydalis ophiocarpa","t0053130","Plantae","Magnoliopsida",NA,NA,"LC"
"Corydalis racemosa","t0053132","Plantae","Magnoliopsida",NA,NA,"LC"
"Corydalis tashiroi","t0053133","Plantae","Magnoliopsida",NA,NA,"LC"
"Corymborkis veratrifolia","t0053137","Plantae","Magnoliopsida",NA,NA,"EN"
"Cotoneaster bullatus","t0053141","Plantae","Magnoliopsida",NA,NA,"EN"
"Cotoneaster dammeri","t0053142","Plantae","Magnoliopsida",NA,NA,"LC"
"Cotoneaster horizontalis","t0053143","Plantae","Magnoliopsida",NA,NA,"NT"
"Cotoneaster morrisonensis","t0053145","Plantae","Magnoliopsida",NA,NA,"LC"
"Cotoneaster rokujodaisanensis","t0053146","Plantae","Magnoliopsida",NA,NA,"LC"
"Cotoneaster rosiflorus","t0053147","Plantae","Magnoliopsida",NA,NA,"NT"
"Cotoneaster subadpressus","t0053148","Plantae","Magnoliopsida",NA,NA,"VU"
"Cotula hemisphaerica","t0053150","Plantae","Magnoliopsida",NA,NA,"EN"
"Crateva adansonii formosensis","t0053153","Plantae","Magnoliopsida",NA,NA,"LC"
"Crepidiastrum lanceolatum","t0053154","Plantae","Magnoliopsida",NA,NA,"LC"
"Crepidiastrum taiwanianum","t0053155","Plantae","Magnoliopsida",NA,NA,"NT"
"Crinum asiaticum","t0053156","Plantae","Magnoliopsida",NA,NA,"LC"
"Crossostephium chinense","t0053159","Plantae","Magnoliopsida",NA,NA,"VU"
"Crotalaria acicularis","t0053160","Plantae","Magnoliopsida",NA,NA,"LC"
"Crotalaria calycina","t0053164","Plantae","Magnoliopsida",NA,NA,"LC"
"Crotalaria chiayiana","t0053165","Plantae","Magnoliopsida",NA,NA,"DD"
"Crotalaria chinensis","t0053166","Plantae","Magnoliopsida",NA,NA,"LC"
"Crotalaria elliptica","t0053167","Plantae","Magnoliopsida",NA,NA,"VU"
"Crotalaria ferruginea","t0053168","Plantae","Magnoliopsida",NA,NA,"LC"
"Crotalaria linifolia","t0053173","Plantae","Magnoliopsida",NA,NA,"LC"
"Crotalaria medicaginea","t0053174","Plantae","Magnoliopsida",NA,NA,"DD"
"Crotalaria retusa","t0053177","Plantae","Magnoliopsida",NA,NA,"LC"
"Crotalaria sessiliflora","t0053178","Plantae","Magnoliopsida",NA,NA,"LC"
"Crotalaria triquetra","t0053181","Plantae","Magnoliopsida",NA,NA,"LC"
"Crotalaria verrucosa","t0053182","Plantae","Magnoliopsida",NA,NA,"LC"
"Cryptolepis sinensis","t0053191","Plantae","Magnoliopsida",NA,NA,"LC"
"Cryptostylis arachnites","t0053193","Plantae","Magnoliopsida",NA,NA,"LC"
"Cryptostylis taiwaniana","t0053194","Plantae","Magnoliopsida",NA,NA,"LC"
"Cryptotaenia japonica","t0053195","Plantae","Magnoliopsida",NA,NA,"LC"
"Cucubalus baccifer","t0053196","Plantae","Magnoliopsida",NA,NA,"LC"
"Molineria capitulata","t0053205","Plantae","Magnoliopsida",NA,NA,"LC"
"Curculigo orchioides","t0053206","Plantae","Magnoliopsida",NA,NA,"LC"
"Cuscuta australis","t0053212","Plantae","Magnoliopsida",NA,NA,"DD"
"Cuscuta campestris","t0053213","Plantae","Magnoliopsida",NA,NA,"DD"
"Cuscuta chinensis","t0053214","Plantae","Magnoliopsida",NA,NA,"VU"
"Cuscuta japonica formosana","t0053217","Plantae","Magnoliopsida",NA,NA,"LC"
"Cyanotis arachnoidea","t0053219","Plantae","Magnoliopsida",NA,NA,"LC"
"Cyathula prostrata","t0053220","Plantae","Magnoliopsida",NA,NA,"LC"
"Cyclea gracillima","t0053222","Plantae","Magnoliopsida",NA,NA,"LC"
"Cyclocodon lancifolius","t0053223","Plantae","Magnoliopsida",NA,NA,"LC"
"Cymbidium cochleare","t0053226","Plantae","Magnoliopsida",NA,NA,"EN"
"Cymbidium dayanum","t0053227","Plantae","Magnoliopsida",NA,NA,"LC"
"Cymbidium ensifolium","t0053228","Plantae","Magnoliopsida",NA,NA,"LC"
"Cymbidium faberi","t0053229","Plantae","Magnoliopsida",NA,NA,"VU"
"Cymbidium floribundum","t0053230","Plantae","Magnoliopsida",NA,NA,"LC"
"Cymbidium kanran","t0053233","Plantae","Magnoliopsida",NA,NA,"VU"
"Cymbidium lancifolium","t0053234","Plantae","Magnoliopsida",NA,NA,"LC"
"Cymbidium macrorhizon","t0053235","Plantae","Magnoliopsida",NA,NA,"NT"
"Cymbidium sinense","t0053236","Plantae","Magnoliopsida",NA,NA,"NT"
"Cymbopogon tortilis","t0053239","Plantae","Magnoliopsida",NA,NA,"LC"
"Cynanchum boudieri","t0053241","Plantae","Magnoliopsida",NA,NA,"LC"
"Cynanchum formosanum","t0053242","Plantae","Magnoliopsida",NA,NA,"LC"
"Cynanchum lanhsuense","t0053243","Plantae","Magnoliopsida",NA,NA,"NT"
"Cynodon dactylon","t0053244","Plantae","Magnoliopsida",NA,NA,"LC"
"Cynodon radiatus","t0053247","Plantae","Magnoliopsida",NA,NA,"LC"
"Cynoglossum alpestre","t0053248","Plantae","Magnoliopsida",NA,NA,"NT"
"Cynoglossum furcatum","t0053249","Plantae","Magnoliopsida",NA,NA,"LC"
"Cynoglossum lanceolatum","t0053250","Plantae","Magnoliopsida",NA,NA,"LC"
"Cyperus leptocarpus","t0053264","Plantae","Magnoliopsida",NA,NA,"CR"
"Cyperus malaccensis","t0053265","Plantae","Magnoliopsida",NA,NA,"LC"
"Cyperus malaccensis monophyllus","t0053266","Plantae","Magnoliopsida",NA,NA,"LC"
"Cyperus platystylis","t0053269","Plantae","Magnoliopsida",NA,NA,"VU"
"Cyperus pygmaeus","t0053271","Plantae","Magnoliopsida",NA,NA,"LC"
"Cyrtandra umbellifera","t0053283","Plantae","Magnoliopsida",NA,NA,"VU"
"Cyrtococcum patens","t0053284","Plantae","Magnoliopsida",NA,NA,"LC"
"Dactyloctenium aegyptium","t0053288","Plantae","Magnoliopsida",NA,NA,"LC"
"Dactylorhiza viridis","t0053289","Plantae","Magnoliopsida",NA,NA,"LC"
"Damnacanthus angustifolius","t0053293","Plantae","Magnoliopsida",NA,NA,"LC"
"Damnacanthus indicus","t0053294","Plantae","Magnoliopsida",NA,NA,"LC"
"Daphne arisanensis","t0053295","Plantae","Magnoliopsida",NA,NA,"LC"
"Daphne genkwa","t0053296","Plantae","Magnoliopsida",NA,NA,"VU"
"Daphne nana","t0053298","Plantae","Magnoliopsida",NA,NA,"DD"
"Debregeasia orientalis","t0053304","Plantae","Magnoliopsida",NA,NA,"LC"
"Deeringia amaranthoides","t0053306","Plantae","Magnoliopsida",NA,NA,"LC"
"Deeringia polysperma","t0053307","Plantae","Magnoliopsida",NA,NA,"LC"
"Dendranthema indicum","t0053310","Plantae","Magnoliopsida",NA,NA,"LC"
"Dendranthema morii","t0053311","Plantae","Magnoliopsida",NA,NA,"NT"
"Dendrobium chameleon","t0053313","Plantae","Magnoliopsida",NA,NA,"LC"
"Dendrobium chryseum","t0053314","Plantae","Magnoliopsida",NA,NA,"LC"
"Dendrobium crumenatum","t0053315","Plantae","Magnoliopsida",NA,NA,"VU"
"Dendrobium equitans","t0053316","Plantae","Magnoliopsida",NA,NA,"NT"
"Dendrobium falconeri","t0053317","Plantae","Magnoliopsida",NA,NA,"NT"
"Dendrobium fargesii","t0053318","Plantae","Magnoliopsida",NA,NA,"LC"
"Dendrobium furcatopedicellatum","t0053319","Plantae","Magnoliopsida",NA,NA,"EN"
"Dendrobium goldschmidtianum","t0053320","Plantae","Magnoliopsida",NA,NA,"NT"
"Dendrobium linawianum","t0053322","Plantae","Magnoliopsida",NA,NA,"CR"
"Dendrobium luzonense","t0053323","Plantae","Magnoliopsida",NA,NA,"CR"
"Dendrobium nakaharae","t0053326","Plantae","Magnoliopsida",NA,NA,"LC"
"Dendrobium somae","t0053329","Plantae","Magnoliopsida",NA,NA,"VU"
"Dendrobium xantholeucum","t0053330","Plantae","Magnoliopsida",NA,NA,"NT"
"Dendrochilum uncatum","t0053335","Plantae","Magnoliopsida",NA,NA,"VU"
"Dendrolobium dispermum","t0053337","Plantae","Magnoliopsida",NA,NA,"LC"
"Derris laxiflora","t0053340","Plantae","Magnoliopsida",NA,NA,"LC"
"Derris oblonga","t0053341","Plantae","Magnoliopsida",NA,NA,"EN"
"Derris trifoliata","t0053342","Plantae","Magnoliopsida",NA,NA,"LC"
"Deschampsia atropurpurea","t0053343","Plantae","Magnoliopsida",NA,NA,"VU"
"Deschampsia flexuosa","t0053344","Plantae","Magnoliopsida",NA,NA,"LC"
"Sohmaea diffusa","t0053346","Plantae","Magnoliopsida",NA,NA,"LC"
"Sohmaea gracillima","t0053347","Plantae","Magnoliopsida",NA,NA,"VU"
"Grona heterocarpa","t0053348","Plantae","Magnoliopsida",NA,NA,"LC"
"Grona heterophylla","t0053349","Plantae","Magnoliopsida",NA,NA,"LC"
"Sohmaea laxiflora","t0053351","Plantae","Magnoliopsida",NA,NA,"DD"
"Leptodesmia microphylla","t0053352","Plantae","Magnoliopsida",NA,NA,"LC"
"Desmodium multiflorum","t0053353","Plantae","Magnoliopsida",NA,NA,"LC"
"Huangtcia renifolia","t0053354","Plantae","Magnoliopsida",NA,NA,"EN"
"Puhuaea sequax","t0053355","Plantae","Magnoliopsida",NA,NA,"LC"
"Grona triflora","t0053357","Plantae","Magnoliopsida",NA,NA,"LC"
"Polhillides velutina","t0053359","Plantae","Magnoliopsida",NA,NA,"LC"
"Sohmaea zonata","t0053360","Plantae","Magnoliopsida",NA,NA,"LC"
"Deyeuxia suizanensis","t0053362","Plantae","Magnoliopsida",NA,NA,"NT"
"Dianthus palinensis","t0053365","Plantae","Magnoliopsida",NA,NA,"VU"
"Dianthus pygmaeus","t0053366","Plantae","Magnoliopsida",NA,NA,"VU"
"Dicliptera chinensis","t0053371","Plantae","Magnoliopsida",NA,NA,"LC"
"Didymoplexiella siamensis","t0053373","Plantae","Magnoliopsida",NA,NA,"NT"
"Didymoplexis micradenia","t0053374","Plantae","Magnoliopsida",NA,NA,"LC"
"Digitaria ciliaris","t0053380","Plantae","Magnoliopsida",NA,NA,"LC"
"Digitaria fauriei","t0053383","Plantae","Magnoliopsida",NA,NA,"NT"
"Digitaria henryi","t0053384","Plantae","Magnoliopsida",NA,NA,"LC"
"Digitaria heterantha","t0053385","Plantae","Magnoliopsida",NA,NA,"EN"
"Digitaria ischaemum","t0053386","Plantae","Magnoliopsida",NA,NA,"DD"
"Digitaria longiflora","t0053387","Plantae","Magnoliopsida",NA,NA,"LC"
"Digitaria mollicoma","t0053388","Plantae","Magnoliopsida",NA,NA,"DD"
"Digitaria setigera","t0053390","Plantae","Magnoliopsida",NA,NA,"LC"
"Digitaria violascens","t0053391","Plantae","Magnoliopsida",NA,NA,"LC"
"Dimeria falcata","t0053393","Plantae","Magnoliopsida",NA,NA,"DD"
"Dioscorea alata","t0053399","Plantae","Magnoliopsida",NA,NA,"LC"
"Dioscorea batatas","t0053400","Plantae","Magnoliopsida",NA,NA,"LC"
"Dioscorea benthamii","t0053401","Plantae","Magnoliopsida",NA,NA,"LC"
"Dioscorea bulbifera","t0053402","Plantae","Magnoliopsida",NA,NA,"LC"
"Dioscorea codonopsidifolia","t0053403","Plantae","Magnoliopsida",NA,NA,"LC"
"Dioscorea collettii","t0053404","Plantae","Magnoliopsida",NA,NA,"LC"
"Dioscorea cumingii","t0053405","Plantae","Magnoliopsida",NA,NA,"VU"
"Dioscorea doryphora","t0053406","Plantae","Magnoliopsida",NA,NA,"LC"
"Dioscorea hispida","t0053410","Plantae","Magnoliopsida",NA,NA,"LC"
"Dioscorea kaoi","t0053411","Plantae","Magnoliopsida",NA,NA,"LC"
"Dioscorea matsudae","t0053412","Plantae","Magnoliopsida",NA,NA,"LC"
"Diplazium virescens","t0053429","Plantae","Polypodiopsida",NA,NA,"LC"
"Diploprora championii","t0053430","Plantae","Magnoliopsida",NA,NA,"LC"
"Dischidia formosana","t0053431","Plantae","Magnoliopsida",NA,NA,"LC"
"Disperis neilgherrensis","t0053432","Plantae","Magnoliopsida",NA,NA,"EN"
"Disporopsis taiwanensis","t0053433","Plantae","Magnoliopsida",NA,NA,"LC"
"Disporum kawakamii","t0053434","Plantae","Magnoliopsida",NA,NA,"LC"
"Disporum sessile intermedium","t0053435","Plantae","Magnoliopsida",NA,NA,"DD"
"Draba sekiyana","t0053441","Plantae","Magnoliopsida",NA,NA,"EN"
"Droguetia iners urticoides","t0053447","Plantae","Magnoliopsida",NA,NA,"NT"
"Drosera spatulata","t0053450","Plantae","Magnoliopsida",NA,NA,"LC"
"Duchesnea indica","t0053454","Plantae","Magnoliopsida",NA,NA,"LC"
"Dumasia miaoliensis","t0053455","Plantae","Magnoliopsida",NA,NA,"VU"
"Dunbaria merrillii","t0053456","Plantae","Magnoliopsida",NA,NA,"EN"
"Dunbaria rotundifolia","t0053457","Plantae","Magnoliopsida",NA,NA,"NT"
"Dunbaria villosa","t0053458","Plantae","Magnoliopsida",NA,NA,"LC"
"Dysosma pleiantha","t0053462","Plantae","Magnoliopsida",NA,NA,"NT"
"Eccoilopus cotulifer","t0053466","Plantae","Magnoliopsida",NA,NA,"LC"
"Echinops grijsii","t0053470","Plantae","Magnoliopsida",NA,NA,"CR"
"Elaeagnus formosana","t0053482","Plantae","Magnoliopsida",NA,NA,"LC"
"Elaeagnus glabra","t0053484","Plantae","Magnoliopsida",NA,NA,"LC"
"Elaeagnus grandifolia","t0053485","Plantae","Magnoliopsida",NA,NA,"LC"
"Elaeagnus triflora","t0053486","Plantae","Magnoliopsida",NA,NA,"NT"
"Elaeagnus thunbergii","t0053490","Plantae","Magnoliopsida",NA,NA,"LC"
"Elaeocarpus sylvestris sylvestris","t0053494","Plantae","Magnoliopsida",NA,NA,"LC"
"Elatostema acuteserratum","t0053499","Plantae","Magnoliopsida",NA,NA,"VU"
"Elatostema edule","t0053500","Plantae","Magnoliopsida",NA,NA,"NT"
"Elatostema hypoglaucum","t0053501","Plantae","Magnoliopsida",NA,NA,"DD"
"Elatostema microcephalanthum","t0053502","Plantae","Magnoliopsida",NA,NA,"LC"
"Elatostema oblongifolium","t0053503","Plantae","Magnoliopsida",NA,NA,"VU"
"Elatostema platyphylloides","t0053504","Plantae","Magnoliopsida",NA,NA,"LC"
"Elatostema rivulare","t0053505","Plantae","Magnoliopsida",NA,NA,"LC"
"Elatostema strigillosum","t0053506","Plantae","Magnoliopsida",NA,NA,"VU"
"Elatostema subcoriaceum","t0053507","Plantae","Magnoliopsida",NA,NA,"NT"
"Elatostema villosum","t0053508","Plantae","Magnoliopsida",NA,NA,"VU"
"Eleocharis attenuata","t0053511","Plantae","Magnoliopsida",NA,NA,"VU"
"Eleocharis tetraquetra","t0053515","Plantae","Magnoliopsida",NA,NA,"LC"
"Eleutherococcus trifoliatus","t0053521","Plantae","Magnoliopsida",NA,NA,"LC"
"Ellisiophyllum pinnatum","t0053522","Plantae","Magnoliopsida",NA,NA,"LC"
"Elsholtzia ciliata","t0053523","Plantae","Magnoliopsida",NA,NA,"DD"
"Elymus ciliaris","t0053524","Plantae","Magnoliopsida",NA,NA,"LC"
"Elymus tsukushiensis","t0053525","Plantae","Magnoliopsida",NA,NA,"LC"
"Embelia lenticellata","t0053526","Plantae","Magnoliopsida",NA,NA,"LC"
"Embelia rudis","t0053527","Plantae","Magnoliopsida",NA,NA,"LC"
"Enteropogon dolichostachyus","t0053533","Plantae","Magnoliopsida",NA,NA,"LC"
"Epaltes australis","t0053535","Plantae","Magnoliopsida",NA,NA,"EN"
"Epilobium brevifolium trichoneurum","t0053538","Plantae","Magnoliopsida",NA,NA,"LC"
"Epilobium hohuanense","t0053539","Plantae","Magnoliopsida",NA,NA,"LC"
"Epilobium pengii","t0053541","Plantae","Magnoliopsida",NA,NA,"VU"
"Epilobium platystigmatosum","t0053542","Plantae","Magnoliopsida",NA,NA,"LC"
"Epilobium taiwanianum","t0053543","Plantae","Magnoliopsida",NA,NA,"VU"
"Epipogium aphyllum","t0053545","Plantae","Magnoliopsida",NA,NA,"NT"
"Epipogium japonicum","t0053546","Plantae","Magnoliopsida",NA,NA,"NT"
"Epipogium roseum","t0053547","Plantae","Magnoliopsida",NA,NA,"LC"
"Epipremnum formosanum","t0053548","Plantae","Magnoliopsida",NA,NA,"DD"
"Epirixanthes elongata","t0053550","Plantae","Magnoliopsida",NA,NA,"VU"
"Eragrostis amabilis","t0053552","Plantae","Magnoliopsida",NA,NA,"LC"
"Eragrostis brownii","t0053555","Plantae","Magnoliopsida",NA,NA,"LC"
"Eragrostis bulbillifera","t0053558","Plantae","Magnoliopsida",NA,NA,"LC"
"Eragrostis cylindrica","t0053560","Plantae","Magnoliopsida",NA,NA,"CR"
"Eragrostis fauriei","t0053561","Plantae","Magnoliopsida",NA,NA,"DD"
"Eragrostis ferruginea","t0053562","Plantae","Magnoliopsida",NA,NA,"LC"
"Eragrostis multicaulis","t0053565","Plantae","Magnoliopsida",NA,NA,"LC"
"Eragrostis nevinii","t0053566","Plantae","Magnoliopsida",NA,NA,"CR"
"Eragrostis nutans","t0053567","Plantae","Magnoliopsida",NA,NA,"DD"
"Eragrostis pilosa","t0053568","Plantae","Magnoliopsida",NA,NA,"LC"
"Eragrostis pilosissima","t0053569","Plantae","Magnoliopsida",NA,NA,"CR"
"Eragrostis pilosiuscula","t0053570","Plantae","Magnoliopsida",NA,NA,"CR"
"Eremochloa ciliaris","t0053576","Plantae","Magnoliopsida",NA,NA,"DD"
"Eremochloa ophiuroides","t0053577","Plantae","Magnoliopsida",NA,NA,"LC"
"Eria corneri","t0053578","Plantae","Magnoliopsida",NA,NA,"LC"
"Eria gagnepainii","t0053580","Plantae","Magnoliopsida",NA,NA,"CR"
"Eria javanica","t0053581","Plantae","Magnoliopsida",NA,NA,"CR"
"Eriobotrya deflexa","t0053584","Plantae","Magnoliopsida",NA,NA,"LC"
"Eriocaulon buergerianum","t0053586","Plantae","Magnoliopsida",NA,NA,"LC"
"Eriocaulon nantoense","t0053588","Plantae","Magnoliopsida",NA,NA,"CR"
"Eriocaulon taishanense","t0053591","Plantae","Magnoliopsida",NA,NA,"CR"
"Eriochloa villosa","t0053594","Plantae","Magnoliopsida",NA,NA,"EN"
"Eriosema chinense","t0053595","Plantae","Magnoliopsida",NA,NA,"VU"
"Erycibe henryi","t0053598","Plantae","Magnoliopsida",NA,NA,"LC"
"Erythrodes chinensis","t0053602","Plantae","Magnoliopsida",NA,NA,"LC"
"Erythrodes chinensis triantherae","t0053603","Plantae","Magnoliopsida",NA,NA,"EN"
"Euchresta formosana","t0053608","Plantae","Magnoliopsida",NA,NA,"LC"
"Eulalia leschenaultiana","t0053613","Plantae","Magnoliopsida",NA,NA,"EN"
"Eulalia quadrinervis","t0053614","Plantae","Magnoliopsida",NA,NA,"CR"
"Eulalia speciosa","t0053615","Plantae","Magnoliopsida",NA,NA,"CR"
"Eulaliopsis binata","t0053616","Plantae","Magnoliopsida",NA,NA,"CR"
"Eulophia bicallosa","t0053617","Plantae","Magnoliopsida",NA,NA,"DD"
"Oeceoclades pulchra pelorica","t0053619","Plantae","Magnoliopsida",NA,NA,"DD"
"Eulophia zollingeri","t0053621","Plantae","Magnoliopsida",NA,NA,"LC"
"Euonymus huangii","t0053626","Plantae","Magnoliopsida",NA,NA,"CR"
"Euonymus japonicus","t0053627","Plantae","Magnoliopsida",NA,NA,"CR"
"Euonymus oxyphyllus","t0053629","Plantae","Magnoliopsida",NA,NA,"NT"
"Euonymus spraguei","t0053630","Plantae","Magnoliopsida",NA,NA,"LC"
"Euonymus tashiroi","t0053631","Plantae","Magnoliopsida",NA,NA,"DD"
"Euonymus trichocarpus","t0053632","Plantae","Magnoliopsida",NA,NA,"DD"
"Eupatorium amabile","t0053633","Plantae","Magnoliopsida",NA,NA,"LC"
"Eupatorium formosanum","t0053634","Plantae","Magnoliopsida",NA,NA,"LC"
"Eupatorium hualienense","t0053635","Plantae","Magnoliopsida",NA,NA,"NT"
"Eupatorium lindleyanum","t0053636","Plantae","Magnoliopsida",NA,NA,"VU"
"Euphorbia formosana","t0053639","Plantae","Magnoliopsida",NA,NA,"NT"
"Euphorbia shouanensis","t0053646","Plantae","Magnoliopsida",NA,NA,"EN"
"Euphorbia tarokoensis","t0053647","Plantae","Magnoliopsida",NA,NA,"EN"
"Euphrasia nankotaizanensis","t0053649","Plantae","Magnoliopsida",NA,NA,"NT"
"Euphrasia tarokoana","t0053650","Plantae","Magnoliopsida",NA,NA,"VU"
"Eurya loquaiana","t0053651","Plantae","Magnoliopsida",NA,NA,"LC"
"Eurya chinensis","t0053652","Plantae","Magnoliopsida",NA,NA,"LC"
"Eurya crenatifolia","t0053653","Plantae","Magnoliopsida",NA,NA,"LC"
"Eurya emarginata","t0053654","Plantae","Magnoliopsida",NA,NA,"LC"
"Eurya glaberrima","t0053655","Plantae","Magnoliopsida",NA,NA,"LC"
"Eurya hayatae","t0053657","Plantae","Magnoliopsida",NA,NA,"LC"
"Eurya japonica","t0053658","Plantae","Magnoliopsida",NA,NA,"NT"
"Eurya leptophylla","t0053659","Plantae","Magnoliopsida",NA,NA,"LC"
"Eurya septata","t0053662","Plantae","Magnoliopsida",NA,NA,"LC"
"Eurya strigillosa","t0053663","Plantae","Magnoliopsida",NA,NA,"LC"
"Eustachys tenera","t0053666","Plantae","Magnoliopsida",NA,NA,"DD"
"Excoecaria kawakamii","t0053673","Plantae","Magnoliopsida",NA,NA,"VU"
"Farfugium japonicum","t0053678","Plantae","Magnoliopsida",NA,NA,"LC"
"Festuca formosana","t0053682","Plantae","Magnoliopsida",NA,NA,"DD"
"Festuca japonica","t0053683","Plantae","Magnoliopsida",NA,NA,"EN"
"Festuca leptopogon","t0053684","Plantae","Magnoliopsida",NA,NA,"LC"
"Ficus trichocarpa obtusa","t0053693","Plantae","Magnoliopsida",NA,NA,"NT"
"Filipendula kiraishiensis","t0053694","Plantae","Magnoliopsida",NA,NA,"VU"
"Fimbristylis griffithii","t0053701","Plantae","Magnoliopsida",NA,NA,"NT"
"Fimbristylis littoralis koidzumiana","t0053703","Plantae","Magnoliopsida",NA,NA,"LC"
"Fimbristylis macassarensis","t0053704","Plantae","Magnoliopsida",NA,NA,"NT"
"Fimbristylis spathacea","t0053712","Plantae","Magnoliopsida",NA,NA,"LC"
"Fimbristylis stolonifera","t0053714","Plantae","Magnoliopsida",NA,NA,"NT"
"Fimbristylis subinclinata","t0053715","Plantae","Magnoliopsida",NA,NA,"LC"
"Fimbristylis thomsonii","t0053717","Plantae","Magnoliopsida",NA,NA,"LC"
"Fissistigma glaucescens","t0053718","Plantae","Magnoliopsida",NA,NA,"DD"
"Fissistigma oldhamii","t0053719","Plantae","Magnoliopsida",NA,NA,"LC"
"Flagellaria indica","t0053723","Plantae","Magnoliopsida",NA,NA,"LC"
"Dendrobium comatum","t0053727","Plantae","Magnoliopsida",NA,NA,"NT"
"Flueggea suffruticosa","t0053729","Plantae","Magnoliopsida",NA,NA,"LC"
"Fragaria hayatai","t0053732","Plantae","Magnoliopsida",NA,NA,"LC"
"Freycinetia formosana","t0053735","Plantae","Magnoliopsida",NA,NA,"LC"
"Gahnia tristis","t0053741","Plantae","Magnoliopsida",NA,NA,"NT"
"Galactia tashiroi","t0053743","Plantae","Magnoliopsida",NA,NA,"LC"
"Cyrtosia falconeri","t0053744","Plantae","Magnoliopsida",NA,NA,"LC"
"Cyrtosia lindleyana","t0053745","Plantae","Magnoliopsida",NA,NA,"LC"
"Galium echinocarpum","t0053748","Plantae","Magnoliopsida",NA,NA,"LC"
"Galium formosense","t0053749","Plantae","Magnoliopsida",NA,NA,"LC"
"Galium fukuyamae","t0053750","Plantae","Magnoliopsida",NA,NA,"VU"
"Galium morii","t0053751","Plantae","Magnoliopsida",NA,NA,"VU"
"Galium nankotaizanum","t0053752","Plantae","Magnoliopsida",NA,NA,"EN"
"Galium paradoxum","t0053753","Plantae","Magnoliopsida",NA,NA,"NT"
"Galium spurium","t0053754","Plantae","Magnoliopsida",NA,NA,"LC"
"Galium taiwanense","t0053755","Plantae","Magnoliopsida",NA,NA,"LC"
"Galium tarokoense","t0053756","Plantae","Magnoliopsida",NA,NA,"EN"
"Gardneria multiflora","t0053767","Plantae","Magnoliopsida",NA,NA,"LC"
"Gardneria nutans","t0053768","Plantae","Magnoliopsida",NA,NA,"EN"
"Garnotia acutigluma","t0053769","Plantae","Magnoliopsida",NA,NA,"DD"
"Gastrochilus ciliaris","t0053770","Plantae","Magnoliopsida",NA,NA,"NT"
"Gastrochilus formosanus","t0053771","Plantae","Magnoliopsida",NA,NA,"LC"
"Gastrochilus fuscopunctatus","t0053772","Plantae","Magnoliopsida",NA,NA,"LC"
"Gastrochilus matsudae hoi","t0053773","Plantae","Magnoliopsida",NA,NA,"LC"
"Gastrochilus matsudae","t0053774","Plantae","Magnoliopsida",NA,NA,"NT"
"Gastrochilus rantabunensis","t0053775","Plantae","Magnoliopsida",NA,NA,"VU"
"Gastrochilus raraensis","t0053776","Plantae","Magnoliopsida",NA,NA,"NT"
"Gastrodia albida","t0053777","Plantae","Magnoliopsida",NA,NA,"NT"
"Gastrodia appendiculata","t0053778","Plantae","Magnoliopsida",NA,NA,"DD"
"Gastrodia callosa","t0053779","Plantae","Magnoliopsida",NA,NA,"NT"
"Gastrodia clausa","t0053780","Plantae","Magnoliopsida",NA,NA,"LC"
"Gastrodia confusoides","t0053782","Plantae","Magnoliopsida",NA,NA,"LC"
"Gastrodia flabilabella","t0053784","Plantae","Magnoliopsida",NA,NA,"VU"
"Gastrodia flexistyla","t0053785","Plantae","Magnoliopsida",NA,NA,"CR"
"Gastrodia gracilis","t0053786","Plantae","Magnoliopsida",NA,NA,"LC"
"Gastrodia javanica","t0053787","Plantae","Magnoliopsida",NA,NA,"EN"
"Gastrodia nantoensis","t0053788","Plantae","Magnoliopsida",NA,NA,"DD"
"Gastrodia peichatieniana","t0053789","Plantae","Magnoliopsida",NA,NA,"LC"
"Gastrodia pubilabiata","t0053790","Plantae","Magnoliopsida",NA,NA,"VU"
"Gastrodia shimizuana","t0053791","Plantae","Magnoliopsida",NA,NA,"VU"
"Gastrodia sui","t0053792","Plantae","Magnoliopsida",NA,NA,"CR"
"Gastrodia theana","t0053793","Plantae","Magnoliopsida",NA,NA,"NT"
"Gastrodia uraiensis","t0053794","Plantae","Magnoliopsida",NA,NA,"NT"
"Gaultheria cumingiana","t0053795","Plantae","Magnoliopsida",NA,NA,"LC"
"Gaultheria itoana","t0053796","Plantae","Magnoliopsida",NA,NA,"LC"
"Gentiana arisanensis","t0053798","Plantae","Magnoliopsida",NA,NA,"LC"
"Gentiana bambuseti","t0053799","Plantae","Magnoliopsida",NA,NA,"VU"
"Gentiana horaimontana","t0053800","Plantae","Magnoliopsida",NA,NA,"EN"
"Gentiana itzershanensis","t0053801","Plantae","Magnoliopsida",NA,NA,"NT"
"Gentiana kaohsiungensis","t0053802","Plantae","Magnoliopsida",NA,NA,"NT"
"Gentiana tentyoensis","t0053803","Plantae","Magnoliopsida",NA,NA,"CR"
"Gentiana tarokoensis","t0053804","Plantae","Magnoliopsida",NA,NA,"CR"
"Gentiana tatakensis","t0053805","Plantae","Magnoliopsida",NA,NA,"VU"
"Gentiana tenuissima","t0053806","Plantae","Magnoliopsida",NA,NA,"NT"
"Geophila herbacea","t0053808","Plantae","Magnoliopsida",NA,NA,"LC"
"Geranium hayatanum","t0053810","Plantae","Magnoliopsida",NA,NA,"LC"
"Geranium robertianum","t0053813","Plantae","Magnoliopsida",NA,NA,"LC"
"Geranium suzukii","t0053814","Plantae","Magnoliopsida",NA,NA,"LC"
"Geranium wilfordii","t0053815","Plantae","Magnoliopsida",NA,NA,"NT"
"Geum japonicum","t0053816","Plantae","Magnoliopsida",NA,NA,"VU"
"Girardinia diversifolia","t0053819","Plantae","Magnoliopsida",NA,NA,"LC"
"Glossocardia bidens","t0053824","Plantae","Magnoliopsida",NA,NA,"VU"
"Glyceria leptolepis","t0053825","Plantae","Magnoliopsida",NA,NA,"DD"
"Glycine dolichocarpa","t0053826","Plantae","Magnoliopsida",NA,NA,"VU"
"Glycine tabacina","t0053828","Plantae","Magnoliopsida",NA,NA,"VU"
"Glycine tomentella","t0053829","Plantae","Magnoliopsida",NA,NA,"LC"
"Gnaphalium adnatum","t0053830","Plantae","Magnoliopsida",NA,NA,"LC"
"Gnaphalium japonicum","t0053832","Plantae","Magnoliopsida",NA,NA,"LC"
"Gomphostemma chinense","t0053838","Plantae","Magnoliopsida",NA,NA,"LC"
"Gonostegia pentandra","t0053843","Plantae","Magnoliopsida",NA,NA,"VU"
"Goodyera nantoensis arisanense","t0053844","Plantae","Magnoliopsida",NA,NA,"EN"
"Goodyera biflora","t0053845","Plantae","Magnoliopsida",NA,NA,"EN"
"Goodyera brachiorhynchos","t0053846","Plantae","Magnoliopsida",NA,NA,"VU"
"Goodyera daibuzanensis","t0053847","Plantae","Magnoliopsida",NA,NA,"LC"
"Goodyera foliosa","t0053848","Plantae","Magnoliopsida",NA,NA,"LC"
"Goodyera fumata","t0053849","Plantae","Magnoliopsida",NA,NA,"LC"
"Goodyera henryi","t0053851","Plantae","Magnoliopsida",NA,NA,"LC"
"Goodyera schlechtendaliana","t0053852","Plantae","Magnoliopsida",NA,NA,"LC"
"Goodyera hachijoensis matsumurana","t0053853","Plantae","Magnoliopsida",NA,NA,"NT"
"Goodyera nankoensis","t0053854","Plantae","Magnoliopsida",NA,NA,"LC"
"Goodyera pendula","t0053855","Plantae","Magnoliopsida",NA,NA,"VU"
"Goodyera procera","t0053856","Plantae","Magnoliopsida",NA,NA,"LC"
"Goodyera pusilla","t0053857","Plantae","Magnoliopsida",NA,NA,"NT"
"Goodyera nantoensis","t0053858","Plantae","Magnoliopsida",NA,NA,"EN"
"Goodyera robusta","t0053859","Plantae","Magnoliopsida",NA,NA,"LC"
"Goodyera similis","t0053860","Plantae","Magnoliopsida",NA,NA,"LC"
"Goodyera viridiflora","t0053861","Plantae","Magnoliopsida",NA,NA,"LC"
"Goodyera yamiana","t0053862","Plantae","Magnoliopsida",NA,NA,"VU"
"Grewia piscatorum","t0053871","Plantae","Magnoliopsida",NA,NA,"LC"
"Grewia rhombifolia","t0053872","Plantae","Magnoliopsida",NA,NA,"LC"
"Gymnopetalum chinense","t0053877","Plantae","Magnoliopsida",NA,NA,"LC"
"Gymnosiphon aphyllus","t0053878","Plantae","Magnoliopsida",NA,NA,"EN"
"Gynostemma pentaphyllum","t0053879","Plantae","Magnoliopsida",NA,NA,"LC"
"Gynura elliptica","t0053881","Plantae","Magnoliopsida",NA,NA,"VU"
"Gynura japonica","t0053882","Plantae","Magnoliopsida",NA,NA,"LC"
"Habenaria ciliolaris","t0053884","Plantae","Magnoliopsida",NA,NA,"LC"
"Peristylus monticola","t0053886","Plantae","Magnoliopsida",NA,NA,"DD"
"Habenaria longiracema","t0053887","Plantae","Magnoliopsida",NA,NA,"LC"
"Habenaria pantlingiana","t0053888","Plantae","Magnoliopsida",NA,NA,"LC"
"Habenaria petelotii","t0053889","Plantae","Magnoliopsida",NA,NA,"LC"
"Habenaria polytricha","t0053890","Plantae","Magnoliopsida",NA,NA,"LC"
"Habenaria stenopetala","t0053891","Plantae","Magnoliopsida",NA,NA,"LC"
"Habenaria tsaiana","t0053892","Plantae","Magnoliopsida",NA,NA,"DD"
"Hackelochloa granularis","t0053893","Plantae","Magnoliopsida",NA,NA,"LC"
"Hancockia uniflora","t0053899","Plantae","Magnoliopsida",NA,NA,"CR"
"Haraella retrocalla","t0053900","Plantae","Magnoliopsida",NA,NA,"NT"
"Hayata merrillii","t0053901","Plantae","Magnoliopsida",NA,NA,"DD"
"Hedyotis butensis","t0053904","Plantae","Magnoliopsida",NA,NA,"DD"
"Hedyotis uncinella","t0053905","Plantae","Magnoliopsida",NA,NA,"LC"
"Helictotrichon abietetorum","t0053911","Plantae","Magnoliopsida",NA,NA,"LC"
"Euploca formosana","t0053913","Plantae","Magnoliopsida",NA,NA,"LC"
"Heliotropium indicum","t0053914","Plantae","Magnoliopsida",NA,NA,"LC"
"Hemiboea bicornuta","t0053919","Plantae","Magnoliopsida",NA,NA,"LC"
"Hemiphragma heterophyllum","t0053920","Plantae","Magnoliopsida",NA,NA,"LC"
"Herminium lanceum","t0053923","Plantae","Magnoliopsida",NA,NA,"LC"
"Hetaeria anomala","t0053924","Plantae","Magnoliopsida",NA,NA,"LC"
"Heterostemma brownii","t0053927","Plantae","Magnoliopsida",NA,NA,"LC"
"Hibiscus makinoi","t0053931","Plantae","Magnoliopsida",NA,NA,"LC"
"Hibiscus mutabilis","t0053932","Plantae","Magnoliopsida",NA,NA,"DD"
"Hibiscus surattensis","t0053935","Plantae","Magnoliopsida",NA,NA,"EN"
"Hibiscus taiwanensis","t0053937","Plantae","Magnoliopsida",NA,NA,"LC"
"Hieracium morii","t0053939","Plantae","Magnoliopsida",NA,NA,"LC"
"Homalomena kelungensis","t0053946","Plantae","Magnoliopsida",NA,NA,"DD"
"Homalomena philippinensis","t0053947","Plantae","Magnoliopsida",NA,NA,"NT"
"Houttuynia cordata","t0053950","Plantae","Magnoliopsida",NA,NA,"LC"
"Hydrangea angustipetala","t0053952","Plantae","Magnoliopsida",NA,NA,"LC"
"Hydrangea anomala","t0053953","Plantae","Magnoliopsida",NA,NA,"LC"
"Hydrangea chinensis","t0053955","Plantae","Magnoliopsida",NA,NA,"LC"
"Hydrangea integrifolia","t0053956","Plantae","Magnoliopsida",NA,NA,"LC"
"Hydrangea longifolia","t0053957","Plantae","Magnoliopsida",NA,NA,"LC"
"Hydrocotyle batrachium","t0053964","Plantae","Magnoliopsida",NA,NA,"LC"
"Hydrocotyle benguetensis","t0053965","Plantae","Magnoliopsida",NA,NA,"LC"
"Hydrocotyle dichondroides","t0053966","Plantae","Magnoliopsida",NA,NA,"LC"
"Hydrocotyle sibthorpioides tuberifera","t0053967","Plantae","Magnoliopsida",NA,NA,"NT"
"Hydrocotyle setulosa","t0053970","Plantae","Magnoliopsida",NA,NA,"LC"
"Hygrophila lancea","t0053974","Plantae","Magnoliopsida",NA,NA,"DD"
"Hygrophila pogonocalyx","t0053975","Plantae","Magnoliopsida",NA,NA,"EN"
"Hygroryza aristata","t0053977","Plantae","Magnoliopsida",NA,NA,"RE"
"Hylodesmum podocarpum","t0053978","Plantae","Magnoliopsida",NA,NA,"LC"
"Hylophila nipponica","t0053979","Plantae","Magnoliopsida",NA,NA,"NT"
"Hymenachne amplexicaulis","t0053980","Plantae","Magnoliopsida",NA,NA,"EN"
"Hypericum ascyron","t0053983","Plantae","Magnoliopsida",NA,NA,"LC"
"Hypericum erectum","t0053984","Plantae","Magnoliopsida",NA,NA,"DD"
"Hypericum formosanum","t0053985","Plantae","Magnoliopsida",NA,NA,"NT"
"Hypericum gramineum","t0053987","Plantae","Magnoliopsida",NA,NA,"DD"
"Hypericum japonicum","t0053988","Plantae","Magnoliopsida",NA,NA,"LC"
"Hypericum nagasawae","t0053990","Plantae","Magnoliopsida",NA,NA,"LC"
"Hypericum nokoense","t0053991","Plantae","Magnoliopsida",NA,NA,"DD"
"Hypericum sampsonii","t0053993","Plantae","Magnoliopsida",NA,NA,"LC"
"Hypericum subalatum","t0053994","Plantae","Magnoliopsida",NA,NA,"VU"
"Hypericum taihezanense","t0053995","Plantae","Magnoliopsida",NA,NA,"LC"
"Hypoestes cumingiana","t0053999","Plantae","Magnoliopsida",NA,NA,"LC"
"Hypolytrum nemorum","t0054000","Plantae","Magnoliopsida",NA,NA,"LC"
"Hypoxis aurea","t0054001","Plantae","Magnoliopsida",NA,NA,"LC"
"Hyptis spicigera","t0054005","Plantae","Magnoliopsida",NA,NA,"LC"
"Hyptis suaveolens","t0054006","Plantae","Magnoliopsida",NA,NA,"LC"
"Idesia polycarpa","t0054007","Plantae","Magnoliopsida",NA,NA,"LC"
"Ilex asprella","t0054009","Plantae","Magnoliopsida",NA,NA,"LC"
"Ilex crenata","t0054012","Plantae","Magnoliopsida",NA,NA,"NT"
"Ilex hayataiana","t0054016","Plantae","Magnoliopsida",NA,NA,"LC"
"Ilex integra","t0054017","Plantae","Magnoliopsida",NA,NA,"VU"
"Ilex kusanoi","t0054018","Plantae","Magnoliopsida",NA,NA,"NT"
"Ilex maximowicziana","t0054020","Plantae","Magnoliopsida",NA,NA,"LC"
"Ilex pubescens","t0054023","Plantae","Magnoliopsida",NA,NA,"NT"
"Ilex suzukii","t0054026","Plantae","Magnoliopsida",NA,NA,"NT"
"Illicium arborescens","t0054030","Plantae","Magnoliopsida",NA,NA,"LC"
"Illicium tashiroi","t0054031","Plantae","Magnoliopsida",NA,NA,"LC"
"Illigera luzonensis","t0054032","Plantae","Magnoliopsida",NA,NA,"LC"
"Impatiens devolii","t0054034","Plantae","Magnoliopsida",NA,NA,"VU"
"Impatiens tayemonii","t0054036","Plantae","Magnoliopsida",NA,NA,"VU"
"Impatiens uniflora","t0054037","Plantae","Magnoliopsida",NA,NA,"LC"
"Indigofera byobiensis","t0054039","Plantae","Magnoliopsida",NA,NA,"CR"
"Indigofera glandulifera","t0054041","Plantae","Magnoliopsida",NA,NA,"DD"
"Indigofera nigrescens","t0054043","Plantae","Magnoliopsida",NA,NA,"LC"
"Indigofera ramulosissima","t0054046","Plantae","Magnoliopsida",NA,NA,"EN"
"Indigofera suffruticosa","t0054048","Plantae","Magnoliopsida",NA,NA,"LC"
"Indigofera taiwaniana","t0054049","Plantae","Magnoliopsida",NA,NA,"CR"
"Indigofera trifoliata","t0054051","Plantae","Magnoliopsida",NA,NA,"LC"
"Indigofera venulosa","t0054052","Plantae","Magnoliopsida",NA,NA,"LC"
"Ipomoea imperati","t0054062","Plantae","Magnoliopsida",NA,NA,"VU"
"Ipomoea obscura","t0054068","Plantae","Magnoliopsida",NA,NA,"LC"
"Ipomoea pes-caprae brasiliensis","t0054069","Plantae","Magnoliopsida",NA,NA,"LC"
"Ipomoea polymorpha","t0054070","Plantae","Magnoliopsida",NA,NA,"VU"
"Ipomoea sumatrana","t0054073","Plantae","Magnoliopsida",NA,NA,"EN"
"Ipomoea violacea","t0054075","Plantae","Magnoliopsida",NA,NA,"NT"
"Iris formosana","t0054078","Plantae","Magnoliopsida",NA,NA,"LC"
"Iris nantouensis","t0054080","Plantae","Magnoliopsida",NA,NA,"DD"
"Isachne beneckei","t0054084","Plantae","Magnoliopsida",NA,NA,"LC"
"Isachne dispar","t0054085","Plantae","Magnoliopsida",NA,NA,"CR"
"Isachne kunthiana","t0054087","Plantae","Magnoliopsida",NA,NA,"LC"
"Isachne miliacea","t0054088","Plantae","Magnoliopsida",NA,NA,"DD"
"Isachne myosotis","t0054089","Plantae","Magnoliopsida",NA,NA,"LC"
"Isachne nipponensis","t0054090","Plantae","Magnoliopsida",NA,NA,"NT"
"Ischaemum setaceum","t0054095","Plantae","Magnoliopsida",NA,NA,"NT"
"Ischaemum timorense","t0054096","Plantae","Magnoliopsida",NA,NA,"LC"
"Itea parviflora","t0054097","Plantae","Magnoliopsida",NA,NA,"LC"
"Ixeridium laevigatum","t0054099","Plantae","Magnoliopsida",NA,NA,"LC"
"Ixeridium transnokoense","t0054100","Plantae","Magnoliopsida",NA,NA,"LC"
"Ixeris debilis","t0054101","Plantae","Magnoliopsida",NA,NA,"LC"
"Ixeris tamagawaensis","t0054103","Plantae","Magnoliopsida",NA,NA,"LC"
"Ixeris polycephala","t0054104","Plantae","Magnoliopsida",NA,NA,"LC"
"Ixeris repens","t0054105","Plantae","Magnoliopsida",NA,NA,"NT"
"Ixeris stolonifera","t0054106","Plantae","Magnoliopsida",NA,NA,"LC"
"Jasminum nervosum","t0054113","Plantae","Magnoliopsida",NA,NA,"LC"
"Jasminum sinense","t0054115","Plantae","Magnoliopsida",NA,NA,"LC"
"Jasminum urophyllum","t0054116","Plantae","Magnoliopsida",NA,NA,"LC"
"Juglans cathayensis","t0054120","Plantae","Magnoliopsida",NA,NA,"LC"
"Juncus leschenaultii","t0054125","Plantae","Magnoliopsida",NA,NA,"LC"
"Juncus ohwianus","t0054127","Plantae","Magnoliopsida",NA,NA,"EN"
"Juncus tenuis","t0054128","Plantae","Magnoliopsida",NA,NA,"LC"
"Juncus tobdeniorum","t0054129","Plantae","Magnoliopsida",NA,NA,"VU"
"Juncus triflorus","t0054130","Plantae","Magnoliopsida",NA,NA,"LC"
"Justicia procumbens procumbens","t0054136","Plantae","Magnoliopsida",NA,NA,"LC"
"Kadsura japonica","t0054137","Plantae","Magnoliopsida",NA,NA,"LC"
"Kadsura oblongifolia","t0054138","Plantae","Magnoliopsida",NA,NA,"NT"
"Kadsura philippinensis","t0054139","Plantae","Magnoliopsida",NA,NA,"NT"
"Kalanchoe garambiensis","t0054143","Plantae","Magnoliopsida",NA,NA,"VU"
"Kalanchoe gracilis","t0054144","Plantae","Magnoliopsida",NA,NA,"DD"
"Kalanchoe integra","t0054145","Plantae","Magnoliopsida",NA,NA,"LC"
"Knoxia corymbosa","t0054149","Plantae","Magnoliopsida",NA,NA,"NT"
"Koelreuteria henryi","t0054151","Plantae","Magnoliopsida",NA,NA,"LC"
"Kummerowia stipulacea","t0054152","Plantae","Magnoliopsida",NA,NA,"CR"
"Kummerowia striata","t0054153","Plantae","Magnoliopsida",NA,NA,"LC"
"Pterocypsela indica","t0054156","Plantae","Magnoliopsida",NA,NA,"LC"
"Lagenophora lanata","t0054160","Plantae","Magnoliopsida",NA,NA,"EN"
"Lamium amplexicaule","t0054165","Plantae","Magnoliopsida",NA,NA,"CR"
"Laportea interrupta","t0054170","Plantae","Magnoliopsida",NA,NA,"DD"
"Lasianthus curtisii","t0054172","Plantae","Magnoliopsida",NA,NA,"LC"
"Lasianthus fordii","t0054173","Plantae","Magnoliopsida",NA,NA,"LC"
"Lasianthus formosensis","t0054174","Plantae","Magnoliopsida",NA,NA,"LC"
"Lasianthus hiiranensis","t0054175","Plantae","Magnoliopsida",NA,NA,"VU"
"Lasianthus microphyllus","t0054177","Plantae","Magnoliopsida",NA,NA,"LC"
"Lasianthus microstachys","t0054178","Plantae","Magnoliopsida",NA,NA,"LC"
"Lasianthus tsangii","t0054179","Plantae","Magnoliopsida",NA,NA,"VU"
"Lasianthus wallichii","t0054180","Plantae","Magnoliopsida",NA,NA,"LC"
"Lathraea purpurea","t0054181","Plantae","Magnoliopsida",NA,NA,"NT"
"Lecanorchis cerina","t0054186","Plantae","Magnoliopsida",NA,NA,"NT"
"Lecanorchis latens","t0054187","Plantae","Magnoliopsida",NA,NA,"DD"
"Lecanorchis thalassica","t0054188","Plantae","Magnoliopsida",NA,NA,"EN"
"Lecanorchis purpurea","t0054189","Plantae","Magnoliopsida",NA,NA,"NT"
"Lecanorchis vietnamica","t0054190","Plantae","Magnoliopsida",NA,NA,"NT"
"Lecanorchis virella","t0054191","Plantae","Magnoliopsida",NA,NA,"CR"
"Leea guineensis","t0054194","Plantae","Magnoliopsida",NA,NA,"LC"
"Leontopodium microphyllum","t0054199","Plantae","Magnoliopsida",NA,NA,"LC"
"Leonurus japonicus","t0054200","Plantae","Magnoliopsida",NA,NA,"LC"
"Lepidagathis formosensis","t0054201","Plantae","Magnoliopsida",NA,NA,"LC"
"Lepidagathis inaequalis","t0054202","Plantae","Magnoliopsida",NA,NA,"LC"
"Lepidagathis secunda","t0054203","Plantae","Magnoliopsida",NA,NA,"EN"
"Lepidagathis stenophylla","t0054204","Plantae","Magnoliopsida",NA,NA,"NT"
"Lepistemon intermedius","t0054209","Plantae","Magnoliopsida",NA,NA,"CR"
"Leptaspis banksii","t0054210","Plantae","Magnoliopsida",NA,NA,"CR"
"Leptochloa chinensis","t0054211","Plantae","Magnoliopsida",NA,NA,"LC"
"Lepturus repens","t0054216","Plantae","Magnoliopsida",NA,NA,"LC"
"Lespedeza chinensis","t0054218","Plantae","Magnoliopsida",NA,NA,"LC"
"Lespedeza daurica","t0054219","Plantae","Magnoliopsida",NA,NA,"CR"
"Lespedeza virgata","t0054220","Plantae","Magnoliopsida",NA,NA,"LC"
"Ligularia japonica","t0054225","Plantae","Magnoliopsida",NA,NA,"VU"
"Ligularia kojimae","t0054226","Plantae","Magnoliopsida",NA,NA,"VU"
"Ligularia stenocephala","t0054227","Plantae","Magnoliopsida",NA,NA,"LC"
"Ligustrum liukiuense","t0054229","Plantae","Magnoliopsida",NA,NA,"LC"
"Ligustrum morrisonense","t0054231","Plantae","Magnoliopsida",NA,NA,"NT"
"Lilium callosum","t0054236","Plantae","Magnoliopsida",NA,NA,"DD"
"Limonium sinense","t0054238","Plantae","Magnoliopsida",NA,NA,"LC"
"Liparis barbata","t0054257","Plantae","Magnoliopsida",NA,NA,"NT"
"Liparis bootanensis","t0054258","Plantae","Magnoliopsida",NA,NA,"LC"
"Liparis campylostalix","t0054259","Plantae","Magnoliopsida",NA,NA,"EN"
"Liparis cordifolia","t0054260","Plantae","Magnoliopsida",NA,NA,"LC"
"Liparis elliptica","t0054261","Plantae","Magnoliopsida",NA,NA,"LC"
"Liparis formosana","t0054263","Plantae","Magnoliopsida",NA,NA,"LC"
"Liparis gigantea","t0054264","Plantae","Magnoliopsida",NA,NA,"LC"
"Liparis henryi","t0054265","Plantae","Magnoliopsida",NA,NA,"LC"
"Liparis kawakamii","t0054266","Plantae","Magnoliopsida",NA,NA,"LC"
"Liparis laurisilvatica","t0054267","Plantae","Magnoliopsida",NA,NA,"LC"
"Liparis mannii","t0054268","Plantae","Magnoliopsida",NA,NA,"DD"
"Liparis nakaharae","t0054269","Plantae","Magnoliopsida",NA,NA,"LC"
"Liparis nervosa","t0054270","Plantae","Magnoliopsida",NA,NA,"LC"
"Liparis nokoensis","t0054271","Plantae","Magnoliopsida",NA,NA,"LC"
"Liparis odorata","t0054272","Plantae","Magnoliopsida",NA,NA,"DD"
"Liparis reckoniana","t0054274","Plantae","Magnoliopsida",NA,NA,"EN"
"Liparis rubrotincta","t0054275","Plantae","Magnoliopsida",NA,NA,"VU"
"Liparis somai","t0054276","Plantae","Magnoliopsida",NA,NA,"EN"
"Liparis sootenzanensis","t0054277","Plantae","Magnoliopsida",NA,NA,"LC"
"Liparis viridiflora","t0054278","Plantae","Magnoliopsida",NA,NA,"LC"
"Liriope platyphylla","t0054281","Plantae","Magnoliopsida",NA,NA,"LC"
"Liriope spicata","t0054282","Plantae","Magnoliopsida",NA,NA,"LC"
"Lithocarpus nantoensis","t0054290","Plantae","Magnoliopsida",NA,NA,"VU"
"Lithospermum zollingeri","t0054292","Plantae","Magnoliopsida",NA,NA,"VU"
"Litsea acutivena","t0054293","Plantae","Magnoliopsida",NA,NA,"LC"
"Litsea lii","t0054299","Plantae","Magnoliopsida",NA,NA,"LC"
"Lobelia alsinoides hancei","t0054302","Plantae","Magnoliopsida",NA,NA,"LC"
"Lobelia chinensis","t0054303","Plantae","Magnoliopsida",NA,NA,"LC"
"Lobelia nummularia","t0054307","Plantae","Magnoliopsida",NA,NA,"LC"
"Lobelia seguinii","t0054308","Plantae","Magnoliopsida",NA,NA,"LC"
"Lomatogonium chilaiensis","t0054313","Plantae","Magnoliopsida",NA,NA,"CR"
"Lonicera acuminata","t0054314","Plantae","Magnoliopsida",NA,NA,"LC"
"Lonicera apodantha","t0054315","Plantae","Magnoliopsida",NA,NA,"NT"
"Lonicera hypoglauca","t0054316","Plantae","Magnoliopsida",NA,NA,"LC"
"Lonicera japonica","t0054317","Plantae","Magnoliopsida",NA,NA,"LC"
"Lonicera kawakamii","t0054318","Plantae","Magnoliopsida",NA,NA,"VU"
"Lonicera macrantha","t0054319","Plantae","Magnoliopsida",NA,NA,"VU"
"Lonicera oiwakensis","t0054320","Plantae","Magnoliopsida",NA,NA,"VU"
"Lophatherum gracile","t0054321","Plantae","Magnoliopsida",NA,NA,"LC"
"Loranthus delavayi","t0054322","Plantae","Magnoliopsida",NA,NA,"LC"
"Ludwigia epilobioides","t0054328","Plantae","Magnoliopsida",NA,NA,"LC"
"Ludwigia ovalis","t0054332","Plantae","Magnoliopsida",NA,NA,"VU"
"Luisia cordata","t0054336","Plantae","Magnoliopsida",NA,NA,"VU"
"Luisia lui","t0054337","Plantae","Magnoliopsida",NA,NA,"DD"
"Luisia megasepala","t0054338","Plantae","Magnoliopsida",NA,NA,"LC"
"Luisia teres","t0054339","Plantae","Magnoliopsida",NA,NA,"LC"
"Luzula effusa","t0054342","Plantae","Magnoliopsida",NA,NA,"LC"
"Luzula multiflora","t0054343","Plantae","Magnoliopsida",NA,NA,"NT"
"Luzula plumosa","t0054344","Plantae","Magnoliopsida",NA,NA,"LC"
"Luzula taiwaniana","t0054345","Plantae","Magnoliopsida",NA,NA,"LC"
"Lysimachia simulans","t0054351","Plantae","Magnoliopsida",NA,NA,"LC"
"Lysimachia candida","t0054352","Plantae","Magnoliopsida",NA,NA,"RE"
"Lysimachia capillipes","t0054353","Plantae","Magnoliopsida",NA,NA,"LC"
"Lysimachia chingshuiensis","t0054354","Plantae","Magnoliopsida",NA,NA,"CR"
"Lysimachia decurrens","t0054356","Plantae","Magnoliopsida",NA,NA,"LC"
"Lysimachia fortunei","t0054357","Plantae","Magnoliopsida",NA,NA,"LC"
"Lysimachia japonica","t0054358","Plantae","Magnoliopsida",NA,NA,"LC"
"Lysimachia mauritiana","t0054360","Plantae","Magnoliopsida",NA,NA,"LC"
"Lysimachia nigropunctata","t0054361","Plantae","Magnoliopsida",NA,NA,"LC"
"Lysimachia remota","t0054362","Plantae","Magnoliopsida",NA,NA,"LC"
"Machilus japonica kusanoi","t0054366","Plantae","Magnoliopsida",NA,NA,"LC"
"Machilus zuihoensis mushaensis","t0054367","Plantae","Magnoliopsida",NA,NA,"LC"
"Mahonia morrisonensis","t0054377","Plantae","Magnoliopsida",NA,NA,"DD"
"Mahonia tikushiensis","t0054379","Plantae","Magnoliopsida",NA,NA,"EN"
"Maianthemum formosanum","t0054380","Plantae","Magnoliopsida",NA,NA,"LC"
"Maianthemum harae","t0054381","Plantae","Magnoliopsida",NA,NA,"LC"
"Malaxis monophyllos","t0054383","Plantae","Magnoliopsida",NA,NA,"LC"
"Maoutia setosa","t0054399","Plantae","Magnoliopsida",NA,NA,"LC"
"Marsdenia formosana","t0054404","Plantae","Magnoliopsida",NA,NA,"LC"
"Marsdenia tinctoria","t0054405","Plantae","Magnoliopsida",NA,NA,"LC"
"Maytenus emarginata","t0054409","Plantae","Magnoliopsida",NA,NA,"NT"
"Mazus alpinus","t0054410","Plantae","Magnoliopsida",NA,NA,"LC"
"Mazus goodenifolius","t0054411","Plantae","Magnoliopsida",NA,NA,"LC"
"Mazus fauriei","t0054412","Plantae","Magnoliopsida",NA,NA,"LC"
"Mazus miquelii","t0054413","Plantae","Magnoliopsida",NA,NA,"LC"
"Mazus tainanensis","t0054414","Plantae","Magnoliopsida",NA,NA,"DD"
"Medinilla formosana","t0054420","Plantae","Magnoliopsida",NA,NA,"VU"
"Melampyrum roseum","t0054424","Plantae","Magnoliopsida",NA,NA,"EN"
"Melica onoei","t0054429","Plantae","Magnoliopsida",NA,NA,"NT"
"Meliosma callicarpifolia","t0054432","Plantae","Magnoliopsida",NA,NA,"LC"
"Meliosma rhoifolia","t0054433","Plantae","Magnoliopsida",NA,NA,"LC"
"Melodinus angustifolius","t0054439","Plantae","Magnoliopsida",NA,NA,"DD"
"Memecylon pendulum","t0054442","Plantae","Magnoliopsida",NA,NA,"EN"
"Mercurialis leiocarpa","t0054444","Plantae","Magnoliopsida",NA,NA,"LC"
"Decalobanthus distillatorius","t0054446","Plantae","Magnoliopsida",NA,NA,"CR"
"Microglossa pyrifolia","t0054454","Plantae","Magnoliopsida",NA,NA,"LC"
"Microstegium ciliatum","t0054455","Plantae","Magnoliopsida",NA,NA,"LC"
"Microstegium dilatatum","t0054456","Plantae","Magnoliopsida",NA,NA,"LC"
"Microstegium eucnemis","t0054457","Plantae","Magnoliopsida",NA,NA,"LC"
"Microstegium fauriei","t0054459","Plantae","Magnoliopsida",NA,NA,"LC"
"Microstegium glaberrimum","t0054460","Plantae","Magnoliopsida",NA,NA,"LC"
"Microstegium nudum","t0054461","Plantae","Magnoliopsida",NA,NA,"LC"
"Microstegium vimineum","t0054463","Plantae","Magnoliopsida",NA,NA,"LC"
"Microtis unifolia","t0054464","Plantae","Magnoliopsida",NA,NA,"LC"
"Milium effusum","t0054469","Plantae","Magnoliopsida",NA,NA,"LC"
"Miscanthus floridulus","t0054476","Plantae","Magnoliopsida",NA,NA,"LC"
"Miscanthus sinensis","t0054477","Plantae","Magnoliopsida",NA,NA,"LC"
"Mitchella undulata","t0054478","Plantae","Magnoliopsida",NA,NA,"VU"
"Mitella formosana","t0054479","Plantae","Magnoliopsida",NA,NA,"LC"
"Mitrasacme indica","t0054481","Plantae","Magnoliopsida",NA,NA,"DD"
"Mitrasacme pygmaea","t0054482","Plantae","Magnoliopsida",NA,NA,"LC"
"Moehringia trinervia","t0054484","Plantae","Magnoliopsida",NA,NA,"LC"
"Mollugo stricta","t0054485","Plantae","Magnoliopsida",NA,NA,"LC"
"Momordica cochinchinensis","t0054488","Plantae","Magnoliopsida",NA,NA,"LC"
"Monotropa hypopithys","t0054490","Plantae","Magnoliopsida",NA,NA,"VU"
"Monotropa uniflora","t0054491","Plantae","Magnoliopsida",NA,NA,"DD"
"Cheilotheca humilis","t0054492","Plantae","Magnoliopsida",NA,NA,"LC"
"Cheilotheca macrocarpa","t0054493","Plantae","Magnoliopsida",NA,NA,"LC"
"Morinda parvifolia","t0054497","Plantae","Magnoliopsida",NA,NA,"LC"
"Mosla chinensis","t0054500","Plantae","Magnoliopsida",NA,NA,"LC"
"Mosla dianthera","t0054501","Plantae","Magnoliopsida",NA,NA,"LC"
"Mucuna macrocarpa","t0054502","Plantae","Magnoliopsida",NA,NA,"LC"
"Mucuna membranacea","t0054503","Plantae","Magnoliopsida",NA,NA,"VU"
"Muhlenbergia huegelii","t0054504","Plantae","Magnoliopsida",NA,NA,"LC"
"Murdannia edulis","t0054506","Plantae","Magnoliopsida",NA,NA,"LC"
"Murdannia keisak","t0054507","Plantae","Magnoliopsida",NA,NA,"LC"
"Murdannia loriformis","t0054508","Plantae","Magnoliopsida",NA,NA,"LC"
"Murraya crenulata","t0054509","Plantae","Magnoliopsida",NA,NA,"EN"
"Mussaenda macrophylla","t0054517","Plantae","Magnoliopsida",NA,NA,"NT"
"Mussaenda parviflora","t0054518","Plantae","Magnoliopsida",NA,NA,"LC"
"Mussaenda taihokuensis","t0054519","Plantae","Magnoliopsida",NA,NA,"LC"
"Myriactis humilis","t0054521","Plantae","Magnoliopsida",NA,NA,"LC"
"Myrica adenophora","t0054522","Plantae","Magnoliopsida",NA,NA,"EN"
"Myrica rubra","t0054523","Plantae","Magnoliopsida",NA,NA,"LC"
"Myriophyllum dicoccum","t0054525","Plantae","Magnoliopsida",NA,NA,"DD"
"Myrsine africana","t0054528","Plantae","Magnoliopsida",NA,NA,"LC"
"Najas ancistrocarpa","t0054530","Plantae","Magnoliopsida",NA,NA,"RE"
"Najas browniana","t0054531","Plantae","Magnoliopsida",NA,NA,"VU"
"Nanocnide japonica","t0054538","Plantae","Magnoliopsida",NA,NA,"LC"
"Neolitsea aciculata","t0054545","Plantae","Magnoliopsida",NA,NA,"LC"
"Neottia wardii","t0054556","Plantae","Magnoliopsida",NA,NA,"NT"
"Neottia hohuanshanensis","t0054557","Plantae","Magnoliopsida",NA,NA,"NT"
"Neottia japonica","t0054558","Plantae","Magnoliopsida",NA,NA,"LC"
"Neottia kuanshanensis","t0054559","Plantae","Magnoliopsida",NA,NA,"EN"
"Neottia meifongensis","t0054560","Plantae","Magnoliopsida",NA,NA,"EN"
"Neottia morrisonicola","t0054561","Plantae","Magnoliopsida",NA,NA,"LC"
"Neottia nankomontana","t0054562","Plantae","Magnoliopsida",NA,NA,"VU"
"Neottia piluchiensis","t0054563","Plantae","Magnoliopsida",NA,NA,"NT"
"Neottia pseudonipponica","t0054564","Plantae","Magnoliopsida",NA,NA,"CR"
"Neottia suzukii","t0054565","Plantae","Magnoliopsida",NA,NA,"LC"
"Neottia taizanensis","t0054566","Plantae","Magnoliopsida",NA,NA,"VU"
"Nephelaphyllum tenuiflorum","t0054567","Plantae","Magnoliopsida",NA,NA,"EN"
"Nertera nigricarpa","t0054572","Plantae","Magnoliopsida",NA,NA,"LC"
"Nervilia alishanensis","t0054573","Plantae","Magnoliopsida",NA,NA,"NT"
"Nervilia concolor","t0054574","Plantae","Magnoliopsida",NA,NA,"LC"
"Nervilia crociformis","t0054575","Plantae","Magnoliopsida",NA,NA,"NT"
"Nervilia lanyuensis","t0054576","Plantae","Magnoliopsida",NA,NA,"NT"
"Nervilia linearilabia","t0054577","Plantae","Magnoliopsida",NA,NA,"DD"
"Nervilia taitoensis","t0054578","Plantae","Magnoliopsida",NA,NA,"DD"
"Nervilia plicata","t0054579","Plantae","Magnoliopsida",NA,NA,"LC"
"Nervilia taiwaniana ratis","t0054580","Plantae","Magnoliopsida",NA,NA,"DD"
"Neyraudia arundinacea","t0054584","Plantae","Magnoliopsida",NA,NA,"NT"
"Nymphaea stellata","t0054595","Plantae","Magnoliopsida",NA,NA,"DD"
"Nymphoides lungtanensis","t0054600","Plantae","Magnoliopsida",NA,NA,"EW"
"Oberonia formosana","t0054601","Plantae","Magnoliopsida",NA,NA,"LC"
"Oberonia caulescens","t0054602","Plantae","Magnoliopsida",NA,NA,"LC"
"Oberonia costeriana","t0054603","Plantae","Magnoliopsida",NA,NA,"EN"
"Oberonia insularis","t0054604","Plantae","Magnoliopsida",NA,NA,"VU"
"Oberonia linguae","t0054606","Plantae","Magnoliopsida",NA,NA,"DD"
"Oberonia rosea","t0054607","Plantae","Magnoliopsida",NA,NA,"EN"
"Oberonia segawae","t0054608","Plantae","Magnoliopsida",NA,NA,"EN"
"Oberonia seidenfadenii","t0054609","Plantae","Magnoliopsida",NA,NA,"EN"
"Odontochilus brevistylus","t0054613","Plantae","Magnoliopsida",NA,NA,"LC"
"Odontochilus elwesii","t0054614","Plantae","Magnoliopsida",NA,NA,"CR"
"Odontochilus lanceolatus","t0054615","Plantae","Magnoliopsida",NA,NA,"LC"
"Odontochilus nanlingensis","t0054616","Plantae","Magnoliopsida",NA,NA,"NT"
"Odontochilus poilanei","t0054617","Plantae","Magnoliopsida",NA,NA,"CR"
"Oenanthe pterocaulon","t0054618","Plantae","Magnoliopsida",NA,NA,"NT"
"Oenanthe thomsonii","t0054619","Plantae","Magnoliopsida",NA,NA,"LC"
"Oldenlandia corymbosa","t0054621","Plantae","Magnoliopsida",NA,NA,"LC"
"Operculina turpethum","t0054623","Plantae","Magnoliopsida",NA,NA,"LC"
"Ophioglossum parvum","t0054624","Plantae","Polypodiopsida",NA,NA,"DD"
"Ophiopogon intermedius","t0054626","Plantae","Magnoliopsida",NA,NA,"LC"
"Ophiopogon reversus","t0054627","Plantae","Magnoliopsida",NA,NA,"LC"
"Ophiorrhiza hayatana","t0054628","Plantae","Magnoliopsida",NA,NA,"LC"
"Ophiorrhiza japonica","t0054629","Plantae","Magnoliopsida",NA,NA,"LC"
"Ophiorrhiza kuroiwae","t0054630","Plantae","Magnoliopsida",NA,NA,"LC"
"Ophiorrhiza pumila","t0054631","Plantae","Magnoliopsida",NA,NA,"LC"
"Oreorchis bilamellata","t0054636","Plantae","Magnoliopsida",NA,NA,"VU"
"Oreorchis fargesii","t0054637","Plantae","Magnoliopsida",NA,NA,"VU"
"Oreorchis micrantha","t0054638","Plantae","Magnoliopsida",NA,NA,"VU"
"Oreorchis patens","t0054639","Plantae","Magnoliopsida",NA,NA,"NT"
"Origanum vulgare","t0054640","Plantae","Magnoliopsida",NA,NA,"LC"
"Ormocarpum cochinchinensis","t0054641","Plantae","Magnoliopsida",NA,NA,"VU"
"Ormosia formosana","t0054642","Plantae","Magnoliopsida",NA,NA,"VU"
"Ormosia hengchuniana","t0054643","Plantae","Magnoliopsida",NA,NA,"NT"
"Orobanche coerulescens","t0054645","Plantae","Magnoliopsida",NA,NA,"EN"
"Osbeckia chinensis","t0054657","Plantae","Magnoliopsida",NA,NA,"LC"
"Osbeckia opipara","t0054658","Plantae","Magnoliopsida",NA,NA,"EN"
"Osmanthus enervius","t0054659","Plantae","Magnoliopsida",NA,NA,"LC"
"Osmanthus heterophyllus","t0054661","Plantae","Magnoliopsida",NA,NA,"LC"
"Osmanthus lanceolatus","t0054662","Plantae","Magnoliopsida",NA,NA,"LC"
"Osmanthus matsumuranus","t0054663","Plantae","Magnoliopsida",NA,NA,"LC"
"Osteomeles schwerinae","t0054665","Plantae","Magnoliopsida",NA,NA,"CR"
"Ottochloa nodosa","t0054667","Plantae","Magnoliopsida",NA,NA,"LC"
"Oxalis corniculata","t0054668","Plantae","Magnoliopsida",NA,NA,"LC"
"Pachystoma pubescens","t0054673","Plantae","Magnoliopsida",NA,NA,"CR"
"Paederia cavaleriei","t0054674","Plantae","Magnoliopsida",NA,NA,"LC"
"Paederia foetida","t0054675","Plantae","Magnoliopsida",NA,NA,"LC"
"Paliurus ramosissimus","t0054677","Plantae","Magnoliopsida",NA,NA,"EN"
"Panicum bisulcatum","t0054679","Plantae","Magnoliopsida",NA,NA,"LC"
"Panicum brevifolium","t0054680","Plantae","Magnoliopsida",NA,NA,"LC"
"Panicum curviflorum suishaense","t0054682","Plantae","Magnoliopsida",NA,NA,"CR"
"Panicum luzonense","t0054684","Plantae","Magnoliopsida",NA,NA,"EN"
"Panicum notatum","t0054687","Plantae","Magnoliopsida",NA,NA,"LC"
"Panicum paludosum","t0054688","Plantae","Magnoliopsida",NA,NA,"LC"
"Panicum sarmentosum","t0054690","Plantae","Magnoliopsida",NA,NA,"LC"
"Papilionanthe taiwaniana","t0054694","Plantae","Magnoliopsida",NA,NA,"DD"
"Paraphlomis tomentoso-capitata","t0054696","Plantae","Magnoliopsida",NA,NA,"LC"
"Parasenecio morrisonensis","t0054697","Plantae","Magnoliopsida",NA,NA,"VU"
"Parasenecio nokoensis","t0054698","Plantae","Magnoliopsida",NA,NA,"EN"
"Paspalum orbiculare","t0054713","Plantae","Magnoliopsida",NA,NA,"LC"
"Paspalum thunbergii","t0054717","Plantae","Magnoliopsida",NA,NA,"LC"
"Patrinia scabiosifolia","t0054726","Plantae","Magnoliopsida",NA,NA,"LC"
"Peliosanthes macrostegia","t0054732","Plantae","Magnoliopsida",NA,NA,"LC"
"Pellionia scabra","t0054734","Plantae","Magnoliopsida",NA,NA,"LC"
"Peperomia leptostachya","t0054737","Plantae","Magnoliopsida",NA,NA,"LC"
"Peperomia japonica","t0054739","Plantae","Magnoliopsida",NA,NA,"LC"
"Peperomia nakaharae","t0054740","Plantae","Magnoliopsida",NA,NA,"LC"
"Peperomia rubrivenosa","t0054743","Plantae","Magnoliopsida",NA,NA,"LC"
"Peracarpa carnosa","t0054745","Plantae","Magnoliopsida",NA,NA,"LC"
"Peristylus formosanus","t0054746","Plantae","Magnoliopsida",NA,NA,"LC"
"Peristylus goodyeroides","t0054747","Plantae","Magnoliopsida",NA,NA,"LC"
"Peristylus gracilis","t0054748","Plantae","Magnoliopsida",NA,NA,"EN"
"Peristylus intrudens","t0054749","Plantae","Magnoliopsida",NA,NA,"EN"
"Perotis indica","t0054750","Plantae","Magnoliopsida",NA,NA,"DD"
"Perotis rara","t0054751","Plantae","Magnoliopsida",NA,NA,"DD"
"Perrottetia arisanensis","t0054752","Plantae","Magnoliopsida",NA,NA,"LC"
"Petasites formosanus","t0054758","Plantae","Magnoliopsida",NA,NA,"LC"
"Petrosavia sakuraii","t0054759","Plantae","Magnoliopsida",NA,NA,"DD"
"Peucedanum formosanum","t0054760","Plantae","Magnoliopsida",NA,NA,"LC"
"Peucedanum japonicum","t0054762","Plantae","Magnoliopsida",NA,NA,"LC"
"Phacellanthus tubiflorus","t0054763","Plantae","Magnoliopsida",NA,NA,"CR"
"Phaenosperma globosum","t0054764","Plantae","Magnoliopsida",NA,NA,"EN"
"Calanthe mishmensis","t0054765","Plantae","Magnoliopsida",NA,NA,"LC"
"Phalaenopsis equestris","t0054766","Plantae","Magnoliopsida",NA,NA,"CR"
"Philydrum lanuginosum","t0054778","Plantae","Magnoliopsida",NA,NA,"NT"
"Pholidota cantonensis","t0054783","Plantae","Magnoliopsida",NA,NA,"LC"
"Photinia niitakayamensis","t0054786","Plantae","Magnoliopsida",NA,NA,"LC"
"Phreatia caulescens","t0054790","Plantae","Magnoliopsida",NA,NA,"CR"
"Phreatia formosana","t0054791","Plantae","Magnoliopsida",NA,NA,"LC"
"Phreatia morii","t0054792","Plantae","Magnoliopsida",NA,NA,"LC"
"Phreatia taiwaniana","t0054793","Plantae","Magnoliopsida",NA,NA,"NT"
"Phryma leptostachya","t0054794","Plantae","Magnoliopsida",NA,NA,"VU"
"Phtheirospermum japonicum","t0054795","Plantae","Magnoliopsida",NA,NA,"NT"
"Phyllanthus embergeri","t0054799","Plantae","Magnoliopsida",NA,NA,"LC"
"Phyllanthus hookeri","t0054801","Plantae","Magnoliopsida",NA,NA,"LC"
"Phyllanthus oligospermus","t0054804","Plantae","Magnoliopsida",NA,NA,"LC"
"Phyllanthus urinaria","t0054806","Plantae","Magnoliopsida",NA,NA,"LC"
"Phyllanthus ussuriensis","t0054807","Plantae","Magnoliopsida",NA,NA,"LC"
"Phyllostachys lithophila","t0054810","Plantae","Magnoliopsida",NA,NA,"DD"
"Phyllostachys makinoi","t0054811","Plantae","Magnoliopsida",NA,NA,"LC"
"Physaliastrum chamaesarachoides","t0054814","Plantae","Magnoliopsida",NA,NA,"EN"
"Phytolacca japonica","t0054819","Plantae","Magnoliopsida",NA,NA,"LC"
"Pilea japonica","t0054826","Plantae","Magnoliopsida",NA,NA,"VU"
"Pilea pumila","t0054830","Plantae","Magnoliopsida",NA,NA,"LC"
"Pilea swinglei","t0054831","Plantae","Magnoliopsida",NA,NA,"DD"
"Pimpinella diversifolia","t0054832","Plantae","Magnoliopsida",NA,NA,"NT"
"Pinalia amica","t0054833","Plantae","Magnoliopsida",NA,NA,"LC"
"Pinalia ovata","t0054835","Plantae","Magnoliopsida",NA,NA,"LC"
"Pinellia ternata","t0054837","Plantae","Magnoliopsida",NA,NA,"LC"
"Pinus fragilissima","t0054838","Plantae","Pinopsida",NA,NA,"DD"
"Piper arborescens","t0054843","Plantae","Magnoliopsida",NA,NA,"LC"
"Piper kadsura","t0054845","Plantae","Magnoliopsida",NA,NA,"LC"
"Piper kawakamii","t0054846","Plantae","Magnoliopsida",NA,NA,"LC"
"Piper kwashoense","t0054847","Plantae","Magnoliopsida",NA,NA,"LC"
"Piper sintenense","t0054849","Plantae","Magnoliopsida",NA,NA,"LC"
"Piper taiwanense","t0054850","Plantae","Magnoliopsida",NA,NA,"LC"
"Piper umbellatum","t0054851","Plantae","Magnoliopsida",NA,NA,"LC"
"Oryzopsis obtusa","t0054852","Plantae","Magnoliopsida",NA,NA,"CR"
"Plantago asiatica","t0054863","Plantae","Magnoliopsida",NA,NA,"LC"
"Platanthera brevicalcarata","t0054868","Plantae","Magnoliopsida",NA,NA,"LC"
"Platanthera devolii","t0054869","Plantae","Magnoliopsida",NA,NA,"LC"
"Platanthera longicalcarata","t0054870","Plantae","Magnoliopsida",NA,NA,"VU"
"Platanthera pachyglossa","t0054871","Plantae","Magnoliopsida",NA,NA,"LC"
"Platanthera minor","t0054872","Plantae","Magnoliopsida",NA,NA,"LC"
"Platanthera ophrydioides","t0054874","Plantae","Magnoliopsida",NA,NA,"DD"
"Platanthera sachalinensis","t0054875","Plantae","Magnoliopsida",NA,NA,"LC"
"Platanthera sonoharae","t0054876","Plantae","Magnoliopsida",NA,NA,"EN"
"Platanthera stenoglossa","t0054877","Plantae","Magnoliopsida",NA,NA,"LC"
"Platanthera taiwanensis","t0054878","Plantae","Magnoliopsida",NA,NA,"NT"
"Platanthera yangmeiensis","t0054879","Plantae","Magnoliopsida",NA,NA,"NT"
"Platycarya strobilacea","t0054880","Plantae","Magnoliopsida",NA,NA,"LC"
"Pluchea indica","t0054883","Plantae","Magnoliopsida",NA,NA,"LC"
"Pluchea pteropoda","t0054884","Plantae","Magnoliopsida",NA,NA,"VU"
"Poa acroleuca","t0054889","Plantae","Magnoliopsida",NA,NA,"LC"
"Poa formosae","t0054892","Plantae","Magnoliopsida",NA,NA,"LC"
"Poa nankoensis","t0054893","Plantae","Magnoliopsida",NA,NA,"LC"
"Poa taiwanicola","t0054897","Plantae","Magnoliopsida",NA,NA,"LC"
"Poa takasagomontana","t0054898","Plantae","Magnoliopsida",NA,NA,"LC"
"Poa tenuicula","t0054899","Plantae","Magnoliopsida",NA,NA,"NT"
"Pogonatherum crinitum","t0054901","Plantae","Magnoliopsida",NA,NA,"LC"
"Pogonia minor","t0054903","Plantae","Magnoliopsida",NA,NA,"EN"
"Pogostemon auricularia","t0054904","Plantae","Magnoliopsida",NA,NA,"LC"
"Pogostemon formosanus","t0054906","Plantae","Magnoliopsida",NA,NA,"LC"
"Pollia japonica","t0054908","Plantae","Magnoliopsida",NA,NA,"LC"
"Polyalthia liukiuensis","t0054909","Plantae","Magnoliopsida",NA,NA,"CR"
"Polycarpaea corymbosa","t0054910","Plantae","Magnoliopsida",NA,NA,"DD"
"Heterosamara arcuata","t0054912","Plantae","Magnoliopsida",NA,NA,"VU"
"Polygala chinensis","t0054913","Plantae","Magnoliopsida",NA,NA,"VU"
"Polygala japonica","t0054914","Plantae","Magnoliopsida",NA,NA,"LC"
"Heterosamara tatarinowii","t0054917","Plantae","Magnoliopsida",NA,NA,"LC"
"Polygonatum chingshuishanianum","t0054918","Plantae","Magnoliopsida",NA,NA,"DD"
"Polypogon fugax","t0054923","Plantae","Magnoliopsida",NA,NA,"LC"
"Ponerorchis kiraishiensis","t0054927","Plantae","Magnoliopsida",NA,NA,"LC"
"Ponerorchis taiwanensis","t0054928","Plantae","Magnoliopsida",NA,NA,"NT"
"Ponerorchis tominagae","t0054929","Plantae","Magnoliopsida",NA,NA,"VU"
"Portulaca psammotropha","t0054933","Plantae","Magnoliopsida",NA,NA,"NT"
"Portulaca quadrifida","t0054934","Plantae","Magnoliopsida",NA,NA,"LC"
"Potamogeton cristatus","t0054937","Plantae","Magnoliopsida",NA,NA,"CR"
"Potamogeton malaianus","t0054940","Plantae","Magnoliopsida",NA,NA,"LC"
"Potamogeton oxyphyllus","t0054942","Plantae","Magnoliopsida",NA,NA,"VU"
"Potentilla chinensis","t0054945","Plantae","Magnoliopsida",NA,NA,"EN"
"Potentilla discolor","t0054946","Plantae","Magnoliopsida",NA,NA,"NT"
"Potentilla leuconota","t0054947","Plantae","Magnoliopsida",NA,NA,"LC"
"Potentilla matsumurae","t0054948","Plantae","Magnoliopsida",NA,NA,"LC"
"Potentilla tugitakensis","t0054949","Plantae","Magnoliopsida",NA,NA,"EN"
"Pothoidium lobbianum","t0054950","Plantae","Magnoliopsida",NA,NA,"NT"
"Pothos chinensis","t0054951","Plantae","Magnoliopsida",NA,NA,"LC"
"Pouzolzia elegans","t0054956","Plantae","Magnoliopsida",NA,NA,"LC"
"Premna octonervia","t0054958","Plantae","Magnoliopsida",NA,NA,"NT"
"Primula miyabeana","t0054963","Plantae","Magnoliopsida",NA,NA,"LC"
"Prinsepia scandens","t0054964","Plantae","Magnoliopsida",NA,NA,"LC"
"Procris laevigata","t0054965","Plantae","Magnoliopsida",NA,NA,"LC"
"Prunus obtusata","t0054971","Plantae","Magnoliopsida",NA,NA,"EN"
"Prunus spinulosa","t0054975","Plantae","Magnoliopsida",NA,NA,"LC"
"Pseudoraphis brunoniana","t0054979","Plantae","Magnoliopsida",NA,NA,"EN"
"Psychotria serpens","t0054988","Plantae","Magnoliopsida",NA,NA,"LC"
"Pteris fauriei","t0054989","Plantae","Polypodiopsida",NA,NA,"LC"
"Pterygocalyx volubilis","t0054992","Plantae","Magnoliopsida",NA,NA,"VU"
"Pueraria montana","t0054996","Plantae","Magnoliopsida",NA,NA,"LC"
"Pycnospora lutescens","t0055000","Plantae","Magnoliopsida",NA,NA,"LC"
"Pyrola japonica","t0055006","Plantae","Magnoliopsida",NA,NA,"LC"
"Randia canthioides","t0055028","Plantae","Magnoliopsida",NA,NA,"VU"
"Ranunculus cantoniensis","t0055032","Plantae","Magnoliopsida",NA,NA,"LC"
"Ranunculus cheirophyllus","t0055033","Plantae","Magnoliopsida",NA,NA,"NT"
"Ranunculus chinensis","t0055034","Plantae","Magnoliopsida",NA,NA,"VU"
"Ranunculus formosa-montanus","t0055035","Plantae","Magnoliopsida",NA,NA,"LC"
"Ranunculus japonicus","t0055036","Plantae","Magnoliopsida",NA,NA,"NT"
"Ranunculus junipericola","t0055037","Plantae","Magnoliopsida",NA,NA,"NT"
"Ranunculus morii","t0055038","Plantae","Magnoliopsida",NA,NA,"EN"
"Ranunculus nankotaizanus","t0055039","Plantae","Magnoliopsida",NA,NA,"EN"
"Ranunculus sieboldii","t0055041","Plantae","Magnoliopsida",NA,NA,"LC"
"Ranunculus silerifolius","t0055042","Plantae","Magnoliopsida",NA,NA,"LC"
"Ranunculus taisanensis","t0055043","Plantae","Magnoliopsida",NA,NA,"LC"
"Ranunculus ternatus","t0055044","Plantae","Magnoliopsida",NA,NA,"VU"
"Raphanus raphanistrum sativus","t0055045","Plantae","Magnoliopsida",NA,NA,"LC"
"Reevesia formosana","t0055050","Plantae","Magnoliopsida",NA,NA,"NT"
"Cyperus pedunculatus","t0055051","Plantae","Magnoliopsida",NA,NA,"DD"
"Remusatia vivipara","t0055052","Plantae","Magnoliopsida",NA,NA,"VU"
"Remusatia yunnanensis","t0055053","Plantae","Magnoliopsida",NA,NA,"VU"
"Rhamnus chingshuiensis","t0055055","Plantae","Magnoliopsida",NA,NA,"LC"
"Rhamnus formosana","t0055057","Plantae","Magnoliopsida",NA,NA,"LC"
"Rhamnus parvifolia","t0055058","Plantae","Magnoliopsida",NA,NA,"LC"
"Rhamnus pilushanensis","t0055059","Plantae","Magnoliopsida",NA,NA,"LC"
"Rhaphidophora liukiuensis","t0055062","Plantae","Magnoliopsida",NA,NA,"VU"
"Rhododendron breviperulatum","t0055068","Plantae","Magnoliopsida",NA,NA,"LC"
"Rhododendron chilanshanense","t0055069","Plantae","Magnoliopsida",NA,NA,"VU"
"Rhododendron farrerae","t0055070","Plantae","Magnoliopsida",NA,NA,"NT"
"Rhododendron formosanum","t0055071","Plantae","Magnoliopsida",NA,NA,"LC"
"Rhododendron hyperythrum","t0055072","Plantae","Magnoliopsida",NA,NA,"LC"
"Rhododendron kawakamii","t0055074","Plantae","Magnoliopsida",NA,NA,"NT"
"Rhododendron leptosanthum","t0055075","Plantae","Magnoliopsida",NA,NA,"LC"
"Rhododendron noriakianum","t0055078","Plantae","Magnoliopsida",NA,NA,"DD"
"Rhododendron oldhamii","t0055079","Plantae","Magnoliopsida",NA,NA,"LC"
"Rhododendron pseudochrysanthum","t0055080","Plantae","Magnoliopsida",NA,NA,"LC"
"Rhododendron simsii","t0055081","Plantae","Magnoliopsida",NA,NA,"NT"
"Rhomboda yakusimensis","t0055084","Plantae","Magnoliopsida",NA,NA,"LC"
"Rhopalephora scaberrima","t0055085","Plantae","Magnoliopsida",NA,NA,"LC"
"Rhus hypoleuca","t0055087","Plantae","Magnoliopsida",NA,NA,"VU"
"Rhus sylvestris","t0055088","Plantae","Magnoliopsida",NA,NA,"NT"
"Rhynchosia rothii","t0055091","Plantae","Magnoliopsida",NA,NA,"LC"
"Rhynchosia volubilis","t0055092","Plantae","Magnoliopsida",NA,NA,"LC"
"Rhynchospermum verticillatum","t0055093","Plantae","Magnoliopsida",NA,NA,"LC"
"Rhynchospora chinensis","t0055095","Plantae","Magnoliopsida",NA,NA,"RE"
"Rhynchospora malasica","t0055098","Plantae","Magnoliopsida",NA,NA,"CR"
"Rhynchospora rubra","t0055099","Plantae","Magnoliopsida",NA,NA,"LC"
"Rhynchospora rugosa brownii","t0055100","Plantae","Magnoliopsida",NA,NA,"VU"
"Rhynchotechum brevipedunculatum","t0055101","Plantae","Magnoliopsida",NA,NA,"LC"
"Rhynchotechum formosanum","t0055102","Plantae","Magnoliopsida",NA,NA,"NT"
"Ribes formosanum","t0055103","Plantae","Magnoliopsida",NA,NA,"LC"
"Rorippa cantoniensis","t0055109","Plantae","Magnoliopsida",NA,NA,"LC"
"Rorippa indica","t0055110","Plantae","Magnoliopsida",NA,NA,"LC"
"Rosa cymosa","t0055113","Plantae","Magnoliopsida",NA,NA,"VU"
"Rosa laevigata","t0055114","Plantae","Magnoliopsida",NA,NA,"EN"
"Rosa pricei","t0055115","Plantae","Magnoliopsida",NA,NA,"DD"
"Rosa sambucina","t0055117","Plantae","Magnoliopsida",NA,NA,"LC"
"Rosa transmorrisonensis","t0055119","Plantae","Magnoliopsida",NA,NA,"LC"
"Rotala hippuris","t0055121","Plantae","Magnoliopsida",NA,NA,"CR"
"Rotala taiwaniana","t0055125","Plantae","Magnoliopsida",NA,NA,"DD"
"Rotala wallichii","t0055126","Plantae","Magnoliopsida",NA,NA,"VU"
"Rourea minor","t0055128","Plantae","Magnoliopsida",NA,NA,"VU"
"Rubia lanceolata","t0055130","Plantae","Magnoliopsida",NA,NA,"LC"
"Rubia linii","t0055131","Plantae","Magnoliopsida",NA,NA,"LC"
"Rubus fraxinifolius","t0055133","Plantae","Magnoliopsida",NA,NA,"NT"
"Rubus amphidasys","t0055134","Plantae","Magnoliopsida",NA,NA,"NT"
"Rubus buergeri","t0055135","Plantae","Magnoliopsida",NA,NA,"LC"
"Rubus corchorifolius","t0055136","Plantae","Magnoliopsida",NA,NA,"LC"
"Rubus flagelliflorus","t0055137","Plantae","Magnoliopsida",NA,NA,"CR"
"Rubus formosensis","t0055138","Plantae","Magnoliopsida",NA,NA,"LC"
"Rubus puyumaensis","t0055141","Plantae","Magnoliopsida",NA,NA,"DD"
"Rubus hui","t0055142","Plantae","Magnoliopsida",NA,NA,"LC"
"Rubus kawakamii","t0055143","Plantae","Magnoliopsida",NA,NA,"LC"
"Rubus lambertianus","t0055144","Plantae","Magnoliopsida",NA,NA,"LC"
"Rubus rosifolius","t0055145","Plantae","Magnoliopsida",NA,NA,"LC"
"Rubus liui","t0055146","Plantae","Magnoliopsida",NA,NA,"LC"
"Rubus mesogaeus","t0055147","Plantae","Magnoliopsida",NA,NA,"LC"
"Rubus incanus","t0055149","Plantae","Magnoliopsida",NA,NA,"LC"
"Rubus pectinellus","t0055150","Plantae","Magnoliopsida",NA,NA,"LC"
"Rubus pungens oldhamii","t0055152","Plantae","Magnoliopsida",NA,NA,"LC"
"Rubus ritozanensis","t0055153","Plantae","Magnoliopsida",NA,NA,"LC"
"Rubus rolfei","t0055154","Plantae","Magnoliopsida",NA,NA,"NT"
"Rubus rufus","t0055155","Plantae","Magnoliopsida",NA,NA,"NT"
"Rubus sumatranus","t0055156","Plantae","Magnoliopsida",NA,NA,"EN"
"Rubus swinhoei","t0055157","Plantae","Magnoliopsida",NA,NA,"LC"
"Rubus taiwanicolus","t0055159","Plantae","Magnoliopsida",NA,NA,"LC"
"Rubus trianthus","t0055160","Plantae","Magnoliopsida",NA,NA,"LC"
"Rubus wallichianus","t0055161","Plantae","Magnoliopsida",NA,NA,"LC"
"Ruellia prostrata","t0055162","Plantae","Magnoliopsida",NA,NA,"DD"
"Ruellia repens","t0055163","Plantae","Magnoliopsida",NA,NA,"LC"
"Rumex acetosa","t0055166","Plantae","Magnoliopsida",NA,NA,"LC"
"Rumex nipponicus","t0055171","Plantae","Magnoliopsida",NA,NA,"LC"
"Rungia taiwanensis","t0055174","Plantae","Magnoliopsida",NA,NA,"LC"
"Sabia swinhoei","t0055176","Plantae","Magnoliopsida",NA,NA,"LC"
"Sabia transarisanensis","t0055177","Plantae","Magnoliopsida",NA,NA,"LC"
"Saccolabiopsis viridiflora","t0055184","Plantae","Magnoliopsida",NA,NA,"EN"
"Sageretia randaiensis","t0055185","Plantae","Magnoliopsida",NA,NA,"LC"
"Sagina japonica","t0055186","Plantae","Magnoliopsida",NA,NA,"LC"
"Sagittaria guayanensis lappula","t0055189","Plantae","Magnoliopsida",NA,NA,"EN"
"Salix warburgii","t0055196","Plantae","Magnoliopsida",NA,NA,"LC"
"Salomonia ciliata","t0055197","Plantae","Magnoliopsida",NA,NA,"EN"
"Salvia arisanensis","t0055198","Plantae","Magnoliopsida",NA,NA,"LC"
"Salvia formosana","t0055202","Plantae","Magnoliopsida",NA,NA,"DD"
"Salvia hayatae","t0055203","Plantae","Magnoliopsida",NA,NA,"VU"
"Salvia japonica","t0055204","Plantae","Magnoliopsida",NA,NA,"LC"
"Salvia keitaoensis","t0055205","Plantae","Magnoliopsida",NA,NA,"LC"
"Salvia plebeia","t0055210","Plantae","Magnoliopsida",NA,NA,"LC"
"Salvia scapiformis","t0055211","Plantae","Magnoliopsida",NA,NA,"LC"
"Salvia tashiroi","t0055213","Plantae","Magnoliopsida",NA,NA,"EN"
"Sambucus chinensis","t0055215","Plantae","Magnoliopsida",NA,NA,"LC"
"Sanicula lamelligera","t0055221","Plantae","Magnoliopsida",NA,NA,"LC"
"Sanicula petagnioides","t0055222","Plantae","Magnoliopsida",NA,NA,"LC"
"Saussurea glandulosa","t0055231","Plantae","Magnoliopsida",NA,NA,"VU"
"Saussurea japonica","t0055232","Plantae","Magnoliopsida",NA,NA,"DD"
"Saussurea kanzanensis","t0055233","Plantae","Magnoliopsida",NA,NA,"VU"
"Saussurea kiraisiensis","t0055234","Plantae","Magnoliopsida",NA,NA,"VU"
"Scabiosa lacerifolia","t0055237","Plantae","Magnoliopsida",NA,NA,"LC"
"Scaevola hainanensis","t0055239","Plantae","Magnoliopsida",NA,NA,"CR"
"Scaevola taccada","t0055240","Plantae","Magnoliopsida",NA,NA,"LC"
"Schisandra arisanensis","t0055243","Plantae","Magnoliopsida",NA,NA,"LC"
"Schizostachyum diffusum","t0055248","Plantae","Magnoliopsida",NA,NA,"LC"
"Schoenoplectiella multiseta","t0055249","Plantae","Magnoliopsida",NA,NA,"NT"
"Schoenoplectiella juncoides","t0055250","Plantae","Magnoliopsida",NA,NA,"LC"
"Schoenoplectiella wallichii","t0055253","Plantae","Magnoliopsida",NA,NA,"NT"
"Schoenorchis vanoverberghii","t0055254","Plantae","Magnoliopsida",NA,NA,"VU"
"Schoenus apogon","t0055255","Plantae","Magnoliopsida",NA,NA,"DD"
"Sciaphila arfakiana","t0055258","Plantae","Magnoliopsida",NA,NA,"EN"
"Sciaphila maculata","t0055259","Plantae","Magnoliopsida",NA,NA,"EN"
"Sciaphila ramosa","t0055260","Plantae","Magnoliopsida",NA,NA,"EN"
"Sciaphila secundiflora","t0055261","Plantae","Magnoliopsida",NA,NA,"EN"
"Scirpus hainanensis","t0055262","Plantae","Magnoliopsida",NA,NA,"VU"
"Scirpus ternatanus","t0055263","Plantae","Magnoliopsida",NA,NA,"LC"
"Scrophularia yoshimurae","t0055277","Plantae","Magnoliopsida",NA,NA,"LC"
"Scutellaria barbata","t0055278","Plantae","Magnoliopsida",NA,NA,"LC"
"Scutellaria hsiehii","t0055279","Plantae","Magnoliopsida",NA,NA,"NT"
"Scutellaria indica","t0055280","Plantae","Magnoliopsida",NA,NA,"LC"
"Scutellaria taiwanensis","t0055282","Plantae","Magnoliopsida",NA,NA,"VU"
"Scutellaria tashiroi","t0055283","Plantae","Magnoliopsida",NA,NA,"VU"
"Sedum actinocarpum","t0055286","Plantae","Magnoliopsida",NA,NA,"LC"
"Sedum cryptomerioides","t0055288","Plantae","Magnoliopsida",NA,NA,"DD"
"Sedum drymarioides","t0055289","Plantae","Magnoliopsida",NA,NA,"VU"
"Sedum erythrospermum","t0055291","Plantae","Magnoliopsida",NA,NA,"LC"
"Sedum formosanum","t0055292","Plantae","Magnoliopsida",NA,NA,"LC"
"Sedum microsepalum","t0055295","Plantae","Magnoliopsida",NA,NA,"VU"
"Sedum morrisonense","t0055296","Plantae","Magnoliopsida",NA,NA,"LC"
"Sedum nokoense","t0055297","Plantae","Magnoliopsida",NA,NA,"EN"
"Sedum parvisepalum","t0055298","Plantae","Magnoliopsida",NA,NA,"DD"
"Sedum sekiteiense","t0055300","Plantae","Magnoliopsida",NA,NA,"VU"
"Sedum japonicum oryzifolium","t0055303","Plantae","Magnoliopsida",NA,NA,"NT"
"Senecio crataegifolius","t0055308","Plantae","Magnoliopsida",NA,NA,"VU"
"Senecio kuanshanensis","t0055310","Plantae","Magnoliopsida",NA,NA,"EN"
"Senecio morrisonensis","t0055311","Plantae","Magnoliopsida",NA,NA,"LC"
"Senecio taitungensis","t0055312","Plantae","Magnoliopsida",NA,NA,"LC"
"Senecio tarokoensis","t0055313","Plantae","Magnoliopsida",NA,NA,"EN"
"Buchozia japonica","t0055316","Plantae","Magnoliopsida",NA,NA,"NT"
"Setaria faberi","t0055323","Plantae","Magnoliopsida",NA,NA,"NT"
"Setaria palmifolia","t0055325","Plantae","Magnoliopsida",NA,NA,"LC"
"Setaria plicata","t0055326","Plantae","Magnoliopsida",NA,NA,"LC"
"Setaria pumila","t0055327","Plantae","Magnoliopsida",NA,NA,"LC"
"Setaria viridis","t0055330","Plantae","Magnoliopsida",NA,NA,"LC"
"Sibbaldia procumbens","t0055332","Plantae","Magnoliopsida",NA,NA,"LC"
"Sida acuta","t0055334","Plantae","Magnoliopsida",NA,NA,"LC"
"Sida cordifolia","t0055335","Plantae","Magnoliopsida",NA,NA,"LC"
"Sida javensis","t0055336","Plantae","Magnoliopsida",NA,NA,"DD"
"Sida mysorensis","t0055337","Plantae","Magnoliopsida",NA,NA,"LC"
"Silene morii","t0055346","Plantae","Magnoliopsida",NA,NA,"LC"
"Silene morrisonmontana","t0055347","Plantae","Magnoliopsida",NA,NA,"VU"
"Silene morrisonmontana glabella","t0055348","Plantae","Magnoliopsida",NA,NA,"VU"
"Siphonostegia chinensis","t0055350","Plantae","Magnoliopsida",NA,NA,"EN"
"Skimmia arisanensis","t0055357","Plantae","Magnoliopsida",NA,NA,"LC"
"Sloanea formosana","t0055358","Plantae","Magnoliopsida",NA,NA,"LC"
"Smilax arisanensis","t0055360","Plantae","Magnoliopsida",NA,NA,"LC"
"Smilax bockii","t0055361","Plantae","Magnoliopsida",NA,NA,"DD"
"Smilax china","t0055362","Plantae","Magnoliopsida",NA,NA,"LC"
"Smilax corbularia","t0055363","Plantae","Magnoliopsida",NA,NA,"LC"
"Smilax discotis","t0055364","Plantae","Magnoliopsida",NA,NA,"LC"
"Smilax glabra","t0055365","Plantae","Magnoliopsida",NA,NA,"LC"
"Smilax hayatae","t0055367","Plantae","Magnoliopsida",NA,NA,"LC"
"Smilax horridiramula","t0055368","Plantae","Magnoliopsida",NA,NA,"LC"
"Smilax lanceifolia","t0055369","Plantae","Magnoliopsida",NA,NA,"LC"
"Smilax luei","t0055370","Plantae","Magnoliopsida",NA,NA,"VU"
"Smilax menispermoidea","t0055371","Plantae","Magnoliopsida",NA,NA,"LC"
"Smilax nantoensis","t0055372","Plantae","Magnoliopsida",NA,NA,"LC"
"Smilax nipponica","t0055373","Plantae","Magnoliopsida",NA,NA,"VU"
"Smilax ocreata","t0055374","Plantae","Magnoliopsida",NA,NA,"LC"
"Smilax riparia","t0055376","Plantae","Magnoliopsida",NA,NA,"LC"
"Smilax sieboldii","t0055377","Plantae","Magnoliopsida",NA,NA,"LC"
"Smithia ciliata","t0055379","Plantae","Magnoliopsida",NA,NA,"LC"
"Solanum lyratum","t0055385","Plantae","Magnoliopsida",NA,NA,"LC"
"Solanum pittosporifolium","t0055390","Plantae","Magnoliopsida",NA,NA,"LC"
"Solena amplexicaulis","t0055396","Plantae","Magnoliopsida",NA,NA,"LC"
"Sonchus arvensis","t0055400","Plantae","Magnoliopsida",NA,NA,"LC"
"Sonerila erecta","t0055403","Plantae","Magnoliopsida",NA,NA,"EN"
"Sorghum nitidum","t0055407","Plantae","Magnoliopsida",NA,NA,"LC"
"Spathoglottis plicata","t0055414","Plantae","Magnoliopsida",NA,NA,"CR"
"Spermacoce pusilla","t0055423","Plantae","Magnoliopsida",NA,NA,"LC"
"Spermacoce verticillata","t0055424","Plantae","Magnoliopsida",NA,NA,"LC"
"Sphaerocaryum malaccense","t0055426","Plantae","Magnoliopsida",NA,NA,"LC"
"Spinifex littoreus","t0055430","Plantae","Magnoliopsida",NA,NA,"LC"
"Spiraea formosana","t0055432","Plantae","Magnoliopsida",NA,NA,"LC"
"Spiraea hayatana","t0055433","Plantae","Magnoliopsida",NA,NA,"LC"
"Spiraea morrisonicola","t0055434","Plantae","Magnoliopsida",NA,NA,"LC"
"Spiraea tarokoensis","t0055435","Plantae","Magnoliopsida",NA,NA,"VU"
"Spiranthes × hongkongensis","t0055436","Plantae","Magnoliopsida",NA,NA,"NT"
"Spiranthes nivea","t0055437","Plantae","Magnoliopsida",NA,NA,"NT"
"Spodiopogon tainanensis","t0055441","Plantae","Magnoliopsida",NA,NA,"LC"
"Sporobolus hancei","t0055443","Plantae","Magnoliopsida",NA,NA,"VU"
"Stachys oblongifolia","t0055447","Plantae","Magnoliopsida",NA,NA,"LC"
"Stauntonia obovata","t0055451","Plantae","Magnoliopsida",NA,NA,"LC"
"Stauntonia purpurea","t0055453","Plantae","Magnoliopsida",NA,NA,"LC"
"Trichoglottis luchuensis","t0055454","Plantae","Magnoliopsida",NA,NA,"LC"
"Nubelaria arisanensis","t0055456","Plantae","Magnoliopsida",NA,NA,"LC"
"Stellaria media","t0055457","Plantae","Magnoliopsida",NA,NA,"LC"
"Stemona tuberosa","t0055459","Plantae","Magnoliopsida",NA,NA,"LC"
"Stephania cephalantha","t0055461","Plantae","Magnoliopsida",NA,NA,"LC"
"Stephania merrillii","t0055462","Plantae","Magnoliopsida",NA,NA,"LC"
"Stereosandra javanica","t0055465","Plantae","Magnoliopsida",NA,NA,"EN"
"Stimpsonia chamaedryoides","t0055468","Plantae","Magnoliopsida",NA,NA,"EN"
"Striga lutea","t0055470","Plantae","Magnoliopsida",NA,NA,"EN"
"Striga masuria","t0055471","Plantae","Magnoliopsida",NA,NA,"EN"
"Strobilanthes lanyuensis","t0055473","Plantae","Magnoliopsida",NA,NA,"EN"
"Strobilanthes rankanensis","t0055474","Plantae","Magnoliopsida",NA,NA,"LC"
"Strobilanthes wallichii","t0055475","Plantae","Magnoliopsida",NA,NA,"LC"
"Suzukia luchuensis","t0055484","Plantae","Magnoliopsida",NA,NA,"VU"
"Suzukia shikikunensis","t0055485","Plantae","Magnoliopsida",NA,NA,"LC"
"Swertia arisanensis","t0055486","Plantae","Magnoliopsida",NA,NA,"VU"
"Swertia shintenensis","t0055488","Plantae","Magnoliopsida",NA,NA,"NT"
"Swertia tozanensis","t0055489","Plantae","Magnoliopsida",NA,NA,"VU"
"Symplocos arisanensis","t0055494","Plantae","Magnoliopsida",NA,NA,"LC"
"Symplocos caudata","t0055495","Plantae","Magnoliopsida",NA,NA,"LC"
"Symplocos congesta","t0055496","Plantae","Magnoliopsida",NA,NA,"LC"
"Symplocos decora","t0055497","Plantae","Magnoliopsida",NA,NA,"VU"
"Symplocos eriostroma","t0055498","Plantae","Magnoliopsida",NA,NA,"LC"
"Symplocos konishii","t0055502","Plantae","Magnoliopsida",NA,NA,"LC"
"Symplocos koshunensis","t0055503","Plantae","Magnoliopsida",NA,NA,"EN"
"Symplocos migoi","t0055504","Plantae","Magnoliopsida",NA,NA,"LC"
"Symplocos macrostroma","t0055505","Plantae","Magnoliopsida",NA,NA,"DD"
"Symplocos modesta","t0055507","Plantae","Magnoliopsida",NA,NA,"LC"
"Symplocos morrisonicola","t0055508","Plantae","Magnoliopsida",NA,NA,"LC"
"Symplocos nokoensis","t0055509","Plantae","Magnoliopsida",NA,NA,"VU"
"Symplocos sasakii","t0055510","Plantae","Magnoliopsida",NA,NA,"VU"
"Symplocos setchuensis","t0055511","Plantae","Magnoliopsida",NA,NA,"LC"
"Symplocos stellaris","t0055513","Plantae","Magnoliopsida",NA,NA,"LC"
"Symplocos theophrastifolia","t0055514","Plantae","Magnoliopsida",NA,NA,"LC"
"Syzygium euphlebium","t0055524","Plantae","Magnoliopsida",NA,NA,"DD"
"Syzygium formosanum","t0055525","Plantae","Magnoliopsida",NA,NA,"LC"
"Syzygium taiwanicum","t0055532","Plantae","Magnoliopsida",NA,NA,"VU"
"Tabernaemontana subglobosa","t0055536","Plantae","Magnoliopsida",NA,NA,"NT"
"Taeniophyllum complanatum","t0055538","Plantae","Magnoliopsida",NA,NA,"NT"
"Taeniophyllum glandulosum","t0055539","Plantae","Magnoliopsida",NA,NA,"NT"
"Taeniophyllum taiwanense","t0055540","Plantae","Magnoliopsida",NA,NA,"DD"
"Tainia caterva","t0055544","Plantae","Magnoliopsida",NA,NA,"DD"
"Tainia dunnii","t0055545","Plantae","Magnoliopsida",NA,NA,"LC"
"Tainia hualienia","t0055546","Plantae","Magnoliopsida",NA,NA,"DD"
"Tainia latifolia","t0055547","Plantae","Magnoliopsida",NA,NA,"VU"
"Ania penangiana","t0055548","Plantae","Magnoliopsida",NA,NA,"NT"
"Taraxacum formosanum","t0055553","Plantae","Magnoliopsida",NA,NA,"EN"
"Tarenna zeylanica","t0055556","Plantae","Magnoliopsida",NA,NA,"LC"
"Taxillus pseudochinensis","t0055557","Plantae","Magnoliopsida",NA,NA,"VU"
"Taxillus tsaii","t0055558","Plantae","Magnoliopsida",NA,NA,"LC"
"Tectaria rockii","t0055561","Plantae","Polypodiopsida",NA,NA,"DD"
"Telosma pallida","t0055563","Plantae","Magnoliopsida",NA,NA,"CR"
"Tephroseris kirilowii","t0055564","Plantae","Magnoliopsida",NA,NA,"RE"
"Tephroseris taitoensis","t0055565","Plantae","Magnoliopsida",NA,NA,"DD"
"Tephrosia obovata","t0055568","Plantae","Magnoliopsida",NA,NA,"LC"
"Tetragonia tetragonoides","t0055572","Plantae","Magnoliopsida",NA,NA,"LC"
"Tetrastigma alatum","t0055573","Plantae","Magnoliopsida",NA,NA,"LC"
"Tetrastigma formosanum","t0055574","Plantae","Magnoliopsida",NA,NA,"LC"
"Teucrium bidentatum","t0055575","Plantae","Magnoliopsida",NA,NA,"LC"
"Teucrium taiwanianum","t0055576","Plantae","Magnoliopsida",NA,NA,"VU"
"Teucrium viscidum","t0055577","Plantae","Magnoliopsida",NA,NA,"LC"
"Thalictrum urbaini urbaini","t0055580","Plantae","Magnoliopsida",NA,NA,"LC"
"Thalictrum myriophyllum","t0055581","Plantae","Magnoliopsida",NA,NA,"VU"
"Thalictrum rubescens","t0055583","Plantae","Magnoliopsida",NA,NA,"VU"
"Thalictrum sessile","t0055584","Plantae","Magnoliopsida",NA,NA,"NT"
"Thalictrum urbaini","t0055585","Plantae","Magnoliopsida",NA,NA,"LC"
"Mnesithea laevis cochinchinensis","t0055586","Plantae","Magnoliopsida",NA,NA,"LC"
"Thelasis pygmaea","t0055587","Plantae","Magnoliopsida",NA,NA,"EN"
"Thesium chinense","t0055590","Plantae","Magnoliopsida",NA,NA,"VU"
"Thismia huangii","t0055591","Plantae","Magnoliopsida",NA,NA,"NT"
"Thismia taiwanensis","t0055592","Plantae","Magnoliopsida",NA,NA,"CR"
"Thladiantha nudiflora","t0055593","Plantae","Magnoliopsida",NA,NA,"LC"
"Thladiantha punctata","t0055594","Plantae","Magnoliopsida",NA,NA,"LC"
"Thrixspermum annamense","t0055596","Plantae","Magnoliopsida",NA,NA,"EN"
"Thrixspermum eximium","t0055597","Plantae","Magnoliopsida",NA,NA,"EN"
"Thrixspermum fantasticum","t0055598","Plantae","Magnoliopsida",NA,NA,"NT"
"Thrixspermum formosanum","t0055599","Plantae","Magnoliopsida",NA,NA,"LC"
"Thrixspermum pygmaeum","t0055600","Plantae","Magnoliopsida",NA,NA,"NT"
"Thrixspermum merguense","t0055601","Plantae","Magnoliopsida",NA,NA,"EN"
"Thrixspermum pensile","t0055602","Plantae","Magnoliopsida",NA,NA,"VU"
"Thrixspermum saruwatarii","t0055603","Plantae","Magnoliopsida",NA,NA,"LC"
"Thrixspermum subulatum","t0055604","Plantae","Magnoliopsida",NA,NA,"VU"
"Thuarea involuta","t0055605","Plantae","Magnoliopsida",NA,NA,"LC"
"Thyrocarpus sampsonii","t0055610","Plantae","Magnoliopsida",NA,NA,"LC"
"Thysanolaena latifolia","t0055612","Plantae","Magnoliopsida",NA,NA,"LC"
"Thysanotus chinensis","t0055613","Plantae","Magnoliopsida",NA,NA,"CR"
"Tiarella polyphylla","t0055614","Plantae","Magnoliopsida",NA,NA,"VU"
"Tipularia cunninghamii","t0055617","Plantae","Magnoliopsida",NA,NA,"NT"
"Tipularia odorata","t0055618","Plantae","Magnoliopsida",NA,NA,"NT"
"Titanotrichum oldhamii","t0055619","Plantae","Magnoliopsida",NA,NA,"LC"
"Toddalia asiatica","t0055620","Plantae","Magnoliopsida",NA,NA,"LC"
"Torilis scabra","t0055626","Plantae","Magnoliopsida",NA,NA,"LC"
"Trachelospermum jasminoides","t0055629","Plantae","Magnoliopsida",NA,NA,"LC"
"Trachelospermum lanyuense","t0055631","Plantae","Magnoliopsida",NA,NA,"LC"
"Trachelospermum gracilipes","t0055632","Plantae","Magnoliopsida",NA,NA,"LC"
"Trapa natans bispinosa","t0055638","Plantae","Magnoliopsida",NA,NA,"DD"
"Trapa natans japonica","t0055639","Plantae","Magnoliopsida",NA,NA,"DD"
"Tribulus taiwanense","t0055644","Plantae","Magnoliopsida",NA,NA,"NT"
"Trichodesma calycosum","t0055646","Plantae","Magnoliopsida",NA,NA,"LC"
"Trichoglottis rosea","t0055647","Plantae","Magnoliopsida",NA,NA,"NT"
"Trichosanthes homophylla","t0055650","Plantae","Magnoliopsida",NA,NA,"LC"
"Trichosanthes rosthornii","t0055651","Plantae","Magnoliopsida",NA,NA,"LC"
"Trichosanthes laceribractea","t0055652","Plantae","Magnoliopsida",NA,NA,"LC"
"Trichosanthes ovigera","t0055653","Plantae","Magnoliopsida",NA,NA,"LC"
"Trichosanthes quinquangulata","t0055654","Plantae","Magnoliopsida",NA,NA,"VU"
"Tricyrtis ravenii","t0055655","Plantae","Magnoliopsida",NA,NA,"LC"
"Tricyrtis suzukii","t0055656","Plantae","Magnoliopsida",NA,NA,"VU"
"Trigonotis formosana","t0055663","Plantae","Magnoliopsida",NA,NA,"LC"
"Trigonotis nankotaizanensis","t0055664","Plantae","Magnoliopsida",NA,NA,"NT"
"Triplostegia glandulifera","t0055668","Plantae","Magnoliopsida",NA,NA,"LC"
"Tripogon chinensis","t0055669","Plantae","Magnoliopsida",NA,NA,"CR"
"Tripterospermum cordifolium","t0055672","Plantae","Magnoliopsida",NA,NA,"VU"
"Tripterospermum hualienense","t0055673","Plantae","Magnoliopsida",NA,NA,"VU"
"Tripterospermum microphyllum","t0055674","Plantae","Magnoliopsida",NA,NA,"NT"
"Tripterospermum taiwanense","t0055675","Plantae","Magnoliopsida",NA,NA,"LC"
"Tristellateia australasiae","t0055678","Plantae","Magnoliopsida",NA,NA,"EN"
"Triumfetta rhomboidea","t0055680","Plantae","Magnoliopsida",NA,NA,"LC"
"Triumfetta pilosa","t0055681","Plantae","Magnoliopsida",NA,NA,"LC"
"Triumfetta tomentosa","t0055683","Plantae","Magnoliopsida",NA,NA,"LC"
"Trochodendron aralioides","t0055684","Plantae","Magnoliopsida",NA,NA,"LC"
"Trollius taihasenzanensis","t0055685","Plantae","Magnoliopsida",NA,NA,"VU"
"Tropidia curculigoides","t0055689","Plantae","Magnoliopsida",NA,NA,"LC"
"Tropidia namasiae","t0055690","Plantae","Magnoliopsida",NA,NA,"CR"
"Tsuga chinensis formosana","t0055692","Plantae","Pinopsida",NA,NA,"LC"
"Tuberolabium kotoense","t0055693","Plantae","Magnoliopsida",NA,NA,"VU"
"Staphylea formosana","t0055696","Plantae","Magnoliopsida",NA,NA,"LC"
"Staphylea ovalifolia","t0055697","Plantae","Magnoliopsida",NA,NA,"NT"
"Staphylea ternata","t0055698","Plantae","Magnoliopsida",NA,NA,"LC"
"Typhonium blumei","t0055701","Plantae","Magnoliopsida",NA,NA,"LC"
"Ulmus uyematsui","t0055704","Plantae","Magnoliopsida",NA,NA,"LC"
"Uncaria hirsuta","t0055705","Plantae","Magnoliopsida",NA,NA,"LC"
"Uraria crinita","t0055706","Plantae","Magnoliopsida",NA,NA,"LC"
"Uraria lagopodioides","t0055707","Plantae","Magnoliopsida",NA,NA,"LC"
"Uraria neglecta","t0055708","Plantae","Magnoliopsida",NA,NA,"EN"
"Urena procumbens","t0055711","Plantae","Magnoliopsida",NA,NA,"LC"
"Urochloa glumaris","t0055712","Plantae","Magnoliopsida",NA,NA,"NT"
"Urtica taiwaniana","t0055713","Plantae","Magnoliopsida",NA,NA,"LC"
"Urtica thunbergiana","t0055714","Plantae","Magnoliopsida",NA,NA,"LC"
"Utricularia caerulea","t0055718","Plantae","Magnoliopsida",NA,NA,"CR"
"Vaccinium emarginatum","t0055731","Plantae","Magnoliopsida",NA,NA,"LC"
"Vaccinium merrillianum","t0055732","Plantae","Magnoliopsida",NA,NA,"LC"
"Vaccinium randaiense","t0055733","Plantae","Magnoliopsida",NA,NA,"LC"
"Valeriana fauriei","t0055734","Plantae","Magnoliopsida",NA,NA,"LC"
"Valeriana flaccidissima","t0055735","Plantae","Magnoliopsida",NA,NA,"LC"
"Valeriana kawakamii","t0055736","Plantae","Magnoliopsida",NA,NA,"LC"
"Dianella ensifolia","t0057208","Plantae","Magnoliopsida",NA,NA,"LC"
"Dichrocephala integrifolia","t0057214","Plantae","Magnoliopsida",NA,NA,"LC"
"Didymoplexis pallens pallens","t0057245","Plantae","Magnoliopsida",NA,NA,"LC"
"Crepidium ophrydis","t0057246","Plantae","Magnoliopsida",NA,NA,"LC"
"Dioscorea esculenta","t0057249","Plantae","Magnoliopsida",NA,NA,"LC"
"Dioscorea esculenta spinosa","t0057250","Plantae","Magnoliopsida",NA,NA,"LC"
"Dioscorea japonica japonica","t0057251","Plantae","Magnoliopsida",NA,NA,"LC"
"Diospyros blancoi","t0057252","Plantae","Magnoliopsida",NA,NA,"NT"
"Diplazium donianum","t0057255","Plantae","Polypodiopsida",NA,NA,"LC"
"Diplazium donianum donianum","t0057257","Plantae","Polypodiopsida",NA,NA,"LC"
"Diplazium esculentum esculentum","t0057259","Plantae","Polypodiopsida",NA,NA,"LC"
"Diplazium virescens conterminum","t0057261","Plantae","Polypodiopsida",NA,NA,"LC"
"Diplazium virescens taiwanense","t0057262","Plantae","Polypodiopsida",NA,NA,"LC"
"Diplocyclos palmatus","t0057263","Plantae","Magnoliopsida",NA,NA,"LC"
"Disporopsis fuscopicta arisanensis","t0057269","Plantae","Magnoliopsida",NA,NA,"LC"
"Disporum shimadae","t0057270","Plantae","Magnoliopsida",NA,NA,"LC"
"Distimake quinatus","t0057279","Plantae","Magnoliopsida",NA,NA,"DD"
"Dracaena angustifolia","t0057287","Plantae","Magnoliopsida",NA,NA,"VU"
"Drosera burmannii","t0057289","Plantae","Magnoliopsida",NA,NA,"VU"
"Dryopteris decipiens diplazioides","t0057290","Plantae","Polypodiopsida",NA,NA,"VU"
"Dryopteris wallichiana","t0057291","Plantae","Polypodiopsida",NA,NA,"LC"
"Dryopteris wallichiana pachyphylla","t0057292","Plantae","Polypodiopsida",NA,NA,"LC"
"Dryopteris wallichiana wallichiana","t0057293","Plantae","Polypodiopsida",NA,NA,"LC"
"Dysolobium pilosum","t0057300","Plantae","Magnoliopsida",NA,NA,"NT"
"Elatostema cyrtandrifolium","t0057311","Plantae","Magnoliopsida",NA,NA,"LC"
"Elatostema parvum","t0057312","Plantae","Magnoliopsida",NA,NA,"LC"
"Elatostema trilobulatum","t0057313","Plantae","Magnoliopsida",NA,NA,"LC"
"Eleocharis congesta japonica","t0057314","Plantae","Magnoliopsida",NA,NA,"LC"
"Elsholtzia strobilifera","t0057316","Plantae","Magnoliopsida",NA,NA,"LC"
"Embelia laeta papilligera","t0057317","Plantae","Magnoliopsida",NA,NA,"LC"
"Epipactis ohwii","t0057330","Plantae","Magnoliopsida",NA,NA,"LC"
"Erythrodes aggregata","t0057335","Plantae","Magnoliopsida",NA,NA,"DD"
"Eupatorium clematideum clematideum","t0057344","Plantae","Magnoliopsida",NA,NA,"LC"
"Eupatorium shimadai","t0057345","Plantae","Magnoliopsida",NA,NA,"LC"
"Evolvulus alsinoides","t0057359","Plantae","Magnoliopsida",NA,NA,"LC"
"Exallage chrysotricha","t0057361","Plantae","Magnoliopsida",NA,NA,"VU"
"Fimbristylis aestivalis aestivalis","t0057373","Plantae","Magnoliopsida",NA,NA,"LC"
"Fimbristylis aestivalis esquarrosa","t0057374","Plantae","Magnoliopsida",NA,NA,"LC"
"Fimbristylis ferruginea anpinensis","t0057376","Plantae","Magnoliopsida",NA,NA,"LC"
"Fimbristylis littoralis littoralis","t0057378","Plantae","Magnoliopsida",NA,NA,"LC"
"Fimbristylis tainanensis","t0057379","Plantae","Magnoliopsida",NA,NA,"LC"
"Fimbristylis sericea","t0057380","Plantae","Magnoliopsida",NA,NA,"LC"
"Fimbristylis tristachya subbispicata","t0057381","Plantae","Magnoliopsida",NA,NA,"LC"
"Flemingia lineata","t0057420","Plantae","Magnoliopsida",NA,NA,"DD"
"Flemingia strobilifera","t0057422","Plantae","Magnoliopsida",NA,NA,"LC"
"Galactia tenuiflora tenuiflora","t0057443","Plantae","Magnoliopsida",NA,NA,"LC"
"Galactia tenuiflora villosa","t0057444","Plantae","Magnoliopsida",NA,NA,"LC"
"Galium gracilens","t0057446","Plantae","Magnoliopsida",NA,NA,"LC"
"Uncaria lanosa appendiculata","t0057464","Plantae","Magnoliopsida",NA,NA,"NT"
"Uncaria rhynchophylla","t0057465","Plantae","Magnoliopsida",NA,NA,"VU"
"Urceola rosea","t0057468","Plantae","Magnoliopsida",NA,NA,"LC"
"Vaccinium dunalianum caudatifolium","t0057470","Plantae","Magnoliopsida",NA,NA,"LC"
"Vaccinium japonicum lasiostemon","t0057471","Plantae","Magnoliopsida",NA,NA,"LC"
"Vaccinium wrightii formosanum","t0057472","Plantae","Magnoliopsida",NA,NA,"DD"
"Vernonia cinerea cinerea","t0057477","Plantae","Magnoliopsida",NA,NA,"LC"
"Veronicastrum formosanum","t0057478","Plantae","Magnoliopsida",NA,NA,"EN"
"Viburnum arboricolum","t0057482","Plantae","Magnoliopsida",NA,NA,"LC"
"Viburnum foetidum rectangulatum","t0057483","Plantae","Magnoliopsida",NA,NA,"LC"
"Vigna angularis nipponensis","t0057487","Plantae","Magnoliopsida",NA,NA,"DD"
"Viola inconspicua nagasakiensis","t0057491","Plantae","Magnoliopsida",NA,NA,"LC"
"Vitis thunbergii thunbergii","t0057493","Plantae","Magnoliopsida",NA,NA,"NT"
"Whytockia sasakii","t0057501","Plantae","Magnoliopsida",NA,NA,"LC"
"Wikstroemia indica","t0057504","Plantae","Magnoliopsida",NA,NA,"LC"
"Wollastonia dentata","t0057507","Plantae","Magnoliopsida",NA,NA,"LC"
"Xenostegia tridentata","t0057510","Plantae","Magnoliopsida",NA,NA,"LC"
"Yinshania rivulorum","t0057512","Plantae","Magnoliopsida",NA,NA,"NT"
"Zanthoxylum ailanthoides ailanthoides","t0057513","Plantae","Magnoliopsida",NA,NA,"LC"
"Zeuxine strateumatica strateumatica","t0057517","Plantae","Magnoliopsida",NA,NA,"LC"
"Gastrochilus japonicus","t0057923","Plantae","Magnoliopsida",NA,NA,"LC"
"Gastrodia nipponica","t0057924","Plantae","Magnoliopsida",NA,NA,"NT"
"Gentiana davidii formosana","t0057932","Plantae","Magnoliopsida",NA,NA,"LC"
"Gentiana scabrida scabrida","t0057933","Plantae","Magnoliopsida",NA,NA,"LC"
"Geranium nepalense thunbergii","t0057934","Plantae","Magnoliopsida",NA,NA,"LC"
"Gerbera anandria","t0057935","Plantae","Magnoliopsida",NA,NA,"CR"
"Glehnia littoralis","t0057936","Plantae","Magnoliopsida",NA,NA,"LC"
"Glochidion puberum","t0057939","Plantae","Magnoliopsida",NA,NA,"VU"
"Glochidion zeylanicum lanceolatum","t0057942","Plantae","Magnoliopsida",NA,NA,"LC"
"Glycosmis parviflora parviflora","t0057947","Plantae","Magnoliopsida",NA,NA,"NT"
"Gnaphalium luteoalbum affine","t0057950","Plantae","Magnoliopsida",NA,NA,"LC"
"Gonostegia hirta","t0057959","Plantae","Magnoliopsida",NA,NA,"LC"
"Goodyera seikoomontana","t0057960","Plantae","Magnoliopsida",NA,NA,"LC"
"Habenaria iyoensis","t0057975","Plantae","Magnoliopsida",NA,NA,"NT"
"Hayata tabiyahanensis","t0057986","Plantae","Magnoliopsida",NA,NA,"NT"
"Hedera rhombea formosana","t0057987","Plantae","Magnoliopsida",NA,NA,"LC"
"Helicteres augustifolia","t0057993","Plantae","Magnoliopsida",NA,NA,"LC"
"Helonias umbellata","t0057997","Plantae","Magnoliopsida",NA,NA,"LC"
"Hemigraphis cumingiana","t0057998","Plantae","Magnoliopsida",NA,NA,"VU"
"Heteropolygonatum altelobatum","t0058007","Plantae","Magnoliopsida",NA,NA,"LC"
"Hewittia malabarica","t0058010","Plantae","Magnoliopsida",NA,NA,"LC"
"Holcoglossum pumilum","t0058013","Plantae","Magnoliopsida",NA,NA,"LC"
"Huperzia javanica","t0058031","Plantae","Lycopodiopsida",NA,NA,"DD"
"Hybanthus enneaspermus","t0058033","Plantae","Magnoliopsida",NA,NA,"NT"
"Hydrangea fauriei","t0058035","Plantae","Magnoliopsida",NA,NA,"LC"
"Hydrangea viburnoides","t0058036","Plantae","Magnoliopsida",NA,NA,"LC"
"Hylodesmum laterale","t0058041","Plantae","Magnoliopsida",NA,NA,"LC"
"Hylodesmum podocarpum oxyphyllum","t0058043","Plantae","Magnoliopsida",NA,NA,"LC"
"Hylotelephium subcapitatum","t0058044","Plantae","Magnoliopsida",NA,NA,"LC"
"Hypericum geminiflorum geminiflorum","t0058050","Plantae","Magnoliopsida",NA,NA,"LC"
"Hypericum geminiflorum simplicistylum","t0058051","Plantae","Magnoliopsida",NA,NA,"LC"
"Hypodematium shingii","t0058063","Plantae","Polypodiopsida",NA,NA,"LC"
"Hypoestes purpurea","t0058064","Plantae","Magnoliopsida",NA,NA,"LC"
"Ichnanthus pallens major","t0058068","Plantae","Magnoliopsida",NA,NA,"LC"
"Ilex sugerokii brevipedunculata","t0058070","Plantae","Magnoliopsida",NA,NA,"LC"
"Ilex yunnanensis parvifolia","t0058071","Plantae","Magnoliopsida",NA,NA,"LC"
"Indocypraea montana","t0058073","Plantae","Magnoliopsida",NA,NA,"DD"
"Ipomoea pes-tigridis","t0058076","Plantae","Magnoliopsida",NA,NA,"LC"
"Iris domestica","t0058078","Plantae","Magnoliopsida",NA,NA,"LC"
"Isodon amethystoides","t0058083","Plantae","Magnoliopsida",NA,NA,"LC"
"Isodon macrocalyx","t0058084","Plantae","Magnoliopsida",NA,NA,"LC"
"Isodon serra","t0058085","Plantae","Magnoliopsida",NA,NA,"LC"
"Ixeris chinensis","t0058092","Plantae","Magnoliopsida",NA,NA,"LC"
"Jacquemontia paniculata","t0058095","Plantae","Magnoliopsida",NA,NA,"LC"
"Jasminanthes mucronata","t0058101","Plantae","Magnoliopsida",NA,NA,"VU"
"Jasminum lanceolarium","t0058102","Plantae","Magnoliopsida",NA,NA,"LC"
"Justicia quadrifaria","t0058104","Plantae","Magnoliopsida",NA,NA,"VU"
"Korthalsella japonica","t0058111","Plantae","Magnoliopsida",NA,NA,"LC"
"Pterocypsela formosana","t0058113","Plantae","Magnoliopsida",NA,NA,"LC"
"Laportea bulbifera","t0058116","Plantae","Magnoliopsida",NA,NA,"VU"
"Lapsanastrum apogonoides","t0058117","Plantae","Magnoliopsida",NA,NA,"VU"
"Lapsanastrum takasei","t0058118","Plantae","Magnoliopsida",NA,NA,"LC"
"Lasianthus bunzanensis","t0058120","Plantae","Magnoliopsida",NA,NA,"LC"
"Lasianthus appressihirtus","t0058122","Plantae","Magnoliopsida",NA,NA,"LC"
"Lasianthus japonicus japonicus","t0058123","Plantae","Magnoliopsida",NA,NA,"LC"
"Lasianthus obliquinervis taitoensis","t0058124","Plantae","Magnoliopsida",NA,NA,"LC"
"Lecanorchis multiflora bihuensis","t0058130","Plantae","Magnoliopsida",NA,NA,"DD"
"Lecanorchis multiflora subpelorica","t0058131","Plantae","Magnoliopsida",NA,NA,"DD"
"Lecanorchis ohwii","t0058132","Plantae","Magnoliopsida",NA,NA,"LC"
"Lecanthus peduncularis","t0058133","Plantae","Magnoliopsida",NA,NA,"LC"
"Lepistemon binectariferum trichocarpum","t0058138","Plantae","Magnoliopsida",NA,NA,"NT"
"Leptatherum boreale","t0058139","Plantae","Magnoliopsida",NA,NA,"LC"
"Lespedeza thunbergii formosa","t0058149","Plantae","Magnoliopsida",NA,NA,"LC"
"Leucas chinensis","t0058150","Plantae","Magnoliopsida",NA,NA,"LC"
"Lilium speciosum gloriosoides","t0058170","Plantae","Magnoliopsida",NA,NA,"CR"
"Limnophila trichophylla","t0058171","Plantae","Magnoliopsida",NA,NA,"EN"
"Limonium wrightii","t0058172","Plantae","Magnoliopsida",NA,NA,"CR"
"Lindera aggregata aggregata","t0058173","Plantae","Magnoliopsida",NA,NA,"LC"
"Liodendron formosanum","t0058175","Plantae","Magnoliopsida",NA,NA,"NT"
"Erianthus formosanus","t0058177","Plantae","Magnoliopsida",NA,NA,"NT"
"Sageretia thea taiwaniana","t0058178","Plantae","Magnoliopsida",NA,NA,"LC"
"Sageretia thea thea","t0058179","Plantae","Magnoliopsida",NA,NA,"LC"
"Salix fulvopubescens doii","t0058181","Plantae","Magnoliopsida",NA,NA,"LC"
"Salix fulvopubescens fulvopubescens","t0058182","Plantae","Magnoliopsida",NA,NA,"LC"
"Sanguisorba officinalis longifolia","t0058184","Plantae","Magnoliopsida",NA,NA,"CR"
"Saurauia oldhamii","t0058200","Plantae","Magnoliopsida",NA,NA,"LC"
"Saussurea deltoidea","t0058201","Plantae","Magnoliopsida",NA,NA,"LC"
"Schima superba superba","t0058211","Plantae","Magnoliopsida",NA,NA,"LC"
"Schismatoglottis kotoensis","t0058212","Plantae","Magnoliopsida",NA,NA,"VU"
"Schoenoplectiella mucronata robusta","t0058220","Plantae","Magnoliopsida",NA,NA,"LC"
"Barnardia japonica","t0058224","Plantae","Magnoliopsida",NA,NA,"VU"
"Scleromitrion brachypodum","t0058226","Plantae","Magnoliopsida",NA,NA,"LC"
"Scleromitrion diffusum","t0058227","Plantae","Magnoliopsida",NA,NA,"LC"
"Scleromitrion pinifolium","t0058228","Plantae","Magnoliopsida",NA,NA,"DD"
"Scleromitrion verticillatum","t0058229","Plantae","Magnoliopsida",NA,NA,"NT"
"Selaginella helvetica pseudonipponica","t0058237","Plantae","Lycopodiopsida",NA,NA,"NT"
"Senecio scandens incisus","t0058243","Plantae","Magnoliopsida",NA,NA,"LC"
"Senecio scandens scandens","t0058244","Plantae","Magnoliopsida",NA,NA,"LC"
"Cassia sophera","t0058250","Plantae","Magnoliopsida",NA,NA,"VU"
"Shortia rotundifolia rotundifolia","t0058253","Plantae","Magnoliopsida",NA,NA,"DD"
"Silene fissipetala fissipetala","t0058255","Plantae","Magnoliopsida",NA,NA,"LC"
"Sinobambusa kunishii","t0058258","Plantae","Magnoliopsida",NA,NA,"DD"
"Sinomenium acutum","t0058259","Plantae","Magnoliopsida",NA,NA,"EN"
"Smilax elongato-umbellata","t0058263","Plantae","Magnoliopsida",NA,NA,"LC"
"Smilax seisuiensis","t0058264","Plantae","Magnoliopsida",NA,NA,"LC"
"Sorbus randaiensis","t0058271","Plantae","Magnoliopsida",NA,NA,"LC"
"Sphenodesme involucrata","t0058283","Plantae","Magnoliopsida",NA,NA,"DD"
"Spiraea prunifolia pseudoprunifolia","t0058284","Plantae","Magnoliopsida",NA,NA,"LC"
"Staurogyne debilis","t0058292","Plantae","Magnoliopsida",NA,NA,"VU"
"Stellaria aquatica","t0058293","Plantae","Magnoliopsida",NA,NA,"LC"
"Stellaria reticulivena","t0058294","Plantae","Magnoliopsida",NA,NA,"LC"
"Stellera formosana","t0058297","Plantae","Magnoliopsida",NA,NA,"DD"
"Stigmatodactylus shikokianus","t0058303","Plantae","Magnoliopsida",NA,NA,"VU"
"Strobilanthes cusia","t0058304","Plantae","Magnoliopsida",NA,NA,"LC"
"Strobilanthes longespicatus","t0058305","Plantae","Magnoliopsida",NA,NA,"LC"
"Styloglossum actinomorphum","t0058307","Plantae","Magnoliopsida",NA,NA,"DD"
"Styloglossum formosanum","t0058309","Plantae","Magnoliopsida",NA,NA,"LC"
"Calanthe lyroglossa","t0058310","Plantae","Magnoliopsida",NA,NA,"LC"
"Styrax faberi","t0058312","Plantae","Magnoliopsida",NA,NA,"VU"
"Suaeda maritima","t0058313","Plantae","Magnoliopsida",NA,NA,"LC"
"Swertia macrosperma","t0058314","Plantae","Magnoliopsida",NA,NA,"LC"
"Symplocos cochinchinensis philippinensis","t0058320","Plantae","Magnoliopsida",NA,NA,"LC"
"Syneilesis hayatae","t0058327","Plantae","Magnoliopsida",NA,NA,"CR"
"Syneilesis subglabrata","t0058328","Plantae","Magnoliopsida",NA,NA,"NT"
"Sauropus bacciformis","t0058329","Plantae","Magnoliopsida",NA,NA,"LC"
"Tadehagi triquetrum pseudotriquetrum","t0058341","Plantae","Magnoliopsida",NA,NA,"LC"
"Tarenna gracilipes","t0058343","Plantae","Magnoliopsida",NA,NA,"LC"
"Taxillus parasiticus","t0058344","Plantae","Magnoliopsida",NA,NA,"LC"
"Taxillus theifer","t0058345","Plantae","Magnoliopsida",NA,NA,"DD"
"Teramnus labialis","t0058358","Plantae","Magnoliopsida",NA,NA,"LC"
"Tetradium glabrifolium","t0058360","Plantae","Magnoliopsida",NA,NA,"LC"
"Theligonum formosanum","t0058378","Plantae","Magnoliopsida",NA,NA,"EN"
"Trema tomentosa","t0058432","Plantae","Magnoliopsida",NA,NA,"LC"
"Triadenum breviflorum","t0058435","Plantae","Magnoliopsida",NA,NA,"DD"
"Trichosanthes cucumeroides","t0058440","Plantae","Magnoliopsida",NA,NA,"LC"
"Tricyrtis lasiocarpa ovatifolia","t0058449","Plantae","Magnoliopsida",NA,NA,"LC"
"Tricyrtis formosana","t0058450","Plantae","Magnoliopsida",NA,NA,"LC"
"Trigonotis elevatovenosa","t0058452","Plantae","Magnoliopsida",NA,NA,"LC"
"Tripterospermum lanceolatum","t0058453","Plantae","Magnoliopsida",NA,NA,"LC"
"Tripterospermum luzonense","t0058454","Plantae","Magnoliopsida",NA,NA,"LC"
"Liparis caespitosa","t0058456","Plantae","Magnoliopsida",NA,NA,"EN"
"Liparis elongata","t0058457","Plantae","Magnoliopsida",NA,NA,"EN"
"Liparis sasakii","t0058458","Plantae","Magnoliopsida",NA,NA,"VU"
"Litsea akoensis sasakii","t0058465","Plantae","Magnoliopsida",NA,NA,"NT"
"Litsea elongata mushaensis","t0058466","Plantae","Magnoliopsida",NA,NA,"LC"
"Livistona chinensis subglobosa","t0058468","Plantae","Magnoliopsida",NA,NA,"VU"
"Lycianthes biflora","t0058473","Plantae","Magnoliopsida",NA,NA,"LC"
"Lycianthes lysimachioides","t0058474","Plantae","Magnoliopsida",NA,NA,"LC"
"Lycoris aurea","t0058475","Plantae","Magnoliopsida",NA,NA,"EN"
"Lyonia ovalifolia lanceolata","t0058476","Plantae","Magnoliopsida",NA,NA,"DD"
"Lysionotus pauciflorus ikedae","t0058480","Plantae","Magnoliopsida",NA,NA,"EN"
"Machilus obovatifolia obovatifolia","t0058483","Plantae","Magnoliopsida",NA,NA,"LC"
"Machilus japonica japonica","t0058484","Plantae","Magnoliopsida",NA,NA,"LC"
"Macleaya cordata","t0058485","Plantae","Magnoliopsida",NA,NA,"NT"
"Maesa japonica","t0058496","Plantae","Magnoliopsida",NA,NA,"LC"
"Magnolia compressa lanyuensis","t0058497","Plantae","Magnoliopsida",NA,NA,"LC"
"Mallotus japonicus","t0058499","Plantae","Magnoliopsida",NA,NA,"LC"
"Melissa axillaris","t0058519","Plantae","Magnoliopsida",NA,NA,"LC"
"Merremia hirta","t0058521","Plantae","Magnoliopsida",NA,NA,"VU"
"Microstegium geniculatum","t0058544","Plantae","Magnoliopsida",NA,NA,"LC"
"Microstegium glabratum","t0058545","Plantae","Magnoliopsida",NA,NA,"LC"
"Microstegium spectabile","t0058546","Plantae","Magnoliopsida",NA,NA,"LC"
"Taeniophyllum compactum","t0058548","Plantae","Magnoliopsida",NA,NA,"NT"
"Mikania cordata","t0058549","Plantae","Magnoliopsida",NA,NA,"LC"
"Tainia cordifolia","t0058551","Plantae","Magnoliopsida",NA,NA,"LC"
"Moneses uniflora","t0058563","Plantae","Magnoliopsida",NA,NA,"LC"
"Mosla scabra","t0058569","Plantae","Magnoliopsida",NA,NA,"LC"
"Mukia maderaspatana","t0058579","Plantae","Magnoliopsida",NA,NA,"LC"
"Mussaenda pubescens","t0058585","Plantae","Magnoliopsida",NA,NA,"LC"
"Myoporum bontioides","t0058586","Plantae","Magnoliopsida",NA,NA,"EN"
"Odontochilus formosanus","t0058587","Plantae","Magnoliopsida",NA,NA,"LC"
"Myrsine stolonifera","t0058588","Plantae","Magnoliopsida",NA,NA,"LC"
"Neanotis formosana","t0058603","Plantae","Magnoliopsida",NA,NA,"LC"
"Neanotis hirsuta","t0058604","Plantae","Magnoliopsida",NA,NA,"LC"
"Nemosenecio formosanus","t0058612","Plantae","Magnoliopsida",NA,NA,"VU"
"Notoseris formosana","t0058635","Plantae","Magnoliopsida",NA,NA,"LC"
"Oberonioides pusillus","t0058636","Plantae","Magnoliopsida",NA,NA,"VU"
"Odontochilus inabai","t0058641","Plantae","Magnoliopsida",NA,NA,"LC"
"Ohwia caudata","t0058647","Plantae","Magnoliopsida",NA,NA,"DD"
"Ophiorrhiza mitchelloides","t0058656","Plantae","Magnoliopsida",NA,NA,"VU"
"Oplismenus hirtellus","t0058657","Plantae","Magnoliopsida",NA,NA,"LC"
"Oreogrammitis congener","t0058661","Plantae","Polypodiopsida",NA,NA,"LC"
"Osmanthus marginatus","t0058668","Plantae","Magnoliopsida",NA,NA,"LC"
"Osmorhiza aristata","t0058669","Plantae","Magnoliopsida",NA,NA,"LC"
"Osteomeles anthyllidifolia subrotunda","t0058670","Plantae","Magnoliopsida",NA,NA,"CR"
"Pachysandra axillaris","t0058674","Plantae","Magnoliopsida",NA,NA,"DD"
"Calanthe woodfordii","t0058689","Plantae","Magnoliopsida",NA,NA,"LC"
"Calanthe takeoi","t0058690","Plantae","Magnoliopsida",NA,NA,"EN"
"Paraphlomis formosana","t0058691","Plantae","Magnoliopsida",NA,NA,"LC"
"Paraphlomis javanica","t0058692","Plantae","Magnoliopsida",NA,NA,"LC"
"Paraprenanthes sororia","t0058693","Plantae","Magnoliopsida",NA,NA,"LC"
"Paratinospora dentata","t0058694","Plantae","Magnoliopsida",NA,NA,"EN"
"Paris polyphylla stenophylla","t0058696","Plantae","Magnoliopsida",NA,NA,"LC"
"Patrinia villosa","t0058701","Plantae","Magnoliopsida",NA,NA,"LC"
"Peliosanthes kaoi","t0058711","Plantae","Magnoliopsida",NA,NA,"LC"
"Pellionia radicans","t0058712","Plantae","Magnoliopsida",NA,NA,"LC"
"Pentapanax castanopsisicola","t0058714","Plantae","Magnoliopsida",NA,NA,"NT"
"Peperomia tetraphylla","t0058715","Plantae","Magnoliopsida",NA,NA,"LC"
"Peristrophe japonica","t0058717","Plantae","Magnoliopsida",NA,NA,"LC"
"Peristylus lacertifer","t0058718","Plantae","Magnoliopsida",NA,NA,"NT"
"Persicaria barbata barbata","t0058724","Plantae","Magnoliopsida",NA,NA,"LC"
"Carex grallatoria heteroclita","t0058727","Plantae","Magnoliopsida",NA,NA,"VU"
"Carex rochebrunei","t0058729","Plantae","Magnoliopsida",NA,NA,"LC"
"Carex satzumensis","t0058730","Plantae","Magnoliopsida",NA,NA,"LC"
"Carex tristachya pocilliformis","t0058731","Plantae","Magnoliopsida",NA,NA,"LC"
"Ehretia microphylla","t0058733","Plantae","Magnoliopsida",NA,NA,"LC"
"Centranthera cochinchinensis","t0058745","Plantae","Magnoliopsida",NA,NA,"NT"
"Calanthe dolichopoda","t0058747","Plantae","Magnoliopsida",NA,NA,"LC"
"Chamaecrista nomame","t0058770","Plantae","Magnoliopsida",NA,NA,"DD"
"Cheirostylis liukiuensis derchiensis","t0058780","Plantae","Magnoliopsida",NA,NA,"DD"
"Chiloschista segawae","t0058782","Plantae","Magnoliopsida",NA,NA,"NT"
"Christia obcordata","t0058798","Plantae","Magnoliopsida",NA,NA,"LC"
"Chrysosplenium japonicum","t0058807","Plantae","Magnoliopsida",NA,NA,"VU"
"Chrysosplenium lanuginosum formosanum","t0058808","Plantae","Magnoliopsida",NA,NA,"LC"
"Cissus assamica","t0058812","Plantae","Magnoliopsida",NA,NA,"NT"
"Clematis chinensis chinensis","t0058830","Plantae","Magnoliopsida",NA,NA,"LC"
"Clematis tashiroi tashiroi","t0058831","Plantae","Magnoliopsida",NA,NA,"LC"
"Clematis uncinata okinawensis","t0058832","Plantae","Magnoliopsida",NA,NA,"CR"
"Clematis uncinata uncinata","t0058833","Plantae","Magnoliopsida",NA,NA,"LC"
"Clerodendrum japonicum japonicum","t0058834","Plantae","Magnoliopsida",NA,NA,"LC"
"Clinopodium gracile","t0058836","Plantae","Magnoliopsida",NA,NA,"LC"
"Codariocalyx motorius","t0058842","Plantae","Magnoliopsida",NA,NA,"LC"
"Codonacanthus pauciflorus","t0058846","Plantae","Magnoliopsida",NA,NA,"LC"
"Codonopsis javanica japonica","t0058847","Plantae","Magnoliopsida",NA,NA,"LC"
"Conyza aegyptiaca","t0058856","Plantae","Magnoliopsida",NA,NA,"EN"
"Conyza leucantha","t0058857","Plantae","Magnoliopsida",NA,NA,"NT"
"Coriaria japonica intermedia","t0058863","Plantae","Magnoliopsida",NA,NA,"LC"
"Corydalis pallida pallida","t0058864","Plantae","Magnoliopsida",NA,NA,"LC"
"Corydalis pallida sparsimamma","t0058865","Plantae","Magnoliopsida",NA,NA,"LC"
"Cremastra appendiculata","t0058873","Plantae","Magnoliopsida",NA,NA,"LC"
"Crepidium bancanoides","t0058874","Plantae","Magnoliopsida",NA,NA,"LC"
"Crepidium matsudae","t0058875","Plantae","Magnoliopsida",NA,NA,"LC"
"Crepidium purpureum","t0058876","Plantae","Magnoliopsida",NA,NA,"VU"
"Cyclea insularis","t0058896","Plantae","Magnoliopsida",NA,NA,"VU"
"Cymbidium formosanum","t0058902","Plantae","Magnoliopsida",NA,NA,"LC"
"Cymbidium tortisepalum","t0058903","Plantae","Magnoliopsida",NA,NA,"NT"
"Cymbidium lancifolium aspidistrifolium","t0058904","Plantae","Magnoliopsida",NA,NA,"LC"
"Cymbidium lancifolium syunitianum","t0058905","Plantae","Magnoliopsida",NA,NA,"NT"
"Cyperus sesquiflorus cylindricus","t0058911","Plantae","Magnoliopsida",NA,NA,"LC"
"Cyperus imbricatus elongatus","t0058912","Plantae","Magnoliopsida",NA,NA,"LC"
"Cyrtococcum accrescens","t0058915","Plantae","Magnoliopsida",NA,NA,"LC"
"Cyrtomium falcatum","t0058916","Plantae","Polypodiopsida",NA,NA,"LC"
"Cyrtosia taiwanica","t0058917","Plantae","Magnoliopsida",NA,NA,"EN"
"Dendranthema arisanense","t0058929","Plantae","Magnoliopsida",NA,NA,"LC"
"Dendrobium nobile formosanum","t0058930","Plantae","Magnoliopsida",NA,NA,"DD"
"Dendrobium xantholeucum tairukounia","t0058931","Plantae","Magnoliopsida",NA,NA,"DD"
"Dendrocnide kotoensis","t0058932","Plantae","Magnoliopsida",NA,NA,"NT"
"Dendrolobium triangulare","t0058934","Plantae","Magnoliopsida",NA,NA,"LC"
"Dendropanax trifidus","t0058935","Plantae","Magnoliopsida",NA,NA,"EN"
"Deparia petersenii petersenii","t0058938","Plantae","Polypodiopsida",NA,NA,"LC"
"Pleurolobus gangeticus","t0058943","Plantae","Magnoliopsida",NA,NA,"LC"
"Persicaria erectominor trigonocarpa","t0058949","Plantae","Magnoliopsida",NA,NA,"LC"
"Persicaria japonica","t0058954","Plantae","Magnoliopsida",NA,NA,"NT"
"Persicaria scabra","t0058956","Plantae","Magnoliopsida",NA,NA,"LC"
"Persicaria muricata","t0058959","Plantae","Magnoliopsida",NA,NA,"LC"
"Persicaria nepalensis","t0058960","Plantae","Magnoliopsida",NA,NA,"LC"
"Polygonum pilushanense","t0058963","Plantae","Magnoliopsida",NA,NA,"LC"
"Persicaria posumbu","t0058964","Plantae","Magnoliopsida",NA,NA,"LC"
"Persicaria praetermissa","t0058965","Plantae","Magnoliopsida",NA,NA,"NT"
"Persicaria senticosa","t0058970","Plantae","Magnoliopsida",NA,NA,"LC"
"Persicaria thunbergii","t0058971","Plantae","Magnoliopsida",NA,NA,"LC"
"Phoenix hanceana","t0058988","Plantae","Magnoliopsida",NA,NA,"LC"
"Photinia serratifolia ardisiifolia","t0058989","Plantae","Magnoliopsida",NA,NA,"LC"
"Pilea angulata","t0059003","Plantae","Magnoliopsida",NA,NA,"LC"
"Pilea aquarum brevicornuta","t0059004","Plantae","Magnoliopsida",NA,NA,"LC"
"Pilea matsudae","t0059005","Plantae","Magnoliopsida",NA,NA,"LC"
"Pilea plataniflora","t0059006","Plantae","Magnoliopsida",NA,NA,"LC"
"Pilea rotundinucula","t0059007","Plantae","Magnoliopsida",NA,NA,"LC"
"Pittosporum illicioides illicioides","t0059015","Plantae","Magnoliopsida",NA,NA,"LC"
"Pollia miranda","t0059071","Plantae","Magnoliopsida",NA,NA,"LC"
"Pollia secundiflora","t0059072","Plantae","Magnoliopsida",NA,NA,"LC"
"Polygonatum odoratum pluriflorum","t0059074","Plantae","Magnoliopsida",NA,NA,"LC"
"Pomatocalpa acuminatum","t0059086","Plantae","Magnoliopsida",NA,NA,"NT"
"Ponerorchis takasago-montana","t0059087","Plantae","Magnoliopsida",NA,NA,"VU"
"Portulaca pilosa pilosa","t0059092","Plantae","Magnoliopsida",NA,NA,"LC"
"Photinia beauverdiana","t0059094","Plantae","Magnoliopsida",NA,NA,"LC"
"Photinia beauverdiana notabilis","t0059095","Plantae","Magnoliopsida",NA,NA,"LC"
"Photinia chingshuiensis","t0059096","Plantae","Magnoliopsida",NA,NA,"DD"
"Photinia parvifolia","t0059097","Plantae","Magnoliopsida",NA,NA,"LC"
"Pouzolzia zeylanica","t0059098","Plantae","Magnoliopsida",NA,NA,"LC"
"Prunus matuurai","t0059101","Plantae","Magnoliopsida",NA,NA,"LC"
"Prunus phaeosticta phaeosticta","t0059104","Plantae","Magnoliopsida",NA,NA,"LC"
"Prunus takasagomontana","t0059105","Plantae","Magnoliopsida",NA,NA,"LC"
"Crepidium ramosii","t0059113","Plantae","Magnoliopsida",NA,NA,"VU"
"Pseudosasa usawai","t0059116","Plantae","Magnoliopsida",NA,NA,"LC"
"Pteridium aquilinum wightianum","t0059120","Plantae","Polypodiopsida",NA,NA,"LC"
"Pteris minor","t0059122","Plantae","Polypodiopsida",NA,NA,"LC"
"Pteris terminalis","t0059123","Plantae","Polypodiopsida",NA,NA,"LC"
"Pueraria montana lobata","t0059136","Plantae","Magnoliopsida",NA,NA,"LC"
"Pyrola morrisonensis","t0059142","Plantae","Magnoliopsida",NA,NA,"LC"
"Quercus glandulifera brevipetiolata","t0059148","Plantae","Magnoliopsida",NA,NA,"EN"
"Quercus glauca glauca","t0059149","Plantae","Magnoliopsida",NA,NA,"LC"
"Quercus globosa","t0059150","Plantae","Magnoliopsida",NA,NA,"LC"
"Quercus longinux kuoi","t0059151","Plantae","Magnoliopsida",NA,NA,"DD"
"Quercus longinux longinux","t0059152","Plantae","Magnoliopsida",NA,NA,"LC"
"Quercus repandifolia","t0059153","Plantae","Magnoliopsida",NA,NA,"VU"
"Randia sinensis","t0059167","Plantae","Magnoliopsida",NA,NA,"LC"
"Reynoutria japonica","t0059170","Plantae","Magnoliopsida",NA,NA,"LC"
"Rhynchotechum discolor","t0059192","Plantae","Magnoliopsida",NA,NA,"LC"
"Rohdea fargesii watanabei","t0059195","Plantae","Magnoliopsida",NA,NA,"VU"
"Rorippa globosa","t0059198","Plantae","Magnoliopsida",NA,NA,"NT"
"Rosa bracteata scabricaulis","t0059199","Plantae","Magnoliopsida",NA,NA,"DD"
"Rosa sericea morrisonensis","t0059200","Plantae","Magnoliopsida",NA,NA,"LC"
"Rubia akane erecta","t0059202","Plantae","Magnoliopsida",NA,NA,"LC"
"Rubiteucris palmata","t0059203","Plantae","Magnoliopsida",NA,NA,"LC"
"Rubus nagasawanus nagasawanus","t0059206","Plantae","Magnoliopsida",NA,NA,"VU"
"Rubus parvifolius parvifolius","t0059208","Plantae","Magnoliopsida",NA,NA,"LC"
"Rubus pyrifolius","t0059210","Plantae","Magnoliopsida",NA,NA,"LC"
"Rubus swinhoei swinhoei","t0059211","Plantae","Magnoliopsida",NA,NA,"LC"
"Acalypha indica","t0060783","Plantae","Magnoliopsida",NA,NA,"LC"
"Acalypha longi-acuminata","t0060784","Plantae","Magnoliopsida",NA,NA,"DD"
"Acanthophippium pictum","t0060785","Plantae","Magnoliopsida",NA,NA,"EN"
"Achyranthes aspera","t0060796","Plantae","Magnoliopsida",NA,NA,"LC"
"Aconitum fukutomei","t0060798","Plantae","Magnoliopsida",NA,NA,"NT"
"Adenophora morrisonensis","t0060828","Plantae","Magnoliopsida",NA,NA,"LC"
"Agrostis infirma","t0060884","Plantae","Magnoliopsida",NA,NA,"LC"
"Ainsliaea latifolia","t0060886","Plantae","Magnoliopsida",NA,NA,"LC"
"Akebia trifoliata","t0060889","Plantae","Magnoliopsida",NA,NA,"NT"
"Alchornea trewioides","t0060896","Plantae","Magnoliopsida",NA,NA,"VU"
"Alectra avensis","t0060897","Plantae","Magnoliopsida",NA,NA,"LC"
"Allophylus timoriensis","t0060905","Plantae","Magnoliopsida",NA,NA,"LC"
"Ampelopsis brevipedunculata","t0060933","Plantae","Magnoliopsida",NA,NA,"LC"
"Amphicarpaea bracteata","t0060935","Plantae","Magnoliopsida",NA,NA,"LC"
"Anemone vitifolia","t0060961","Plantae","Magnoliopsida",NA,NA,"LC"
"Angelica dahurica","t0060966","Plantae","Magnoliopsida",NA,NA,"VU"
"Angelica morrisonicola","t0060968","Plantae","Magnoliopsida",NA,NA,"LC"
"Anoectochilus semiresupinata","t0060981","Plantae","Magnoliopsida",NA,NA,"LC"
"Anthoxanthum horsfieldii","t0060986","Plantae","Magnoliopsida",NA,NA,"NT"
"Antidesma hiiranense","t0060996","Plantae","Magnoliopsida",NA,NA,"NT"
"Appendicula lucbanensis","t0061007","Plantae","Magnoliopsida",NA,NA,"CR"
"Ardisia cornudentata","t0061025","Plantae","Magnoliopsida",NA,NA,"LC"
"Ardisia crispa","t0061026","Plantae","Magnoliopsida",NA,NA,"LC"
"Ardisia miaoliensis","t0061028","Plantae","Magnoliopsida",NA,NA,"LC"
"Arisaema taiwanense","t0061038","Plantae","Magnoliopsida",NA,NA,"LC"
"Isotrema yujungianum","t0061043","Plantae","Magnoliopsida",NA,NA,"CR"
"Artemisia somai","t0061052","Plantae","Magnoliopsida",NA,NA,"LC"
"Arthrostylidium naibunensis","t0061056","Plantae","Magnoliopsida",NA,NA,"DD"
"Aspidistra attenuata","t0061063","Plantae","Magnoliopsida",NA,NA,"LC"
"Aster shimadai","t0061066","Plantae","Magnoliopsida",NA,NA,"VU"
"Aster takasagomontanus","t0061068","Plantae","Magnoliopsida",NA,NA,"NT"
"Athyrium oppositipinnum","t0061080","Plantae","Polypodiopsida",NA,NA,"LC"
"Styloglossum pseudodensiflorum","t0069485","Plantae","Magnoliopsida",NA,NA,"DD"
"Symplocos chinensis","t0069497","Plantae","Magnoliopsida",NA,NA,"LC"
"Symplocos grandis","t0069499","Plantae","Magnoliopsida",NA,NA,"VU"
"Symplocos juiyenensis","t0069500","Plantae","Magnoliopsida",NA,NA,"DD"
"Syzygium kusukusense","t0069513","Plantae","Magnoliopsida",NA,NA,"NT"
"Tadehagi triquetrum","t0069521","Plantae","Magnoliopsida",NA,NA,"LC"
"Taxillus limprichtii","t0069534","Plantae","Magnoliopsida",NA,NA,"VU"
"Taxillus lonicerifolius","t0069535","Plantae","Magnoliopsida",NA,NA,"LC"
"Taxillus matsudae","t0069536","Plantae","Magnoliopsida",NA,NA,"NT"
"Taxillus rhododendricolius","t0069537","Plantae","Magnoliopsida",NA,NA,"LC"
"Taxillus ritozanensis","t0069538","Plantae","Magnoliopsida",NA,NA,"LC"
"Tetrastigma lanyuense","t0069599","Plantae","Magnoliopsida",NA,NA,"NT"
"Tetrastigma umbellatum","t0069600","Plantae","Magnoliopsida",NA,NA,"LC"
"Themeda caudata","t0069619","Plantae","Magnoliopsida",NA,NA,"CR"
"Trachelospermum formosanum","t0069650","Plantae","Magnoliopsida",NA,NA,"LC"
"Trapa natans complana","t0069662","Plantae","Magnoliopsida",NA,NA,"DD"
"Tripterospermum alutaceifolium","t0069693","Plantae","Magnoliopsida",NA,NA,"LC"
"Tripterospermum lilungshanensis","t0069694","Plantae","Magnoliopsida",NA,NA,"CR"
"Trisetum spicatum","t0069695","Plantae","Magnoliopsida",NA,NA,"LC"
"Tropidia sui","t0069707","Plantae","Magnoliopsida",NA,NA,"LC"
"Uncaria lanosa","t0069741","Plantae","Magnoliopsida",NA,NA,"NT"
"Vaccinium japonicum","t0069746","Plantae","Magnoliopsida",NA,NA,"LC"
"Vaccinium kengii","t0069747","Plantae","Magnoliopsida",NA,NA,"NT"
"Veronicastrum axillare","t0069778","Plantae","Magnoliopsida",NA,NA,"VU"
"Veronicastrum kitamurae","t0069779","Plantae","Magnoliopsida",NA,NA,"EN"
"Viburnum foetidum","t0069782","Plantae","Magnoliopsida",NA,NA,"LC"
"Viburnum integrifolium","t0069783","Plantae","Magnoliopsida",NA,NA,"LC"
"Viburnum japonicum","t0069784","Plantae","Magnoliopsida",NA,NA,"DD"
"Vigna minima","t0069787","Plantae","Magnoliopsida",NA,NA,"LC"
"Vigna vexillata","t0069788","Plantae","Magnoliopsida",NA,NA,"LC"
"Viola inconspicua","t0069791","Plantae","Magnoliopsida",NA,NA,"LC"
"Viola nagasawai","t0069792","Plantae","Magnoliopsida",NA,NA,"LC"
"Viscum alniformosanae","t0069793","Plantae","Magnoliopsida",NA,NA,"LC"
"Wollastonia biflora","t0069822","Plantae","Magnoliopsida",NA,NA,"LC"
"Yoania amagiensis","t0069830","Plantae","Magnoliopsida",NA,NA,"CR"
"Youngia japonica","t0069832","Plantae","Magnoliopsida",NA,NA,"LC"
"Youngia japonica longiflora","t0069833","Plantae","Magnoliopsida",NA,NA,"LC"
"Zehneria japonica","t0069846","Plantae","Magnoliopsida",NA,NA,"LC"
"Zeuxine flava pingtungensis","t0069849","Plantae","Magnoliopsida",NA,NA,"DD"
"Zeuxine yehii","t0069850","Plantae","Magnoliopsida",NA,NA,"VU"
"Zingiber shuanglongense","t0069852","Plantae","Magnoliopsida",NA,NA,"LC"
"Bidens pilosa","t0072858","Plantae","Magnoliopsida",NA,NA,"LC"
"Blumea hieracifolia","t0072871","Plantae","Magnoliopsida",NA,NA,"LC"
"Boerhavia hualienensis","t0072874","Plantae","Magnoliopsida",NA,NA,"LC"
"Breynia officinalis","t0072912","Plantae","Magnoliopsida",NA,NA,"LC"
"Bulbophyllum flaviflorum","t0072941","Plantae","Magnoliopsida",NA,NA,"LC"
"Buxus liukiuensis","t0072950","Plantae","Magnoliopsida",NA,NA,"NT"
"Calanthe brevicolumna","t0072958","Plantae","Magnoliopsida",NA,NA,"DD"
"Callicarpa formosana","t0072975","Plantae","Magnoliopsida",NA,NA,"LC"
"Capparis sikkimensis","t0073037","Plantae","Magnoliopsida",NA,NA,"NT"
"Carex cruciata","t0073043","Plantae","Magnoliopsida",NA,NA,"LC"
"Carex taiwanensis","t0073045","Plantae","Magnoliopsida",NA,NA,"LC"
"Castanopsis fabri","t0073065","Plantae","Magnoliopsida",NA,NA,"LC"
"Cerastium fontanum","t0073129","Plantae","Magnoliopsida",NA,NA,"LC"
"Cerastium morrisonense","t0073130","Plantae","Magnoliopsida",NA,NA,"DD"
"Chenopodium acuminatum","t0073189","Plantae","Magnoliopsida",NA,NA,"LC"
"Chrysosplenium lanuginosum","t0073241","Plantae","Magnoliopsida",NA,NA,"LC"
"Circaea alpina","t0073254","Plantae","Magnoliopsida",NA,NA,"LC"
"Cissampelos pareira","t0073256","Plantae","Magnoliopsida",NA,NA,"CR"
"Citrus tachibana","t0073270","Plantae","Magnoliopsida",NA,NA,"DD"
"Clematis parviloba","t0073294","Plantae","Magnoliopsida",NA,NA,"NT"
"Clematis terniflora","t0073296","Plantae","Magnoliopsida",NA,NA,"VU"
"Cnidium monnieri","t0073338","Plantae","Magnoliopsida",NA,NA,"LC"
"Cocculus orbiculatus","t0073343","Plantae","Magnoliopsida",NA,NA,"LC"
"Codonopsis javanica","t0073361","Plantae","Magnoliopsida",NA,NA,"LC"
"Coriaria japonica","t0073454","Plantae","Magnoliopsida",NA,NA,"LC"
"Corylopsis stenopetala","t0073458","Plantae","Magnoliopsida",NA,NA,"EN"
"Cotoneaster chingshuiensis","t0073531","Plantae","Magnoliopsida",NA,NA,"CR"
"Cotoneaster konishii","t0073532","Plantae","Magnoliopsida",NA,NA,"LC"
"Crepidium roohutuensis","t0073543","Plantae","Magnoliopsida",NA,NA,"LC"
"Crepidomanes schmidtianum","t0073544","Plantae","Polypodiopsida",NA,NA,"LC"
"Cyclea ochiaiana","t0073599","Plantae","Magnoliopsida",NA,NA,"LC"
"Daphne kiusiana","t0073626","Plantae","Magnoliopsida",NA,NA,"LC"
"Deinostema adenocaulon","t0073632","Plantae","Magnoliopsida",NA,NA,"VU"
"Deinostema violaceum","t0073633","Plantae","Magnoliopsida",NA,NA,"DD"
"Dendranthema horaimontana","t0073642","Plantae","Magnoliopsida",NA,NA,"CR"
"Dendranthema lavandulifolium","t0073643","Plantae","Magnoliopsida",NA,NA,"EN"
"Dendrobium nobile","t0073644","Plantae","Magnoliopsida",NA,NA,"DD"
"Dianthus superbus","t0073662","Plantae","Magnoliopsida",NA,NA,"LC"
"Dichocarpum adiantifolium","t0073664","Plantae","Magnoliopsida",NA,NA,"NT"
"Didymoplexis pallens","t0073694","Plantae","Magnoliopsida",NA,NA,"LC"
"Digitaria magna","t0073702","Plantae","Magnoliopsida",NA,NA,"DD"
"Digitaria radicosa","t0073703","Plantae","Magnoliopsida",NA,NA,"LC"
"Digitaria sericea","t0073704","Plantae","Magnoliopsida",NA,NA,"LC"
"Dioscorea japonica","t0073709","Plantae","Magnoliopsida",NA,NA,"LC"
"Diplazium kawakamii","t0073717","Plantae","Polypodiopsida",NA,NA,"LC"
"Disporopsis fuscopicta","t0073725","Plantae","Magnoliopsida",NA,NA,"LC"
"Dregea volubilis","t0073748","Plantae","Magnoliopsida",NA,NA,"LC"
"Dryopteris decipiens","t0073760","Plantae","Polypodiopsida",NA,NA,"VU"
"Dryopteris huangshanensis","t0073762","Plantae","Polypodiopsida",NA,NA,"DD"
"Elaeagnus ohashii","t0073812","Plantae","Magnoliopsida",NA,NA,"CR"
"Elaeocarpus sphaericus","t0073815","Plantae","Magnoliopsida",NA,NA,"NT"
"Elatostema hirtellipedunculatum","t0073819","Plantae","Magnoliopsida",NA,NA,"LC"
"Elymus formosanus","t0073826","Plantae","Magnoliopsida",NA,NA,"LC"
"Enkianthus perulatus","t0073831","Plantae","Magnoliopsida",NA,NA,"VU"
"Epipactis helleborine","t0073846","Plantae","Magnoliopsida",NA,NA,"NT"
"Epipogium kentingensis","t0073849","Plantae","Magnoliopsida",NA,NA,"DD"
"Epipogium taiwanense","t0073851","Plantae","Magnoliopsida",NA,NA,"NT"
"Erigeron morrisonensis","t0073856","Plantae","Magnoliopsida",NA,NA,"LC"
"Goodyera viridiflora hengchunensis","t0073909","Plantae","Magnoliopsida",NA,NA,"VU"
"Eupatorium chinense","t0073920","Plantae","Magnoliopsida",NA,NA,"LC"
"Eupatorium clematideum","t0073921","Plantae","Magnoliopsida",NA,NA,"LC"
"Eupatorium kiirunense","t0073922","Plantae","Magnoliopsida",NA,NA,"LC"
"Euphorbia jolkini","t0073924","Plantae","Magnoliopsida",NA,NA,"VU"
"Euphorbia sparrmannii","t0073928","Plantae","Magnoliopsida",NA,NA,"VU"
"Euphrasia transmorrisonensis","t0073931","Plantae","Magnoliopsida",NA,NA,"LC"
"Eurya taitungensis","t0073936","Plantae","Magnoliopsida",NA,NA,"DD"
"Fallopia multiflora","t0073945","Plantae","Magnoliopsida",NA,NA,"LC"
"Fimbristylis aestivalis","t0073965","Plantae","Magnoliopsida",NA,NA,"LC"
"Fimbristylis tristachya","t0073966","Plantae","Magnoliopsida",NA,NA,"LC"
"Gastrodia fontinalis","t0074088","Plantae","Magnoliopsida",NA,NA,"VU"
"Gastrodia leoui","t0074090","Plantae","Magnoliopsida",NA,NA,"LC"
"Gastrodia leucochila","t0074091","Plantae","Magnoliopsida",NA,NA,"DD"
"Gentiana davidii","t0074098","Plantae","Magnoliopsida",NA,NA,"LC"
"Gentiana flavomaculata","t0074099","Plantae","Magnoliopsida",NA,NA,"LC"
"Geranium nepalense","t0074104","Plantae","Magnoliopsida",NA,NA,"LC"
"Glechoma hederacea","t0074111","Plantae","Magnoliopsida",NA,NA,"LC"
"Glochidion kusukusense","t0074114","Plantae","Magnoliopsida",NA,NA,"LC"
"Glochidion ovalifolium","t0074115","Plantae","Magnoliopsida",NA,NA,"NT"
"Gnaphalium hypoleucum","t0074134","Plantae","Magnoliopsida",NA,NA,"LC"
"Gnaphalium involucratum","t0074135","Plantae","Magnoliopsida",NA,NA,"LC"
"Gnaphalium luteoalbum","t0074136","Plantae","Magnoliopsida",NA,NA,"LC"
"Gonostegia matsudae","t0074152","Plantae","Magnoliopsida",NA,NA,"LC"
"Gymnema sylvestre","t0074187","Plantae","Magnoliopsida",NA,NA,"LC"
"Gynura divaricata","t0074199","Plantae","Magnoliopsida",NA,NA,"LC"
"Habenaria alishanensis","t0074202","Plantae","Magnoliopsida",NA,NA,"DD"
"Haloragis micrantha","t0074215","Plantae","Magnoliopsida",NA,NA,"LC"
"Hedera rhombea","t0074246","Plantae","Magnoliopsida",NA,NA,"LC"
"Hemigraphis primulifolia","t0074260","Plantae","Magnoliopsida",NA,NA,"VU"
"Hoya carnosa","t0074317","Plantae","Magnoliopsida",NA,NA,"LC"
"Hylodesmum densum","t0074338","Plantae","Magnoliopsida",NA,NA,"CR"
"Ischaemum aristatum","t0074384","Plantae","Magnoliopsida",NA,NA,"LC"
"Ischaemum ciliare","t0074386","Plantae","Magnoliopsida",NA,NA,"LC"
"Koenigia delicatula","t0074465","Plantae","Magnoliopsida",NA,NA,"NT"
"Lamium tuberiferum","t0074479","Plantae","Magnoliopsida",NA,NA,"LC"
"Lasianthus japonicus","t0074485","Plantae","Magnoliopsida",NA,NA,"LC"
"Lasianthus obliquinervis","t0074486","Plantae","Magnoliopsida",NA,NA,"LC"
"Lecanorchis multiflora","t0074505","Plantae","Magnoliopsida",NA,NA,"EN"
"Lecanorchis suginoana","t0074506","Plantae","Magnoliopsida",NA,NA,"NT"
"Lepistemon binectariferum","t0074543","Plantae","Magnoliopsida",NA,NA,"NT"
"Lilium longiflorum","t0074590","Plantae","Magnoliopsida",NA,NA,"DD"
"Loranthus kaoi","t0074644","Plantae","Magnoliopsida",NA,NA,"NT"
"Lysionotus pauciflorus","t0074677","Plantae","Magnoliopsida",NA,NA,"LC"
"Maesa perlaria","t0074694","Plantae","Magnoliopsida",NA,NA,"LC"
"Mazus pumilus","t0074755","Plantae","Magnoliopsida",NA,NA,"LC"
"Merremia hederacea","t0074774","Plantae","Magnoliopsida",NA,NA,"LC"
"Mitrastemon yamamotoi","t0074829","Plantae","Magnoliopsida",NA,NA,"VU"
"Mucuna gigantea","t0074852","Plantae","Magnoliopsida",NA,NA,"CR"
"Mussaenda parviflora formosana","t0074868","Plantae","Magnoliopsida",NA,NA,"LC"
"Mussaenda taiwanensis","t0074870","Plantae","Magnoliopsida",NA,NA,"VU"
"Neoalsomitra integrifolia","t0074900","Plantae","Magnoliopsida",NA,NA,"LC"
"Neottia atayalica","t0074915","Plantae","Magnoliopsida",NA,NA,"LC"
"Neottia shenlengiana","t0074919","Plantae","Magnoliopsida",NA,NA,"NT"
"Nervilia cumberlegei","t0074929","Plantae","Magnoliopsida",NA,NA,"CR"
"Nervilia hungii","t0074930","Plantae","Magnoliopsida",NA,NA,"CR"
"Nervilia purpureotincta","t0074931","Plantae","Magnoliopsida",NA,NA,"NT"
"Odontochilus yakushimensis","t0074979","Plantae","Magnoliopsida",NA,NA,"LC"
"Osmanthus kaoi","t0075035","Plantae","Magnoliopsida",NA,NA,"LC"
"Papilionanthe pseudotaiwaniana","t0075113","Plantae","Magnoliopsida",NA,NA,"DD"
"Paraboea swinhoii","t0075117","Plantae","Magnoliopsida",NA,NA,"LC"
"Patrinia formosana","t0075133","Plantae","Magnoliopsida",NA,NA,"LC"
"Patrinia glabrifolia","t0075134","Plantae","Magnoliopsida",NA,NA,"LC"
"Persicaria conspicua","t0075189","Plantae","Magnoliopsida",NA,NA,"VU"
"Persicaria filiformis","t0075190","Plantae","Magnoliopsida",NA,NA,"NT"
"Persicaria longiseta","t0075193","Plantae","Magnoliopsida",NA,NA,"LC"
"Phellodendron amurense","t0075235","Plantae","Magnoliopsida",NA,NA,"CR"
"Picrasma quassioides","t0075279","Plantae","Magnoliopsida",NA,NA,"VU"
"Picris hieracioides","t0075280","Plantae","Magnoliopsida",NA,NA,"LC"
"Pieris taiwanensis","t0075281","Plantae","Magnoliopsida",NA,NA,"LC"
"Pilea aquarum","t0075282","Plantae","Magnoliopsida",NA,NA,"LC"
"Pilea elliptifolia","t0075283","Plantae","Magnoliopsida",NA,NA,"VU"
"Pilea funkikensis","t0075284","Plantae","Magnoliopsida",NA,NA,"LC"
"Pilea peploides","t0075286","Plantae","Magnoliopsida",NA,NA,"LC"
"Pimpinella niitakayamensis","t0075289","Plantae","Magnoliopsida",NA,NA,"LC"
"Piper interruptum","t0075324","Plantae","Magnoliopsida",NA,NA,"DD"
"Pittosporum daphniphylloides","t0075338","Plantae","Magnoliopsida",NA,NA,"LC"
"Pittosporum tobira","t0075339","Plantae","Magnoliopsida",NA,NA,"LC"
"Plantago macronipponica","t0075396","Plantae","Magnoliopsida",NA,NA,"LC"
"Platostoma hispidum","t0075398","Plantae","Magnoliopsida",NA,NA,"CR"
"Poikilospermum acuminata","t0075435","Plantae","Magnoliopsida",NA,NA,"EN"
"Polygonatum odoratum","t0075441","Plantae","Magnoliopsida",NA,NA,"LC"
"Potentilla nipponica","t0075475","Plantae","Magnoliopsida",NA,NA,"EN"
"Premna hengchunensis","t0075482","Plantae","Magnoliopsida",NA,NA,"NT"
"Pteris dimorpha","t0075517","Plantae","Polypodiopsida",NA,NA,"LC"
"Pteris grevilleana","t0075518","Plantae","Polypodiopsida",NA,NA,"LC"
"Pyrenaria shinkoensis","t0075548","Plantae","Magnoliopsida",NA,NA,"LC"
"Pyrus taiwanensis","t0075557","Plantae","Magnoliopsida",NA,NA,"CR"
"Quercus glandulifera","t0075565","Plantae","Magnoliopsida",NA,NA,"EN"
"Rhamnus nakaharae","t0075625","Plantae","Magnoliopsida",NA,NA,"LC"
"Rhododendron ovatum","t0075644","Plantae","Magnoliopsida",NA,NA,"NT"
"Rhododendron rubropilosum","t0075645","Plantae","Magnoliopsida",NA,NA,"LC"
"Rhus ambigua","t0075651","Plantae","Magnoliopsida",NA,NA,"LC"
"Rhynchoglossum obliquum","t0075656","Plantae","Magnoliopsida",NA,NA,"LC"
"Rosa bracteata","t0075689","Plantae","Magnoliopsida",NA,NA,"VU"
"Rosa sericea","t0075696","Plantae","Magnoliopsida",NA,NA,"LC"
"Rubia akane","t0075700","Plantae","Magnoliopsida",NA,NA,"LC"
"Rubus pseudoacer","t0075702","Plantae","Magnoliopsida",NA,NA,"DD"
"Ryssopterys timoriensis","t0075711","Plantae","Magnoliopsida",NA,NA,"DD"
"Saccolabiopsis viridiflora taiwaniana","t0075720","Plantae","Magnoliopsida",NA,NA,"EN"
"Sageretia thea","t0075721","Plantae","Magnoliopsida",NA,NA,"LC"
"Salix okamotoana","t0075725","Plantae","Magnoliopsida",NA,NA,"EN"
"Salvia nipponica","t0075728","Plantae","Magnoliopsida",NA,NA,"LC"
"Sarcandra glabra","t0075743","Plantae","Magnoliopsida",NA,NA,"LC"
"Sarcopyramis napalensis","t0075746","Plantae","Magnoliopsida",NA,NA,"LC"
"Schoenus nitens","t0075838","Plantae","Magnoliopsida",NA,NA,"DD"
"Taxillus liquidambaricolus","t0075856","Plantae","Magnoliopsida",NA,NA,"LC"
"Scutellaria austrotaiwanensis","t0075857","Plantae","Magnoliopsida",NA,NA,"VU"
"Selaginella doederleinii","t0075866","Plantae","Lycopodiopsida",NA,NA,"LC"
"Selaginella helvetica","t0075868","Plantae","Lycopodiopsida",NA,NA,"NT"
"Senecio nemorensis","t0075887","Plantae","Magnoliopsida",NA,NA,"LC"
"Shortia rotundifolia","t0075901","Plantae","Magnoliopsida",NA,NA,"NT"
"Silene fissipetala","t0075909","Plantae","Magnoliopsida",NA,NA,"LC"
"Skimmia japonica","t0075921","Plantae","Magnoliopsida",NA,NA,"DD"
"Smilax bracteata","t0075922","Plantae","Magnoliopsida",NA,NA,"LC"
"Smilax insularis","t0075923","Plantae","Magnoliopsida",NA,NA,"LC"
"Smilax koyamae","t0075924","Plantae","Magnoliopsida",NA,NA,"LC"
"Smilax taipeiensis","t0075927","Plantae","Magnoliopsida",NA,NA,"LC"
"Spiraea prunifolia","t0075959","Plantae","Magnoliopsida",NA,NA,"LC"
"Spiraea tatakaensis","t0075960","Plantae","Magnoliopsida",NA,NA,"VU"
"Stachys arvensis","t0075974","Plantae","Magnoliopsida",NA,NA,"LC"
"Stephanandra incisa","t0076024","Plantae","Magnoliopsida",NA,NA,"VU"
"Stephania japonica","t0076025","Plantae","Magnoliopsida",NA,NA,"LC"
"Strobilanthes penstemonoides","t0076044","Plantae","Magnoliopsida",NA,NA,"LC"
"Adenophora morrisonensis morrisonensis","t0084577","Plantae","Magnoliopsida",NA,NA,"LC"
"Ardisia cornudentata cornudentata","t0084578","Plantae","Magnoliopsida",NA,NA,"LC"
"Ardisia cornudentata morrisonensis","t0084579","Plantae","Magnoliopsida",NA,NA,"LC"
"Buxus microphylla sinica","t0084584","Plantae","Magnoliopsida",NA,NA,"LC"
"Capparis sikkimensis formosana","t0084585","Plantae","Magnoliopsida",NA,NA,"NT"
"Chenopodium acuminatum virgatum","t0084589","Plantae","Magnoliopsida",NA,NA,"LC"
"Circaea alpina imaicola","t0084590","Plantae","Magnoliopsida",NA,NA,"LC"
"Cordia aspera kanehirae","t0084591","Plantae","Magnoliopsida",NA,NA,"EN"
"Cyperus imbricatus imbricatus","t0084592","Plantae","Magnoliopsida",NA,NA,"LC"
"Cyrtomium falcatum falcatum","t0084593","Plantae","Polypodiopsida",NA,NA,"LC"
"Daphniphyllum glaucescens oldhamii","t0084594","Plantae","Magnoliopsida",NA,NA,"LC"
"Glycine max formosana","t0084597","Plantae","Magnoliopsida",NA,NA,"VU"
"Gnaphalium luteoalbum luteoalbum","t0084598","Plantae","Magnoliopsida",NA,NA,"LC"
"Gynura divaricata formosana","t0084599","Plantae","Magnoliopsida",NA,NA,"LC"
"Ludwigia epilobioides greatrexii","t0084601","Plantae","Magnoliopsida",NA,NA,"LC"
"Mucuna gigantea tashiroi","t0084608","Plantae","Magnoliopsida",NA,NA,"CR"
"Picris hieracioides morrisonensis","t0084613","Plantae","Magnoliopsida",NA,NA,"LC"
"Picris hieracioides ohwiana","t0084614","Plantae","Magnoliopsida",NA,NA,"LC"
"Prunella vulgaris asiatica","t0084620","Plantae","Magnoliopsida",NA,NA,"LC"
"Rubus pseudoacer flexuosus","t0084623","Plantae","Magnoliopsida",NA,NA,"DD"
"Schoenus nitens nitens","t0084626","Plantae","Magnoliopsida",NA,NA,"DD"
"Selaginella doederleinii doederleinii","t0084627","Plantae","Lycopodiopsida",NA,NA,"LC"
"Selaginella doederleinii trachyphylla","t0084628","Plantae","Lycopodiopsida",NA,NA,"DD"
"Sida javensis expilosa","t0084630","Plantae","Magnoliopsida",NA,NA,"DD"
"Sida rhombifolia insularis","t0084631","Plantae","Magnoliopsida",NA,NA,"LC"
"Skimmia japonica distincte-venulosa","t0084633","Plantae","Magnoliopsida",NA,NA,"DD"
"Youngia japonica formosana","t0084635","Plantae","Magnoliopsida",NA,NA,"LC"
"Youngia japonica japonica","t0084636","Plantae","Magnoliopsida",NA,NA,"LC"
"Arabidopsis lyrata kamchatica","t0085089","Plantae","Magnoliopsida",NA,NA,"LC"
"Arisaema thunbergii autumnale","t0085090","Plantae","Magnoliopsida",NA,NA,"NT"
"Bolboschoenus maritimus affinis","t0085092","Plantae","Magnoliopsida",NA,NA,"LC"
"Clematis gouriana lishanensis","t0085094","Plantae","Magnoliopsida",NA,NA,"LC"
"Cornus kousa chinensis","t0085095","Plantae","Magnoliopsida",NA,NA,"DD"
"Cyperus nutans subprolixus","t0085096","Plantae","Magnoliopsida",NA,NA,"LC"
"Cyrtomium falcatum australe","t0085097","Plantae","Polypodiopsida",NA,NA,"LC"
"Lotus corniculatus japonicus","t0085099","Plantae","Magnoliopsida",NA,NA,"LC"
"Phalaenopsis formosana","t0085100","Plantae","Magnoliopsida",NA,NA,"CR"
"Phyllanthus urinaria nudicarpus","t0085101","Plantae","Magnoliopsida",NA,NA,"LC"
"Platanthera formosana","t0085102","Plantae","Magnoliopsida",NA,NA,"NT"
"Maesa perlaria formosana","t0086524","Plantae","Magnoliopsida",NA,NA,"LC"
"Magnolia compressa formosana","t0086525","Plantae","Magnoliopsida",NA,NA,"LC"
"Oplismenus compositus intermedius","t0086528","Plantae","Magnoliopsida",NA,NA,"LC"
"Digitaria leptalea reticulmis","t0086530","Plantae","Magnoliopsida",NA,NA,"LC"
"Eleutherococcus trifoliatus setosus","t0086531","Plantae","Magnoliopsida",NA,NA,"LC"
"Ficus microcarpa crassifolia","t0086533","Plantae","Magnoliopsida",NA,NA,"DD"
"Pteris terminalis fauriei","t0086536","Plantae","Polypodiopsida",NA,NA,"LC"
"Rubus parvifolius toapiensis","t0086537","Plantae","Magnoliopsida",NA,NA,"DD"
"Glochidion zeylanicum zeylanicum","t0086539","Plantae","Magnoliopsida",NA,NA,"LC"
"Juniperus formosana formosana","t0086540","Plantae","Pinopsida",NA,NA,"LC"
"Justicia procumbens hirsuta","t0086541","Plantae","Magnoliopsida",NA,NA,"VU"
"Lasianthus appressihirtus maximus","t0086543","Plantae","Magnoliopsida",NA,NA,"LC"
"Lecanorchis nigricans yakushimensis","t0086545","Plantae","Magnoliopsida",NA,NA,"NT"
"Lilium longiflorum scabrum","t0086546","Plantae","Magnoliopsida",NA,NA,"DD"
"Styrax formosanus formosanus","t0086548","Plantae","Magnoliopsida",NA,NA,"LC"
"Styrax japonicus kotoensis","t0086549","Plantae","Magnoliopsida",NA,NA,"VU"
"Thalictrum urbaini majus","t0086553","Plantae","Magnoliopsida",NA,NA,"VU"
"Themeda caudata matsudai","t0086554","Plantae","Magnoliopsida",NA,NA,"CR"
"Viola nagasawai nagasawai","t0086556","Plantae","Magnoliopsida",NA,NA,"LC"
"Wollastonia biflora ryukyuensis","t0086557","Plantae","Magnoliopsida",NA,NA,"LC"
"Clinopodium laxiflorum taiwanianum","t0086560","Plantae","Magnoliopsida",NA,NA,"NT"
"Grona heterocarpa heterocarpa strigosa","t0086563","Plantae","Magnoliopsida",NA,NA,"LC"
"Isoetes taiwanensis taiwanensis","t0086564","Plantae","Lycopodiopsida",NA,NA,"CR"
"Isoetes taiwanensis kinmenensis","t0086565","Plantae","Lycopodiopsida",NA,NA,"CR"
"Crepidomanes schmidtianum latifrons","t0086566","Plantae","Polypodiopsida",NA,NA,"LC"
"Ceratopteris gaudichaudii vulgaris","t0086567","Plantae","Polypodiopsida",NA,NA,"LC"
"Pteris dimorpha dimorpha","t0086568","Plantae","Polypodiopsida",NA,NA,"LC"
"Pteris dimorpha metagrevilleana","t0086569","Plantae","Polypodiopsida",NA,NA,"CR"
"Pteris dimorpha prolongata","t0086570","Plantae","Polypodiopsida",NA,NA,"LC"
"Arachniodes amabilis fimbriata","t0086571","Plantae","Polypodiopsida",NA,NA,"LC"
"Oreogrammitis congener polytricha","t0086572","Plantae","Polypodiopsida",NA,NA,"EN"
"Asplenium wilfordii densum","t0086573","Plantae","Polypodiopsida",NA,NA,"LC"
"Athyrium decurrentialatum pilosellum","t0086574","Plantae","Polypodiopsida",NA,NA,"LC"
"Athyrium iseanum angustisectum","t0086576","Plantae","Polypodiopsida",NA,NA,"LC"
"Diplazium donianum lobatum","t0086577","Plantae","Polypodiopsida",NA,NA,"NT"
"Abelia chinensis ionandra","t0086584","Plantae","Magnoliopsida",NA,NA,"VU"
"Abutilon indicum guineense","t0086585","Plantae","Magnoliopsida",NA,NA,"LC"
"Aconitum fukutomei formosanum","t0086592","Plantae","Magnoliopsida",NA,NA,"VU"
"Aconitum fukutomei fukutomei","t0086593","Plantae","Magnoliopsida",NA,NA,"NT"
"Adenostemma lavenia parviflorum","t0086600","Plantae","Magnoliopsida",NA,NA,"LC"
"Adinandra formosana obtusissima","t0086601","Plantae","Magnoliopsida",NA,NA,"DD"
"Allium bakeri morrisonense","t0086604","Plantae","Magnoliopsida",NA,NA,"DD"
"Alopecurus aequalis amurensis","t0086607","Plantae","Magnoliopsida",NA,NA,"LC"
"Alysicarpus vaginalis taiwanensis","t0086608","Plantae","Magnoliopsida",NA,NA,"DD"
"Ampelopsis brevipedunculata hancei","t0086610","Plantae","Magnoliopsida",NA,NA,"LC"
"Ampelopsis cantoniensis cantoniensis","t0086611","Plantae","Magnoliopsida",NA,NA,"LC"
"Ampelopsis cantoniensis leecoides","t0086612","Plantae","Magnoliopsida",NA,NA,"LC"
"Amphicarpaea bracteata edgeworthii japonica","t0086613","Plantae","Magnoliopsida",NA,NA,"LC"
"Angelica morrisonicola morrisonicola","t0086617","Plantae","Magnoliopsida",NA,NA,"LC"
"Antidesma japonicum densiflorum","t0086625","Plantae","Magnoliopsida",NA,NA,"LC"
"Aphyllorchis montana membranacea","t0086627","Plantae","Magnoliopsida",NA,NA,"DD"
"Arisaema taiwanense taiwanense","t0086628","Plantae","Magnoliopsida",NA,NA,"LC"
"Artemisia somai batakensis","t0086629","Plantae","Magnoliopsida",NA,NA,"NT"
"Aucuba chinensis fongfangshanensis","t0086636","Plantae","Magnoliopsida",NA,NA,"LC"
"Boehmeria nivea tenacissima","t0086646","Plantae","Magnoliopsida",NA,NA,"LC"
"Breynia officinalis officinalis","t0086653","Plantae","Magnoliopsida",NA,NA,"LC"
"Bulbophyllum kuanwuense peitawuense","t0086656","Plantae","Magnoliopsida",NA,NA,"NT"
"Bulbophyllum setaceum pilusiense","t0086659","Plantae","Magnoliopsida",NA,NA,"NT"
"Calanthe davidii matsudae","t0086660","Plantae","Magnoliopsida",NA,NA,"LC"
"Callicarpa formosana formosana","t0086662","Plantae","Magnoliopsida",NA,NA,"LC"
"Callicarpa formosana longifolia","t0086663","Plantae","Magnoliopsida",NA,NA,"VU"
"Callitriche palustris oryzetorum","t0086664","Plantae","Magnoliopsida",NA,NA,"DD"
"Capillipedium parviflorum spicigerum","t0086665","Plantae","Magnoliopsida",NA,NA,"LC"
"Cassia sophera penghuana","t0086669","Plantae","Magnoliopsida",NA,NA,"VU"
"Centaurium pulchellum altaicum","t0086672","Plantae","Magnoliopsida",NA,NA,"VU"
"Cephalantheropsis obcordata alboflavescens","t0086673","Plantae","Magnoliopsida",NA,NA,"NT"
"Camphora officinarum nominale","t0086685","Plantae","Magnoliopsida",NA,NA,"LC"
"Cissampelos pareira hirsuta","t0086686","Plantae","Magnoliopsida",NA,NA,"CR"
"Clematis henryi henryi","t0086690","Plantae","Magnoliopsida",NA,NA,"LC"
"Clematis henryi morii","t0086692","Plantae","Magnoliopsida",NA,NA,"NT"
"Clematis terniflora garanbiensis","t0086693","Plantae","Magnoliopsida",NA,NA,"VU"
"Clerodendrum japonicum album","t0086694","Plantae","Magnoliopsida",NA,NA,"NT"
"Cleyera japonica japonica","t0086696","Plantae","Magnoliopsida",NA,NA,"LC"
"Cleyera japonica longicarpa","t0086697","Plantae","Magnoliopsida",NA,NA,"LC"
"Cleyera japonica morii","t0086698","Plantae","Magnoliopsida",NA,NA,"LC"
"Cleyera japonica taipinensis","t0086700","Plantae","Magnoliopsida",NA,NA,"LC"
"Cnidium monnieri formosanum","t0086719","Plantae","Magnoliopsida",NA,NA,"LC"
"Corchorus aestuans aestuans","t0086728","Plantae","Magnoliopsida",NA,NA,"LC"
"Corchorus aestuans brevicaulis","t0086729","Plantae","Magnoliopsida",NA,NA,"LC"
"Cymbopogon tortilis goeringii","t0086764","Plantae","Magnoliopsida",NA,NA,"LC"
"Daphne kiusiana atrocaulis","t0086766","Plantae","Magnoliopsida",NA,NA,"LC"
"Dendranthema lavandulifolium tomentellum","t0086767","Plantae","Magnoliopsida",NA,NA,"EN"
"Dianthus superbus taiwanensis","t0086771","Plantae","Magnoliopsida",NA,NA,"LC"
"Didymoplexis pallens nantouensis","t0086782","Plantae","Magnoliopsida",NA,NA,"DD"
"Digitaria radicosa hirsuta","t0086783","Plantae","Magnoliopsida",NA,NA,"LC"
"Digitaria radicosa radicosa","t0086784","Plantae","Magnoliopsida",NA,NA,"LC"
"Dioscorea japonica pseudojaponica","t0086785","Plantae","Magnoliopsida",NA,NA,"LC"
"Elaeocarpus sphaericus hayatae","t0086787","Plantae","Magnoliopsida",NA,NA,"NT"
"Eleocharis congesta subvivipara","t0086789","Plantae","Magnoliopsida",NA,NA,"DD"
"Eleocharis dulcis dulcis","t0086790","Plantae","Magnoliopsida",NA,NA,"LC"
"Emilia sonchifolia javanica","t0086791","Plantae","Magnoliopsida",NA,NA,"LC"
"Erigeron morrisonensis fukuyamae","t0086793","Plantae","Magnoliopsida",NA,NA,"LC"
"Erigeron morrisonensis morrisonensis","t0086794","Plantae","Magnoliopsida",NA,NA,"LC"
"Eupatorium chinense tozanense","t0086804","Plantae","Magnoliopsida",NA,NA,"LC"
"Eupatorium clematideum gracillimum","t0086805","Plantae","Magnoliopsida",NA,NA,"VU"
"Euphrasia transmorrisonensis durietziana","t0086806","Plantae","Magnoliopsida",NA,NA,"NT"
"Euphrasia transmorrisonensis transmorrisonensis","t0086807","Plantae","Magnoliopsida",NA,NA,"LC"
"Eurya nitida nitida","t0086808","Plantae","Magnoliopsida",NA,NA,"NT"
"Farfugium japonicum formosanum","t0086810","Plantae","Magnoliopsida",NA,NA,"LC"
"Ficus pumila pumila","t0086814","Plantae","Magnoliopsida",NA,NA,"LC"
"Gastrodia confusoides taitungensis","t0086828","Plantae","Magnoliopsida",NA,NA,"DD"
"Gastrodia fontinalis fontinalis","t0086829","Plantae","Magnoliopsida",NA,NA,"CR"
"Gastrodia fontinalis suburceolata","t0086830","Plantae","Magnoliopsida",NA,NA,"VU"
"Glechoma hederacea grandis","t0086831","Plantae","Magnoliopsida",NA,NA,"LC"
"Glycosmis parviflora erythrocarpa","t0086832","Plantae","Magnoliopsida",NA,NA,"LC"
"Gnaphalium hypoleucum amoyense","t0086834","Plantae","Magnoliopsida",NA,NA,"LC"
"Gnaphalium hypoleucum hypoleucum","t0086835","Plantae","Magnoliopsida",NA,NA,"LC"
"Gnaphalium involucratum ramosum","t0086836","Plantae","Magnoliopsida",NA,NA,"LC"
"Gnaphalium involucratum simplex","t0086837","Plantae","Magnoliopsida",NA,NA,"LC"
"Goodyera similis albonervosa","t0086843","Plantae","Magnoliopsida",NA,NA,"DD"
"Ischaemum aristatum aristatum","t0086858","Plantae","Magnoliopsida",NA,NA,"LC"
"Ischaemum aristatum momiyamai","t0086860","Plantae","Magnoliopsida",NA,NA,"DD"
"Ischaemum barbatum gibbum","t0086861","Plantae","Magnoliopsida",NA,NA,"LC"
"Justicia procumbens hayatae","t0086866","Plantae","Magnoliopsida",NA,NA,"VU"
"Justicia procumbens linearifolia","t0086867","Plantae","Magnoliopsida",NA,NA,"VU"
"Lasianthus japonicus satsumensis","t0086874","Plantae","Magnoliopsida",NA,NA,"LC"
"Lasianthus obliquinervis obliquinervis","t0086875","Plantae","Magnoliopsida",NA,NA,"LC"
"Lasianthus obliquinervis simizui","t0086876","Plantae","Magnoliopsida",NA,NA,"EN"
"Liriope minor angustissima","t0086886","Plantae","Magnoliopsida",NA,NA,"LC"
"Litsea akoensis akoensis","t0086887","Plantae","Magnoliopsida",NA,NA,"LC"
"Litsea lii nunkao-tahangensis","t0086889","Plantae","Magnoliopsida",NA,NA,"LC"
"Lyonia ovalifolia ovalifolia","t0086891","Plantae","Magnoliopsida",NA,NA,"LC"
"Lysionotus pauciflorus pauciflorus","t0086892","Plantae","Magnoliopsida",NA,NA,"LC"
"Machilus obovatifolia taiwuensis","t0086893","Plantae","Magnoliopsida",NA,NA,"LC"
"Millettia pulchra microphylla","t0086899","Plantae","Magnoliopsida",NA,NA,"CR"
"Murraya omphalocarpa","t0086901","Plantae","Magnoliopsida",NA,NA,"NT"
"Mussaenda macrophylla brevipilosa","t0086902","Plantae","Magnoliopsida",NA,NA,"NT"
"Myristica ceylanica cagayanensis","t0086903","Plantae","Magnoliopsida",NA,NA,"VU"
"Neolitsea sericea aurata","t0086908","Plantae","Magnoliopsida",NA,NA,"EN"
"Oreorchis indica","t0086925","Plantae","Magnoliopsida",NA,NA,"NT"
"Peristylus lacertifer lacertifer","t0086942","Plantae","Magnoliopsida",NA,NA,"NT"
"Persicaria barbata gracilis","t0086943","Plantae","Magnoliopsida",NA,NA,"LC"
"Pilea peploides major","t0086947","Plantae","Magnoliopsida",NA,NA,"LC"
"Pilea peploides peploides","t0086948","Plantae","Magnoliopsida",NA,NA,"LC"
"Piper interruptum multinervum","t0086950","Plantae","Magnoliopsida",NA,NA,"DD"
"Pittosporum illicioides angustifolium","t0086951","Plantae","Magnoliopsida",NA,NA,"VU"
"Prunus phaeosticta ilicifolia","t0086962","Plantae","Magnoliopsida",NA,NA,"EN"
"Pteris grevilleana grevilleana","t0086963","Plantae","Polypodiopsida",NA,NA,"LC"
"Quercus longinux lativiolacifolia","t0086968","Plantae","Magnoliopsida",NA,NA,"DD"
"Rhododendron ovatum lamprophyllum","t0086971","Plantae","Magnoliopsida",NA,NA,"NT"
"Rhododendron ovatum ovatum","t0086972","Plantae","Magnoliopsida",NA,NA,"DD"
"Rhododendron rubropilosum rubropilosum","t0086973","Plantae","Magnoliopsida",NA,NA,"LC"
"Rhododendron rubropilosum taiwanalpinum","t0086974","Plantae","Magnoliopsida",NA,NA,"LC"
"Rhus chinensis roxburghii","t0086975","Plantae","Magnoliopsida",NA,NA,"LC"
"Rhus succedanea succedanea","t0086976","Plantae","Magnoliopsida",NA,NA,"LC"
"Rhynchoglossum obliquum hologlossum","t0086977","Plantae","Magnoliopsida",NA,NA,"LC"
"Rosa bracteata bracteata","t0086980","Plantae","Magnoliopsida",NA,NA,"VU"
"Rotala indica uliginosa","t0086984","Plantae","Magnoliopsida",NA,NA,"LC"
"Rubia akane akane","t0086985","Plantae","Magnoliopsida",NA,NA,"LC"
"Rubus lambertianus lambertianus","t0086986","Plantae","Magnoliopsida",NA,NA,"LC"
"Salix fulvopubescens tagawana","t0086988","Plantae","Magnoliopsida",NA,NA,"LC"
"Salix taiwanalpina morrisonicola","t0086989","Plantae","Magnoliopsida",NA,NA,"NT"
"Salix taiwanalpina taiwanalpina","t0086990","Plantae","Magnoliopsida",NA,NA,"NT"
"Salix taiwanalpina takasagoalpina","t0086991","Plantae","Magnoliopsida",NA,NA,"LC"
"Salvia formosana matsudae","t0086992","Plantae","Magnoliopsida",NA,NA,"LC"
"Salvia nipponica formosana","t0086993","Plantae","Magnoliopsida",NA,NA,"LC"
"Sarcopyramis napalensis delicata","t0086995","Plantae","Magnoliopsida",NA,NA,"LC"
"Schima superba kankaoensis","t0087035","Plantae","Magnoliopsida",NA,NA,"LC"
"Schizachyrium fragile shimadae","t0087036","Plantae","Magnoliopsida",NA,NA,"DD"
"Senecio nemorensis dentatus","t0087039","Plantae","Magnoliopsida",NA,NA,"LC"
"Shortia rotundifolia ritoensis","t0087040","Plantae","Magnoliopsida",NA,NA,"DD"
"Shortia rotundifolia subcordata","t0087041","Plantae","Magnoliopsida",NA,NA,"DD"
"Shortia rotundifolia transalpina","t0087042","Plantae","Magnoliopsida",NA,NA,"NT"
"Smilax bracteata bracteata","t0087045","Plantae","Magnoliopsida",NA,NA,"LC"
"Stephania japonica hispidula","t0087062","Plantae","Magnoliopsida",NA,NA,"LC"
"Stephania japonica japonica","t0087063","Plantae","Magnoliopsida",NA,NA,"LC"
"Styrax hayataianus","t0087064","Plantae","Magnoliopsida",NA,NA,"DD"
"Symplocos cochinchinensis cochinchinensis","t0087065","Plantae","Magnoliopsida",NA,NA,"LC"
"Taxillus limprichtii limprichtii","t0087067","Plantae","Magnoliopsida",NA,NA,"VU"
"Taxillus limprichtii longiflorus","t0087068","Plantae","Magnoliopsida",NA,NA,"VU"
"Taxillus lonicerifolius lonicerifolius","t0087069","Plantae","Magnoliopsida",NA,NA,"LC"
"Trisetum spicatum formosanum","t0087097","Plantae","Magnoliopsida",NA,NA,"LC"
"Vaccinium wrightii wrightii","t0087101","Plantae","Magnoliopsida",NA,NA,"LC"
"Viburnum luzonicum morrisonense","t0087103","Plantae","Magnoliopsida",NA,NA,"LC"
"Viburnum luzonicum oblongum","t0087104","Plantae","Magnoliopsida",NA,NA,"LC"
"Vigna minima minor","t0087105","Plantae","Magnoliopsida",NA,NA,"LC"
"Vigna vexillata tsusimensis","t0087106","Plantae","Magnoliopsida",NA,NA,"LC"
"Viola adenothrix adenothrix","t0087107","Plantae","Magnoliopsida",NA,NA,"LC"
"Viola adenothrix tsugitakaensis","t0087108","Plantae","Magnoliopsida",NA,NA,"LC"
"Viola formosana stenopetala","t0087109","Plantae","Magnoliopsida",NA,NA,"LC"
"Viola nagasawai pricei","t0087110","Plantae","Magnoliopsida",NA,NA,"LC"
"Yoania amagiensis squamipes","t0087114","Plantae","Magnoliopsida",NA,NA,"CR"
"Zanthoxylum ailanthoides pubescens","t0087115","Plantae","Magnoliopsida",NA,NA,"DD"
"Viburnum plicatum formosanum","t0087346","Plantae","Magnoliopsida",NA,NA,"NT"
"Viola obtusa tsuifengensis","t0087347","Plantae","Magnoliopsida",NA,NA,"VU"
"Vitis thunbergii taiwaniana","t0087348","Plantae","Magnoliopsida",NA,NA,"EN"
"Achyranthes bidentata japonica","t0087349","Plantae","Magnoliopsida",NA,NA,"LC"
"Arisaema taiwanense brevipedunculatum","t0087351","Plantae","Magnoliopsida",NA,NA,"VU"
"Blumea riparia megacephala","t0087352","Plantae","Magnoliopsida",NA,NA,"LC"
"Bulbophyllum albociliatum weiminianum","t0087354","Plantae","Magnoliopsida",NA,NA,"VU"
"Bulbophyllum hirundinis calvum","t0087355","Plantae","Magnoliopsida",NA,NA,"DD"
"Buxus microphylla sinica tarokoensis","t0087357","Plantae","Magnoliopsida",NA,NA,"VU"
"Callicarpa formosana glabrata","t0087358","Plantae","Magnoliopsida",NA,NA,"LC"
"Callicarpa japonica luxurians","t0087359","Plantae","Magnoliopsida",NA,NA,"LC"
"Carex gentilis nakaharae","t0087360","Plantae","Magnoliopsida",NA,NA,"DD"
"Carex mitrata aristata","t0087361","Plantae","Magnoliopsida",NA,NA,"DD"
"Cheirostylis pusilla simplex","t0087362","Plantae","Magnoliopsida",NA,NA,"CR"
"Cirsium japonicum takaoense","t0087365","Plantae","Magnoliopsida",NA,NA,"LC"
"Clematis chinensis tatushanensis","t0087366","Plantae","Magnoliopsida",NA,NA,"NT"
"Clematis tashiroi huangii","t0087367","Plantae","Magnoliopsida",NA,NA,"VU"
"Dioscorea japonica oldhamii","t0087368","Plantae","Magnoliopsida",NA,NA,"LC"
"Elaeocarpus decipiens changii","t0087369","Plantae","Magnoliopsida",NA,NA,"VU"
"Elatostema lineolatum majus","t0087370","Plantae","Magnoliopsida",NA,NA,"LC"
"Eurya nanjenshanensis","t0087371","Plantae","Magnoliopsida",NA,NA,"NT"
"Ficus microcarpa fuyuensis","t0087372","Plantae","Magnoliopsida",NA,NA,"DD"
"Ficus microcarpa oluangpiensis","t0087373","Plantae","Magnoliopsida",NA,NA,"DD"
"Ficus microcarpa pusillifolia","t0087374","Plantae","Magnoliopsida",NA,NA,"DD"
"Gentiana flavomaculata yuanyanghuensis","t0087375","Plantae","Magnoliopsida",NA,NA,"LC"
"Gentiana scabrida punctulata","t0087376","Plantae","Magnoliopsida",NA,NA,"LC"
"Imperata cylindrica major","t0087378","Plantae","Magnoliopsida",NA,NA,"LC"
"Litsea akoensis chitouchiaoensis","t0087381","Plantae","Magnoliopsida",NA,NA,"LC"
"Musa itinerans chiumei","t0087385","Plantae","Magnoliopsida",NA,NA,"CR"
"Musa basjoo formosana","t0087386","Plantae","Magnoliopsida",NA,NA,"LC"
"Musa itinerans kavalanensis","t0087387","Plantae","Magnoliopsida",NA,NA,"CR"
"Prunella vulgaris asiatica nanhutashanensis","t0087388","Plantae","Magnoliopsida",NA,NA,"VU"
"Rhamnus chingshuiensis tashanensis","t0087389","Plantae","Magnoliopsida",NA,NA,"LC"
"Sporobolus indicus flaccidus","t0087392","Plantae","Magnoliopsida",NA,NA,"DD"
"Sporobolus indicus major","t0087393","Plantae","Magnoliopsida",NA,NA,"LC"
"Syzygium densinervium","t0087394","Plantae","Magnoliopsida",NA,NA,"NT"
"Taxillus lonicerifolius longifolius","t0087395","Plantae","Magnoliopsida",NA,NA,"LC"
"Thalictrum javanicum puberulum","t0087396","Plantae","Magnoliopsida",NA,NA,"DD"
"Pteris grevilleana ornata","t0087608","Plantae","Polypodiopsida",NA,NA,"VU"
"Asplenium normale scythiforme","t0087627","Plantae","Polypodiopsida",NA,NA,"LC"
"Cheirostylis octodactyla cymbiformes","t0087632","Plantae","Magnoliopsida",NA,NA,"LC"
"Neolitsea buisanensis buisanensis","t0087656","Plantae","Magnoliopsida",NA,NA,"LC"
"Scabiosa lacerifolia leucantha","t0087661","Plantae","Magnoliopsida",NA,NA,"LC"
"Stauntonia obovata obovata","t0087667","Plantae","Magnoliopsida",NA,NA,"LC"
"Chrinephrium insulare","t0095924","Plantae","Polypodiopsida",NA,NA,"DD"
"Arabidopsis halleri","t0099355","Plantae","Magnoliopsida",NA,NA,"EN"
"Arabidopsis lyrata","t0099357","Plantae","Magnoliopsida",NA,NA,"LC"
"Arabis alpina","t0099359","Plantae","Magnoliopsida",NA,NA,"LC"
"Ardisia cornudentata morrisonensis stenosepala","t0099363","Plantae","Magnoliopsida",NA,NA,"LC"
"Arisaema thunbergii","t0099367","Plantae","Magnoliopsida",NA,NA,"NT"
"Blumea riparia","t0099418","Plantae","Magnoliopsida",NA,NA,"LC"
"Leptopetalum strigulosum","t0099490","Plantae","Magnoliopsida",NA,NA,"LC"
"Droguetia iners","t0099559","Plantae","Magnoliopsida",NA,NA,"NT"
"Elatostema lineolatum","t0099569","Plantae","Magnoliopsida",NA,NA,"LC"
"Epilobium brevifolium","t0099582","Plantae","Magnoliopsida",NA,NA,"LC"
"Excoecaria formosana","t0099628","Plantae","Magnoliopsida",NA,NA,"LC"
"Ficus aurantiacea","t0099640","Plantae","Magnoliopsida",NA,NA,"LC"
"Viburnum plicatum","t0099695","Plantae","Magnoliopsida",NA,NA,"NT"
"Viola obtusa","t0099706","Plantae","Magnoliopsida",NA,NA,"VU"
"Helwingia japonica","t0100277","Plantae","Magnoliopsida",NA,NA,"LC"
"Imperata cylindrica","t0100310","Plantae","Magnoliopsida",NA,NA,"LC"
"Lilium speciosum","t0100387","Plantae","Magnoliopsida",NA,NA,"CR"
"Skimmia japonica distincte-venulosa orthoclada","t0100438","Plantae","Magnoliopsida",NA,NA,"DD"
"Thalictrum javanicum","t0100513","Plantae","Magnoliopsida",NA,NA,"DD"
"Lotus corniculatus","t0100551","Plantae","Magnoliopsida",NA,NA,"LC"
"Deparia petersenii","t0100553","Plantae","Polypodiopsida",NA,NA,"LC"
"Cardamine scutata","t0100691","Plantae","Magnoliopsida",NA,NA,"LC"
"Carex finitima","t0100693","Plantae","Magnoliopsida",NA,NA,"LC"
"Carex gentilis","t0100695","Plantae","Magnoliopsida",NA,NA,"DD"
"Carex grallatoria","t0100696","Plantae","Magnoliopsida",NA,NA,"VU"
"Carex ligulata","t0100698","Plantae","Magnoliopsida",NA,NA,"LC"
"Carex manca","t0100700","Plantae","Magnoliopsida",NA,NA,"LC"
"Carex mitrata","t0100701","Plantae","Magnoliopsida",NA,NA,"DD"
"Carex tristachya","t0100706","Plantae","Magnoliopsida",NA,NA,"LC"
"Cheirostylis pusilla","t0100737","Plantae","Magnoliopsida",NA,NA,"CR"
"Clematis gouriana","t0100757","Plantae","Magnoliopsida",NA,NA,"LC"
"Philoxerus wrightii","t0100830","Plantae","Magnoliopsida",NA,NA,"VU"
"Raphanus raphanistrum","t0100936","Plantae","Magnoliopsida",NA,NA,"LC"
"Rubus parviaraliifolius","t0100962","Plantae","Magnoliopsida",NA,NA,"LC"
"Oxalis griffithii formosana","t0101126","Plantae","Magnoliopsida",NA,NA,"LC"
"Pueraria montana montana","t0101141","Plantae","Magnoliopsida",NA,NA,"LC"
"Cassytha filiformis duripraticola","t0101149","Plantae","Magnoliopsida",NA,NA,"LC"
"Ficus fistulosa fistulosa","t0101160","Plantae","Magnoliopsida",NA,NA,"LC"
"Ficus formosana formosana","t0101161","Plantae","Magnoliopsida",NA,NA,"LC"
"Ficus tannoensis tannoensis","t0101162","Plantae","Magnoliopsida",NA,NA,"LC"
"Crepidomanes minutum minutum","t0101196","Plantae","Polypodiopsida",NA,NA,"LC"
"Pteris fauriei fauriei","t0101197","Plantae","Polypodiopsida",NA,NA,"LC"
"Dryopteris decipiens decipiens","t0101199","Plantae","Polypodiopsida",NA,NA,"VU"
"Asplenium wilfordii wilfordii","t0101200","Plantae","Polypodiopsida",NA,NA,"LC"
"Diplazium virescens virescens","t0101201","Plantae","Polypodiopsida",NA,NA,"LC"
"Asplenium normale normale","t0101204","Plantae","Polypodiopsida",NA,NA,"LC"
"Ficus microcarpa microcarpa","t0101266","Plantae","Magnoliopsida",NA,NA,"LC"
"Arundinella pubescens","t0101568","Plantae","Magnoliopsida",NA,NA,"LC"
"Mazus delavayi","t0101582","Plantae","Magnoliopsida",NA,NA,"LC"
"Entada koshunensis","t0101620","Plantae","Magnoliopsida",NA,NA,"EN"
"Microlepia marginata marginata","t0101878","Plantae","Polypodiopsida",NA,NA,"LC"
"Dicranopteris linearis montana","t0101879","Plantae","Polypodiopsida",NA,NA,"LC"
"Aspidistra daibuensis daibuensis","t0102010","Plantae","Magnoliopsida",NA,NA,"LC"
"Aspidistra longkiauensis","t0102012","Plantae","Magnoliopsida",NA,NA,"LC"
"Camellia tenuifolia","t0102042","Plantae","Magnoliopsida",NA,NA,"LC"
"Camphora kanahirae","t0102043","Plantae","Magnoliopsida",NA,NA,"EN"
"Glycosmis citrifolia","t0102044","Plantae","Magnoliopsida",NA,NA,"LC"
"Lasianthus appressihirtus appressihirtus","t0102046","Plantae","Magnoliopsida",NA,NA,"LC"
"Peristylus calcaratus","t0102048","Plantae","Magnoliopsida",NA,NA,"LC"
"Ischaemum aureum","t0102049","Plantae","Magnoliopsida",NA,NA,"DD"
"Rubus fraxinifoliolus","t0102051","Plantae","Magnoliopsida",NA,NA,"LC"
"Rubus alnifoliolatus","t0102052","Plantae","Magnoliopsida",NA,NA,"LC"
"Rubus lanyuensis","t0102053","Plantae","Magnoliopsida",NA,NA,"NT"
"Acorus gramineus gramineus","t0102073","Plantae","Magnoliopsida",NA,NA,"LC"
"Acorus gramineus macrospadiceus","t0102074","Plantae","Magnoliopsida",NA,NA,"DD"
"Adenostemma lavenia lavenia","t0102075","Plantae","Magnoliopsida",NA,NA,"LC"
"Alpinia koshunensis","t0102076","Plantae","Magnoliopsida",NA,NA,"LC"
"Alpinia pricei pricei","t0102077","Plantae","Magnoliopsida",NA,NA,"LC"
"Alpinia shimadae shimadae","t0102078","Plantae","Magnoliopsida",NA,NA,"LC"
"Alysicarpus vaginalis vaginalis","t0102079","Plantae","Magnoliopsida",NA,NA,"LC"
"Bredia hirsuta hirsuta","t0102083","Plantae","Magnoliopsida",NA,NA,"LC"
"Calamus siphonospathus sublaevis","t0102084","Plantae","Magnoliopsida",NA,NA,"NT"
"Callitriche palustris palustris","t0102085","Plantae","Magnoliopsida",NA,NA,"NT"
"Carex morrisonicola","t0102087","Plantae","Magnoliopsida",NA,NA,"LC"
"Carex daibuensis","t0102088","Plantae","Magnoliopsida",NA,NA,"LC"
"Carex dolichostachya","t0102089","Plantae","Magnoliopsida",NA,NA,"LC"
"Chrysoglossum formosanum","t0102090","Plantae","Magnoliopsida",NA,NA,"LC"
"Cuscuta japonica japonica","t0102092","Plantae","Magnoliopsida",NA,NA,"DD"
"Cymbidium lancifolium lancifolium","t0102093","Plantae","Magnoliopsida",NA,NA,"LC"
"Cyperus malaccensis malaccensis","t0102094","Plantae","Magnoliopsida",NA,NA,"LC"
"Grona heterocarpa heterocarpa","t0102096","Plantae","Magnoliopsida",NA,NA,"LC"
"Eleutherococcus trifoliatus trifoliatus","t0102097","Plantae","Magnoliopsida",NA,NA,"LC"
"Agropyron mayebaranum","t0102098","Plantae","Magnoliopsida",NA,NA,"LC"
"Flemingia macrophylla macrophylla","t0102100","Plantae","Magnoliopsida",NA,NA,"LC"
"Ilex lonicerifolia lonicerifolia","t0102104","Plantae","Magnoliopsida",NA,NA,"NT"
"Juniperus formosana concolor","t0102105","Plantae","Pinopsida",NA,NA,"DD"
"Liparis derchiensis","t0102107","Plantae","Magnoliopsida",NA,NA,"EN"
"Litsea linii","t0102109","Plantae","Magnoliopsida",NA,NA,"LC"
"Machilus zuihoensis zuihoensis","t0102110","Plantae","Magnoliopsida",NA,NA,"LC"
"Photinia serratifolia serratifolia","t0102116","Plantae","Magnoliopsida",NA,NA,"LC"
"Phyllanthus virgatus","t0102117","Plantae","Magnoliopsida",NA,NA,"LC"
"Potentilla matsumurae pilosa","t0102120","Plantae","Magnoliopsida",NA,NA,"LC"
"Quercus glauca kuyuensis","t0102121","Plantae","Magnoliopsida",NA,NA,"DD"
"Rhamnus chingshuiensis chingshuiensis","t0102123","Plantae","Magnoliopsida",NA,NA,"EN"
"Rhododendron lasiostylum","t0102124","Plantae","Magnoliopsida",NA,NA,"LC"
"Rubus croceacanthus croceacanthus","t0102125","Plantae","Magnoliopsida",NA,NA,"LC"
"Rubus croceacanthus glaber","t0102126","Plantae","Magnoliopsida",NA,NA,"LC"
"Rubus yuliensis","t0102127","Plantae","Magnoliopsida",NA,NA,"DD"
"Rubus taitoensis taitoensis","t0102128","Plantae","Magnoliopsida",NA,NA,"LC"
"Rubus taitoensis aculeatiflorus","t0102129","Plantae","Magnoliopsida",NA,NA,"LC"
"Salix morii","t0102131","Plantae","Magnoliopsida",NA,NA,"LC"
"Sida rhombifolia rhombifolia","t0102132","Plantae","Magnoliopsida",NA,NA,"LC"
"Taeniophyllum crassipes","t0102133","Plantae","Magnoliopsida",NA,NA,"LC"
"Viola formosana formosana","t0102134","Plantae","Magnoliopsida",NA,NA,"LC"
"Lindernia mollis","t0102139","Plantae","Magnoliopsida",NA,NA,"DD"
"Hymenasplenium cataractarum","t0102144","Plantae","Polypodiopsida",NA,NA,"LC"
"Hymenasplenium filipes","t0102145","Plantae","Polypodiopsida",NA,NA,"LC"
"Hymenasplenium unilaterale","t0102146","Plantae","Polypodiopsida",NA,NA,"LC"
"Cyrtomium nervosum","t0102155","Plantae","Polypodiopsida",NA,NA,"DD"
"Dryopteris hendersoni","t0102157","Plantae","Polypodiopsida",NA,NA,"LC"
"Goniophlebium argutum","t0102170","Plantae","Polypodiopsida",NA,NA,"LC"
"Leptochilus pothifolius","t0102171","Plantae","Polypodiopsida",NA,NA,"LC"
"Pyrrosia adnascens","t0102177","Plantae","Polypodiopsida",NA,NA,"LC"
"Pyrrosia transmorrisonensis","t0102178","Plantae","Polypodiopsida",NA,NA,"DD"
"Cheilanthes mexicana","t0102187","Plantae","Polypodiopsida",NA,NA,"DD"
"Pteris cretica cretica","t0102192","Plantae","Polypodiopsida",NA,NA,"LC"
"Coryphopteris japonica","t0102196","Plantae","Polypodiopsida",NA,NA,"LC"
"Thelypteris omeiensis","t0102197","Plantae","Polypodiopsida",NA,NA,"LC"
"Peristrophe roxburghiana","t0102212","Plantae","Magnoliopsida",NA,NA,"LC"
"Achyranthes bidentata bidentata","t0102213","Plantae","Magnoliopsida",NA,NA,"LC"
"Tylophora lanyuensis","t0102217","Plantae","Magnoliopsida",NA,NA,"LC"
"Ilex taiwanensis","t0102218","Plantae","Magnoliopsida",NA,NA,"DD"
"Farfugium japonicum japonicum","t0102222","Plantae","Magnoliopsida",NA,NA,"NT"
"Parasenecio hwangshanica","t0102225","Plantae","Magnoliopsida",NA,NA,"VU"
"Cardamine scutata rotundiloba","t0102229","Plantae","Magnoliopsida",NA,NA,"LC"
"Stellaria alsine undulata","t0102240","Plantae","Magnoliopsida",NA,NA,"LC"
"Eleocharis congesta thermalis","t0102247","Plantae","Magnoliopsida",NA,NA,"VU"
"Daphniphyllum glaucescens oldhamii kengii","t0102248","Plantae","Magnoliopsida",NA,NA,"DD"
"Dolichos trilobus kosyunensis","t0102255","Plantae","Magnoliopsida",NA,NA,"VU"
"Vigna minima minima","t0102258","Plantae","Magnoliopsida",NA,NA,"LC"
"Lindera thunbergii","t0102270","Plantae","Magnoliopsida",NA,NA,"LC"
"Abutilon indicum indicum","t0102274","Plantae","Magnoliopsida",NA,NA,"LC"
"Paris polyphylla polyphylla","t0102275","Plantae","Magnoliopsida",NA,NA,"LC"
"Bredia hirsuta scandens","t0102276","Plantae","Magnoliopsida",NA,NA,"LC"
"Gastrodia confusoides confusoides","t0102284","Plantae","Magnoliopsida",NA,NA,"LC"
"Odontochilus drymoglossifolius","t0102290","Plantae","Magnoliopsida",NA,NA,"LC"
"Taeniophyllum aphyllum","t0102294","Plantae","Magnoliopsida",NA,NA,"LC"
"Zeuxine strateumatica rupicola","t0102295","Plantae","Magnoliopsida",NA,NA,"DD"
"Poa sphondylodes kelungensis","t0102303","Plantae","Magnoliopsida",NA,NA,"NT"
"Maesa perlaria perlaria","t0102307","Plantae","Magnoliopsida",NA,NA,"DD"
"Cimicifuga simplex","t0102308","Plantae","Magnoliopsida",NA,NA,"NT"
"Rosa luciae luciae","t0102310","Plantae","Magnoliopsida",NA,NA,"DD"
"Rubus pungens pungens","t0102311","Plantae","Magnoliopsida",NA,NA,"LC"
"Scleromitrion koanum","t0102312","Plantae","Magnoliopsida",NA,NA,"DD"
"Hedyotis tenelliflora","t0102313","Plantae","Magnoliopsida",NA,NA,"LC"
"Skimmia reevesiana","t0102315","Plantae","Magnoliopsida",NA,NA,"LC"
"Elatostema multicanaliculatum","t0102319","Plantae","Magnoliopsida",NA,NA,"CR"
"Tetrastigma dentatum","t0102324","Plantae","Magnoliopsida",NA,NA,"LC"
"Vernonia cinerea","t0102353","Plantae","Magnoliopsida",NA,NA,"LC"
"Lindsaea orbiculata orbiculata","t0102548","Plantae","Polypodiopsida",NA,NA,"LC"
"Tapeinidium pinnatum pinnatum","t0102549","Plantae","Polypodiopsida",NA,NA,"LC"
"Dryopteris enneaphylla enneaphylla","t0102550","Plantae","Polypodiopsida",NA,NA,"LC"
"Pronephrium triphyllum triphyllum","t0102551","Plantae","Polypodiopsida",NA,NA,"LC"
"Microlepia calvescens calvescens","t0102568","Plantae","Polypodiopsida",NA,NA,"LC"
"Aspidistra mushaensis","t0102658","Plantae","Magnoliopsida",NA,NA,"VU"
"Entada phaseoloides phaseoloides","t0102665","Plantae","Magnoliopsida",NA,NA,"LC"
"Diplazium agyokuense","t0102670","Plantae","Polypodiopsida",NA,NA,"DD"
"Glabrigrammitis subevenosa","t0102673","Plantae","Polypodiopsida",NA,NA,"EN"
"Wisteriopsis reticulata","t0103179","Plantae","Magnoliopsida",NA,NA,"LC"
"Asplenium boreale","t0103324","Plantae","Polypodiopsida",NA,NA,"VU"
"Crepidomanes humile","t0103333","Plantae","Polypodiopsida",NA,NA,"LC"
"Hylodesmum leptopus","t0103353","Plantae","Magnoliopsida",NA,NA,"LC"
"Lecanorchis nigricans","t0103359","Plantae","Magnoliopsida",NA,NA,"NT"
"Machilus japonica","t0103364","Plantae","Magnoliopsida",NA,NA,"LC"
"Polystichum subapiciflorum","t0103460","Plantae","Polypodiopsida",NA,NA,"LC"
"Polystichum subobliquum","t0103461","Plantae","Polypodiopsida",NA,NA,"VU"
"Equisetum ramosissimum debile","t0103465","Plantae","Polypodiopsida",NA,NA,"LC"
"Lindsaea orbiculata recedens","t0103466","Plantae","Polypodiopsida",NA,NA,"LC"
"Davallia vestita","t0103468","Plantae","Polypodiopsida",NA,NA,"DD"
"Lycopodium yueshanense","t0103470","Plantae","Lycopodiopsida",NA,NA,"DD"
"Selaginella tama-montana","t0103471","Plantae","Lycopodiopsida",NA,NA,"DD"
"Asplenium yoshinagae indicum","t0103474","Plantae","Polypodiopsida",NA,NA,"LC"
"Diplazium amamianum","t0103481","Plantae","Polypodiopsida",NA,NA,"LC"
"Davallia chrysanthemifolia","t0103485","Plantae","Polypodiopsida",NA,NA,"NT"
"Loxogramme confertifolia","t0103500","Plantae","Polypodiopsida",NA,NA,"DD"
"Selliguea okamotoi","t0103504","Plantae","Polypodiopsida",NA,NA,"DD"
"Tomophyllum subfalcatum","t0103505","Plantae","Polypodiopsida",NA,NA,"NT"
"Rottboellia cochinchinensis","t0103584","Plantae","Magnoliopsida",NA,NA,"LC"
"Actinidia callosa","t0103669","Plantae","Magnoliopsida",NA,NA,"LC"
"Adiantum roborowskii","t0103672","Plantae","Polypodiopsida",NA,NA,"VU"
"Stauntonia obovata angustata","t0103677","Plantae","Magnoliopsida",NA,NA,"LC"
"Goodyera similis similoides","t0104433","Plantae","Magnoliopsida",NA,NA,"LC"
"Callerya nitida nitida","t0105385","Plantae","Magnoliopsida",NA,NA,"VU"
"Rosa taiwanensis","t0105406","Plantae","Magnoliopsida",NA,NA,"LC"
"Asplenium normale boreale","t0105424","Plantae","Polypodiopsida",NA,NA,"LC"
"Tricyrtis lasiocarpa lasiocarpa","t0105443","Plantae","Magnoliopsida",NA,NA,"LC"
"Symplocos sonoharae sonoharae","t0105507","Plantae","Magnoliopsida",NA,NA,"LC"
"Symplocos congesta congesta","t0105512","Plantae","Magnoliopsida",NA,NA,"LC"
"Symplocos congesta theifolia","t0105513","Plantae","Magnoliopsida",NA,NA,"LC"
"Aucuba chinensis chinensis","t0105534","Plantae","Magnoliopsida",NA,NA,"LC"
"Symplocos formosana taiheizanensis","t0105538","Plantae","Magnoliopsida",NA,NA,"LC"
"Symplocos formosana formosana","t0105539","Plantae","Magnoliopsida",NA,NA,"LC"
"Evolvulus alsinoides alsinoides","t0105540","Plantae","Magnoliopsida",NA,NA,"LC"
"Huperzia serrata serrata","t0105573","Plantae","Lycopodiopsida",NA,NA,"DD"
"Camellia brevistyla brevistyla","t0105590","Plantae","Magnoliopsida",NA,NA,"LC"
"Equisetum ramosissimum ramosissimum","t0105591","Plantae","Polypodiopsida",NA,NA,"LC"
"Trigonotis formosana formosana","t0105593","Plantae","Magnoliopsida",NA,NA,"LC"
"Cyrtomium macrophyllum macrophyllum","t0105602","Plantae","Polypodiopsida",NA,NA,"EN"
"Dicranopteris linearis linearis","t0105603","Plantae","Polypodiopsida",NA,NA,"LC"
"Hetaeria oblongifolia","t0105691","Plantae","Magnoliopsida",NA,NA,"VU"
"Corybas taiwanensis","t0105692","Plantae","Magnoliopsida",NA,NA,"EN"
"Corybas shanlinshiensis hsinchui","t0105693","Plantae","Magnoliopsida",NA,NA,"EN"
"Liparis amabilis","t0105694","Plantae","Magnoliopsida",NA,NA,"CR"
"Indigofera spicata","t0105697","Plantae","Magnoliopsida",NA,NA,"LC"
"Mucuna macrocarpa macrocarpa","t0105985","Plantae","Magnoliopsida",NA,NA,"LC"
"Huperzia serrata","t0105986","Plantae","Lycopodiopsida",NA,NA,"DD"
"Mucuna macrocarpa oui","t0106111","Plantae","Magnoliopsida",NA,NA,"LC"
"Prunus transarisanensis transarisanensis","t0106244","Plantae","Magnoliopsida",NA,NA,"NT"
"Prunus transarisanensis taiheiensis","t0106245","Plantae","Magnoliopsida",NA,NA,"NT"
"Tectaria subtriphylla subtriphylla","t0106309","Plantae","Polypodiopsida",NA,NA,"LC"
"Quercus aliena aliena","t0106431","Plantae","Magnoliopsida",NA,NA,"CR"
"Quercus aliena acutiserrata","t0106432","Plantae","Magnoliopsida",NA,NA,"CR"
"Salvia formosana formosana","t0106433","Plantae","Magnoliopsida",NA,NA,"DD"
"Bambusa pachinensis pachinensis","t0106544","Plantae","Magnoliopsida",NA,NA,"LC"
"Achyranthes bidentata","t0106573","Plantae","Magnoliopsida",NA,NA,"LC"
"Dianthus pygmaeus pygmaeus","t0106577","Plantae","Magnoliopsida",NA,NA,"VU"
"Panicum curviflorum","t0106929","Plantae","Magnoliopsida",NA,NA,"CR"
"Zeuxine affinis","t0106973","Plantae","Magnoliopsida",NA,NA,"LC"
"Cirsium japonicum","t0124338","Plantae","Magnoliopsida",NA,NA,"LC"
