"taxonUUID","taxonRank","kingdom","simplifiedScientificName","current_redlistTW","suggested_redlistTW","source_process"
"5cc3c4f2-ed66-437c-89e4-1b3c84e70eb7","infraspecies","Animalia","Papilio paris nakaharai","LC","NLC","corrected_redlistTW"
"0a0c407d-db44-410d-8f0a-ee2fb166a9e4","species","Animalia","Oryzias sinensis","VU","NVU","corrected_redlistTW"
"535f2da4-f79b-477a-afde-7b4b10a066f3","species","Animalia","Awaous melanocephalus","LC","NLC","corrected_redlistTW"
"d17edf11-70a8-4e6d-b824-9fd0ccac7c14","species","Animalia","Awaous ocellaris","LC","NLC","corrected_redlistTW"
"082281a4-7912-45fb-aea2-bc6758b29854","species","Animalia","Glossogobius celebius","LC","NLC","corrected_redlistTW"
"65445927-de9d-4b76-ab6e-ccdcdd9b359f","species","Animalia","Lentipes armatus","NT","NNT","corrected_redlistTW"
"2b0471dc-f510-4d5a-94f9-2a8c8283b43d","species","Animalia","Mugilogobius abei","LC","NLC","corrected_redlistTW"
"0928b7b0-0981-4dad-bf5a-7f04cc6d658d","species","Animalia","Mugilogobius myxodermus","LC","NLC","corrected_redlistTW"
"e8dc17ab-9f4b-42b7-96b4-fc67946bafd9","species","Animalia","Oligolepis acutipennis","LC","NLC","corrected_redlistTW"
"fcf5fa13-a401-4de3-9c2e-6e340befb621","species","Animalia","Redigobius bikolanus","LC","NLC","corrected_redlistTW"
"f7eb6c2e-7ea5-4204-90ee-99508c419018","species","Animalia","Rhinogobius candidianus","LC","NLC","corrected_redlistTW"
"6aeb0d30-117c-4720-afc0-7bc81b16bae8","species","Animalia","Rhinogobius delicatus","EN","NEN","corrected_redlistTW"
"71defa39-4ee4-4cdd-8617-a6419aa43fb9","species","Animalia","Rhinogobius gigas","LC","NLC","corrected_redlistTW"
"a045cb04-1124-440d-b308-005ad7bd7ae4","species","Animalia","Rhinogobius similis","LC","NLC","corrected_redlistTW"
"6d47f686-a016-48f1-ba02-4f8a6f90db16","species","Animalia","Rhinogobius henchuenensis","EN","NEN","corrected_redlistTW"
"29a5affd-82db-4f27-8087-547953db793d","species","Animalia","Rhinogobius lanyuensis","EN","NEN","corrected_redlistTW"
"a0ca0985-738c-4205-ac96-e43cfd11e242","species","Animalia","Rhinogobius maculafasciatus","LC","NLC","corrected_redlistTW"
"4bc44e6a-586e-49ca-a385-e9dc9706d440","species","Animalia","Rhinogobius formosanus","NT","NNT","corrected_redlistTW"
"fc09b1ef-fbd5-471b-a559-30c7aba24cfb","species","Animalia","Rhinogobius nantaiensis","VU","NVU","corrected_redlistTW"
"e0c2be1b-1dc6-432e-8dec-ec565d8e2e9f","species","Animalia","Rhinogobius rubromaculatus","LC","NLC","corrected_redlistTW"
"2c8c790a-0a7b-49c8-aed9-92c05640b532","species","Animalia","Schismatogobius ampluvinculus","LC","NLC","corrected_redlistTW"
"bce2258d-c21b-4047-83f0-e04f50058cf3","species","Animalia","Sicyopterus japonicus","NT","NNT","corrected_redlistTW"
"a7fcbb43-f413-4cee-8b19-3eec14ac0254","species","Animalia","Sicyopterus lagocephalus","LC","NLC","corrected_redlistTW"
"73940790-4e24-47fe-90fd-ffb6e1671e45","species","Animalia","Sicyopus zosterophorus","VU","NVU","corrected_redlistTW"
"fa7fd8c3-d3b9-415a-92d4-9c546e98052d","species","Animalia","Smilosicyopus leprurus","EN","NEN","corrected_redlistTW"
"67c0f02c-933f-4fcc-ae34-37c238f22542","species","Animalia","Stenogobius genivittatus","LC","NLC","corrected_redlistTW"
"7e3b1536-54f9-44cf-86de-4151d5b848d6","species","Animalia","Stenogobius ophthalmoporus","LC","NLC","corrected_redlistTW"
"6963dff5-f1d5-43cd-bc1a-cbb608738986","species","Animalia","Stiphodon atropurpureus","LC","NLC","corrected_redlistTW"
"f69bd38c-ae74-4df2-be91-30546850eec0","species","Animalia","Stiphodon percnopterygionus","LC","NLC","corrected_redlistTW"
"77d9c859-a96c-4437-92f3-1007e759ae08","species","Animalia","Eleotris acanthopoma","LC","NLC","corrected_redlistTW"
"62a206dd-fd6d-4087-be77-ed7ddbe9117c","species","Animalia","Eleotris fusca","LC","NLC","corrected_redlistTW"
"68f8f081-d1ba-49a4-9883-d5bc44a4f828","species","Animalia","Channa asiatica","VU","NVU","corrected_redlistTW"
"5dbbd9ea-e8f7-48be-930d-cd5e2362c898","species","Animalia","Channa maculata","LC","NLC","corrected_redlistTW"
"85ed0f4f-a781-45b9-93ad-66969a5be55a","species","Animalia","Macropodus opercularis","NT","NNT","corrected_redlistTW"
"dacb6434-ead9-4222-8d01-ca35308e0554","species","Animalia","Rhyacichthys aspro","LC","NLC","corrected_redlistTW"
"dd398212-9f9a-43a7-a0ec-fa61921aa0fc","species","Animalia","Anabas testudineus","NT","NNT","corrected_redlistTW"
"b94e3fae-919e-46c2-90ae-ad34ea10633d","species","Animalia","Hippichthys heptagonus","LC","NLC","corrected_redlistTW"
"90198f08-4263-402d-81ec-4798f695b5ac","species","Animalia","Hippichthys spicifer","LC","NLC","corrected_redlistTW"
"70fdf1cc-4060-48a4-b086-b639d2b3cc9a","species","Animalia","Hippichthys penicillus","LC","NLC","corrected_redlistTW"
"126e4abb-00ba-41fa-91fa-c69be12b97e0","species","Animalia","Microphis leiaspis","LC","NLC","corrected_redlistTW"
"aa75e856-e46a-4615-8a14-e566109f8174","species","Animalia","Microphis manadensis","LC","NLC","corrected_redlistTW"
"0ab50891-d01d-4c41-ac4e-89746982eedb","species","Animalia","Microphis brachyurus","LC","NLC","corrected_redlistTW"
"4d741193-b2ac-49db-8caf-d0f9c192bbd4","species","Animalia","Acrossocheilus paradoxus","LC","NLC","corrected_redlistTW"
"bdfc69be-68b1-439c-90d0-be3c949d0a4c","species","Animalia","Aphyocypris kikuchii","EN","NEN","corrected_redlistTW"
"93251335-396a-46d5-b77d-684148c7e14f","species","Animalia","Aphyocypris amnis","CR","NCR","corrected_redlistTW"
"3e294710-6b83-4afb-adc2-b246b5c3cf95","species","Animalia","Candidia barbata","LC","NLC","corrected_redlistTW"
"6ae00dd7-d923-4347-be30-111c2c0e5341","species","Animalia","Candidia pingtungensis","EN","NEN","corrected_redlistTW"
"6be4c7ff-055c-44ba-8d4e-e5637a023530","species","Animalia","Carassius auratus","LC","NLC","corrected_redlistTW"
"9e40f8b8-55dc-464b-a1da-6ddf745e9bd9","species","Animalia","Chanodichthys erythropterus","LC","NLC","corrected_redlistTW"
"6bc30079-1e4d-4c47-a6ae-c992a9080494","species","Animalia","Culter alburnus","LC","NLC","corrected_redlistTW"
"707298c4-85fc-4a84-8257-2d02cd413c95","species","Animalia","Gobiobotia cheni","EN","NEN","corrected_redlistTW"
"5198724a-b8f1-4966-8e2d-9a337aefe904","species","Animalia","Gobiobotia intermedia","EN","NEN","corrected_redlistTW"
"0364a4dd-fcc8-4a7d-a1cd-cad590b76cbb","species","Animalia","Hemibarbus labeo","LC","NLC","corrected_redlistTW"
"7f0feab0-4c08-4828-bc7c-edcfed943bc2","species","Animalia","Hemiculter leucisculus","LC","NLC","corrected_redlistTW"
"e49be715-553a-4e2c-844e-48337d474042","species","Animalia","Metzia formosae","EN","NEN","corrected_redlistTW"
"8364ec1e-f5a0-44bb-8a50-40d7b548fb52","species","Animalia","Metzia mesembrinum","VU","NVU","corrected_redlistTW"
"2a45aad3-b14b-4138-864e-dd1a9e3db3cc","species","Animalia","Microphysogobio alticorpus","VU","NVU","corrected_redlistTW"
"3e1bd674-c707-46c5-9f03-41f85c41f249","species","Animalia","Microphysogobio brevirostris","VU","NVU","corrected_redlistTW"
"51576a14-8ee7-4b82-a0bf-5036a8906566","species","Animalia","Onychostoma alticorpus","NT","NNT","corrected_redlistTW"
"ff8ef66a-3a83-462d-b6e2-aff7060bc008","species","Animalia","Opsariichthys pachycephalus","LC","NLC","corrected_redlistTW"
"76dba766-cdf4-4fe4-ae98-f142e81d17a9","species","Animalia","Opsariichthys evolans","LC","NLC","corrected_redlistTW"
"bff10cdb-c00b-4f4c-a0af-3f435cd114a6","species","Animalia","Opsariichthys kaopingensis","EN","NEN","corrected_redlistTW"
"ba1431a7-f754-4687-88fc-cbae0450977d","species","Animalia","Pararasbora moltrechti","EN","NEN","corrected_redlistTW"
"f7cf30a7-ab44-495c-9f51-633334bda364","species","Animalia","Pseudorasbora parva","NT","NNT","corrected_redlistTW"
"d11b18eb-ae8f-460b-985b-ac9042602183","species","Animalia","Puntius semifasciolatus","NT","NNT","corrected_redlistTW"
"21f9db13-69e9-44be-8486-a3f3cf4f53f6","species","Animalia","Puntius snyderi","NT","NNT","corrected_redlistTW"
"39675fc8-4221-4047-ac62-b93e9adf9bba","species","Animalia","Sinibrama macrops","NT","NNT","corrected_redlistTW"
"99b2cfe1-fee9-4f2e-b019-427c390b2b70","species","Animalia","Spinibarbus hollandi","LC","NLC","corrected_redlistTW"
"8ff1a9aa-7d0e-42dc-905e-feccb6a69c33","species","Animalia","Squalidus iijimae","CR","NCR","corrected_redlistTW"
"96674ae7-a4d8-4688-a0bf-3e15d0fd2191","species","Animalia","Squalidus banarescui","EN","NEN","corrected_redlistTW"
"a3d77668-4348-44f7-9443-abfb6a4eed7d","species","Animalia","Cyprinus carpio","LC","NLC","corrected_redlistTW"
"1179f87b-f544-4f13-af59-177af97205b2","species","Animalia","Paratanakia himantegus","NT","NNT","corrected_redlistTW"
"a7a666cc-45ea-49bb-b9a9-00b404cd125d","species","Animalia","Rhodeus ocellatus","LC","NLC","corrected_redlistTW"
"bed58f9e-a071-4cfb-ad33-149ba91b386a","species","Animalia","Cobitis sinensis","VU","NVU","corrected_redlistTW"
"9cd32513-8776-4b11-ae0e-548154059714","species","Animalia","Misgurnus anguillicaudatus","LC","NLC","corrected_redlistTW"
"719b88f2-ff73-40b1-ae2a-49eaf82c3759","species","Animalia","Paramisgurnus dabryanus","LC","NLC","corrected_redlistTW"
"6bbe09aa-56bd-40d8-aa77-03aac0b2efed","species","Animalia","Formosania lacustre","NT","NNT","corrected_redlistTW"
"cea2ea72-bfa4-4718-be05-445fb6ce349b","species","Animalia","Hemimyzon formosanus","NT","NNT","corrected_redlistTW"
"bc1b317b-7389-4426-b00e-dc22a7667e2f","species","Animalia","Hemimyzon taitungensis","EN","NEN","corrected_redlistTW"
"a0ab15f4-6c18-4b96-91ba-8319b7894ef3","species","Animalia","Sinogastromyzon puliensis","EN","NEN","corrected_redlistTW"
"0c061ec6-8b80-4fed-b612-0d14da2bdee1","species","Animalia","Sinogastromyzon nantaiensis","NT","NNT","corrected_redlistTW"
"29385ab4-54b3-4ca8-a5d9-07e0d8d4da05","species","Animalia","Gymnothorax polyuranodon","LC","NLC","corrected_redlistTW"
"3ccac959-aa94-4269-8440-ab537cb61ce4","species","Animalia","Anguilla japonica","EN","NEN","corrected_redlistTW"
"9580023d-6c11-42a2-a03e-4513d983cae3","species","Animalia","Anguilla marmorata","LC","NLC","corrected_redlistTW"
"1c250d99-5cd3-48ec-aa5e-3c29bce28430","species","Animalia","Anguilla bicolor","VU","NVU","corrected_redlistTW"
"d76ab051-1d91-4287-8b8e-2bc5a10e6648","species","Animalia","Clarias fuscus","NT","NNT","corrected_redlistTW"
"895740ab-889c-498d-9e7e-61a09f69635a","species","Animalia","Liobagrus formosanus","EN","NEN","corrected_redlistTW"
"fa5000e5-2ad6-4315-9d5a-0f3b004749c0","species","Animalia","Silurus asotus","LC","NLC","corrected_redlistTW"
"0df8aedc-80ea-41e6-b916-a30a509aae5e","species","Animalia","Tachysurus adiposalis","EN","NEN","corrected_redlistTW"
"47209c5b-48df-4c34-a6c7-44dc39ebc210","species","Animalia","Tachysurus brevianalis","VU","NVU","corrected_redlistTW"
"eec79ade-5027-4d51-b5d4-b9b07d397c86","species","Animalia","Monopterus albus","LC","NLC","corrected_redlistTW"
"41685903-0c6d-4ced-8d3f-5690d5358d26","species","Animalia","Oncorhynchus masou","NT","NNT","corrected_redlistTW"
"86411be4-c1f1-43b5-8750-fcdd950eed87","infraspecies","Animalia","Oncorhynchus masou formosanus","NT","NNT","corrected_redlistTW"
"9948f41b-fc69-4e6f-849e-e8c2dacd825f","species","Animalia","Carpodacus formosanus","VU","NVU","corrected_redlistTW"
"5e3f9bb9-88a8-4668-9d7d-b111e113add9","species","Animalia","Fringilla montifringilla","LC","NLC","corrected_redlistTW"
"b75d0ff4-3b92-4cca-b5e3-1a96a6c0a28e","species","Animalia","Spinus spinus","LC","NLC","corrected_redlistTW"
"0a1e54c3-4c8e-4f33-8ad6-0f54b19af37d","species","Animalia","Eophona migratoria","LC","NLC","corrected_redlistTW"
"a077c0bf-a835-4a9c-97a9-db1cc2553037","species","Animalia","Pyrrhula owstoni","EN","NEN","corrected_redlistTW"
"74532249-a7c4-4f72-9444-5f14a6243010","species","Animalia","Pyrrhula nipalensis","LC","NLC","corrected_redlistTW"
"517b4acd-8951-426b-a81b-e8cedf0d37c0","species","Animalia","Chloris sinica","LC","NLC","corrected_redlistTW"
"233a25cd-bac6-4bb2-94bb-a4b4c173c218","species","Animalia","Acridotheres javanicus","NA",NA,"corrected_redlistTW"
"56db805c-faf5-417c-8d04-ae8f442ca622","species","Animalia","Acridotheres cristatellus","LC","NNT","corrected_redlistTW"
"05bf28a2-7480-4340-a0eb-19119b9538df","species","Animalia","Agropsar philippensis","LC","NLC","corrected_redlistTW"
"1c50ca3b-a032-48a4-9d13-91bcd810a98a","species","Animalia","Gracupica nigricollis","LC","NLC","corrected_redlistTW"
"4a3ea8cd-a5af-41f2-b79f-9cab6186673c","species","Animalia","Spodiopsar sericeus","LC","NLC","corrected_redlistTW"
"667eca44-74e7-4e76-88c0-17b6ae7df7a1","species","Animalia","Spodiopsar cineraceus","LC","NLC","corrected_redlistTW"
"6a500e9a-587c-4707-aae0-efe893deea9d","species","Animalia","Sturnia sinensis","LC","NLC","corrected_redlistTW"
"5f4a5de8-704b-4fa1-9afb-836c0c5aafdb","species","Animalia","Acrocephalus bistrigiceps","LC","NLC","corrected_redlistTW"
"5c6e0465-66ef-4dfc-bfca-0878be75119b","species","Animalia","Acrocephalus orientalis","LC","NLC","corrected_redlistTW"
"5dbb2b00-a638-4838-bb08-6e884152302b","species","Animalia","Acrocephalus sorghophilus","NA",NA,"corrected_redlistTW"
"b6dc0713-111d-4b39-b283-f330282f5341","species","Animalia","Acrocephalus tangorum","NA",NA,"corrected_redlistTW"
"a28f4753-860e-4e48-a23c-7510f9e29bff","species","Animalia","Actinodura morrisoniana","LC","NLC","corrected_redlistTW"
"f242d6c5-6197-4025-af81-78ea801ea36c","species","Animalia","Alcippe morrisonia","NT","NNT","corrected_redlistTW"
"f75d0c53-2b2c-4a20-aa79-d03c5f8a9fd3","species","Animalia","Garrulax taewanus","EN","NEN","corrected_redlistTW"
"0b16d184-e6e6-4fcf-a1f5-2ddbd8ca43bd","species","Animalia","Garrulax canorus","LC","NLC","corrected_redlistTW"
"84e5026b-061f-467f-8e4e-a38e7fb29026","species","Animalia","Heterophasia auricularis","LC","NLC","corrected_redlistTW"
"3a87a4f1-eefd-4105-b95b-b9006b24ccdd","species","Animalia","Pterorhinus ruficeps","LC","NLC","corrected_redlistTW"
"a2882575-aa64-40f6-8988-2bd95dafd495","species","Animalia","Pterorhinus poecilorhynchus","LC","NLC","corrected_redlistTW"
"b3ebff46-3b98-4252-aaaf-5bb401ab46cd","species","Animalia","Liocichla steerii","LC","NLC","corrected_redlistTW"
"8b4b1b08-5329-4d14-ba12-c60fed02e413","species","Animalia","Trochalopteron morrisonianum","NT","NNT","corrected_redlistTW"
"fccb856c-dc75-4e5f-9aaf-fa228ae855ad","species","Animalia","Alauda gulgula","VU","NVU","corrected_redlistTW"
"d0f4dcb2-c75e-4f56-aeee-4c1b8f42f583","species","Animalia","Anthus cervinus","NT","NNT","corrected_redlistTW"
"8a142107-0039-452f-870b-7eddc80f7ecd","species","Animalia","Anthus gustavi","LC","NLC","corrected_redlistTW"
"3fb5dd80-4ece-4e8f-aa61-00fc1db3118a","species","Animalia","Anthus hodgsoni","LC","NLC","corrected_redlistTW"
"f29c1289-d598-4041-b8c4-9ba3426d8e6e","species","Animalia","Anthus richardi","LC","NLC","corrected_redlistTW"
"2c47464f-c529-4cef-8fc0-630785635851","species","Animalia","Anthus rubescens","LC","NLC","corrected_redlistTW"
"5bace0cc-a25c-4467-ae55-a22cfc20f556","species","Animalia","Motacilla alba","LC","NLC","corrected_redlistTW"
"b6e3f90d-a570-4bfe-bf44-ffec10490666","species","Animalia","Motacilla cinerea","LC","NLC","corrected_redlistTW"
"0ff353f5-b569-4463-b185-841e5f4985ab","species","Animalia","Motacilla tschutschensis","LC","NLC","corrected_redlistTW"
"be2248e3-4083-4435-9b12-d95dce563bbc","species","Animalia","Copsychus saularis","LC","NLC","corrected_redlistTW"
"ceda3010-eba6-46f7-a24e-f3a717f3b324","species","Animalia","Cyanoptila cyanomelana","LC","NLC","corrected_redlistTW"
"387954d8-7500-4162-b38f-e02683ae1186","species","Animalia","Cyornis brunneatus","NA",NA,"corrected_redlistTW"
"5955a855-20f1-48f3-8b4a-b96927955746","species","Animalia","Ficedula mugimaki","LC","NLC","corrected_redlistTW"
"c99936bc-aa79-4d78-bae8-06e172685a36","species","Animalia","Ficedula hyperythra","LC","NLC","corrected_redlistTW"
"a9accdfa-ed43-44ab-aa2c-125fdfce8129","species","Animalia","Ficedula narcissina","LC","NLC","corrected_redlistTW"
"f9dcdacf-4078-4506-a59a-ecaa53eb27f6","species","Animalia","Monticola solitarius","NT","NNT","corrected_redlistTW"
"c42ead69-5725-4bbb-b3db-22810ec74dd4","species","Animalia","Muscicapa ferruginea","LC","NLC","corrected_redlistTW"
"d5822c3f-14f5-4c3e-99e5-5a11388ff6f0","species","Animalia","Muscicapa griseisticta","LC","NLC","corrected_redlistTW"
"b07f72e3-ecb2-464c-92e9-b1f642e920be","species","Animalia","Muscicapa dauurica","LC","NLC","corrected_redlistTW"
"6d62854a-b69a-4629-9cce-3221a2df4189","species","Animalia","Myophonus insularis","LC","NLC","corrected_redlistTW"
"53b0fc82-2b10-4899-b0e8-e7b1f230ca9c","species","Animalia","Myophonus caeruleus","LC","NLC","corrected_redlistTW"
"61a4f693-98bf-428f-847d-2ed004f7cbaf","species","Animalia","Niltava vivida","LC","NLC","corrected_redlistTW"
"8fba2500-e64d-4aae-b88e-202070b2659a","species","Animalia","Phoenicurus auroreus","LC","NLC","corrected_redlistTW"
"105e0a46-e9b2-4e6b-802b-df6b8504ec20","species","Animalia","Phoenicurus fuliginosus","VU","NVU","corrected_redlistTW"
"2a938a10-e730-444a-93c2-93c753907c31","species","Animalia","Tarsiger johnstoniae","LC","NLC","corrected_redlistTW"
"4cf10880-fae5-44b5-9b7a-41b21c036b2d","species","Animalia","Tarsiger cyanurus","LC","NLC","corrected_redlistTW"
"f090cb1d-e3e0-476c-a170-d4d907510118","species","Animalia","Tarsiger formosanus","LC","NLC","corrected_redlistTW"
"6c677c38-fb59-4e41-8e6c-711376abd069","species","Animalia","Brachypteryx goodfellowi","LC","NLC","corrected_redlistTW"
"21d6cd16-33b4-4945-ad0e-054786b3a247","species","Animalia","Calliope calliope","LC","NLC","corrected_redlistTW"
"632ade5b-3cef-48aa-b28b-0676ba7e6c84","species","Animalia","Myiomela leucura","LC","NLC","corrected_redlistTW"
"dede6677-498b-4ecf-9cfd-7098ff3207b1","species","Animalia","Enicurus scouleri","VU","NVU","corrected_redlistTW"
"4243b89c-0530-4783-86d7-ac65216049b7","species","Animalia","Corvus pectoralis","VU","NVU","corrected_redlistTW"
"58da5c37-bbd7-4b35-a555-ff8d43831b46","species","Animalia","Corvus macrorhynchos","LC","NLC","corrected_redlistTW"
"70840ef4-f982-4e5f-8691-2f7f961831e1","species","Animalia","Urocissa caerulea","LC","NLC","corrected_redlistTW"
"5ae0d2ed-bb18-43cb-8690-e2449c88ff29","species","Animalia","Dendrocitta formosae","LC","NLC","corrected_redlistTW"
"909afff8-1ee7-4a4b-a677-f656a496763e","species","Animalia","Garrulus glandarius","LC","NLC","corrected_redlistTW"
"8546da56-2ea1-4487-9c38-12b58f4ca5e1","species","Animalia","Nucifraga caryocatactes","LC","NLC","corrected_redlistTW"
"212af887-0f7b-478e-8e22-d9fdb9759027","species","Animalia","Pica serica","LC","NLC","corrected_redlistTW"
"f1889c9f-b49e-46f6-8f76-c4106bafff3e","species","Animalia","Dicrurus aeneus","LC","NLC","corrected_redlistTW"
"5ea8cf62-7b62-4ca3-81e2-585b85687da8","species","Animalia","Dicrurus macrocercus","LC","NLC","corrected_redlistTW"
"36e2f9ae-a89b-4c5c-95b1-45066aafa66c","species","Animalia","Emberiza chrysophrys","LC","NLC","corrected_redlistTW"
"9f0aa737-cc00-4171-b4b3-d863fb5e9a79","species","Animalia","Emberiza pusilla","LC","NLC","corrected_redlistTW"
"c04eb7ce-0b9b-4dfd-9e7d-74c5df6d7067","species","Animalia","Emberiza rustica","NA",NA,"corrected_redlistTW"
"0bfdb651-2ec1-4dda-90ae-e0875f85bf4d","species","Animalia","Emberiza rutila","LC","NLC","corrected_redlistTW"
"dad684c8-b931-460c-9807-49d6eacae8d8","species","Animalia","Emberiza tristrami","LC","NLC","corrected_redlistTW"
"7d6d0434-7ed4-48d3-92bb-21dc1e5cb97c","species","Animalia","Emberiza sulphurata","NT","NNT","corrected_redlistTW"
"1a8b7d76-debb-4ed3-abf1-5c5125b6025f","species","Animalia","Emberiza aureola","EN","NEN","corrected_redlistTW"
"ff1afc87-f949-41e0-94dc-5c88e61e7afb","species","Animalia","Emberiza elegans","LC","NLC","corrected_redlistTW"
"e44547ec-8d5c-4862-a67e-bd4e8c6dd679","species","Animalia","Emberiza spodocephala","LC","NLC","corrected_redlistTW"
"f3d89a59-01a5-4c8a-bff2-12d103301bc8","species","Animalia","Lonchura atricapilla","VU","NVU","corrected_redlistTW"
"e37fd4e8-49de-4516-a446-c5782535d5d1","species","Animalia","Lonchura punctulata","LC","NLC","corrected_redlistTW"
"63cad33a-13d4-495e-953c-ef72db7f31f8","species","Animalia","Lonchura striata","LC","NLC","corrected_redlistTW"
"2e269b3e-f070-43fd-b118-42667e65ae98","species","Animalia","Fulvetta formosana","LC","NLC","corrected_redlistTW"
"fda73faa-192f-4ec4-a2ad-4b33d1d6ce89","species","Animalia","Sinosuthora webbiana","EN","NEN","corrected_redlistTW"
"c8f5fd1d-fc95-4fcb-80b3-90e79fefcc30","species","Animalia","Suthora verreauxi","LC","NLC","corrected_redlistTW"
"66feb8dc-d8f8-4a0f-8a5f-c32dceca9fbb","species","Animalia","Turdus cardis","LC","NLC","corrected_redlistTW"
"16427c88-3c38-4cf4-b5a1-9a91118403e2","species","Animalia","Turdus hortulorum","LC","NLC","corrected_redlistTW"
"9e684979-4523-4b90-afb2-cb8b95999f30","species","Animalia","Turdus naumanni","LC","NLC","corrected_redlistTW"
"eec219d0-c97c-43b3-9c43-c2fe82c56558","species","Animalia","Turdus obscurus","LC","NLC","corrected_redlistTW"
"89414484-ff6f-4b1c-8461-a9ebe418e43d","species","Animalia","Turdus pallidus","LC","NLC","corrected_redlistTW"
"ac319ead-a32b-4d57-91e9-410aee067fb2","species","Animalia","Turdus eunomus","LC","NLC","corrected_redlistTW"
"a6181f59-714c-4c50-af2a-a61476ba8683","species","Animalia","Turdus chrysolaus","LC","NLC","corrected_redlistTW"
"0e0142de-1e0e-4816-8868-ec09351b13b9","species","Animalia","Turdus mandarinus","LC","NLC","corrected_redlistTW"
"3f6ddcee-31b4-4af1-bd9b-01dc6b171118","species","Animalia","Turdus niveiceps","NT","NNT","corrected_redlistTW"
"c14a3ac4-7eb3-48ff-8d2d-88f9fe92bcdc","species","Animalia","Zoothera aurea","LC","NLC","corrected_redlistTW"
"ae175f6f-a161-472c-95b3-0544ff4eadbd","species","Animalia","Zoothera dauma","LC","NLC","corrected_redlistTW"
"c0ad64b2-44a3-41ff-8214-b3c63cd0c488","species","Animalia","Horornis canturians","LC","NLC","corrected_redlistTW"
"aa95294c-8756-44f0-9c29-af3775cc3998","species","Animalia","Horornis acanthizoides","NT","NNT","corrected_redlistTW"
"620f153d-1608-4211-bbba-71705e8d1d69","species","Animalia","Horornis diphone","LC","NLC","corrected_redlistTW"
"4c5e5294-a2ce-43a1-b3c3-0ed9d05c7c8a","species","Animalia","Horornis fortipes","LC","NLC","corrected_redlistTW"
"0a68f386-69cf-4070-9e24-a0601ca82432","species","Animalia","Urosphena squameiceps","LC","NLC","corrected_redlistTW"
"87ee4326-4385-4867-9023-30fd6fd73d09","species","Animalia","Abroscopus albogularis","LC","NLC","corrected_redlistTW"
"2c82c5bb-a836-4688-8ff4-faa7a1dfa887","species","Animalia","Lalage melaschistos","LC","NLC","corrected_redlistTW"
"ad17be53-09bf-4f9b-a037-9d3816cf97a5","species","Animalia","Pericrocotus divaricatus","LC","NLC","corrected_redlistTW"
"59f07053-6baf-4e5b-8080-158d9a8bb7ec","species","Animalia","Pericrocotus solaris","LC","NLC","corrected_redlistTW"
"a0f13f22-2ae9-4d61-aede-8b6862fcf869","species","Animalia","Coracina macei","VU","NVU","corrected_redlistTW"
"ff20ba0f-22a5-448f-b6ff-134434b50c84","species","Animalia","Lanius cristatus","LC","NLC","corrected_redlistTW"
"aaa14dcf-9cee-449b-890b-1e39a1f6371f","species","Animalia","Lanius schach","VU","NVU","corrected_redlistTW"
"6522d339-ae75-4202-8bfa-a09b94dcd662","species","Animalia","Helopsaltes pleskei","NA",NA,"corrected_redlistTW"
"afff8ca8-60e5-408f-b56b-18913d053c3a","species","Animalia","Locustella alishanensis","LC","NLC","corrected_redlistTW"
"43b353db-13b1-4f14-b6a8-005a29be1789","species","Animalia","Helopsaltes ochotensis","LC","NLC","corrected_redlistTW"
"ccab507a-b6e1-4063-9252-9c9318aaf524","species","Animalia","Machlolophus holsti","NT","NNT","corrected_redlistTW"
"6da20db4-9529-42c7-991d-b67f8e37a6be","species","Animalia","Periparus ater","LC","NLC","corrected_redlistTW"
"b64554fc-0c0a-4ade-9e0d-5eb3cd84b0e7","species","Animalia","Sittiparus castaneoventris","LC","NLC","corrected_redlistTW"
"45fa8681-3a7e-4a66-841b-7cf9da482b9e","species","Animalia","Parus monticolus","LC","NLC","corrected_redlistTW"
"9512dbd6-83cb-414b-bcbf-319985c711ff","species","Animalia","Erythrogenys erythrocnemis","LC","NLC","corrected_redlistTW"
"437ca8c4-d8cc-4885-8bd2-f24197c73f75","species","Animalia","Pomatorhinus musicus","LC","NLC","corrected_redlistTW"
"15b4ed51-c2a7-420b-8091-5fd6afe7152c","species","Animalia","Cyanoderma ruficeps","LC","NLC","corrected_redlistTW"
"dde604d2-29fc-49b8-889e-6880dc4d7a11","species","Animalia","Phylloscopus inornatus","LC","NLC","corrected_redlistTW"
"100a5f31-51f5-4c3b-a9c3-91c85bbe3849","species","Animalia","Phylloscopus ijimae","VU","NVU","corrected_redlistTW"
"937522c1-d03c-42cd-b7bc-4f556dfe603c","species","Animalia","Phylloscopus borealis","LC","NLC","corrected_redlistTW"
"b51b255c-a4f5-4a32-868b-b10747379514","species","Animalia","Phylloscopus fuscatus","LC","NLC","corrected_redlistTW"
"26c84d6e-66bc-4928-842d-86774c26b317","species","Animalia","Pitta nympha","VU","NVU","corrected_redlistTW"
"2adcab4f-c578-4159-8bd6-8ebdb9a09dfd","species","Animalia","Pnoepyga formosana","LC","NLC","corrected_redlistTW"
"8d00d5b2-2fb7-49de-b53c-e7f0209ecbaf","species","Animalia","Prunella collaris","VU","NVU","corrected_redlistTW"
"0f4a4cbf-de63-43e0-bcaa-381c161c63e6","species","Animalia","Pycnonotus taivanus","NT","NNT","corrected_redlistTW"
"d295851a-af43-4deb-888a-34c6be7ab51a","species","Animalia","Pycnonotus sinensis","LC","NLC","corrected_redlistTW"
"252fa1e9-228b-4c20-a4bd-ad2cc8666677","species","Animalia","Hypsipetes amaurotis","LC","NLC","corrected_redlistTW"
"04b143fe-f019-450e-9abf-f2bf33b1fcd1","species","Animalia","Hypsipetes leucocephalus","LC","NLC","corrected_redlistTW"
"e34cec2f-4e6d-4cd8-8ad4-4a326e6fd453","species","Animalia","Spizixos semitorques","LC","NLC","corrected_redlistTW"
"fc9b6509-2981-4915-b09b-7d289bb4622b","species","Animalia","Regulus goodfellowi","LC","NLC","corrected_redlistTW"
"1d45a016-63a3-41f3-a28c-6aab93101365","species","Animalia","Terpsiphone incei","LC","NLC","corrected_redlistTW"
"4fe88bf7-7e84-4d82-bc5a-806cbcaff6e3","species","Animalia","Terpsiphone atrocaudata","NT","NNT","corrected_redlistTW"
"b7068dec-b3e0-4043-a776-3f2b35e7efa5","species","Animalia","Hypothymis azurea","LC","NLC","corrected_redlistTW"
"2dc77ddb-7020-4701-b24f-7c548ca059c4","species","Animalia","Yuhina brunneiceps","LC","NLC","corrected_redlistTW"
"8b5005a9-c1a9-4195-ad7c-4bf6215b8be2","species","Animalia","Zosterops japonicus","NT","NNT","corrected_redlistTW"
"34bf1c7c-6f51-4ff5-a4f7-b02af924a8c9","species","Animalia","Zosterops meyeni","LC","NLC","corrected_redlistTW"
"a676bcfe-195c-4983-a08a-d9259d197b9e","species","Animalia","Aegithalos concinnus","LC","NLC","corrected_redlistTW"
"3acac136-4af6-413c-a67b-839daf8c80e6","species","Animalia","Cecropis striolata","LC","NLC","corrected_redlistTW"
"b571c798-4f62-4a80-aa8c-51d74351aa41","species","Animalia","Delichon dasypus","LC","NLC","corrected_redlistTW"
"fb1ab992-6465-47c7-838a-02a739097d6f","species","Animalia","Hirundo rustica","LC","NLC","corrected_redlistTW"
"3d088f56-0d6f-4d18-a4ef-2116849712a7","species","Animalia","Hirundo tahitica","NT","NNT","corrected_redlistTW"
"c226379a-abdb-440b-afc8-98260117bc11","species","Animalia","Riparia chinensis","LC","NLC","corrected_redlistTW"
"047d0058-af6a-47a0-ab61-db86e0917fe2","species","Animalia","Cinclus pallasii","LC","NLC","corrected_redlistTW"
"9645a437-add6-42a2-b214-dfcfdab059c7","species","Animalia","Cisticola exilis","LC","NLC","corrected_redlistTW"
"87ea6161-4369-4527-9cf0-8a1ad9f22a66","species","Animalia","Cisticola juncidis","LC","NLC","corrected_redlistTW"
"41c093df-67c9-4b2f-8285-e1564b04bc90","species","Animalia","Prinia striata","LC","NLC","corrected_redlistTW"
"67c95c1b-08e6-4d61-b736-2e951ca55bca","species","Animalia","Prinia flaviventris","LC","NLC","corrected_redlistTW"
"5303e743-9323-4f04-b0e2-7f7ab0c011b5","species","Animalia","Prinia inornata","LC","NLC","corrected_redlistTW"
"4c617c5d-f9d2-4379-9c7d-cff75dd0ff42","species","Animalia","Dicaeum ignipectus","LC","NLC","corrected_redlistTW"
"eb5710dc-e15a-449e-a3eb-3375907b0573","species","Animalia","Dicaeum minullum","LC","NLC","corrected_redlistTW"
"336c26b9-c6a2-4510-bb06-c761316577d2","species","Animalia","Erpornis zantholeuca","LC","NLC","corrected_redlistTW"
"da97cd9a-686f-4f3b-94a9-1623ab914351","species","Animalia","Oriolus chinensis","VU","NVU","corrected_redlistTW"
"c6e1b358-4b60-4303-9e60-93d3076d76fb","species","Animalia","Oriolus traillii","LC","NLC","corrected_redlistTW"
"b31b71bc-2539-44b1-8962-7cf7804ff182","species","Animalia","Passer montanus","NT","NNT","corrected_redlistTW"
"50cdf9b2-217c-44e3-94a0-755d0810ffc3","species","Animalia","Passer cinnamomeus","EN","NEN","corrected_redlistTW"
"56698281-20ba-42bb-a7ba-0f1599fd75c7","species","Animalia","Schoeniparus brunneus","NT","NNT","corrected_redlistTW"
"d73cb232-2838-41a8-ab09-8c917ab02db2","species","Animalia","Sitta europaea","NT","NNT","corrected_redlistTW"
"72d9aa41-68df-46f7-8eaf-69cb168781e3","species","Animalia","Troglodytes troglodytes","LC","NLC","corrected_redlistTW"
"361a3560-d085-4fd2-b6f6-521f4c8049a5","species","Animalia","Accipiter soloensis","LC","NLC","corrected_redlistTW"
"41ce80a3-d156-4a32-8d50-cbd9938eb8cb","species","Animalia","Accipiter gularis","LC","NLC","corrected_redlistTW"
"c3d7eb24-c683-40c1-a077-93141d28ae33","species","Animalia","Accipiter trivirgatus","LC","NLC","corrected_redlistTW"
"828253a2-1f00-401b-b5c9-f3a37791600a","species","Animalia","Accipiter virgatus","LC","NLC","corrected_redlistTW"
"08dd93ce-8d46-44a9-92ba-8f4a5aec3cf1","species","Animalia","Aquila heliaca","NA",NA,"corrected_redlistTW"
"dff00aa5-f437-45cb-aefb-14ce0ecb9a75","species","Animalia","Butastur indicus","LC","NLC","corrected_redlistTW"
"27fbbbb9-e533-4c9b-a9a1-1e7dedf64715","species","Animalia","Buteo japonicus","LC","NLC","corrected_redlistTW"
"3fae360a-23ea-45ef-827a-4c7af654fe69","species","Animalia","Clanga clanga","NA",NA,"corrected_redlistTW"
"ad5b2b40-aad1-43d5-8963-708d73adc98a","species","Animalia","Elanus caeruleus","LC","NLC","corrected_redlistTW"
"b2350fcd-44ae-4faf-9777-0e08342613fc","species","Animalia","Ictinaetus malaiensis","NT","NNT","corrected_redlistTW"
"3343e3a4-9f28-4f12-81c3-44853ece0b9c","species","Animalia","Milvus migrans","VU","NVU","corrected_redlistTW"
"9401a1ca-328b-4645-8c6b-3578cfd7c1b8","species","Animalia","Nisaetus nipalensis","VU","NVU","corrected_redlistTW"
"19b1cc22-5e72-4376-b878-eeea24879682","species","Animalia","Pernis ptilorhynchus","LC","NLC","corrected_redlistTW"
"280c0c12-eb54-4c01-a10e-b7232b58de16","species","Animalia","Spilornis cheela","LC","NLC","corrected_redlistTW"
"82702ec4-1655-4f43-83b8-cca275dad7d8","species","Animalia","Pandion haliaetus","LC","NLC","corrected_redlistTW"
"92b71078-5bfd-45eb-9145-8a7a54a2c515","species","Animalia","Actitis hypoleucos","LC","NLC","corrected_redlistTW"
"aa3a11ed-f656-49b4-be79-7c005ba8ba23","species","Animalia","Calidris acuminata","NT","NNT","corrected_redlistTW"
"443cf8e3-03e0-4af5-8b68-491e79b7d5b2","species","Animalia","Calidris ferruginea","NT","NNT","corrected_redlistTW"
"d6d34aa8-6583-4f69-832b-153ef87b9058","species","Animalia","Calidris ruficollis","LC","NLC","corrected_redlistTW"
"fc51e2f2-9da1-4fae-b1d1-557839b57da2","species","Animalia","Calidris subminuta","LC","NLC","corrected_redlistTW"
"8f2d01e3-4ecc-425b-8afb-fbc9daf982d2","species","Animalia","Calidris temminckii","NT","NNT","corrected_redlistTW"
"24b2424d-112c-4e12-8ee4-62d827a64693","species","Animalia","Calidris tenuirostris","EN","NEN","corrected_redlistTW"
"18a01f7a-54bc-4a9e-bcb4-1ced9de8eb9d","species","Animalia","Calidris pygmaea","CR","NCR","corrected_redlistTW"
"1c244404-e312-42fe-8dd5-3e6679257312","species","Animalia","Calidris alba","NT","NNT","corrected_redlistTW"
"e882d691-d35b-4496-864a-c4aaf861d498","species","Animalia","Calidris alpina","LC","NLC","corrected_redlistTW"
"c4807bca-e6c0-4dfa-9ae3-3b3050e85a0d","species","Animalia","Calidris canutus","VU","NVU","corrected_redlistTW"
"aba0fe4b-f48c-40e9-9b85-a1c996384a95","species","Animalia","Calidris falcinellus","LC","NLC","corrected_redlistTW"
"844ae2a3-9d36-4a4c-8789-b5064c76b06b","species","Animalia","Gallinago megala","LC","NLC","corrected_redlistTW"
"541578e4-d849-409d-bb5c-70446ee2685f","species","Animalia","Gallinago stenura","LC","NLC","corrected_redlistTW"
"308f022a-cbc6-405b-98ae-d561d07d33cc","species","Animalia","Gallinago gallinago","VU","NVU","corrected_redlistTW"
"e19c61df-0873-4e22-a25a-bbdfeacd1147","species","Animalia","Numenius madagascariensis","EN","NEN","corrected_redlistTW"
"29fc16ff-90ba-4308-b815-05d77a4b1c5f","species","Animalia","Numenius minutus","LC","NLC","corrected_redlistTW"
"2a1632b8-e6a2-41da-a4ad-786a156068e0","species","Animalia","Numenius arquata","VU","NVU","corrected_redlistTW"
"e291c185-3320-4ba0-b24a-ab076d39fd96","species","Animalia","Numenius phaeopus","LC","NLC","corrected_redlistTW"
"10786e39-f7dd-40e6-a273-500500c99cf5","species","Animalia","Phalaropus lobatus","LC","NLC","corrected_redlistTW"
"797fc249-7c4a-4c19-9e2c-97b38f85b6c8","species","Animalia","Scolopax rusticola","LC","NLC","corrected_redlistTW"
"6f9870fb-8a2c-46a1-8347-3b0db1c2c9f8","species","Animalia","Tringa erythropus","LC","NLC","corrected_redlistTW"
"6fc6ec1e-ef73-41d7-b886-6da8b370c13f","species","Animalia","Tringa glareola","NT","NNT","corrected_redlistTW"
"16f7a184-04b2-4511-923a-1a871fabf458","species","Animalia","Tringa guttifer","EN","NEN","corrected_redlistTW"
"2c950571-c305-416d-be8b-c7bf483775ac","species","Animalia","Tringa nebularia","LC","NLC","corrected_redlistTW"
"e4f45f3e-91a9-4be5-831a-e648e5d8d224","species","Animalia","Tringa ochropus","LC","NLC","corrected_redlistTW"
"5d90ddc4-50e9-40be-9d33-89a51417df98","species","Animalia","Tringa stagnatilis","LC","NLC","corrected_redlistTW"
"3f8c00a3-5ec0-4b25-933c-4cc1e3ff7a2a","species","Animalia","Tringa brevipes","NT","NNT","corrected_redlistTW"
"9a087fda-0b18-470a-b57f-fda35d50fb37","species","Animalia","Tringa totanus","LC","NLC","corrected_redlistTW"
"88143b49-c969-4d7b-9dc3-73d4cc3c17dd","species","Animalia","Xenus cinereus","LC","NLC","corrected_redlistTW"
"0f11f4ca-c4f7-46c0-9c9e-11e58d0d4912","species","Animalia","Limosa lapponica","VU","NVU","corrected_redlistTW"
"ff6050fa-cdd6-4ed1-9fcc-b7669c86a1b5","species","Animalia","Limosa limosa","VU","NVU","corrected_redlistTW"
"1353c6f7-ea3d-4e3f-b079-81779ecab17b","species","Animalia","Arenaria interpres","NT","NNT","corrected_redlistTW"
"76f9f298-fd14-4242-8f51-c6a40783435d","species","Animalia","Anous stolidus","LC","NLC","corrected_redlistTW"
"a05f3652-1367-4af0-be59-d489142ddd2f","species","Animalia","Chlidonias leucopterus","LC","NLC","corrected_redlistTW"
"6bf77146-8321-4277-89fb-96ac41e74ae6","species","Animalia","Chlidonias hybrida","LC","NLC","corrected_redlistTW"
"260a6b8a-87e4-48c1-99ed-a99aed825934","species","Animalia","Chroicocephalus ridibundus","LC","NLC","corrected_redlistTW"
"6a37c4c2-2dde-469f-9951-e65780e10c55","species","Animalia","Hydroprogne caspia","LC","NLC","corrected_redlistTW"
"283a16c1-47fd-4221-a221-d52e575766ee","species","Animalia","Ichthyaetus relictus","NA",NA,"corrected_redlistTW"
"cc21f98e-2adc-4a6a-89b0-0ea32f64e734","species","Animalia","Larus crassirostris","LC","NLC","corrected_redlistTW"
"106a9e18-1497-4622-b13a-5a31e2492aab","species","Animalia","Onychoprion aleuticus","NT","NNT","corrected_redlistTW"
"fd252b08-fce5-4cc0-a698-b25a01828184","species","Animalia","Onychoprion anaethetus","LC","NLC","corrected_redlistTW"
"e566274e-4dce-485b-a51c-9c53a4488794","species","Animalia","Rissa tridactyla","NA",NA,"corrected_redlistTW"
"e65826ad-5a8d-468b-aa5e-16df3c5038b8","species","Animalia","Saundersilarus saundersi","CR","NCR","corrected_redlistTW"
"1ede32c8-c430-4a8c-9763-44b1764d7055","species","Animalia","Thalasseus bernsteini","CR","NCR","corrected_redlistTW"
"96507010-27ae-438b-bd64-0be53aa069dd","species","Animalia","Thalasseus bergii","LC","NLC","corrected_redlistTW"
"97cb11c5-a7ef-4555-b254-d19b02b8acf2","species","Animalia","Gelochelidon nilotica","LC","NLC","corrected_redlistTW"
"7559234a-62cd-4f7b-a6cb-313de3115a12","species","Animalia","Sterna dougallii","LC","NLC","corrected_redlistTW"
"7c473bc9-8401-4050-97fd-9ca850a49f94","species","Animalia","Sterna hirundo","LC","NLC","corrected_redlistTW"
"c92ed9a7-3377-472f-87d5-c85ae940d1cc","species","Animalia","Sterna sumatrana","LC","NLC","corrected_redlistTW"
"492cb237-e66a-4af1-841c-58dcbdba08b1","species","Animalia","Sternula albifrons","NT","NNT","corrected_redlistTW"
"233dad6a-f59a-4918-b94f-78a8b03b13eb","species","Animalia","Charadrius alexandrinus","LC","NLC","corrected_redlistTW"
"17faba2b-eda5-4eb9-b1d1-7996c469a7ea","species","Animalia","Charadrius dubius","LC","NLC","corrected_redlistTW"
"faa3e92c-4cd3-468a-b5c4-e07c789c417f","species","Animalia","Charadrius leschenaultii","LC","NLC","corrected_redlistTW"
"911e3b0f-cbd0-4d95-9509-eb2e063de7ea","species","Animalia","Anarhynchus mongolus","LC","NLC","corrected_redlistTW"
"066976a0-c5ed-46d1-b59f-074b49fe0585","species","Animalia","Pluvialis fulva","LC","NLC","corrected_redlistTW"
"206694cd-785d-48a9-9325-fddfb01e130a","species","Animalia","Pluvialis squatarola","LC","NLC","corrected_redlistTW"
"d90a0e93-be79-4ab1-ab3b-94f269b5ed5d","species","Animalia","Vanellus vanellus","LC","NLC","corrected_redlistTW"
"76f2ea3c-b88e-47ad-9f6c-63ee9c65405f","species","Animalia","Glareola maldivarum","LC","NLC","corrected_redlistTW"
"c325ae02-f006-4ec7-a947-b027d988648a","species","Animalia","Himantopus himantopus","LC","NLC","corrected_redlistTW"
"8cf906d2-0fd8-44fd-91ad-d0f7c6a0551a","species","Animalia","Recurvirostra avosetta","LC","NLC","corrected_redlistTW"
"3ee45f50-97fe-4a84-b1a5-2e6d4d72c041","species","Animalia","Hydrophasianus chirurgus","NT","NNT","corrected_redlistTW"
"1b04ac59-bdc7-4e72-ae92-ce0f56107787","species","Animalia","Rostratula benghalensis","LC","NLC","corrected_redlistTW"
"aef79acf-2172-4f1b-bcf0-f89039067f8e","species","Animalia","Synthliboramphus wumizusume","NA",NA,"corrected_redlistTW"
"5aee8378-a6f8-44de-accf-f1922307c575","species","Animalia","Haematopus ostralegus","NT","NNT","corrected_redlistTW"
"7b53fdc1-fe44-42ef-be08-387d59624dd8","species","Animalia","Turnix suscitator","LC","NLC","corrected_redlistTW"
"962ba8ec-b2fd-4790-a327-1cbfae41ffba","species","Animalia","Turnix sylvaticus","CR","NCR","corrected_redlistTW"
"76ccc3a9-51b0-4cda-9685-f997e722569c","species","Animalia","Aix galericulata","VU","NVU","corrected_redlistTW"
"99a7a10b-343b-4300-9e7b-ba118a0d60ff","species","Animalia","Anas acuta","LC","NLC","corrected_redlistTW"
"a34e2798-e835-4885-ac47-f9a752ab0f24","species","Animalia","Spatula clypeata","LC","NLC","corrected_redlistTW"
"c9e4084a-8d54-437b-bd05-8d27532139c6","species","Animalia","Mareca falcata","VU","NVU","corrected_redlistTW"
"e486a442-46fe-47b3-a92a-d80d7c72b5e4","species","Animalia","Anas luzonica","NA",NA,"corrected_redlistTW"
"f1be7b47-b980-4275-af26-a3d255915237","species","Animalia","Mareca penelope","LC","NLC","corrected_redlistTW"
"463dd63a-ff6f-4d55-b897-fe888e25c88a","species","Animalia","Spatula querquedula","LC","NLC","corrected_redlistTW"
"c870cb23-1aa0-438e-9873-61f8d920f274","species","Animalia","Anas zonorhyncha","LC","NLC","corrected_redlistTW"
"32c10708-3ffd-4f51-8ac5-ea5d44fa62d0","species","Animalia","Anas crecca","NT","NNT","corrected_redlistTW"
"9e4f5b40-ceae-4fc5-bec4-b1b65ef1f7ca","species","Animalia","Anser cygnoides","NA",NA,"corrected_redlistTW"
"925fa76b-afac-482a-aaa2-af890f137cf8","species","Animalia","Anser erythropus","NA",NA,"corrected_redlistTW"
"88627d2d-13c6-4f89-976e-a31805d01c90","species","Animalia","Aythya baeri","CR","NCR","corrected_redlistTW"
"f76d0089-0522-41ca-a311-ea1e1e0bcb37","species","Animalia","Aythya ferina","NA",NA,"corrected_redlistTW"
"1f4449ea-89de-4222-8c93-c79432630bc0","species","Animalia","Aythya fuligula","LC","NLC","corrected_redlistTW"
"9aee7654-fbf5-4529-acbd-9f08478581cf","species","Animalia","Clangula hyemalis","NA",NA,"corrected_redlistTW"
"629ea7b1-f65a-4df0-95be-0494829346d8","species","Animalia","Mergus squamatus","NA",NA,"corrected_redlistTW"
"335050b7-a31c-4cd0-89e0-660eb136fb2b","species","Animalia","Amaurornis phoenicurus","LC","NLC","corrected_redlistTW"
"e67a95bb-ad16-4e67-b2a8-d962efd5f30f","species","Animalia","Gallicrex cinerea","EN","NEN","corrected_redlistTW"
"7ed22b01-05fe-428e-b9e8-7e3e322f4419","species","Animalia","Rallina eurizonoides","LC","NLC","corrected_redlistTW"
"3222ac68-62d3-4be7-b71d-603be0d12414","species","Animalia","Zapornia fusca","LC","NLC","corrected_redlistTW"
"f55e8dd6-5043-47d3-897d-9d8008d78f0f","species","Animalia","Fulica atra","LC","NLC","corrected_redlistTW"
"5e5f7229-46dc-4eb0-93af-9ae0333f3abc","species","Animalia","Gallinula chloropus","LC","NLC","corrected_redlistTW"
"208efd26-6f49-4a15-954d-c3ef0a2f461f","species","Animalia","Lewinia striata","NT","NNT","corrected_redlistTW"
"a9182b3e-5cb1-4c28-932d-26b9a7eb62db","species","Animalia","Antigone vipio","NA",NA,"corrected_redlistTW"
"bc2b5442-7a76-49bb-99a5-65631f2175fc","species","Animalia","Grus japonensis","NA",NA,"corrected_redlistTW"
"943a9b58-5627-41a3-8794-ee25b5165d7c","species","Animalia","Grus monacha","NA",NA,"corrected_redlistTW"
"251368bf-574e-4e61-8fff-b77abe6f4370","species","Animalia","Leucogeranus leucogeranus","NA","","corrected_redlistTW"
"e17f3444-d8de-4a62-b4af-9888b58c4f93","species","Animalia","Arborophila crudigularis","LC","NLC","corrected_redlistTW"
"53905e4b-a68b-4775-8504-f581229a6c0d","species","Animalia","Bambusicola sonorivox","LC","NLC","corrected_redlistTW"
"ef457bab-7f1f-4313-8282-75084241c775","species","Animalia","Lophura swinhoii","LC","NLC","corrected_redlistTW"
"edb3f65e-d359-49d5-8a9c-67953e89172b","species","Animalia","Synoicus chinensis","EN","NEN","corrected_redlistTW"
"f99d359f-0dd5-4dbd-817e-a45c6d7b7efc","species","Animalia","Syrmaticus mikado","LC","NLC","corrected_redlistTW"
"0fb91a1c-ded5-47cc-882e-fba220e03c26","species","Animalia","Phasianus colchicus","CR","NCR","corrected_redlistTW"
"93166b66-649d-4d39-9a44-d8fa6946d47a","species","Animalia","Ardenna pacifica","LC","NLC","corrected_redlistTW"
"924ffd26-5810-4121-978a-f53f296075b3","species","Animalia","Bulweria bulwerii","LC","NLC","corrected_redlistTW"
"b938af4a-88e3-40a9-ba72-52455dfd5b45","species","Animalia","Calonectris leucomelas","NT","NNT","corrected_redlistTW"
"92cf552d-708b-45c4-833a-499e8b4732a1","species","Animalia","Hydrobates monorhis","NT","NNT","corrected_redlistTW"
"5e24ac51-e693-49ce-9793-5a81a87d293f","species","Animalia","Hydrobates leucorhous","NA",NA,"corrected_redlistTW"
"4748e6b0-2087-4910-89ee-5a3f657b5369","species","Animalia","Phoebastria albatrus","NA","","corrected_redlistTW"
"b1633163-5dfb-4bdc-a3b7-77a0f3b3a45f","species","Animalia","Ardeola bacchus","LC","NLC","corrected_redlistTW"
"f5dfc0e5-6e0e-49a6-8b5e-d1c17e8c246d","species","Animalia","Egretta eulophotes","VU","NVU","corrected_redlistTW"
"8cddf269-e2f3-435b-a88b-dcdd1e5f9cea","species","Animalia","Egretta garzetta","LC","NLC","corrected_redlistTW"
"c1a6155d-afba-4016-81b8-f3e703a98c63","species","Animalia","Egretta sacra","LC","NLC","corrected_redlistTW"
"6dffa02d-95b8-4d06-b509-dda361173a01","species","Animalia","Gorsachius goisagi","NA",NA,"corrected_redlistTW"
"ccd07aad-ec68-4eed-bc63-7a7e474e9eb4","species","Animalia","Gorsachius melanolophus","LC","NLC","corrected_redlistTW"
"af9d43df-d0cf-4d00-ae49-a529c4015685","species","Animalia","Ixobrychus sinensis","LC","NLC","corrected_redlistTW"
"3bce5eee-bb42-4c24-927a-a8b6d1b9cd7e","species","Animalia","Ixobrychus cinnamomeus","LC","NLC","corrected_redlistTW"
"6b620e73-2555-4463-9a44-2a7e5484d819","species","Animalia","Ardea alba","LC","NLC","corrected_redlistTW"
"d377aa05-ca60-46a7-bd84-0133ec555d20","species","Animalia","Ardea cinerea","LC","NLC","corrected_redlistTW"
"f2032202-53e3-4c22-8032-1c21174b28da","species","Animalia","Ardea purpurea","LC","NLC","corrected_redlistTW"
"9aefd3a9-04f1-4da4-838f-d0d25e5e7d31","species","Animalia","Bubulcus ibis","LC","NLC","corrected_redlistTW"
"26113f77-ae38-48b5-aed7-34dbe49ca0e9","species","Animalia","Butorides striata","LC","NLC","corrected_redlistTW"
"f2e2e0b5-d5fb-4de5-9237-b600b09e6565","species","Animalia","Ardea intermedia","LC","NLC","corrected_redlistTW"
"9ad77864-37f7-4a20-ad8b-ced32a18f807","species","Animalia","Nycticorax nycticorax","LC","NLC","corrected_redlistTW"
"0c97ee83-eb22-4e9f-bba9-6e23a7891727","species","Animalia","Nipponia nippon","NA",NA,"corrected_redlistTW"
"11f17de2-5ee5-4c69-8672-06a46d4283f3","species","Animalia","Platalea minor","VU","NVU","corrected_redlistTW"
"8090520b-78f4-4b73-a3cc-177ce26e0b62","species","Animalia","Ciconia boyciana","EN","NEN","corrected_redlistTW"
"857c170f-b8d7-44c2-97f3-355ca77fb813","species","Animalia","Cuculus optatus","LC","NLC","corrected_redlistTW"
"6ecc5c28-f0e5-4918-a0a0-167d19ef60fe","species","Animalia","Cuculus micropterus","LC","NLC","corrected_redlistTW"
"4a5551ba-234c-4bf3-a9a7-98c30399f5c3","species","Animalia","Hierococcyx sparverioides","LC","NLC","corrected_redlistTW"
"3fedadca-711f-44fe-9098-e660a11c2e94","species","Animalia","Centropus bengalensis","LC","NLC","corrected_redlistTW"
"d60f7459-8764-416a-b447-4b9ef07bc4d3","species","Animalia","Centropus sinensis","LC","NLC","corrected_redlistTW"
"b949ed88-83b1-4790-997a-7cd9d7b8fef1","species","Animalia","Eudynamys scolopaceus","LC","NLC","corrected_redlistTW"
"a8e2f31e-ee7b-46d0-9d9d-480ee39d4272","species","Animalia","Columba pulchricollis","LC","NLC","corrected_redlistTW"
"c95ec69e-9bba-4a38-a648-5b2dc87a9fd1","species","Animalia","Spilopelia chinensis","LC","NLC","corrected_redlistTW"
"f7146df3-b996-4583-bf7a-423c7971eb9f","species","Animalia","Streptopelia orientalis","LC","NLC","corrected_redlistTW"
"91afba4c-fa53-4013-8a65-d95c85ff8056","species","Animalia","Streptopelia tranquebarica","LC","NLC","corrected_redlistTW"
"dc430885-79f2-4914-9380-ccad328bc246","species","Animalia","Treron formosae","VU","NVU","corrected_redlistTW"
"11fd2b6a-3cc1-4de3-8c15-165ef2f79193","species","Animalia","Treron sieboldii","LC","NLC","corrected_redlistTW"
"41908017-ab7c-4f18-a0e4-dd9d5b646d62","species","Animalia","Chalcophaps indica","LC","NLC","corrected_redlistTW"
"43ae38ec-0091-45b8-ab7d-a10d1d3cd430","species","Animalia","Macropygia tenuirostris","VU","NVU","corrected_redlistTW"
"ff35c17d-4ad0-4f7e-918d-16cb3a8f9edc","species","Animalia","Ptilinopus leclancheri","NA",NA,"corrected_redlistTW"
"6d15baa8-ebdc-48e6-b0e8-76836acbd62e","species","Animalia","Falco peregrinus","NT","NNT","corrected_redlistTW"
"9f5661de-c843-4aae-9ac9-09c34263aef2","species","Animalia","Falco tinnunculus","VU","NVU","corrected_redlistTW"
"8a30e23d-3d8c-4a7c-9c27-ddef4b1b7014","species","Animalia","Halcyon pileata","NA",NA,"corrected_redlistTW"
"a3142e24-802d-43b9-8335-d7c4388f4c04","species","Animalia","Halcyon coromanda","LC","NLC","corrected_redlistTW"
"86c6e158-6df6-4eb8-b46e-a7c5bdeeb815","species","Animalia","Halcyon smyrnensis","NT","NNT","corrected_redlistTW"
"e5e6767d-cda7-48fb-b1e8-103170303403","species","Animalia","Alcedo atthis","LC","NLC","corrected_redlistTW"
"6cb7ef0f-2ef4-4cf6-b955-47778c9ee8fd","species","Animalia","Ceryle rudis","NT","NNT","corrected_redlistTW"
"65581355-a257-4b69-9ca3-f780ef8df44b","species","Animalia","Merops philippinus","VU","NVU","corrected_redlistTW"
"1a71dd14-c6a1-4374-9589-3213e1db6ea2","species","Animalia","Upupa epops","LC","NLC","corrected_redlistTW"
"fb1c3f91-a16c-48f4-99e5-5f9a6ccd6af3","species","Animalia","Hirundapus caudacutus","LC","NLC","corrected_redlistTW"
"7bd92676-37e1-4dfa-bf81-30a29656a95e","species","Animalia","Hirundapus cochinchinensis","LC","NLC","corrected_redlistTW"
"e4fdf4cd-3927-4c04-a2c1-58b106adfb44","species","Animalia","Apus nipalensis","LC","NLC","corrected_redlistTW"
"e3b349d8-2d82-44c7-a41a-b05381d21e69","species","Animalia","Apus pacificus","LC","NLC","corrected_redlistTW"
"5f971330-67d7-4261-b0bc-08e2b3dc158f","species","Animalia","Ketupa flavipes","VU","NVU","corrected_redlistTW"
"71395c68-21ca-4ee6-9ebd-f696c9ebd842","species","Animalia","Taenioptynx brodiei","NT","NNT","corrected_redlistTW"
"8f515304-fd5c-4841-b05f-8caab8268021","species","Animalia","Ninox japonica","LC","NLC","corrected_redlistTW"
"11ac79d8-844c-431d-922b-fda00fa39e52","species","Animalia","Otus elegans","NT","NNT","corrected_redlistTW"
"49860672-4a66-4331-9640-5fe4734651ab","species","Animalia","Otus lettia","LC","NLC","corrected_redlistTW"
"9add3bef-0871-4552-bd18-7f6a254ad07d","species","Animalia","Otus spilocephalus","LC","NLC","corrected_redlistTW"
"c1927c41-b4d2-4726-8614-e3f34a3dee51","species","Animalia","Otus sunia","NT","NNT","corrected_redlistTW"
"b7b91dca-368e-4e07-9f87-f5ee35ca2dbe","species","Animalia","Strix leptogrammica","NT","NNT","corrected_redlistTW"
"a945b668-8e84-4a1f-af0e-d5c52adc515d","species","Animalia","Strix nivicolum","NT","NNT","corrected_redlistTW"
"a4ecadb1-8691-4853-9bcd-e136cabb6250","species","Animalia","Tyto longimembris","EN","NEN","corrected_redlistTW"
"28fbd168-7f4e-4841-b0a1-e4d5498adf0c","species","Animalia","Phalacrocorax carbo","LC","NLC","corrected_redlistTW"
"063df8e6-ffea-41a5-9ffb-531364609261","species","Animalia","Sula leucogaster","LC","NLC","corrected_redlistTW"
"82d0d230-f44b-4254-8eed-0a1f79896939","species","Animalia","Psilopogon nuchalis","LC","NLC","corrected_redlistTW"
"0bfd8a68-bdff-4cc5-8336-efc005edd1c8","species","Animalia","Yungipicus canicapillus","LC","NLC","corrected_redlistTW"
"0cfc5f84-e36f-4eb0-b071-382adb17dce9","species","Animalia","Dendrocopos leucotos","NT","NNT","corrected_redlistTW"
"138e3018-2c45-45d9-8cd4-99dd636d6f74","species","Animalia","Picus canus","VU","NVU","corrected_redlistTW"
"30fddbfa-1efd-44a8-ab73-e83ce7113bb4","species","Animalia","Podiceps auritus","NA",NA,"corrected_redlistTW"
"b79ef67c-e3f2-4c38-94f6-a7b79217664a","species","Animalia","Tachybaptus ruficollis","LC","NLC","corrected_redlistTW"
"fe0901a6-0872-460f-8956-ba0ec1653249","species","Animalia","Caprimulgus affinis","LC","NLC","corrected_redlistTW"
"d348ba61-0bed-467a-a2b3-4bb7b4a826f0","species","Animalia","Achalinus formosanus","LC","NLC","corrected_redlistTW"
"2c477dd1-88b2-49d3-b072-8a72bf225ad7","species","Animalia","Achalinus niger","LC","NLC","corrected_redlistTW"
"00f89f81-f5dd-4593-b9cf-2fd5bd429694","species","Animalia","Hebius miyajimae","EN","NEN","corrected_redlistTW"
"8be06967-5e75-409e-b385-370f62584df9","species","Animalia","Amphiesma stolatum","LC","NLC","corrected_redlistTW"
"3befed95-7127-4a55-93e4-fb9d4625125b","species","Animalia","Boiga kraepelini","LC","NLC","corrected_redlistTW"
"774fb097-6a9c-4e9e-82ed-cb83fc287d6c","species","Animalia","Calamaria pavimentata","LC","NLC","corrected_redlistTW"
"a5ebe9d2-8bc9-454d-92fa-6d4720587a58","species","Animalia","Cyclophiops major","LC","NLC","corrected_redlistTW"
"51cbc525-33be-4ffa-a5b3-ae081ab93733","species","Animalia","Elaphe carinata","LC","NLC","corrected_redlistTW"
"dcdffc54-2f92-48ec-9543-c7f59f53d73f","species","Animalia","Euprepiophis mandarinus","LC","NLC","corrected_redlistTW"
"479ef797-d299-468c-aa96-aeb5b6fbf8b3","species","Animalia","Gonyosoma frenatum","LC","NLC","corrected_redlistTW"
"a8553e83-ae11-49e0-9867-0cfb0fe2a6e0","species","Animalia","Lycodon rufozonatus","LC","NLC","corrected_redlistTW"
"1bc162c5-fbaf-4be3-b925-843da235a6b6","species","Animalia","Lycodon ruhstrati","LC","NLC","corrected_redlistTW"
"47978396-8340-4201-a766-c3c79e9bd4c1","species","Animalia","Pseudagkistrodon rudis","LC","NLC","corrected_redlistTW"
"30201913-8f51-41ab-b7b1-33ef7c228dfb","species","Animalia","Oligodon formosanus","LC","NLC","corrected_redlistTW"
"5b386059-7265-4039-9239-43bb49235fdc","species","Animalia","Oligodon ornatus","LC","NLC","corrected_redlistTW"
"a8a7d3a2-76b2-4f91-925f-6e7028150446","species","Animalia","Psammodynastes pulverulentus","LC","NLC","corrected_redlistTW"
"938b3d6e-65cc-44b3-a0f5-f3de6cc57ef0","species","Animalia","Pseudoxenodon stejnegeri","LC","NLC","corrected_redlistTW"
"34b52900-53c4-422f-b353-5d2de3f1f60f","species","Animalia","Ptyas korros","LC","NLC","corrected_redlistTW"
"d0a1fd02-c836-4e09-8f06-287438b6bcc5","species","Animalia","Ptyas mucosa","LC","NLC","corrected_redlistTW"
"4b1343f3-89a6-484f-bad3-76956a3776de","species","Animalia","Rhabdophis swinhonis","LC","NLC","corrected_redlistTW"
"634de9d3-0592-4573-b730-a6fcc9a24e8a","species","Animalia","Rhabdophis formosanus","LC","NLC","corrected_redlistTW"
"c35a686b-be3e-4cb5-8502-238920a34c28","species","Animalia","Sibynophis chinensis","LC","NLC","corrected_redlistTW"
"1638a432-d2fd-473f-bac2-5c1fe2a70c20","species","Animalia","Trimerodytes annularis","CR","NCR","corrected_redlistTW"
"ba6cb1e8-7585-42d8-a693-ba280ef44cea","species","Animalia","Trimerodytes percarinatus","NT","NNT","corrected_redlistTW"
"b065f5f5-3bee-482b-9f1a-6015fcac5b19","species","Animalia","Fowlea flavipunctatus","LC","NLC","corrected_redlistTW"
"1e9afb42-367f-471d-af20-50b7011c9e40","species","Animalia","Ptyas dhumnades","LC","NLC","corrected_redlistTW"
"7de37932-20d8-41fd-bd8d-a803c5b15854","species","Animalia","Oreocryptophis porphyraceus","LC","NLC","corrected_redlistTW"
"a0624436-a49d-457c-b491-dc61406d49c3","species","Animalia","Elaphe taeniura","LC","NLC","corrected_redlistTW"
"1cf088a6-77a9-42eb-b062-70826006ed66","species","Animalia","Ateuchosaurus chinensis","LC","NLC","corrected_redlistTW"
"11721a8e-f075-4999-9c66-83c73a6c46ab","species","Animalia","Emoia atrocostata","NT","NNT","corrected_redlistTW"
"fdb1f11f-1f55-49ae-94f8-74c5c5c5fd55","species","Animalia","Eutropis cumingi","LC","NLC","corrected_redlistTW"
"47ab4272-64bb-4b8e-b010-037fb787f256","species","Animalia","Eutropis multifasciata","NA",NA,"corrected_redlistTW"
"85a463d0-5328-49ea-8e2f-f5d546304ca7","species","Animalia","Eutropis longicaudata","LC","NLC","corrected_redlistTW"
"d223bcc0-c3ca-425d-9459-a0229de04ddd","species","Animalia","Eutropis borealis","LC","NLC","corrected_redlistTW"
"819ae3f4-db8b-4a6c-968e-ed17edde6671","species","Animalia","Plestiodon elegans","LC","NLC","corrected_redlistTW"
"c405a9d0-fd1d-4d93-afd5-99972e363790","species","Animalia","Plestiodon chinensis","LC","NLC","corrected_redlistTW"
"e74931db-d96c-4263-82a2-c36a0f4caffb","species","Animalia","Scincella formosensis","LC","NLC","corrected_redlistTW"
"09fff617-7cfd-4978-96bf-e87fcd262751","species","Animalia","Sphenomorphus indicus","LC","NLC","corrected_redlistTW"
"a5083846-569d-472c-8a66-e2dadbd8ab32","species","Animalia","Sphenomorphus incognitus","LC","NLC","corrected_redlistTW"
"8b007610-14d4-4254-b052-66afa50d18d2","species","Animalia","Sphenomorphus taiwanensis","LC","NLC","corrected_redlistTW"
"3acaf9a3-16e8-4d2d-be7b-b1d8fa293456","species","Animalia","Bungarus multicinctus","LC","NLC","corrected_redlistTW"
"4eb2f8d6-c656-452a-8fcf-bf34d9f6f2a4","species","Animalia","Naja atra","LC","NLC","corrected_redlistTW"
"fa0528e2-44f5-442e-93ec-782a6bdc6eca","species","Animalia","Sinomicrurus sauteri","LC","NLC","corrected_redlistTW"
"6cd76c8f-05b6-497d-bbf4-505334c1beac","species","Animalia","Sinomicrurus swinhoei","LC","NLC","corrected_redlistTW"
"a26247d3-879c-4272-a5c8-504f54654f50","species","Animalia","Daboia siamensis","NT","NNT","corrected_redlistTW"
"1e885a7c-5dfd-46f1-a141-658c4d403dbd","species","Animalia","Deinagkistrodon acutus","LC","NLC","corrected_redlistTW"
"6f7f1568-39e7-461b-b5e2-94b67917db63","species","Animalia","Protobothrops mucrosquamatus","LC","NLC","corrected_redlistTW"
"4cd602c8-af4c-4e47-b2af-f85e5c48218f","species","Animalia","Trimeresurus gracilis","LC","NLC","corrected_redlistTW"
"a6fc0c54-c0bd-40ee-8494-bd4f1defd8f0","species","Animalia","Trimeresurus stejnegeri","LC","NLC","corrected_redlistTW"
"6b3d895e-4eb2-45d2-b88d-a2d2342c8c6e","species","Animalia","Dopasia harti","LC","NLC","corrected_redlistTW"
"d08669ba-8e9e-4d01-b96e-4265d17bc96d","species","Animalia","Hypsiscopus wettsteini","EN","NEN","corrected_redlistTW"
"acffe805-822f-4fce-bfd8-fdd8bd096319","species","Animalia","Myrrophis chinensis","CR","NCR","corrected_redlistTW"
"afc11993-46ea-4304-9c05-ff0198ccf250","species","Animalia","Gekko hokouensis","LC","NLC","corrected_redlistTW"
"b918cdac-a9ef-4f60-b396-d3cad83ef45c","species","Animalia","Gekko kikuchii","LC","NLC","corrected_redlistTW"
"b2975c1c-8643-4206-a6de-2f2ec65f30d9","species","Animalia","Gekko monarchus","NA",NA,"corrected_redlistTW"
"9c16eaf2-fda5-4392-8eaf-7586b6270c08","species","Animalia","Hemidactylus bowringii","LC","NLC","corrected_redlistTW"
"381bf2ce-6ad3-4a01-a6ae-e03d1eb7d60d","species","Animalia","Hemidactylus frenatus","NA",NA,"corrected_redlistTW"
"82cea777-387b-4f49-ab58-01ffe24d055e","species","Animalia","Hemidactylus stejnegeri","LC","NLC","corrected_redlistTW"
"04c6dcad-8ff2-4911-a95e-b13996177c41","species","Animalia","Hemidactylus brookii","NA",NA,"corrected_redlistTW"
"829f3f60-a99e-418d-b771-8989e34f62b3","species","Animalia","Lepidodactylus lugubris","LC","NLC","corrected_redlistTW"
"6b9bc28a-2fce-4322-83bf-1020c36030a0","species","Animalia","Lepidodactylus yami","NT","NNT","corrected_redlistTW"
"5adb8be0-5410-4922-9f12-daa700c37f14","species","Animalia","Diploderma brevipes","LC","NLC","corrected_redlistTW"
"b4a0f603-12e1-4f0e-8560-450ed055fa09","species","Animalia","Diploderma luei","NT","NNT","corrected_redlistTW"
"56fd8f78-9bf8-4197-8453-a2db4b817962","species","Animalia","Diploderma makii","NT","NNT","corrected_redlistTW"
"e4552802-d7c0-450f-af17-2a7a85328b86","species","Animalia","Diploderma swinhonis","LC","NLC","corrected_redlistTW"
"b5da1edb-8f56-4e4a-bcf1-71533779231d","species","Animalia","Diploderma polygonatum","LC","NLC","corrected_redlistTW"
"02090f7f-f362-4a04-9b5a-a797c4e32246","species","Animalia","Anolis sagrei","NA",NA,"corrected_redlistTW"
"36df148e-4ab3-4570-987d-3ac6697a1f81","species","Animalia","Pareas formosensis","LC","NLC","corrected_redlistTW"
"b6cbb8e2-8c0b-4a4a-a353-7206a3ef9fa4","species","Animalia","Pareas atayal","LC","NLC","corrected_redlistTW"
"9c90875f-70d1-4d70-b769-adc73d1c4b0d","species","Animalia","Pareas komaii","LC","NLC","corrected_redlistTW"
"edd1ff3a-bfea-4ad6-87fd-9e0b8f897872","species","Animalia","Python bivittatus","VU","NVU","corrected_redlistTW"
"95587842-c654-4f20-a297-229dc4cc49fa","species","Animalia","Indotyphlops braminus","LC","NLC","corrected_redlistTW"
"28c3ac47-08cf-48d6-a709-58a379b27798","species","Animalia","Takydromus formosanus","LC","NLC","corrected_redlistTW"
"aa76d4e3-3cee-43b3-9c1b-81ea53557026","species","Animalia","Takydromus hsuehshanensis","LC","NLC","corrected_redlistTW"
"3b33f66d-7384-469c-b554-b3a9badae85d","species","Animalia","Takydromus kuehnei","LC","NLC","corrected_redlistTW"
"dfcd02f0-bb59-43e0-b035-f72509ec1822","species","Animalia","Takydromus sauteri","NT","NNT","corrected_redlistTW"
"10b6ef03-d72f-406f-ab21-14a5b644dee5","species","Animalia","Takydromus septentrionalis","LC","NLC","corrected_redlistTW"
"be489ded-5294-4a59-82e8-dc1211c441ba","species","Animalia","Takydromus stejnegeri","LC","NLC","corrected_redlistTW"
"5d6932b1-85be-48b6-bbf1-3ce9baac83d5","species","Animalia","Takydromus luyeanus","LC","NLC","corrected_redlistTW"
"8b7b627d-15c1-4126-86ce-2fafc4b61dd0","species","Animalia","Takydromus viridipunctatus","LC","NLC","corrected_redlistTW"
"27cc5120-bb2d-4a43-b353-154b05987c0f","species","Animalia","Iguana iguana","NA",NA,"corrected_redlistTW"
"9fdabd61-783c-4a57-9a19-4e9dab98cf9f","species","Animalia","Trachemys scripta","NA",NA,"corrected_redlistTW"
"6e4ebaf6-7bcc-4962-9b76-6c03cca192f6","species","Animalia","Cuora flavomarginata","CR","NCR","corrected_redlistTW"
"a1148186-eaa1-482a-931f-7b26c9d96a7a","species","Animalia","Mauremys reevesii","EN","NEN","corrected_redlistTW"
"4b94bfc5-86cf-4c04-a358-83da85980619","species","Animalia","Mauremys mutica","CR","NCR","corrected_redlistTW"
"3d145d1d-f9b2-47fd-99fc-f047b10cd560","species","Animalia","Mauremys sinensis","NT","NNT","corrected_redlistTW"
"c12abbb0-3792-44b9-bbb7-8923cfb9fd4f","species","Animalia","Pelodiscus sinensis","NT","NNT","corrected_redlistTW"
"59e4538f-605e-4f8a-954d-6695df1d6fdc","species","Animalia","Anourosorex yamashinai","LC","NLC","corrected_redlistTW"
"bf3f11ab-ffc4-4d05-a191-ca3f1a8dc493","species","Animalia","Chimarrogale leander","VU","NVU","corrected_redlistTW"
"4e4ae164-8878-4163-9687-d09e72ccfb24","species","Animalia","Chodsigoa sodalis","NT","NNT","corrected_redlistTW"
"8dd51e84-20af-473a-8c64-553461fb5988","species","Animalia","Crocidura tanakae","LC","NLC","corrected_redlistTW"
"0d5ad954-5c72-4753-9ada-e985fa43465e","species","Animalia","Crocidura tadae","LC","NLC","corrected_redlistTW"
"22288955-7b71-48d6-950a-5899ca904542","species","Animalia","Crocidura shantungensis","LC","NLC","corrected_redlistTW"
"14d1c702-5d76-4786-81b2-95a1051416f4","species","Animalia","Pseudosoriculus fumidus","LC","NLC","corrected_redlistTW"
"b7fb0967-2cfd-4961-8409-d50ed5c035a9","species","Animalia","Suncus murinus","LC","NLC","corrected_redlistTW"
"d6acae4c-bc10-4f50-ba48-111296780bf1","species","Animalia","Mogera kanoana","LC","NLC","corrected_redlistTW"
"46107149-2b06-47d2-9c2d-ae3af5df5354","species","Animalia","Mogera insularis","LC","NLC","corrected_redlistTW"
"e882a3b5-7cdd-4469-84e8-9bad36ee1008","species","Animalia","Apodemus agrarius","LC","NLC","corrected_redlistTW"
"68018d1d-450b-4192-a8b6-052ed439aa59","species","Animalia","Apodemus semotus","LC","NLC","corrected_redlistTW"
"d7fafa45-746e-4dce-97ef-519e47407523","species","Animalia","Bandicota indica","LC","NLC","corrected_redlistTW"
"3ea8055e-5d95-4b84-ad96-4e48b849a9c3","species","Animalia","Micromys minutus","LC","NLC","corrected_redlistTW"
"4dee6592-1c03-4a49-b485-73b05366e99d","species","Animalia","Mus formosanus","LC","NLC","corrected_redlistTW"
"dd2c5271-02b4-4441-91f5-e6b4b0dc0116","species","Animalia","Mus musculus","LC","NLC","corrected_redlistTW"
"4b0de2e1-3476-40a2-a5c4-63c12dc43044","species","Animalia","Niviventer culturatus","LC","NLC","corrected_redlistTW"
"200754a7-3859-4575-b2b2-8e2e24f82be2","species","Animalia","Niviventer coninga","LC","NLC","corrected_redlistTW"
"42ac4e1f-aec4-4d1b-ba51-7cfa1427b216","species","Animalia","Rattus losea","LC","NLC","corrected_redlistTW"
"f4f37c2f-c263-440f-8bcd-8ce505c876df","species","Animalia","Rattus norvegicus","LC","NLC","corrected_redlistTW"
"f0c78ade-a44b-4067-ab8d-94d0719fd145","species","Animalia","Rattus tanezumi","LC","NLC","corrected_redlistTW"
"aae297ff-949c-4aac-9bc5-bc33916744e0","species","Animalia","Rattus exulans","NA",NA,"corrected_redlistTW"
"92f6f0db-3fda-4fa1-bc81-d6ce529ceb0d","species","Animalia","Eothenomys colurnus","NT","NNT","corrected_redlistTW"
"3c2ebbcf-3e4d-44f1-93f3-fc74ff493023","species","Animalia","Alexandromys kikuchii","NT","NNT","corrected_redlistTW"
"ab026aab-7ef7-4c35-880a-7e0d530da4e0","species","Animalia","Belomys pearsonii","LC","NLC","corrected_redlistTW"
"17369a4d-5103-432d-9d17-3242fc0096c9","species","Animalia","Callosciurus erythraeus","LC","NLC","corrected_redlistTW"
"a11b41ee-06c0-474a-b7b0-64ff8d7af19f","species","Animalia","Dremomys pernyi","LC","NLC","corrected_redlistTW"
"5106f526-5277-4727-981e-86e713ce6c74","species","Animalia","Petaurista lena","LC","NLC","corrected_redlistTW"
"f67629cd-817d-41e3-a132-2b89e612ab2a","species","Animalia","Petaurista grandis","LC","NLC","corrected_redlistTW"
"adaafb8e-5c5d-445a-a8e6-261cb901a627","species","Animalia","Tamiops maritimus","LC","NLC","corrected_redlistTW"
"aafc551d-aee2-495a-b381-2014df4a1e33","species","Animalia","Thainycteris torquatus","LC","NLC","corrected_redlistTW"
"d7b4cff9-4cca-46bb-996d-571f37fcdd0b","species","Animalia","Barbastella darjelingensis","LC","NLC","corrected_redlistTW"
"02226548-3724-4043-beee-ea24b83df50a","species","Animalia","Harpiocephalus harpia","NT","NNT","corrected_redlistTW"
"062ff32c-a886-4bf3-85be-3094c08f13c7","species","Animalia","Harpiola isodon","LC","NLC","corrected_redlistTW"
"ff907f94-7673-4e31-9238-0d61c8a4811c","species","Animalia","Kerivoula furva","LC","NLC","corrected_redlistTW"
"291a93e2-a46c-4706-8880-31d53ad069aa","species","Animalia","Murina puta","LC","NLC","corrected_redlistTW"
"983f733c-e0f8-4b41-b66d-8442645a5997","species","Animalia","Murina gracilis","LC","NLC","corrected_redlistTW"
"a7c6d2f4-81d1-4085-9cc4-5c707335d5f4","species","Animalia","Murina bicolor","LC","NLC","corrected_redlistTW"
"8787be1c-2d5f-40a3-814d-069f5b78a2b1","species","Animalia","Murina recondita","LC","NLC","corrected_redlistTW"
"5ef1f347-a86c-4942-a81c-4840927ca2cd","species","Animalia","Myotis laniger","LC","NLC","corrected_redlistTW"
"3d6fc582-50e9-45c6-b137-9475473d4ac6","species","Animalia","Myotis secundus","LC","NLC","corrected_redlistTW"
"3247491d-9141-41b9-b97a-c43acdcabb3c","species","Animalia","Myotis frater","LC","NLC","corrected_redlistTW"
"9212289c-66a0-4418-814a-d603d9a3cda7","species","Animalia","Myotis fimbriatus","LC","NLC","corrected_redlistTW"
"11685854-83a2-4017-b07c-67210a80686f","species","Animalia","Myotis soror","NT","NNT","corrected_redlistTW"
"76cf5e03-c6eb-43fb-ae8a-7322635f22f9","species","Animalia","Myotis formosus","VU","NVU","corrected_redlistTW"
"e1becc51-67ae-4dbe-bae6-deb8046fd5c9","species","Animalia","Myotis rufoniger","LC","NLC","corrected_redlistTW"
"c05a821f-50a1-4124-8504-77a21e3f48f6","species","Animalia","Myotis pilosus","NT","NNT","corrected_redlistTW"
"972e9adb-b068-4169-b97d-bef9eac71825","species","Animalia","Pipistrellus abramus","LC","NLC","corrected_redlistTW"
"4c497a4b-02bc-4d4b-b502-51763dd0ab4b","species","Animalia","Pipistrellus montanus","NA",NA,"corrected_redlistTW"
"3c13c2ea-37be-44de-8e41-9dda16da11be","species","Animalia","Pipistrellus taiwanensis","NA",NA,"corrected_redlistTW"
"6057b08a-9292-4858-b69b-97ca6f636b7d","species","Animalia","Plecotus taivanus","NT","NNT","corrected_redlistTW"
"5de000d1-14ae-4ce2-ac01-67ee81ba6995","species","Animalia","Scotophilus kuhlii","LC","NLC","corrected_redlistTW"
"7d34fecb-ca50-4c2d-90bc-bb83439d7035","species","Animalia","Submyotodon latirostris","LC","NLC","corrected_redlistTW"
"d24d4734-c348-4e9b-b1c8-cfeb4b1b31dd","species","Animalia","Vespertilio sinensis","EN","NEN","corrected_redlistTW"
"ea6ee1c4-787c-4268-8cda-7006a6c0a894","species","Animalia","Miniopterus fuliginosus","LC","NLC","corrected_redlistTW"
"c75ec5ab-1ebe-4371-a1aa-3980b91907db","species","Animalia","Nyctalus plancyi","LC","NLC","corrected_redlistTW"
"5f7d20a1-1d0b-4122-b905-517463797c98","species","Animalia","Cynopterus sphinx","NA",NA,"corrected_redlistTW"
"14d0933d-08f2-403c-83d6-96c8479ec3f7","species","Animalia","Rousettus leschenaultii","NA",NA,"corrected_redlistTW"
"52de4e15-0819-4346-bd73-505256a30d9e","species","Animalia","Pteropus dasymallus","CR","NCR","corrected_redlistTW"
"7511dd09-9ba5-4869-b51b-fe25b2b63e44","species","Animalia","Rhinolophus formosae","LC","NLC","corrected_redlistTW"
"48f298c6-4b25-488a-9308-c05da7c81d51","species","Animalia","Rhinolophus monoceros","LC","NLC","corrected_redlistTW"
"b5eaeb8d-ec5e-4ea3-b8ea-0bbd444894c6","species","Animalia","Tadarida insignis","LC","NLC","corrected_redlistTW"
"7ec2b401-ca32-42bd-9b5a-63d61823a097","species","Animalia","Coelops frithii","VU","NVU","corrected_redlistTW"
"eade4ab3-27bf-4ad3-9aec-5a269ad7e903","species","Animalia","Hipposideros armiger","LC","NLC","corrected_redlistTW"
"c6b50b1a-8e3b-4729-ba20-73faaf3d9250","species","Animalia","Capricornis swinhoei","LC","NLC","corrected_redlistTW"
"0bdcea29-6d89-4ed7-b227-36b9bbe32c8b","species","Animalia","Cervus nippon","NA",NA,"corrected_redlistTW"
"9f5d6529-1903-47d9-8a75-ed46e65d7159","species","Animalia","Muntiacus reevesi","LC","NLC","corrected_redlistTW"
"ec16b5e7-3bc6-48e1-99e3-fe071331a48e","species","Animalia","Rusa unicolor","NT","NNT","corrected_redlistTW"
"090f6f96-69ad-4493-9673-c917bf8617b4","species","Animalia","Sus scrofa","LC","NLC","corrected_redlistTW"
"1ef26ce6-3221-41a6-bd30-46ce27bf49c6","species","Animalia","Macaca cyclopis","LC","NLC","corrected_redlistTW"
"96acaa9b-0412-4853-8168-fccd12166426","species","Animalia","Prionailurus bengalensis","EN","NEN","corrected_redlistTW"
"46159f00-98da-44c4-9d8a-c4876c7b2f1d","species","Animalia","Urva urva","LC","NLC","corrected_redlistTW"
"f8947246-6152-439c-9a67-a6b1422941b4","species","Animalia","Lutra lutra","CR","NCR","corrected_redlistTW"
"53c48060-9365-4028-92bb-cc8245f59881","species","Animalia","Martes flavigula","VU","NVU","corrected_redlistTW"
"adab0bac-34a0-4d24-8e4e-7b0336ff1df7","species","Animalia","Melogale subaurantiaca","LC","NLC","corrected_redlistTW"
"1b2bd256-b844-4cb6-bc52-8b377c08ba22","species","Animalia","Mustela nivalis","VU","NVU","corrected_redlistTW"
"7ecf32e7-0fb6-44c0-8c01-b6e017ad2985","species","Animalia","Mustela sibirica","LC","NLC","corrected_redlistTW"
"b20f4f14-efc7-4031-a9a2-dd1729839f27","species","Animalia","Paguma larvata","LC","NLC","corrected_redlistTW"
"a9e6148a-e792-4475-bba8-db50bd8759cd","species","Animalia","Viverricula indica","NT","NNT","corrected_redlistTW"
"87d49346-7297-4c0d-a92e-19179e68e9d8","species","Animalia","Ursus thibetanus","EN","NEN","corrected_redlistTW"
"06fc3e21-c3d8-4d18-b4ee-29f3cb93f1b2","species","Animalia","Lepus sinensis","LC","NLC","corrected_redlistTW"
"12893a44-eca8-44a1-955f-970705f53bc4","species","Animalia","Manis pentadactyla","VU","NVU","corrected_redlistTW"
"0ca5399a-baf8-4432-9d3e-cb1bd7e777cb","species","Animalia","Nidirana adenopleura","LC","NLC","corrected_redlistTW"
"127088ed-624d-415b-805b-42af0057f031","species","Animalia","Nidirana okinavana","CR","NCR","corrected_redlistTW"
"c148e475-a3e7-4bfa-a7c3-31c2de13e5b8","species","Animalia","Hylarana guentheri","LC","NLC","corrected_redlistTW"
"c201ef4b-c647-432e-bd82-0b60f45f0f4b","species","Animalia","Hylarana latouchii","LC","NLC","corrected_redlistTW"
"2457ec2f-57ac-496f-b072-e0a310d77226","species","Animalia","Hylarana taipehensis","EN","NEN","corrected_redlistTW"
"ff912a9f-c4d4-4b83-aed2-1da3c462b9b2","species","Animalia","Aquarana catesbeiana","NA",NA,"corrected_redlistTW"
"7bbcda01-2d82-4894-b571-26d33affc4d7","species","Animalia","Odorrana swinhoana","LC","NLC","corrected_redlistTW"
"631a9f03-306f-4a24-b947-f20244505f4f","species","Animalia","Pelophylax fukienensis","NT","NNT","corrected_redlistTW"
"7c5aabc4-90cc-442a-b4de-ce382cc2bb48","species","Animalia","Rana sauteri","LC","NLC","corrected_redlistTW"
"adde0a74-1e78-4b42-9a22-62f2f444852e","species","Animalia","Rana longicrus","VU","NVU","corrected_redlistTW"
"568ba3b8-0071-4ed7-b3ac-a6a9cb791873","species","Animalia","Buergeria choui","LC","NLC","corrected_redlistTW"
"4eecc993-1f40-4c39-a245-4943530e4fb7","species","Animalia","Buergeria robusta","LC","NLC","corrected_redlistTW"
"29fedae9-a41b-4036-943d-e3e8d547292a","species","Animalia","Buergeria otai","LC","NLC","corrected_redlistTW"
"ec171c0f-c458-4949-90d2-8a69dfa073c6","species","Animalia","Kurixalus eiffingeri","LC","NLC","corrected_redlistTW"
"483cec07-4b28-4ddb-a0a6-13788def5ec5","species","Animalia","Kurixalus idiootocus","LC","NLC","corrected_redlistTW"
"84826748-ecfd-475a-bf7a-f094c7a46dd6","species","Animalia","Kurixalus berylliniris","LC","NLC","corrected_redlistTW"
"ed69e7ab-386d-4f2c-9d4a-dc4b22e04209","species","Animalia","Kurixalus wangi","NT","NNT","corrected_redlistTW"
"1488d5cc-26fb-43ae-8d18-040edea6bb27","species","Animalia","Polypedates megacephalus","NA",NA,"corrected_redlistTW"
"54423ea5-09c1-4e01-abae-24cece5c3918","species","Animalia","Polypedates braueri","NT","NNT","corrected_redlistTW"
"24ac63cf-dc3f-4431-a176-1f9225c6a56a","species","Animalia","Zhangixalus arvalis","EN","NEN","corrected_redlistTW"
"ea348cf4-0ae6-4eec-8556-5084d658982e","species","Animalia","Zhangixalus aurantiventris","EN","NEN","corrected_redlistTW"
"174930ef-4c05-4db5-801d-700f00bcf311","species","Animalia","Zhangixalus moltrechti","LC","NLC","corrected_redlistTW"
"8ce5f221-61ad-4e5d-a084-5084d8c9b055","species","Animalia","Zhangixalus prasinatus","NT","NNT","corrected_redlistTW"
"3a7000ea-cb36-4995-8d90-7dcd37c51a34","species","Animalia","Zhangixalus taipeianus","VU","NVU","corrected_redlistTW"
"bf6a3e58-a8a5-4c76-9658-81a672faea92","species","Animalia","Bufo bankorensis","LC","NLC","corrected_redlistTW"
"54754afb-b5c8-4849-8405-4e74f1c936cb","species","Animalia","Duttaphrynus melanostictus","LC","NLC","corrected_redlistTW"
"f4b2f0bb-b7ae-4fb9-b466-1d58a4a77ce2","species","Animalia","Rhinella marina","NA",NA,"corrected_redlistTW"
"9fd8a640-b420-4e46-8073-f6865124c318","species","Animalia","Fejervarya limnocharis","LC","NLC","corrected_redlistTW"
"548afc00-41bb-4980-9cc1-8bbdd9e5860e","species","Animalia","Fejervarya cancrivora","NA",NA,"corrected_redlistTW"
"255b6444-4f05-4faf-9011-b35215176e0c","species","Animalia","Hoplobatrachus chinensis","LC","NLC","corrected_redlistTW"
"4e683882-5eee-4650-869c-daf7328a1f06","species","Animalia","Limnonectes fujianensis","LC","NLC","corrected_redlistTW"
"9863c62f-c8f6-43a5-a337-59c2c028d804","species","Animalia","Hyla chinensis","LC","NLC","corrected_redlistTW"
"94a953b6-d8ab-4f73-ae47-224bf942b8eb","species","Animalia","Kaloula pulchra","NA",NA,"corrected_redlistTW"
"a0499d8b-42ee-4fd4-ab4a-f60138d4ed07","species","Animalia","Microhyla butleri","NT","NNT","corrected_redlistTW"
"4439fe56-3d21-4c64-a2ef-bdb93008ea6e","species","Animalia","Microhyla heymonsi","LC","NLC","corrected_redlistTW"
"4d6b83ff-b8c9-43a5-af53-08016a57f045","species","Animalia","Microhyla fissipes","LC","NLC","corrected_redlistTW"
"a4c36a54-1c37-402d-93c2-a3f276bf8f4d","species","Animalia","Micryletta steinegeri","NT","NNT","corrected_redlistTW"
"00a2f8fd-ff08-4b5f-8d37-0880e7320587","species","Animalia","Hynobius arisanensis","VU","NVU","corrected_redlistTW"
"53f81e9d-d079-42a1-a9f1-6fa6e96eaa52","species","Animalia","Hynobius formosanus","EN","NEN","corrected_redlistTW"
"9ef5200b-f94b-4a6b-bdc8-e8a6ba6a548b","species","Animalia","Hynobius sonani","EN","NEN","corrected_redlistTW"
"e8a89a66-cc57-454f-84ba-2cde6ac5fbd3","species","Animalia","Hynobius fucus","EN","NEN","corrected_redlistTW"
"9610bea3-8a90-417e-9948-2fabb701fd7f","species","Animalia","Hynobius glacialis","CR","NCR","corrected_redlistTW"
"9ad09141-4d73-4b31-950a-0336289fd732","infraspecies","Animalia","Microphis brachyurus brachyurus","LC","NLC","corrected_redlistTW"
"b9af0d4d-76a2-4352-bf58-1003f2f2a47c","infraspecies","Animalia","Carassius auratus auratus","LC","NLC","corrected_redlistTW"
"dc144689-0d47-4763-b98a-bc3a29f01386","infraspecies","Animalia","Cyprinus carpio carpio","LC","NLC","corrected_redlistTW"
"fc645977-f9a1-4287-975f-38e9c8b1722d","species","Animalia","Paratanakia chii","NT","NNT","corrected_redlistTW"
"1d3ea5e8-66ae-42db-8d80-a20f84ad82e8","infraspecies","Animalia","Rhodeus ocellatus ocellatus","LC","NLC","corrected_redlistTW"
"37aec795-14b1-40a0-ae19-9995f8bc7983","infraspecies","Animalia","Anguilla bicolor pacifica","VU","NVU","corrected_redlistTW"
"03b42dc5-83f9-43fa-bd64-984da7636797","infraspecies","Animalia","Eophona migratoria migratoria","LC","NLC","corrected_redlistTW"
"018d7267-88f1-402f-830b-4630eb607d0e","infraspecies","Animalia","Pyrrhula nipalensis uchidai","LC","NLC","corrected_redlistTW"
"07d00afd-5120-4bf1-9baa-7a2f019b05e6","infraspecies","Animalia","Chloris sinica kawarahiba","LC","NLC","corrected_redlistTW"
"3c1a7e15-85f9-4e3c-8c64-f0b647715d7a","infraspecies","Animalia","Chloris sinica sinica","LC","NLC","corrected_redlistTW"
"25535de6-8e38-4b6d-abec-df7c96767537","infraspecies","Animalia","Acridotheres cristatellus formosanus","NT","NNT","corrected_redlistTW"
"74b1b544-85c2-44cc-ac1d-463ac1c1a3f2","infraspecies","Animalia","Acridotheres cristatellus cristatellus","LC","NLC","corrected_redlistTW"
"a0d2fed4-7813-491e-9bd4-f11609948a95","infraspecies","Animalia","Garrulax canorus canorus","LC","NLC","corrected_redlistTW"
"d69e3872-b695-4ffc-a91d-0b9c2a77343e","infraspecies","Animalia","Alauda gulgula wattersi","VU","NVU","corrected_redlistTW"
"9472d259-7d45-491b-9cdf-a71df39b5fb1","infraspecies","Animalia","Alauda gulgula coelivox","VU","NVU","corrected_redlistTW"
"cf1e99de-2561-42a8-bc6e-311f42d5fbeb","infraspecies","Animalia","Anthus gustavi gustavi","LC","NLC","corrected_redlistTW"
"888cfe35-ff7a-42b5-82a6-85da821b2c09","infraspecies","Animalia","Anthus hodgsoni hodgsoni","LC","NLC","corrected_redlistTW"
"53ed2593-30f2-4b5d-9abd-4500007cfb08","infraspecies","Animalia","Anthus hodgsoni yunnanensis","LC","NLC","corrected_redlistTW"
"42914914-e05d-4b5d-ae0c-f811b8a4690c","infraspecies","Animalia","Anthus richardi dauricus","LC","NLC","corrected_redlistTW"
"51b9a226-1276-49d2-af6c-f86d56bc78cb","infraspecies","Animalia","Anthus richardi ussuriensis","LC","NLC","corrected_redlistTW"
"c461a06a-d54d-4b6c-8ca1-8d7727826985","infraspecies","Animalia","Anthus rubescens japonicus","LC","NLC","corrected_redlistTW"
"4c55ba23-9205-47ed-a9e2-868a312c96bc","infraspecies","Animalia","Motacilla alba lugens","LC","NLC","corrected_redlistTW"
"07a3a833-0a34-45f4-895f-8b20884c129f","infraspecies","Animalia","Motacilla alba leucopsis","LC","NLC","corrected_redlistTW"
"e483cb27-8ee7-4c45-8788-48a5947f1363","infraspecies","Animalia","Motacilla alba ocularis","LC","NLC","corrected_redlistTW"
"08f25909-8a0a-4ec7-810f-eb1db1ac4184","infraspecies","Animalia","Motacilla alba baicalensis","LC","NLC","corrected_redlistTW"
"a1100897-c944-4066-a88d-3d086a21b1f0","infraspecies","Animalia","Motacilla alba dukhunensis","LC","NLC","corrected_redlistTW"
"b5496d69-bc9c-4930-861f-8b7bd9d1e993","infraspecies","Animalia","Motacilla cinerea cinerea","LC","NLC","corrected_redlistTW"
"b0aeff40-5a65-4bfc-b9d5-3a62101a3dda","infraspecies","Animalia","Motacilla tschutschensis tschutschensis","LC","NLC","corrected_redlistTW"
"e5ab17fb-88e9-42d8-b6b0-08591e8520b7","infraspecies","Animalia","Motacilla tschutschensis macronyx","LC","NLC","corrected_redlistTW"
"abcc8154-653d-46a2-a6a4-8f3c083acedd","infraspecies","Animalia","Motacilla tschutschensis taivana","LC","NLC","corrected_redlistTW"
"758e0c4d-ec49-4c73-91a1-620eeca20267","infraspecies","Animalia","Copsychus saularis saularis","LC","NLC","corrected_redlistTW"
"3d4f3023-acd3-45fe-ae37-2ccfee35be17","infraspecies","Animalia","Cyanoptila cyanomelana cyanomelana","LC","NLC","corrected_redlistTW"
"4939e0f2-ac3d-407c-92da-035235044da9","infraspecies","Animalia","Ficedula hyperythra innexa","LC","NLC","corrected_redlistTW"
"d67446c5-0a6f-4b5b-bf75-19ef3300cb4b","infraspecies","Animalia","Monticola solitarius philippensis","NT","NNT","corrected_redlistTW"
"0df71c7a-798d-4b92-b56f-974f6b7edc42","infraspecies","Animalia","Monticola solitarius pandoo","NT","NNT","corrected_redlistTW"
"97166694-e7a0-4058-9323-34494047cb92","infraspecies","Animalia","Muscicapa dauurica dauurica","LC","NLC","corrected_redlistTW"
"023a93a2-5d5e-407c-95f7-c923f8bda448","infraspecies","Animalia","Phoenicurus auroreus auroreus","LC","NLC","corrected_redlistTW"
"cb356438-6649-4f2b-82af-fb6cfcef282a","infraspecies","Animalia","Phoenicurus fuliginosus affinis","VU","NVU","corrected_redlistTW"
"9c7ee1eb-c57b-437f-9517-b4e941caa556","infraspecies","Animalia","Phoenicurus fuliginosus fuliginosus","VU","NVU","corrected_redlistTW"
"71f61eff-7547-456b-b5ca-7110ed74fd37","species","Animalia","Saxicola stejnegeri","LC","NLC","corrected_redlistTW"
"442be462-2a28-4ab9-846e-119f76d59be0","infraspecies","Animalia","Tarsiger cyanurus cyanurus","LC","NLC","corrected_redlistTW"
"7a1e7ef8-f28d-43d1-97b7-c95dc275b04d","infraspecies","Animalia","Calliope calliope camtschatkensis","LC","NLC","corrected_redlistTW"
"ef8db97c-61fb-4655-b57e-f0357f1fda5c","infraspecies","Animalia","Calliope calliope calliope","LC","NLC","corrected_redlistTW"
"2a067f71-4558-41d1-a01f-6633ee16425a","infraspecies","Animalia","Myiomela leucura montium","LC","NLC","corrected_redlistTW"
"78fbfc69-ece2-4188-bc6a-feb95dce9704","infraspecies","Animalia","Enicurus scouleri fortis","VU","NVU","corrected_redlistTW"
"cc944fac-1b91-4fcd-beee-4bf7062abd12","infraspecies","Animalia","Corvus macrorhynchos colonorum","LC","NLC","corrected_redlistTW"
"e820d0f8-4a48-4885-a735-0adf9b0a8ed1","infraspecies","Animalia","Dendrocitta formosae formosae","LC","NLC","corrected_redlistTW"
"96aa90ee-9d14-415c-a446-24680625bfe7","infraspecies","Animalia","Dendrocitta formosae sinica","LC","NLC","corrected_redlistTW"
"cbe213a8-cdb5-432a-b46f-e54548d75d1b","infraspecies","Animalia","Garrulus glandarius taivanus","LC","NLC","corrected_redlistTW"
"6c40792c-03a9-45ac-a176-a0a947b7d22b","infraspecies","Animalia","Nucifraga caryocatactes owstoni","LC","NLC","corrected_redlistTW"
"3f193303-d623-46b8-b9ac-a44e5b7a6172","infraspecies","Animalia","Dicrurus aeneus braunianus","LC","NLC","corrected_redlistTW"
"e2be2732-949b-4735-b8b4-123128e0a942","infraspecies","Animalia","Dicrurus macrocercus cathoecus","LC","NLC","corrected_redlistTW"
"c0af0a31-1087-4601-b1b6-945642537e16","infraspecies","Animalia","Dicrurus macrocercus harterti","LC","NLC","corrected_redlistTW"
"32917a0d-f100-44dc-a059-ec6f3f6f1730","infraspecies","Animalia","Emberiza aureola ornata","EN","NEN","corrected_redlistTW"
"32190dc8-f020-4ba2-bb9d-adbe3ec39d48","infraspecies","Animalia","Emberiza elegans elegans","LC","NLC","corrected_redlistTW"
"0e91b442-5f18-4a05-a6cc-a0df429a1351","infraspecies","Animalia","Emberiza spodocephala spodocephala","LC","NLC","corrected_redlistTW"
"6e2c5d5f-ed42-4943-b505-66fe69435587","species","Animalia","Emberiza personata","LC","","corrected_redlistTW"
"a86417d4-9eac-4c76-95f0-db730bc71f85","infraspecies","Animalia","Emberiza spodocephala sordida","LC","NLC","corrected_redlistTW"
"9830adf2-86ce-4471-9b22-d6df1ad24538","infraspecies","Animalia","Lonchura atricapilla formosana","VU","NVU","corrected_redlistTW"
"099552d8-6b9d-4f92-9667-a690fe0c286c","infraspecies","Animalia","Lonchura atricapilla sinensis","","NVU","corrected_redlistTW"
"1dc2ca35-a992-4753-b6e8-d609774848dc","infraspecies","Animalia","Lonchura atricapilla jagori","","NVU","corrected_redlistTW"
"69e21abf-b727-4b43-8fe6-d5fd3adf1ad5","infraspecies","Animalia","Lonchura atricapilla deignani","","NVU","corrected_redlistTW"
"8e21adba-2006-40d2-9c14-55b1a88f47c1","infraspecies","Animalia","Lonchura punctulata topela","LC","NLC","corrected_redlistTW"
"940bad35-bee9-4eea-8049-e0d4f5a222a5","infraspecies","Animalia","Lonchura striata swinhoei","LC","NLC","corrected_redlistTW"
"1f7663d2-62ae-49d2-ad7d-758ff643c641","infraspecies","Animalia","Sinosuthora webbiana bulomacha","EN","NEN","corrected_redlistTW"
"0a9363b2-0192-4bd3-a555-43cd6bcb5d92","infraspecies","Animalia","Suthora verreauxi morrisoniana","LC","NLC","corrected_redlistTW"
"8c444c42-ea52-4fab-9e49-ceeda6697bac","infraspecies","Animalia","Turdus chrysolaus chrysolaus","LC","NLC","corrected_redlistTW"
"c93d5131-4343-4a7e-a35b-f4a118d01244","infraspecies","Animalia","Turdus mandarinus mandarinus","LC","NLC","corrected_redlistTW"
"9d228fcf-9b97-4431-be6b-9dc500323656","infraspecies","Animalia","Zoothera aurea aurea","LC","NLC","corrected_redlistTW"
"afcba86e-e370-45fc-9b98-4feb057b5330","infraspecies","Animalia","Zoothera aurea toratugumi","LC","NLC","corrected_redlistTW"
"b16e18d9-a49b-4086-9926-9ecd06967018","infraspecies","Animalia","Zoothera dauma dauma","LC","NLC","corrected_redlistTW"
"03519181-616a-4f5b-87dd-36be6d1d7228","infraspecies","Animalia","Horornis acanthizoides concolor","NT","NNT","corrected_redlistTW"
"632cc291-4d92-4336-a1d0-0e478a3061e3","infraspecies","Animalia","Horornis diphone cantans","LC","NLC","corrected_redlistTW"
"2477859d-aaeb-46de-bf45-b7db7cc11831","infraspecies","Animalia","Horornis diphone viridis","LC","NLC","corrected_redlistTW"
"d07b2dc5-4fca-427f-9eb5-4d858a6c6884","infraspecies","Animalia","Horornis canturians canturians","LC","NLC","corrected_redlistTW"
"4357e4b5-3f7c-438d-9ec0-4d8cd953744e","infraspecies","Animalia","Horornis fortipes robustipes","LC","NLC","corrected_redlistTW"
"1fcc280e-3a9b-47cd-aaaa-25ef7309f36c","infraspecies","Animalia","Horornis fortipes davidianus","LC","NLC","corrected_redlistTW"
"67390182-f93f-4912-b5fd-ad81de94f140","infraspecies","Animalia","Abroscopus albogularis fulvifacies","LC","NLC","corrected_redlistTW"
"8aa24731-49ec-4439-854c-6a06be7bb90a","infraspecies","Animalia","Lalage melaschistos intermedia","LC","NLC","corrected_redlistTW"
"505aff80-12f4-4377-9865-7efc3e038ec4","infraspecies","Animalia","Pericrocotus solaris griseogularis","LC","NLC","corrected_redlistTW"
"a752127b-923a-419b-8237-01f55029333e","infraspecies","Animalia","Coracina macei rexpineti","VU","NVU","corrected_redlistTW"
"79640da4-bfb3-4cc9-abea-76fe46c312a3","infraspecies","Animalia","Lanius cristatus cristatus","LC","NLC","corrected_redlistTW"
"ba893bc3-208f-4e36-9042-5b5c5e5768f3","infraspecies","Animalia","Lanius cristatus lucionensis","LC","NLC","corrected_redlistTW"
"39d5f3f0-4491-4623-94ce-0f60f0c8aed3","infraspecies","Animalia","Lanius cristatus confusus","LC","NLC","corrected_redlistTW"
"917e2adf-6a26-4621-887a-8cdee1e3e24e","infraspecies","Animalia","Lanius cristatus superciliosus","LC","NLC","corrected_redlistTW"
"715e85f6-310c-4537-98a4-8a1e2c525210","infraspecies","Animalia","Lanius schach schach","VU","NVU","corrected_redlistTW"
"c1221dfa-f1a5-4c4f-8803-788a2ddd353b","infraspecies","Animalia","Helopsaltes ochotensis ochotensis","LC","NLC","corrected_redlistTW"
"3a66f27f-b957-4abb-8df3-f4eb7b03fde2","infraspecies","Animalia","Helopsaltes ochotensis subcerthiola","LC","NLC","corrected_redlistTW"
"d1806e25-f71b-4c45-b8c7-6cb62d373eb1","infraspecies","Animalia","Periparus ater ptilosus","LC","NLC","corrected_redlistTW"
"60c16ff7-c3df-469f-ad85-84c16443859f","infraspecies","Animalia","Parus monticolus insperatus","LC","NLC","corrected_redlistTW"
"9f84a519-c070-4703-9113-d6fcde1abc42","infraspecies","Animalia","Cyanoderma ruficeps praecognitum","LC","NLC","corrected_redlistTW"
"b85ca7f7-52be-4ef1-818a-12a1ae80fdf4","infraspecies","Animalia","Phylloscopus borealis borealis","LC","NLC","corrected_redlistTW"
"9ac94a59-3fb3-49e0-a227-e2b89b1bec26","infraspecies","Animalia","Phylloscopus fuscatus fuscatus","LC","NLC","corrected_redlistTW"
"35f5b540-ef72-445b-85e0-63b70e3d1d95","infraspecies","Animalia","Prunella collaris fennelli","VU","NVU","corrected_redlistTW"
"54b7ade7-1d63-44ff-87c1-1648197d8df8","infraspecies","Animalia","Pycnonotus sinensis formosae","LC","NLC","corrected_redlistTW"
"9bc8b754-43ec-44b8-bdcd-064666be7890","infraspecies","Animalia","Pycnonotus sinensis sinensis","LC","NLC","corrected_redlistTW"
"12f55031-e66e-40df-8171-03a4064270ac","infraspecies","Animalia","Hypsipetes amaurotis harterti","LC","NLC","corrected_redlistTW"
"e54e81d5-264f-4e85-9924-122d4ee05081","infraspecies","Animalia","Hypsipetes amaurotis amaurotis","LC","NLC","corrected_redlistTW"
"a49ae946-1f05-4768-9b2f-72c9d5e59903","infraspecies","Animalia","Hypsipetes leucocephalus nigerrimus","LC","NLC","corrected_redlistTW"
"6bdc33fb-7685-4f7f-814d-06ff1606f53e","infraspecies","Animalia","Hypsipetes leucocephalus leucocephalus","LC","NLC","corrected_redlistTW"
"16ff889b-e7d2-46fc-b690-7de745310cb3","infraspecies","Animalia","Spizixos semitorques cinereicapillus","LC","NLC","corrected_redlistTW"
"c4f14045-7f3f-4127-aa82-b6652ec86db7","infraspecies","Animalia","Spizixos semitorques semitorques","LC","NLC","corrected_redlistTW"
"aa76fba3-b74d-401e-b7e6-4ce942ade07e","infraspecies","Animalia","Terpsiphone atrocaudata atrocaudata","NT","NNT","corrected_redlistTW"
"2190fbbd-a33a-49f1-8a65-655a0ddb1342","infraspecies","Animalia","Terpsiphone atrocaudata periophthalmica","NT","NNT","corrected_redlistTW"
"af647599-96b3-4b54-8079-3f3139303c01","infraspecies","Animalia","Terpsiphone atrocaudata illex","NT","NNT","corrected_redlistTW"
"0505145a-853b-4672-ba2c-e1f7e1515dce","infraspecies","Animalia","Hypothymis azurea oberholseri","LC","NLC","corrected_redlistTW"
"39cbf245-2b66-460c-b41a-a604c6b8bdee","infraspecies","Animalia","Hypothymis azurea styani","LC","NLC","corrected_redlistTW"
"030b2d37-4896-44fa-a0c2-171ac0cbef62","species","Animalia","Zosterops simplex","LC","NLC","corrected_redlistTW"
"e0275275-b446-49fa-801c-dd66ed623d96","infraspecies","Animalia","Zosterops simplex simplex","LC","NLC","corrected_redlistTW"
"32fe4ba9-89e8-4005-8f56-2610eccc1113","infraspecies","Animalia","Zosterops japonicus japonicus","NT","NNT","corrected_redlistTW"
"9be63a32-1746-4a15-ade5-dee06b93d484","infraspecies","Animalia","Zosterops meyeni batanis","LC","NLC","corrected_redlistTW"
"0e050636-fb36-437b-aac0-4d2876defa09","infraspecies","Animalia","Aegithalos concinnus concinnus","LC","NLC","corrected_redlistTW"
"6b7577fc-0779-45d0-abc9-fb12d9b5614f","infraspecies","Animalia","Cecropis striolata striolata","LC","NLC","corrected_redlistTW"
"126f6597-add8-4b99-a041-f76c2d00598c","infraspecies","Animalia","Delichon dasypus nigrimentale","LC","NLC","corrected_redlistTW"
"6c5fa004-ddde-4f62-b52e-a6dc60773ebb","infraspecies","Animalia","Delichon dasypus dasypus","LC","NLC","corrected_redlistTW"
"b52f9731-5587-47e2-8181-f5e4a10f789f","infraspecies","Animalia","Hirundo rustica gutturalis","LC","NLC","corrected_redlistTW"
"2a2aec93-ddad-4d8c-9a9b-f8a5e0d92350","infraspecies","Animalia","Hirundo rustica mandschurica","LC","NLC","corrected_redlistTW"
"52c34a77-ee93-499c-92dc-a053c5049cc6","infraspecies","Animalia","Hirundo rustica tytleri","LC","NLC","corrected_redlistTW"
"67f4b13c-b4da-4b62-9f05-bcd433c5cdd5","infraspecies","Animalia","Hirundo tahitica namiyei","NT","NNT","corrected_redlistTW"
"0ec707fe-c1d1-479d-9f3a-dbb657fbfb21","infraspecies","Animalia","Hirundo tahitica javanica","NT","NNT","corrected_redlistTW"
"7ddcddbe-cc1f-403d-99ac-4fab212ba30e","infraspecies","Animalia","Riparia chinensis chinensis","LC","NLC","corrected_redlistTW"
"f9f576d1-6572-4837-a9e0-10de1ac4d083","infraspecies","Animalia","Cinclus pallasii pallasii","LC","NLC","corrected_redlistTW"
"c8b2d4f1-64f5-4ac9-8397-571c137a4e9a","infraspecies","Animalia","Cisticola exilis volitans","LC","NLC","corrected_redlistTW"
"bdf36132-6396-45b1-b1d2-e1398be99527","infraspecies","Animalia","Cisticola juncidis tinnabulans","LC","NLC","corrected_redlistTW"
"a16f0b8d-92b3-4dd5-9e0b-65df3699c9e9","infraspecies","Animalia","Prinia striata striata","LC","NLC","corrected_redlistTW"
"5eac84f2-ec41-4d67-b113-83b6aee760b9","infraspecies","Animalia","Prinia flaviventris sonitans","LC","NLC","corrected_redlistTW"
"69ae8170-383b-4ee0-977a-b9aec8d5a704","infraspecies","Animalia","Prinia inornata flavirostris","LC","NLC","corrected_redlistTW"
"75f97c3a-7153-4d92-81ca-013fc19f6680","infraspecies","Animalia","Prinia inornata extensicauda","LC","NLC","corrected_redlistTW"
"f591488a-7abc-44fe-bb37-808465621023","infraspecies","Animalia","Dicaeum ignipectus formosum","LC","NLC","corrected_redlistTW"
"4b2190e6-7993-4251-b56f-e8252fd24486","infraspecies","Animalia","Dicaeum minullum uchidai","LC","NLC","corrected_redlistTW"
"3736a780-409a-4f15-820b-a5271e7efa0f","infraspecies","Animalia","Erpornis zantholeuca griseiloris","LC","NLC","corrected_redlistTW"
"96648456-b936-4603-a826-b9290f627dba","infraspecies","Animalia","Oriolus chinensis diffusus","VU","NVU","corrected_redlistTW"
"58c022b9-5598-44ca-93c5-514bbf212e49","infraspecies","Animalia","Oriolus chinensis maculatus","","NVU","corrected_redlistTW"
"2a7dbf7c-f290-45ab-98cf-f71b787aeba1","infraspecies","Animalia","Oriolus traillii ardens","LC","NLC","corrected_redlistTW"
"7b2b8694-a894-4fb1-9d96-9c465e2f2e49","infraspecies","Animalia","Passer montanus saturatus","NT","NNT","corrected_redlistTW"
"113edf4b-7c13-4ae0-8e01-bcf2d1e38486","infraspecies","Animalia","Schoeniparus brunneus brunneus","NT","NNT","corrected_redlistTW"
"f3f17e16-6025-4d61-b2ce-98c05ed7b265","infraspecies","Animalia","Sitta europaea formosana","NT","NNT","corrected_redlistTW"
"dcc62a9a-a73f-4381-abe0-2dc4572941cc","infraspecies","Animalia","Troglodytes troglodytes taivanus","LC","NLC","corrected_redlistTW"
"2d6dd3dd-f84a-4a5d-931c-46ebd54602d5","infraspecies","Animalia","Accipiter gularis gularis","LC","NLC","corrected_redlistTW"
"8b793d63-11b9-47e2-b5bd-6fb62571ca19","infraspecies","Animalia","Accipiter trivirgatus formosae","LC","NLC","corrected_redlistTW"
"6b2f477b-2331-40c0-87c2-e97d606daf03","infraspecies","Animalia","Accipiter trivirgatus indicus","LC","NLC","corrected_redlistTW"
"83d5702a-0f7d-44cb-bb4b-0363432d7683","infraspecies","Animalia","Accipiter virgatus fuscipectus","LC","NLC","corrected_redlistTW"
"ff09956d-ea7a-4568-980f-7c0d7f5b6f0a","infraspecies","Animalia","Accipiter virgatus affinis","LC","NLC","corrected_redlistTW"
"1cde0d7f-e86d-478b-97bc-563a0869f158","infraspecies","Animalia","Buteo japonicus japonicus","LC","NLC","corrected_redlistTW"
"7fdb1a8f-7ec9-4c86-a1e7-e802953dbba0","infraspecies","Animalia","Elanus caeruleus vociferus","LC","NLC","corrected_redlistTW"
"b20f5a90-dff6-48a9-b9ba-fd047d2ec7b7","infraspecies","Animalia","Ictinaetus malaiensis malaiensis","NT","NNT","corrected_redlistTW"
"a04e4fd0-703a-418e-8aa7-2948c0d0468d","infraspecies","Animalia","Milvus migrans formosanus","VU","NVU","corrected_redlistTW"
"869544b3-aede-40ef-bec8-a2f05484b9e3","infraspecies","Animalia","Milvus migrans lineatus","VU","NVU","corrected_redlistTW"
"8d8634ef-b32f-4bb0-8bc4-83cbae1fd1e1","infraspecies","Animalia","Nisaetus nipalensis nipalensis","VU","NVU","corrected_redlistTW"
"40599ff4-51f0-4de9-8dcf-bc1d952904ca","infraspecies","Animalia","Pernis ptilorhynchus orientalis","LC","NLC","corrected_redlistTW"
"9e3f272f-1fc2-41e5-9ce7-5c3885a967ec","infraspecies","Animalia","Spilornis cheela hoya","LC","NLC","corrected_redlistTW"
"27212316-f8b0-408b-8ca7-bafa764542a0","infraspecies","Animalia","Pandion haliaetus haliaetus","LC","NLC","corrected_redlistTW"
"71d770c9-fc1d-47ad-9313-e4d8ba93495a","infraspecies","Animalia","Calidris alba alba","NT","NNT","corrected_redlistTW"
"d0abbcfa-96bf-4fbd-b886-d153129c608d","infraspecies","Animalia","Calidris alpina sakhalina","LC","NLC","corrected_redlistTW"
"ebf8dbe0-2d87-48f4-be19-c55fd5dd9117","infraspecies","Animalia","Calidris alpina kistchinski","LC","NLC","corrected_redlistTW"
"31489785-e1f8-416c-b065-c4fe655db2e6","infraspecies","Animalia","Calidris alpina actites","LC","NLC","corrected_redlistTW"
"1ea9b5d3-e569-4790-8637-a7a0c99521a5","infraspecies","Animalia","Calidris alpina arcticola","LC","NLC","corrected_redlistTW"
"e3c6f6c3-a25c-4403-bb06-56ebe6b6a785","infraspecies","Animalia","Calidris canutus rogersi","VU","NVU","corrected_redlistTW"
"9a4a5a63-8411-42ab-a955-451dadfbb1bf","infraspecies","Animalia","Calidris canutus piersmai","VU","NVU","corrected_redlistTW"
"d1a7c39c-4e12-4bd8-b5a6-2fd344dfb35c","infraspecies","Animalia","Calidris falcinellus sibirica","LC","NLC","corrected_redlistTW"
"652f825e-fe39-4d90-90a3-40f0d507e7b2","infraspecies","Animalia","Gallinago gallinago gallinago","VU","NVU","corrected_redlistTW"
"3e9c051c-f9ba-4590-a1a5-7e3cd6982153","infraspecies","Animalia","Numenius arquata orientalis","VU","NVU","corrected_redlistTW"
"b7af91bd-4612-4cc0-acd0-d4e4dc9a31eb","infraspecies","Animalia","Numenius phaeopus variegatus","LC","NLC","corrected_redlistTW"
"5c70916f-eae3-4a5b-b704-d15eac6814bb","infraspecies","Animalia","Tringa totanus ussuriensis","LC","NLC","corrected_redlistTW"
"73c672dc-62a0-4f7a-9348-8aa8b8c80b8d","infraspecies","Animalia","Tringa totanus terrignotae","LC","NLC","corrected_redlistTW"
"82dcdb31-782c-4dc4-a926-9c53011a355e","infraspecies","Animalia","Limosa lapponica baueri","VU","NVU","corrected_redlistTW"
"e19ce850-d71b-4fd8-95cf-15ee3fc6f6b1","infraspecies","Animalia","Limosa lapponica menzbieri","VU","NVU","corrected_redlistTW"
"27ef84d3-276c-4db8-ad62-e2875294e863","infraspecies","Animalia","Limosa limosa melanuroides","VU","NVU","corrected_redlistTW"
"a71fad2a-1d85-42b3-8928-4d34884c0f01","infraspecies","Animalia","Arenaria interpres interpres","NT","NNT","corrected_redlistTW"
"0ff80a8a-cff7-4c96-92c4-3e890b28b7c7","infraspecies","Animalia","Anous stolidus pileatus","LC","NLC","corrected_redlistTW"
"34bd7b8e-8ef4-416f-bf72-ec9d74c23b60","infraspecies","Animalia","Chlidonias hybrida hybrida","LC","NLC","corrected_redlistTW"
"2b0852f5-0717-4b07-8eba-bfa790efd475","infraspecies","Animalia","Onychoprion anaethetus anaethetus","LC","NLC","corrected_redlistTW"
"279a32f1-10a5-43d9-98dd-1dbaf2a4ef75","infraspecies","Animalia","Thalasseus bergii cristatus","LC","NLC","corrected_redlistTW"
"61b8e0ae-d7ff-43a2-a19f-695d10675f87","infraspecies","Animalia","Gelochelidon nilotica affinis","LC","NLC","corrected_redlistTW"
"1db755b9-2339-4744-a2c7-ef3019f77592","infraspecies","Animalia","Sterna dougallii bangsi","LC","NLC","corrected_redlistTW"
"598c1cc9-dd96-48c4-bb9d-eb13b0346b1d","infraspecies","Animalia","Sterna hirundo longipennis","LC","NLC","corrected_redlistTW"
"cbae67b4-4ddb-4724-b67e-5beea51555e6","infraspecies","Animalia","Sterna hirundo minussensis","LC","NLC","corrected_redlistTW"
"1db8ec83-1bef-462d-88cd-204ed3de3447","infraspecies","Animalia","Sterna sumatrana sumatrana","LC","NLC","corrected_redlistTW"
"cf6fced1-854c-40ff-9732-02864e309051","infraspecies","Animalia","Sternula albifrons sinensis","NT","NNT","corrected_redlistTW"
"ee0c66fd-cf31-469d-a940-b0c735f3b6c2","infraspecies","Animalia","Charadrius alexandrinus alexandrinus","LC","NLC","corrected_redlistTW"
"7d616cdd-8a55-4742-a160-590b49b55c27","infraspecies","Animalia","Charadrius dubius curonicus","LC","NLC","corrected_redlistTW"
"74eded14-8860-4fde-8b93-dff81f34bb7c","infraspecies","Animalia","Charadrius leschenaultii leschenaultii","LC","NLC","corrected_redlistTW"
"61994044-0057-476f-b522-3747c1195df7","infraspecies","Animalia","Anarhynchus mongolus stegmanni","LC","NLC","corrected_redlistTW"
"2a4fe9a8-bc2f-46bf-aff1-88dfdf658954","infraspecies","Animalia","Haematopus ostralegus osculans","NT","NNT","corrected_redlistTW"
"973c40f7-ac38-4640-b074-e7d63813a335","infraspecies","Animalia","Turnix suscitator rostratus","LC","NLC","corrected_redlistTW"
"1605186a-07b6-4653-85af-15abffb7c49a","infraspecies","Animalia","Turnix sylvaticus davidi","CR","NCR","corrected_redlistTW"
"a287c39c-b311-4920-a675-1a3df2d2d050","infraspecies","Animalia","Anas crecca crecca","NT","NNT","corrected_redlistTW"
"22208058-1bab-436b-b9f0-e05ae5a957c5","infraspecies","Animalia","Amaurornis phoenicurus phoenicurus","LC","NLC","corrected_redlistTW"
"b2260dc7-84ec-4245-aef9-fc12e175e03c","infraspecies","Animalia","Rallina eurizonoides formosana","LC","NLC","corrected_redlistTW"
"b576dce2-4b14-4938-b334-8d3872aa1602","infraspecies","Animalia","Zapornia fusca erythrothorax","LC","NLC","corrected_redlistTW"
"d478211a-08bc-444d-9ef4-f783350427a8","infraspecies","Animalia","Fulica atra atra","LC","NLC","corrected_redlistTW"
"379c2e91-228b-48b9-b1a3-b50a90c0d0e9","infraspecies","Animalia","Gallinula chloropus chloropus","LC","NLC","corrected_redlistTW"
"93e0a410-8c67-4013-a039-c9f2d2c46ef6","infraspecies","Animalia","Lewinia striata taiwana","NT","NNT","corrected_redlistTW"
"43f2a2a4-b784-4974-a45c-0533a0811f53","infraspecies","Animalia","Lewinia striata jouyi","NT","NNT","corrected_redlistTW"
"9daa4aa9-c9ed-4ed0-83df-4120e5966cf5","infraspecies","Animalia","Phasianus colchicus formosanus","CR","NCR","corrected_redlistTW"
"da946eff-550a-49ef-9c2d-6cafb480ccb9","infraspecies","Animalia","Phasianus colchicus karpowi","","NCR","corrected_redlistTW"
"8da960a7-8e82-43ea-a6af-6589b4184c47","infraspecies","Animalia","Hydrobates leucorhous leucorhous","NA",NA,"corrected_redlistTW"
"a90c00c1-7501-4e45-93bd-ecf0d53aae9a","infraspecies","Animalia","Egretta garzetta garzetta","LC","NLC","corrected_redlistTW"
"631788f9-a3a7-48d2-bf87-a7caf02026a9","infraspecies","Animalia","Egretta sacra sacra","LC","NLC","corrected_redlistTW"
"f0a64182-43d1-42d8-b25c-05b73079d615","infraspecies","Animalia","Ardea alba modesta","LC","NLC","corrected_redlistTW"
"1987e6a0-9ef1-4cd6-80a4-f4c8dcae4225","infraspecies","Animalia","Ardea cinerea jouyi","LC","NLC","corrected_redlistTW"
"df159770-6e41-445f-bb41-5d5291526689","infraspecies","Animalia","Ardea purpurea manilensis","LC","NLC","corrected_redlistTW"
"e95c51ba-0f2c-4239-9006-6aaf814d506f","infraspecies","Animalia","Bubulcus ibis coromandus","LC","NLC","corrected_redlistTW"
"57f41bd8-7220-4565-b0be-61287c345a9c","infraspecies","Animalia","Butorides striata carcinophila","LC","NLC","corrected_redlistTW"
"b3fe83b7-cefd-4c92-8cf2-453667144767","infraspecies","Animalia","Butorides striata amurensis","LC","NLC","corrected_redlistTW"
"ccd6d3cc-7649-4c3d-aee5-7d2832422025","infraspecies","Animalia","Butorides striata actophila","LC","NLC","corrected_redlistTW"
"44211b49-e49a-49ab-a43c-37d307a83388","infraspecies","Animalia","Nycticorax nycticorax nycticorax","LC","NLC","corrected_redlistTW"
"de9b2451-ed25-4021-8758-b1bcc5245998","infraspecies","Animalia","Cuculus micropterus micropterus","LC","NLC","corrected_redlistTW"
"e1c7e044-12d7-4fd3-a059-73084d9f4465","infraspecies","Animalia","Centropus bengalensis lignator","LC","NLC","corrected_redlistTW"
"3b1cb7ed-6690-4a43-81df-f9d41321db86","infraspecies","Animalia","Centropus sinensis sinensis","LC","NLC","corrected_redlistTW"
"16fc70b2-f01c-4295-b326-de108dba06e2","infraspecies","Animalia","Eudynamys scolopaceus chinensis","LC","NLC","corrected_redlistTW"
"480cdaf0-aa28-44f4-b906-780e9aa7a52d","infraspecies","Animalia","Spilopelia chinensis chinensis","LC","NLC","corrected_redlistTW"
"85d262ad-9949-488f-a94a-b2ac006c56d6","infraspecies","Animalia","Streptopelia orientalis orii","LC","NLC","corrected_redlistTW"
"0f71f76e-ee96-4078-b0bb-c3065892f433","infraspecies","Animalia","Streptopelia orientalis orientalis","LC","NLC","corrected_redlistTW"
"06fe9af4-3836-4403-9149-973364216db0","infraspecies","Animalia","Streptopelia tranquebarica humilis","LC","NLC","corrected_redlistTW"
"c9b146ef-9d2a-4a39-979e-43559a0d7c29","infraspecies","Animalia","Treron formosae formosae","VU","NVU","corrected_redlistTW"
"f88055f7-2ac2-4245-8b8a-7ecbb067be81","infraspecies","Animalia","Treron formosae medioximus","VU","NVU","corrected_redlistTW"
"a9dbfcae-25b2-4a2b-a342-3375a252e39a","infraspecies","Animalia","Treron sieboldii sieboldii","LC","NLC","corrected_redlistTW"
"10fcd8e8-84c0-496e-81b3-462fc4a0b23c","infraspecies","Animalia","Chalcophaps indica indica","LC","NLC","corrected_redlistTW"
"e4ddc7c1-d74d-4f89-9aa0-c5c6cde3f7ca","infraspecies","Animalia","Macropygia tenuirostris septentrionalis","VU","NVU","corrected_redlistTW"
"80f016bc-a3d2-4afd-865e-d5d8ce4c2968","infraspecies","Animalia","Ptilinopus leclancheri longialis","NA",NA,"corrected_redlistTW"
"4803633b-b356-4c03-b51c-ace12ce134a5","infraspecies","Animalia","Falco peregrinus calidus","NT","NNT","corrected_redlistTW"
"aec32b68-fdd9-4690-b46c-27ad42ac9740","infraspecies","Animalia","Falco peregrinus peregrinator","NT","NNT","corrected_redlistTW"
"c9905aae-419e-4df0-8439-524a879f0682","infraspecies","Animalia","Falco peregrinus japonensis","NT","NNT","corrected_redlistTW"
"523d5290-4e64-477b-bc07-d49f20739f87","infraspecies","Animalia","Falco peregrinus ernesti","NT","NNT","corrected_redlistTW"
"09cc20c4-5f37-4d4e-a770-472d2feab64f","infraspecies","Animalia","Falco tinnunculus tinnunculus","VU","NVU","corrected_redlistTW"
"7568befd-24c8-4d55-bd00-086775d70e9a","infraspecies","Animalia","Falco tinnunculus interstinctus","VU","NVU","corrected_redlistTW"
"4cfba5a4-239e-4ee2-b571-6cfe34693916","infraspecies","Animalia","Halcyon coromanda major","LC","NLC","corrected_redlistTW"
"b511b104-4a0a-4d15-a398-1a80e43f13b7","infraspecies","Animalia","Halcyon coromanda bangsi","LC","NLC","corrected_redlistTW"
"5b5fd359-17bb-4ede-859d-e41ec36531ae","infraspecies","Animalia","Halcyon smyrnensis fokiensis","NT","NNT","corrected_redlistTW"
"cb5d0e0f-dc8f-4719-b5c8-942ce9fa5b13","infraspecies","Animalia","Alcedo atthis bengalensis","LC","NLC","corrected_redlistTW"
"123b8365-63c0-4a96-9fa1-824da39c346e","infraspecies","Animalia","Ceryle rudis insignis","NT","NNT","corrected_redlistTW"
"af4b8135-e2a0-479d-ac76-60ff0c3c764c","infraspecies","Animalia","Upupa epops saturata","LC","NLC","corrected_redlistTW"
"d042a013-365a-40df-8693-51cc484382a8","infraspecies","Animalia","Hirundapus caudacutus caudacutus","LC","NLC","corrected_redlistTW"
"56b7ddbf-a1fd-4682-8f34-27e47ad74c37","infraspecies","Animalia","Hirundapus cochinchinensis formosanus","LC","NLC","corrected_redlistTW"
"3d76dac0-19e1-43ff-b0fd-dd95c88bfac6","infraspecies","Animalia","Apus nipalensis kuntzi","LC","NLC","corrected_redlistTW"
"6b8afb68-66ae-4ae9-9b10-93375cbeec58","infraspecies","Animalia","Apus pacificus pacificus","LC","NLC","corrected_redlistTW"
"25cc7f50-0fc6-40be-989c-fb02a234792d","infraspecies","Animalia","Apus pacificus kurodae","LC","NLC","corrected_redlistTW"
"863ed427-99f8-4381-b58c-d4e835c1df07","infraspecies","Animalia","Taenioptynx brodiei pardalotus","NT","NNT","corrected_redlistTW"
"cada44ce-c5d7-4a2c-a2d4-7a4372b61898","infraspecies","Animalia","Ninox japonica japonica","LC","NLC","corrected_redlistTW"
"4e378931-a9f8-44ce-bfee-d28e9450a62c","infraspecies","Animalia","Otus elegans botelensis","NT","NNT","corrected_redlistTW"
"81206f87-53f9-4aae-a450-abcd552c0f80","infraspecies","Animalia","Otus lettia glabripes","LC","NLC","corrected_redlistTW"
"77118313-0da7-404a-bf77-83f2e76ab487","infraspecies","Animalia","Otus lettia erythrocampe","LC","NLC","corrected_redlistTW"
"6871aaf7-684a-4879-8c35-8e3361f1b096","infraspecies","Animalia","Otus spilocephalus hambroecki","LC","NLC","corrected_redlistTW"
"95977a32-ea9f-4ef3-aeb8-89c248bce464","infraspecies","Animalia","Otus sunia japonicus","NT","NNT","corrected_redlistTW"
"291b013a-a0fa-4e88-9478-940173828f24","infraspecies","Animalia","Otus sunia stictonotus","NT","NNT","corrected_redlistTW"
"20765759-e60a-48b2-a35c-44b5a889fe9c","infraspecies","Animalia","Strix leptogrammica caligata","NT","NNT","corrected_redlistTW"
"a4b5ea95-9f25-4a03-9744-4e3c1140c2d7","infraspecies","Animalia","Strix nivicolum yamadae","NT","NNT","corrected_redlistTW"
"de75f994-cf77-4d95-97a7-2c4d93a0d811","infraspecies","Animalia","Tyto longimembris pithecops","EN","NEN","corrected_redlistTW"
"6daa77e3-6e67-44ce-902b-05e6fec79b82","infraspecies","Animalia","Phalacrocorax carbo sinensis","LC","NLC","corrected_redlistTW"
"10387566-effa-4465-956f-eaefe50d3548","infraspecies","Animalia","Sula leucogaster plotus","LC","NLC","corrected_redlistTW"
"e31b2810-30c0-4ac6-9232-b52705adea39","infraspecies","Animalia","Yungipicus canicapillus kaleensis","LC","NLC","corrected_redlistTW"
"6c6fe088-f285-4f0f-8f72-07d140ea6625","infraspecies","Animalia","Dendrocopos leucotos insularis","NT","NNT","corrected_redlistTW"
"6b8b34db-0a58-4e29-90a1-006d26eb216c","infraspecies","Animalia","Picus canus tancolo","VU","NVU","corrected_redlistTW"
"2d70d761-6b25-49b0-8039-719a68adbc28","infraspecies","Animalia","Podiceps auritus auritus","NA",NA,"corrected_redlistTW"
"6e1af9b7-5581-4f28-84b7-83f98fc4f3ba","infraspecies","Animalia","Tachybaptus ruficollis poggei","LC","NLC","corrected_redlistTW"
"a38e9d8f-b7e6-49fe-8a27-18b985e1baf5","infraspecies","Animalia","Caprimulgus affinis stictomus","LC","NLC","corrected_redlistTW"
"2641dfe8-426e-4ad5-83af-86b1fb9c8c6f","infraspecies","Animalia","Caprimulgus affinis amoyensis","LC","NLC","corrected_redlistTW"
"89bf77af-cc15-44f6-bff4-a12ee7a03900","species","Animalia","Hebius sauteri","LC","NLC","corrected_redlistTW"
"becab61b-4ad1-4e86-861d-8cc74d78a9f5","infraspecies","Animalia","Trimerodytes percarinatus suriki","NT","NNT","corrected_redlistTW"
"7d58718c-51e3-4a75-a4a4-cd1a77cfcc99","infraspecies","Animalia","Oreocryptophis porphyraceus kawakamii","LC","NLC","corrected_redlistTW"
"783f844c-d41c-4b40-a017-54ec9c5ca766","infraspecies","Animalia","Elaphe taeniura friesi","LC","NLC","corrected_redlistTW"
"76646403-513b-46b2-9847-e08556c6d6aa","species","Animalia","Plestiodon leucostictus","LC","NLC","corrected_redlistTW"
"6dbbc84d-3a32-46c5-9d72-b1d7663a76d2","species","Animalia","Ovophis makazayazaya","LC","NLC","corrected_redlistTW"
"54928bdc-7184-42c1-bc5a-b36532784799","infraspecies","Animalia","Diploderma polygonatum xanthostomum","LC","NLC","corrected_redlistTW"
"7ac39eaf-514a-4c28-9374-d8ee3184fe01","infraspecies","Animalia","Trachemys scripta elegans","NA",NA,"corrected_redlistTW"
"a441e589-9fd5-4151-8830-36e3ca61b62d","infraspecies","Animalia","Trachemys scripta scripta","NA",NA,"corrected_redlistTW"
"899b8f21-5c62-4ae8-99a1-d6bacb7ba74c","infraspecies","Animalia","Crocidura shantungensis hosletti","LC","NLC","corrected_redlistTW"
"c7fa2e1e-789f-4424-9978-8462dfaccf10","infraspecies","Animalia","Belomys pearsonii kaleensis","LC","NLC","corrected_redlistTW"
"ebffab32-e2f6-49a1-93eb-a35ea6dd5f39","infraspecies","Animalia","Callosciurus erythraeus thaiwanensis","LC","NLC","corrected_redlistTW"
"ecacc4d1-1d69-4c62-8129-e1b6c49dbc91","infraspecies","Animalia","Dremomys pernyi owstoni","LC","NLC","corrected_redlistTW"
"5ce13ac2-2325-4faf-9567-e01b43099352","infraspecies","Animalia","Myotis formosus flavus","VU","NVU","corrected_redlistTW"
"1ec16df2-ae13-4bdb-a0f5-0c235aa0476e","infraspecies","Animalia","Cnephaeus pachyomus horikawai","LC","NLC","corrected_redlistTW"
"4de1d63b-1b78-4460-933b-941903374398","infraspecies","Animalia","Nyctalus plancyi velutinus","LC","NLC","corrected_redlistTW"
"280e0314-7d54-41ab-8c19-027dee079334","infraspecies","Animalia","Pteropus dasymallus formosus","CR","NCR","corrected_redlistTW"
"c2a0ef00-569b-479f-8cfd-bb467fb8f45f","infraspecies","Animalia","Coelops frithii formosanus","VU","NVU","corrected_redlistTW"
"67bce3f5-4317-47a1-a05d-eb4cb8e74acd","infraspecies","Animalia","Hipposideros armiger terasensis","LC","NLC","corrected_redlistTW"
"7289401e-7e8f-4cb7-9928-7433333b2e46","infraspecies","Animalia","Cervus nippon taiouanus","NA",NA,"corrected_redlistTW"
"78165751-c537-4b92-948b-27a9fde8d585","infraspecies","Animalia","Muntiacus reevesi micrurus","LC","NLC","corrected_redlistTW"
"103f39fd-deea-4def-be42-cda337d745ea","infraspecies","Animalia","Rusa unicolor swinhoii","NT","NNT","corrected_redlistTW"
"70068ad9-c107-42c4-bdb8-89ecbdc69385","infraspecies","Animalia","Sus scrofa taivanus","LC","NLC","corrected_redlistTW"
"1c2765a3-ec61-41df-97fb-3d84c54b4aa7","infraspecies","Animalia","Urva urva formosana","LC","NLC","corrected_redlistTW"
"76412706-8cf6-4ea9-8e48-7d74ad05eeeb","infraspecies","Animalia","Lutra lutra chinensis","CR","NCR","corrected_redlistTW"
"a70faadd-7ab3-47a8-a654-4860c7e32f52","infraspecies","Animalia","Martes flavigula chrysospila","VU","NVU","corrected_redlistTW"
"244cc3d6-0a1b-44ec-a4ca-7394b8e0f2f7","infraspecies","Animalia","Mustela nivalis formosana","VU","NVU","corrected_redlistTW"
"3bd283f8-121e-4580-b395-908af1373ef1","infraspecies","Animalia","Mustela sibirica taivana","LC","NLC","corrected_redlistTW"
"20fe92f8-16d1-465f-be47-4145d86bc660","infraspecies","Animalia","Paguma larvata larvata","LC","NLC","corrected_redlistTW"
"e76585d5-5643-49dc-876a-b95699e6fd54","infraspecies","Animalia","Viverricula indica pallida","NT","NNT","corrected_redlistTW"
"861b3e71-0272-4a96-b81f-fa7b8588ac3a","infraspecies","Animalia","Ursus thibetanus formosanus","EN","NEN","corrected_redlistTW"
"ff4608e3-4fc3-4db5-824f-ccfb3b6bbf0b","infraspecies","Animalia","Lepus sinensis formosus","LC","NLC","corrected_redlistTW"
"806fa9d6-73f9-4755-beb6-199f7b4fb990","infraspecies","Animalia","Manis pentadactyla pentadactyla","VU","NVU","corrected_redlistTW"
"9b4851e7-82ee-41d1-96b3-eba220b0e4aa","infraspecies","Animalia","Myotis fimbriatus taiwanensis","LC","NLC","corrected_redlistTW"
"633a8677-f21f-4c7f-a129-3f83d45888b9","species","Animalia","Aeromachus bandaishanus","NT","NNT","corrected_redlistTW"
"a87467b4-8f46-4c6a-b7f5-04908003ab01","species","Animalia","Aeromachus inachus","NT","NNT","corrected_redlistTW"
"82a0b0d7-757b-4c8b-b86f-f2250ebea711","species","Animalia","Badamia exclamationis","LC","NLC","corrected_redlistTW"
"20af4899-a26b-4895-a3cf-cb79f232ed35","species","Animalia","Borbo cinnara","LC","NLC","corrected_redlistTW"
"ff175a40-4001-46a6-8781-59da17f3c271","species","Animalia","Pseudoborbo bevani","NT","NNT","corrected_redlistTW"
"9b21ce16-26bf-4fd6-b888-9abddbfe5d64","species","Animalia","Celaenorrhinus horishanus","NT","NNT","corrected_redlistTW"
"fa1150e0-b13b-4c1b-87fa-39b9f1575d00","species","Animalia","Celaenorrhinus kurosawai","NT","NNT","corrected_redlistTW"
"7fd71f6b-9925-4f50-9dd5-6621af158160","species","Animalia","Celaenorrhinus major","NT","NNT","corrected_redlistTW"
"09874201-9df7-498d-bfe5-296d41c324d5","species","Animalia","Celaenorrhinus ratna","NT","NNT","corrected_redlistTW"
"9b9ed021-70b5-4c2e-b473-8a61502aa9b1","species","Animalia","Celaenorrhinus maculosus","NT","NNT","corrected_redlistTW"
"1f07158f-3b39-458e-a7a1-45608b866f89","species","Animalia","Celaenorrhinus pulomaya","NT","NNT","corrected_redlistTW"
"f8eccee8-904c-490c-8f36-e6de99e370d4","species","Animalia","Halpe gamma","VU","NVU","corrected_redlistTW"
"7ae8376a-c29e-4f82-811a-a310c3f71b93","species","Animalia","Hasora badra","LC","NLC","corrected_redlistTW"
"e4537591-27d0-4552-a971-97243ab4bbb3","species","Animalia","Hasora chromus","LC","NLC","corrected_redlistTW"
"a61b9d4c-0aa8-47f6-8204-1bfec9b90248","species","Animalia","Hasora anura","NT","NNT","corrected_redlistTW"
"1619b12e-5d6b-4d5d-92a5-dd06d9f24ad7","species","Animalia","Hasora taminatus","LC","NLC","corrected_redlistTW"
"baf547cc-8674-45a0-aa41-63de77b337a6","species","Animalia","Notocrypta curvifascia","LC","NLC","corrected_redlistTW"
"fb090b87-f512-41f3-837a-328fd93deeab","species","Animalia","Notocrypta feisthamelii","NT","NNT","corrected_redlistTW"
"30bdb7d1-c344-457b-aee5-632a21e42621","species","Animalia","Ochlodes bouddha","NT","NNT","corrected_redlistTW"
"4b020588-a6c3-4bd1-857f-1c66527a804b","species","Animalia","Parnara bada","LC","NLC","corrected_redlistTW"
"936b19e5-75fb-4a6b-9e59-06f35eac442c","species","Animalia","Pelopidas agna","LC","NLC","corrected_redlistTW"
"dc6a2932-cb23-485f-8bfc-c7d3c0e7f465","species","Animalia","Pelopidas conjuncta","LC","NLC","corrected_redlistTW"
"1b6b78b0-29ca-4560-9011-ed6b01fa40a0","species","Animalia","Pelopidas sinensis","NT","NNT","corrected_redlistTW"
"2aebc599-c563-4068-8a24-8a97602a9cff","species","Animalia","Pelopidas mathias","NT","NNT","corrected_redlistTW"
"034a33cd-40ae-486a-beff-8a919a18f219","species","Animalia","Zinaida kiraizana","NT","NNT","corrected_redlistTW"
"d88cb5cd-d56e-48c1-8b34-d49f720741b1","species","Animalia","Zenonoida eltola","NT","NNT","corrected_redlistTW"
"0174efc2-8c7c-40aa-b043-a521829a2f1f","species","Animalia","Polytremis lubricans","LC","NLC","corrected_redlistTW"
"7b08c1bc-c1b5-4d91-a0b1-6d4b87e79a42","species","Animalia","Zinaida zina","NT","NNT","corrected_redlistTW"
"337037a2-d6c4-4661-8b1a-ec12ee04cf35","species","Animalia","Potanthus motzui","LC","NLC","corrected_redlistTW"
"5377ee39-9ca2-48d7-ad4b-fb8eddea545f","species","Animalia","Potanthus pava","NT","NNT","corrected_redlistTW"
"96fc1250-76cf-445e-9209-bf269eb525f6","species","Animalia","Potanthus diffusus","NT","NNT","corrected_redlistTW"
"f5a2434e-1b72-4b82-99df-653569dffb8b","species","Animalia","Potanthus confucius","LC","NLC","corrected_redlistTW"
"0b6fc1da-8646-4523-804b-0694ec07417f","species","Animalia","Satarupa formosibia","NT","NNT","corrected_redlistTW"
"52b8e9d8-2bdc-4487-a7e9-97d4587dba1a","species","Animalia","Satarupa majasra","VU","NVU","corrected_redlistTW"
"f68a0b95-c026-44bc-a366-e4e2ad85c8f8","species","Animalia","Seseria formosana","LC","NLC","corrected_redlistTW"
"587ac3b6-7c2f-4b77-b94e-9f0cfe7f1d75","species","Animalia","Suastus gremius","LC","NLC","corrected_redlistTW"
"b62bc692-8dc0-4db7-9c65-f5b47b728ceb","species","Animalia","Tagiades cohaerens","LC","NLC","corrected_redlistTW"
"8994487f-b57c-4b51-9ed9-f6a46a1ab4b8","species","Animalia","Tagiades trebellius","NT","NNT","corrected_redlistTW"
"ff69777c-2e4f-4a00-bc0a-b15edeffcdc0","species","Animalia","Praethoressa horishana","EN","NEN","corrected_redlistTW"
"de692abf-31fe-4ecc-a2c0-6a372ed996bb","species","Animalia","Udaspes folus","LC","NLC","corrected_redlistTW"
"8dff1dbb-2c56-44a6-8ccc-ed5358255e35","species","Animalia","Abraximorpha davidii","NT","NNT","corrected_redlistTW"
"9d84bf13-b70a-42e3-b026-1918eb1c4418","species","Animalia","Ampittia dioscorides","NT","NNT","corrected_redlistTW"
"67a8131e-cd3a-4750-9b5c-1a7dc62dde79","species","Animalia","Ampittia virgata","LC","NLC","corrected_redlistTW"
"7e145d8f-ba38-4f77-8fcd-51971e65bbd5","species","Animalia","Burara jaina","LC","NLC","corrected_redlistTW"
"1c94bd05-a85c-45d5-ac9b-f8652d068fd0","species","Animalia","Caltoris bromus","NT","NNT","corrected_redlistTW"
"70268973-7dc9-4096-a21d-071aa48f9205","species","Animalia","Choaspes benjaminii","NT","NNT","corrected_redlistTW"
"316e5882-b670-4b8c-b730-3e0589d858b0","species","Animalia","Choaspes xanthopogon","NT","NNT","corrected_redlistTW"
"6cfab3d9-fe44-4449-aa3b-51b1f2309580","species","Animalia","Tagiades tethys","","NLC","corrected_redlistTW"
"50ab4f37-876a-4d3d-ab37-827853651b65","species","Animalia","Isoteinon lamprospilus","LC","NLC","corrected_redlistTW"
"52f03ea2-2ce0-4efb-ade2-792c6ecc9f3b","species","Animalia","Lobocla bifasciata","NT","NNT","corrected_redlistTW"
"5cab2765-6f4b-426c-a779-b6ad4daaadc4","species","Animalia","Onryza maga","NT","NNT","corrected_redlistTW"
"3b166100-1a7c-4f97-9b58-278c8fb8aa9b","species","Animalia","Pseudocoladenia dan","","NNT","corrected_redlistTW"
"734e69a2-c30c-4747-b970-aa2b078d32da","species","Animalia","Telicota bambusae","LC","NLC","corrected_redlistTW"
"34e500a1-ddaa-44f1-b72a-63c54182ec0d","species","Animalia","Telicota colon","NT","NNT","corrected_redlistTW"
"1e62cae2-7c75-41f6-9ba5-c9d685688c34","species","Animalia","Telicota ohara","LC","NLC","corrected_redlistTW"
"fa31a045-f1eb-47b3-baf7-b4a53c843914","species","Animalia","Antigius attilia","VU","NVU","corrected_redlistTW"
"2ff7f497-d2be-4ab6-9372-5a2ae539a3c6","species","Animalia","Arhopala japonica","LC","NLC","corrected_redlistTW"
"f5ae2da3-df8e-405b-ac41-9d9b60a6b95d","species","Animalia","Arhopala bazalus","LC","NLC","corrected_redlistTW"
"e1501e77-d9e7-4f59-a643-e4e9ed525452","species","Animalia","Arhopala birmana","LC","NLC","corrected_redlistTW"
"2d9d72ae-84c9-4ec1-87ea-fbd7f98d469b","species","Animalia","Arhopala ganesa","NT","NNT","corrected_redlistTW"
"152f18fa-9143-4dea-9350-02068384d998","species","Animalia","Arhopala paramuta","NT","NNT","corrected_redlistTW"
"14807bc1-81e9-4f6a-9558-208c783cd53d","species","Animalia","Celatoxia marginata","NT","NNT","corrected_redlistTW"
"929fd3d7-130f-49c8-ae76-fd36695fd3a0","species","Animalia","Chrysozephyrus teisoi","NT","NNT","corrected_redlistTW"
"857fd4a9-7b27-4116-bece-c7083a9e60c4","species","Animalia","Chrysozephyrus mushaellus","NT","NNT","corrected_redlistTW"
"f1eff340-83fe-4f77-ab54-5f988d279a29","species","Animalia","Chrysozephyrus nishikaze","NT","NNT","corrected_redlistTW"
"c42b8600-1811-4a4f-90c3-be1d822c28c2","species","Animalia","Chrysozephyrus rarasanus","NT","NNT","corrected_redlistTW"
"5dc33739-39a7-4b82-af8a-62649000a69d","species","Animalia","Chrysozephyrus splendidulus","NT","NNT","corrected_redlistTW"
"3175259e-72d0-4dc9-a222-56aedbc9c518","species","Animalia","Chrysozephyrus yuchingkinus","NT","NNT","corrected_redlistTW"
"bf980d15-9fb0-457b-a386-96a901ed4484","species","Animalia","Chrysozephyrus lingi","NT","NNT","corrected_redlistTW"
"28ca96d3-d9b0-4abc-84dc-bb41462180d9","species","Animalia","Chrysozephyrus disparatus","NT","NNT","corrected_redlistTW"
"6140d821-5a2d-4392-b238-1be05930aafa","species","Animalia","Chrysozephyrus kabrua","NT","NNT","corrected_redlistTW"
"15807765-9689-4559-aec7-e47d1b0a0801","species","Animalia","Curetis brunnea","NT","NNT","corrected_redlistTW"
"a2dfc199-86e2-4f9e-8187-906db2868ce3","species","Animalia","Curetis acuta","LC","NLC","corrected_redlistTW"
"8c8452f7-a47f-4309-9bd0-7ba909a7fba9","species","Animalia","Deudorix rapaloides","NT","NNT","corrected_redlistTW"
"c01d836a-6373-4087-8f4d-3f7630672173","species","Animalia","Deudorix epijarbas","LC","NLC","corrected_redlistTW"
"8240c839-79cc-4cec-84ec-c0d963df06c4","species","Animalia","Deudorix sankakuhonis","NT","NNT","corrected_redlistTW"
"6bbf67c8-ca0b-4992-9981-0c69cf44ac76","species","Animalia","Euaspa forsteri","NT","NNT","corrected_redlistTW"
"51b2fc83-18ac-47b6-a9dd-8f2cbd4cf67f","species","Animalia","Euaspa milionia","NT","NNT","corrected_redlistTW"
"11704d86-4974-43e0-963b-91fb42fb85eb","species","Animalia","Euchrysops cnejus","LC","NLC","corrected_redlistTW"
"cc111ce9-6d09-4522-a42a-a9b2c7b6a323","species","Animalia","Fixsenia watarii","NT","NNT","corrected_redlistTW"
"d80d34a4-7175-49fb-94de-ea0f87c1b66b","species","Animalia","Horaga rarasana","NT","NNT","corrected_redlistTW"
"88fe1eba-7c88-417f-8391-8eaaf5a94e16","species","Animalia","Horaga albimacula","LC","NLC","corrected_redlistTW"
"6a43b03e-5908-428d-b414-e0ab30c1fb55","species","Animalia","Horaga onyx","NT","NNT","corrected_redlistTW"
"fb16e422-ee9f-4e57-ab3c-0f84a0543d76","species","Animalia","Hypolycaena kina","VU","NVU","corrected_redlistTW"
"8f8e94c3-388d-418f-bc87-441cf298d2b9","species","Animalia","Jamides celeno","LC","NLC","corrected_redlistTW"
"8104c6e7-396c-45d8-b623-2a3ff984e876","species","Animalia","Jamides alecto","LC","NLC","corrected_redlistTW"
"1334d19d-fa54-49bb-8d16-cd52202ff67a","species","Animalia","Jamides bochus","LC","NLC","corrected_redlistTW"
"f660bd1c-082c-4865-8608-4d717b2106b2","species","Animalia","Japonica patungkoanui","NT","NNT","corrected_redlistTW"
"89dfd108-f774-43fe-989a-9caf27c5d0f3","species","Animalia","Lampides boeticus","LC","NLC","corrected_redlistTW"
"602fab1c-b5cd-4d62-a5ce-a47a2bdb1f3c","species","Animalia","Leptotes plinius","LC","NLC","corrected_redlistTW"
"4778e0ef-1567-40ca-8fce-23df07ea272d","species","Animalia","Leucantigius atayalicus","NT","NNT","corrected_redlistTW"
"c2131209-7410-4154-be07-7cf8fbbe479c","infraspecies","Animalia","Mahathala ameria hainani","LC","NLC","corrected_redlistTW"
"001d125a-6c17-44fa-99eb-84181ffa3abe","species","Animalia","Neopithecops zalmora","LC","NLC","corrected_redlistTW"
"cd184777-cbf0-4ed1-98de-d4311f2d4896","species","Animalia","Neozephyrus taiwanus","NT","NNT","corrected_redlistTW"
"4c7ac50b-bdab-4561-9ce4-73f987146bee","species","Animalia","Orthomiella rantaizana","NT","NNT","corrected_redlistTW"
"7464eda8-4313-4915-905d-b304daecf412","species","Animalia","Phengaris daitozana","NT","NNT","corrected_redlistTW"
"be1338f4-faee-4cbd-ad30-660b6e8cd6ed","species","Animalia","Phengaris atroguttata","NT","NNT","corrected_redlistTW"
"0649e1ac-3103-4abb-b7ad-4b4901bbd2a5","species","Animalia","Rapala takasagonis","NT","NNT","corrected_redlistTW"
"05f537d1-25df-47c2-8fca-94edd860ad52","species","Animalia","Rapala caerulea","NT","NNT","corrected_redlistTW"
"12d57ccd-04c2-4bd9-a412-932d57b3cec5","species","Animalia","Rapala nissa","NT","NNT","corrected_redlistTW"
"e932eca7-85b0-49f4-9715-745d71b79c83","species","Animalia","Rapala varuna","LC","NLC","corrected_redlistTW"
"850b730f-520d-42b3-b071-908954e99a26","species","Animalia","Ravenna nivea","NT","NNT","corrected_redlistTW"
"17d7fa9d-4e62-463c-9192-0e27a18c4d1f","species","Animalia","Satyrium esakii","VU","NVU","corrected_redlistTW"
"627cbc28-de25-4b2e-a2e0-c14836781aa2","species","Animalia","Satyrium formosanum","NT","NNT","corrected_redlistTW"
"193f7786-72d8-4183-90b9-9a0ee4bdabd6","species","Animalia","Satyrium inouei","NT","NNT","corrected_redlistTW"
"750e3c26-1962-4767-a996-fe35fbfceb1d","species","Animalia","Satyrium tanakai","NT","NNT","corrected_redlistTW"
"457f053c-e00a-4533-ab68-b887b8487139","species","Animalia","Satyrium eximium","NT","NNT","corrected_redlistTW"
"f541d5e9-b684-493a-b0b7-993f04db9a78","species","Animalia","Shijimia moorei","NT","NNT","corrected_redlistTW"
"66a60866-649c-408e-a67c-5705d2df82d7","species","Animalia","Sibataniozephyrus kuafui","CR","NCR","corrected_redlistTW"
"e78a0ec8-1293-4753-bdf4-3a6811a21c61","species","Animalia","Spindasis kuyanianus","NT","NNT","corrected_redlistTW"
"b1222618-5509-483a-98e2-a0dad1fb7145","species","Animalia","Spindasis syama","LC","NLC","corrected_redlistTW"
"89484436-f6e6-44e2-bc57-278553329091","species","Animalia","Spindasis lohita","LC","NLC","corrected_redlistTW"
"a0f46d04-1f8d-4d05-91fd-5de4079e4e89","species","Animalia","Tajuria diaeus","NT","NNT","corrected_redlistTW"
"5ae157ca-1680-4e3e-88a0-b1cae2f4a71e","species","Animalia","Tajuria illurgis","NT","NNT","corrected_redlistTW"
"00806c5e-8c93-4df1-b3fd-f70010d5fe60","species","Animalia","Teratozephyrus arisanus","NT","NNT","corrected_redlistTW"
"2cb3e1cf-9bbb-4f3d-94ac-ecf650361a4c","species","Animalia","Teratozephyrus yugaii","NT","NNT","corrected_redlistTW"
"62ea4a40-9698-4771-ad72-8d55064192e2","species","Animalia","Teratozephyrus elatus","NT","NNT","corrected_redlistTW"
"81182dea-43fa-4fc8-8b6e-e668815b5da4","species","Animalia","Tongeia hainani","NT","NNT","corrected_redlistTW"
"901a2795-0db9-4a58-a213-56d7f27e7282","species","Animalia","Tongeia filicaudis","NT","NNT","corrected_redlistTW"
"4c552a53-e2fc-4191-9f90-581cdb4513f1","species","Animalia","Udara albocaerulea","NT","NNT","corrected_redlistTW"
"a1304dd8-2860-4c7c-9164-ec178a120351","species","Animalia","Udara dilecta","NT","NNT","corrected_redlistTW"
"c704c111-82dc-4b29-b187-f6f23ae1cf19","species","Animalia","Wagimo insularis","NT","NNT","corrected_redlistTW"
"263c59e9-8b4c-4e16-9f67-f4af7f536830","species","Animalia","Zizeeria karsandra","LC","NLC","corrected_redlistTW"
"2bf2c616-79e2-421a-8568-8b8a5c31876e","species","Animalia","Zizeeria maha","LC","NLC","corrected_redlistTW"
"921dcdb5-66ad-4ebe-a665-705e4503285e","species","Animalia","Zizina otis","LC","NLC","corrected_redlistTW"
"5bb8227c-95e8-4033-a9d9-06d240178196","species","Animalia","Zizula hylax","LC","NLC","corrected_redlistTW"
"0c911f08-0ee6-42ff-916e-df26d6c54ccd","species","Animalia","Abisara burnii","NT","NNT","corrected_redlistTW"
"3b3cbc2a-639d-469c-a718-ce0144779f7d","species","Animalia","Acytolepis puspa","LC","NLC","corrected_redlistTW"
"0eed1292-fc1e-46bd-9b4f-9a1442b15b83","species","Animalia","Amblopala avidiena","NT","NNT","corrected_redlistTW"
"fcf8a757-2a11-498f-8746-218c4e6d3908","species","Animalia","Ancema ctesia","NT","NNT","corrected_redlistTW"
"52fdc492-f3c2-48f9-ae71-f914e721a394","species","Animalia","Araragi enthea","NT","NNT","corrected_redlistTW"
"c6023e3c-0771-4e3d-8aa8-ec70155b06c9","species","Animalia","Artipe eryx","NT","NNT","corrected_redlistTW"
"24319aad-108b-4912-95f6-d7977b7c21cf","species","Animalia","Callenya melaena","NT","NNT","corrected_redlistTW"
"293ac012-16e9-4477-81ae-7714f100f9a1","species","Animalia","Catapaecilma major","NT","NNT","corrected_redlistTW"
"3ba8fa09-2b90-4b11-a2aa-c2b58b25c7d3","species","Animalia","Catochrysops panormus","LC","NLC","corrected_redlistTW"
"0963c91b-52b3-4a49-8c8c-9fc24edd96b8","species","Animalia","Celastrina lavendularis","LC","NLC","corrected_redlistTW"
"60cfec65-d732-4fd8-abaf-17fa0eec78ad","species","Animalia","Celastrina oreas","NT","NNT","corrected_redlistTW"
"c6d02735-7043-484b-befa-5f98be6a976d","species","Animalia","Celastrina sugitanii","NT","NNT","corrected_redlistTW"
"c7f59b1d-d104-4a7b-8dd0-fc909703efd2","species","Animalia","Chilades lajus","NT","NNT","corrected_redlistTW"
"9f8e6813-22bc-4a8e-8716-e47aeee4e7d9","species","Animalia","Chilades pandava","LC","NLC","corrected_redlistTW"
"c192e2a9-c6c0-4922-8be3-afb9a6acdb82","species","Animalia","Cordelia comes","NT","NNT","corrected_redlistTW"
"99626e37-7bdd-4bf8-8b0a-fa509c014c7e","species","Animalia","Dodona formosana","NT","NNT","corrected_redlistTW"
"1cb88f8d-4384-483e-babe-13b88aa1eb6e","species","Animalia","Everes argiades","NT","NNT","corrected_redlistTW"
"5e84ae79-aaca-4905-8072-e19deca8ec31","species","Animalia","Everes lacturnus","EN","NEN","corrected_redlistTW"
"eec7f49b-e317-45be-b152-3f091c56ed45","species","Animalia","Freyeria putli","NT","NNT","corrected_redlistTW"
"92c52812-499e-4f06-ba1d-753e85d970e1","species","Animalia","Heliophorus ila","LC","NLC","corrected_redlistTW"
"f2ed7980-c6a7-4601-9b04-b2113f922ef2","species","Animalia","Iratsume orsedice","VU","NVU","corrected_redlistTW"
"9a6e1221-5155-40b9-b396-2f26c1259b06","species","Animalia","Megisba malaya","LC","NLC","corrected_redlistTW"
"7d30f15a-9cde-435c-921d-6aafbe0a24bc","species","Animalia","Nacaduba beroe","NT","NNT","corrected_redlistTW"
"537dbaf2-a5c5-45fc-b5c3-85bde6232eb2","species","Animalia","Nacaduba kurava","LC","NLC","corrected_redlistTW"
"3b808ade-99f2-4512-817c-c8bcbc824ff7","species","Animalia","Pithecops corvus","NT","NNT","corrected_redlistTW"
"b5fb9f79-4373-4e43-bcce-678493efdb0c","species","Animalia","Pithecops fulgens","NT","NNT","corrected_redlistTW"
"2e93a3f0-2090-4fe8-a025-d89edf0469f0","species","Animalia","Prosotas dubiosa","LC","NLC","corrected_redlistTW"
"ff40bac7-991c-4aeb-ad2a-348b25a2229d","species","Animalia","Prosotas nora","LC","NLC","corrected_redlistTW"
"f160c39b-ad5b-4bee-a428-fa6777e18e5e","species","Animalia","Sinthusa chandrana","LC","NLC","corrected_redlistTW"
"3aa7a1fe-e833-411b-907a-f1832ea24222","species","Animalia","Spalgis epeus","NT","NNT","corrected_redlistTW"
"c38c02a4-2cdb-4ce3-99f0-4b8ba0573d1c","species","Animalia","Taraka hamada","LC","NLC","corrected_redlistTW"
"377c0847-6a6b-4131-bd87-7dd3510e45ba","species","Animalia","Ussuriana michaelis","NT","NNT","corrected_redlistTW"
"8bf8256f-c818-4cf0-9337-af490fb8a906","species","Animalia","Argynnis paphia","NT","NNT","corrected_redlistTW"
"a5f6dad0-a90c-44df-9070-d34661eac654","species","Animalia","Argynnis hyperbius","VU","NVU","corrected_redlistTW"
"12572b2e-8865-4283-b879-f97d49131361","species","Animalia","Athyma perius","LC","NLC","corrected_redlistTW"
"1d026863-6aae-4d60-b76b-1cc7ef6f1620","species","Animalia","Limenitis asura","NT","NNT","corrected_redlistTW"
"c0f27f99-07a6-4d0a-beff-6b310b983d68","species","Animalia","Athyma cama","LC","NLC","corrected_redlistTW"
"7062320c-b565-446c-b8ea-6d912f87e1e8","species","Animalia","Limenitis fortuna","NT","NNT","corrected_redlistTW"
"98bf4954-a511-48c2-bf35-ce4e9db0dd35","species","Animalia","Athyma jina","","NNT","corrected_redlistTW"
"9199e0cd-139c-4729-b494-27e0ee246f24","species","Animalia","Athyma opalina","NT","NNT","corrected_redlistTW"
"673be366-4afe-499b-ad5d-483229f44fb3","species","Animalia","Athyma selenophora","LC","NLC","corrected_redlistTW"
"fe69ed59-1db7-40c7-b3f6-bee632525184","species","Animalia","Chitoria chrysolora","LC","NLC","corrected_redlistTW"
"03adfa08-836e-4bed-9c6f-7068053413b8","species","Animalia","Chitoria ulupi","NT","NNT","corrected_redlistTW"
"b93dadb7-4217-48a2-b680-64a16b048c85","species","Animalia","Cupha erymanthis","LC","NLC","corrected_redlistTW"
"fff64451-fb0d-475d-8489-c92a6b7b9d31","species","Animalia","Danaus chrysippus","LC","NLC","corrected_redlistTW"
"b72ebec4-a153-45e8-ab73-087662ada8cb","species","Animalia","Danaus genutia","VU","NVU","corrected_redlistTW"
"9b91d5b9-3bff-4ecf-adf9-f13cc91d7175","species","Animalia","Euploea eunice","LC","NLC","corrected_redlistTW"
"ba7a0ac8-9dfa-4ec8-a6d0-fcb21deab58d","species","Animalia","Euploea mulciber","LC","NLC","corrected_redlistTW"
"fcbbf783-2b40-42eb-a9f5-39aa2dc73160","species","Animalia","Euploea sylvester","LC","NLC","corrected_redlistTW"
"f168c1d8-6937-471f-bcb0-5f19cf629a7b","species","Animalia","Euploea tulliolus","LC","NLC","corrected_redlistTW"
"e941b541-3eaf-4243-8eb0-592c5705398c","species","Animalia","Euthalia formosana","NT","NNT","corrected_redlistTW"
"dc9d1ee2-2481-49a5-9248-b0ec4f28253c","species","Animalia","Euthalia insulae","NT","NNT","corrected_redlistTW"
"24bd480c-2b4e-4475-a8ef-35808750f063","species","Animalia","Euthalia kosempona","NT","NNT","corrected_redlistTW"
"7c19a6af-4289-4c80-9799-848173391872","species","Animalia","Euthalia irrubescens","NT","NNT","corrected_redlistTW"
"960851a5-7cfa-460a-b8ff-e6d33500075a","species","Animalia","Helcyra plesseni","NT","NNT","corrected_redlistTW"
"11bfe7c8-1eb3-4e3d-a2e6-a5c59fb870d3","species","Animalia","Helcyra superba","NT","NNT","corrected_redlistTW"
"0e6435f7-36a4-47b0-808c-acd572ba7000","species","Animalia","Hypolimnas misippus","LC","NLC","corrected_redlistTW"
"52293356-1797-44a1-b66b-8bd2c249e0e8","species","Animalia","Hypolimnas bolina","LC","NLC","corrected_redlistTW"
"0c858d03-27fa-4359-9a4c-0ce9fd99d8ff","species","Animalia","Ideopsis similis","LC","NLC","corrected_redlistTW"
"ce8662d5-0762-4da8-bce7-8a22e763548a","species","Animalia","Junonia almana","LC","NLC","corrected_redlistTW"
"de454c9b-6883-4e41-9145-5d95e419cfe6","species","Animalia","Junonia iphita","LC","NLC","corrected_redlistTW"
"1df34506-617f-4adc-af7e-007c79dd9911","species","Animalia","Junonia orithya","LC","NLC","corrected_redlistTW"
"5b57f2ec-9d9a-4855-b717-85f7ce5b0080","species","Animalia","Junonia lemonias","LC","NLC","corrected_redlistTW"
"0b0ce9fd-853e-45df-bdf1-4ab4a0ca26e5","species","Animalia","Lethe mataja","NT","NNT","corrected_redlistTW"
"157c31e0-f9d5-44a6-ab7d-924fd64c4591","species","Animalia","Lethe butleri","NT","NNT","corrected_redlistTW"
"9ed3ce1b-5be8-4932-8dac-8549aa8068fb","species","Animalia","Lethe chandica","LC","NLC","corrected_redlistTW"
"8f248a12-1279-4e10-8895-68996e96940a","species","Animalia","Lethe christophi","NT","NNT","corrected_redlistTW"
"5df6a87d-835f-4b00-9c56-8038767dfc3d","species","Animalia","Lethe europa","NT","NNT","corrected_redlistTW"
"6539d53a-3413-45da-82be-932a60305ef6","species","Animalia","Lethe gemina","NT","NNT","corrected_redlistTW"
"63d90a33-9445-4d53-8a29-5577382957f1","species","Animalia","Lethe hyrania","NT","NNT","corrected_redlistTW"
"618f5231-fcea-4106-b54f-44e7b3895a4a","species","Animalia","Lethe rohria","EN","NEN","corrected_redlistTW"
"86b60389-1618-434c-af61-b27d71620aae","species","Animalia","Lethe verma","NT","NNT","corrected_redlistTW"
"15b476fe-8ffd-42ee-8e90-708fa70c1aed","species","Animalia","Melanitis leda","VU","NVU","corrected_redlistTW"
"1b2eb09e-ce8f-4845-8206-3fe3dc8c27f2","species","Animalia","Melanitis phedima","LC","NLC","corrected_redlistTW"
"12eeb3df-2d59-4fa4-941e-11ffd5eb07b3","species","Animalia","Minois nagasawae","NT","NNT","corrected_redlistTW"
"c539625d-4788-49f5-bd51-12f10cbad450","species","Animalia","Mycalesis mineus","NT","NNT","corrected_redlistTW"
"b496dc26-a6da-4c35-9b1f-60099f884194","infraspecies","Animalia","Mycalesis mucianus zonatus","LC","NLC","corrected_redlistTW"
"1e2211a4-62f4-489b-ba36-12ed6f88cb78","species","Animalia","Mycalesis francisca","LC","NLC","corrected_redlistTW"
"55c23813-3111-4808-b58f-0f54951d1dd5","species","Animalia","Mycalesis gotama","VU","NVU","corrected_redlistTW"
"c0d005ce-0282-4ca1-8b95-03d4eb88ff27","species","Animalia","Mycalesis perseus","NT","NNT","corrected_redlistTW"
"0820cd00-476a-482c-9749-874ab7a50d5f","species","Animalia","Neptis reducta","NT","NNT","corrected_redlistTW"
"11512966-2599-498f-a822-a811e94cd66c","species","Animalia","Neptis taiwana","LC","NLC","corrected_redlistTW"
"324a481d-7c26-4b85-b6df-22037747f6c5","species","Animalia","Neptis hesione","","NNT","corrected_redlistTW"
"a0e74c25-da55-435a-976b-43ffd486f56d","species","Animalia","Neptis hylas","LC","NLC","corrected_redlistTW"
"f544e7b2-013c-4f61-bee6-ec00268e41b0","species","Animalia","Neptis ilos","NT","NNT","corrected_redlistTW"
"8cc9053f-34f0-4a84-b257-719714d01c23","species","Animalia","Neptis nata","LC","NLC","corrected_redlistTW"
"7513aa1e-d7ec-4021-a38d-ec5f51c88fee","species","Animalia","Neptis noyala","NT","NNT","corrected_redlistTW"
"c3ef9db3-dca5-4779-85d9-c0d1b2249318","species","Animalia","Neptis philyra","NT","NNT","corrected_redlistTW"
"726dbf81-84d2-426f-b112-177f86ba26c0","species","Animalia","Neptis philyroides","NT","NNT","corrected_redlistTW"
"ae516847-d558-445e-a81e-f443d4252d05","species","Animalia","Neptis pryeri","NT","NNT","corrected_redlistTW"
"81dbd26b-97ec-4819-838e-271646d33c84","species","Animalia","Neptis sankara","NT","NNT","corrected_redlistTW"
"d3a2a230-dd2f-4031-892d-ac38c6cca51b","species","Animalia","Neptis sappho","LC","NLC","corrected_redlistTW"
"15716731-f8b6-458e-8b13-6f8f76684e88","species","Animalia","Neptis soma","LC","NLC","corrected_redlistTW"
"67145943-cb28-4e39-896f-36dbce403841","species","Animalia","Neptis sylvana","NT","NNT","corrected_redlistTW"
"5e53583f-53a5-41fa-8594-86f6520f1d91","species","Animalia","Parantica swinhoei","LC","NLC","corrected_redlistTW"
"1117e374-150b-4524-ad0d-1f29d8c07df3","species","Animalia","Parantica aglea","LC","NLC","corrected_redlistTW"
"e312183b-8461-4f24-abe1-484ac5a02365","species","Animalia","Parantica sita","LC","NLC","corrected_redlistTW"
"63b6d711-ff55-4d41-9686-d7a34263b00d","species","Animalia","Penthema formosanum","LC","NLC","corrected_redlistTW"
"e1d7d1f1-4673-43fe-892a-59ec878a034f","species","Animalia","Phalanta phalantha","LC","NLC","corrected_redlistTW"
"f6ab92a3-fbd3-46ca-aaa3-3038a0372716","species","Animalia","Sephisa daimio","NT","NNT","corrected_redlistTW"
"6ea3454c-4f21-4b4c-9a78-f65dab56992a","species","Animalia","Sephisa chandra","NT","NNT","corrected_redlistTW"
"b89440b2-7f8f-460b-8b32-7a69804b9d52","species","Animalia","Tirumala septentrionis","LC","NLC","corrected_redlistTW"
"5569abb5-1c27-4fe3-aeee-2743274662ce","species","Animalia","Tirumala limniace","LC","NLC","corrected_redlistTW"
"c5176d6f-0e21-49ed-bacc-f3905646142f","species","Animalia","Vanessa cardui","LC","NLC","corrected_redlistTW"
"12b2510c-6cb2-49c7-ab57-b2419b5d1c70","species","Animalia","Vanessa indica","LC","NLC","corrected_redlistTW"
"9bc4b5da-8cfa-42eb-85ac-cff9383a958b","species","Animalia","Ypthima akragas","NT","NNT","corrected_redlistTW"
"2e88e3c8-0421-4d1d-8e8a-ec0e57b560ef","species","Animalia","Ypthima angustipennis","NT","NNT","corrected_redlistTW"
"31f85e95-c785-4b24-b6e1-38dec7e21459","species","Animalia","Ypthima esakii","LC","NLC","corrected_redlistTW"
"3511a61a-90f4-4103-a673-bf727faef919","infraspecies","Animalia","Ypthima atra taiwana","LC","NLC","corrected_redlistTW"
"3b44780f-cc95-4e98-b9c8-f0e50063aa0f","species","Animalia","Ypthima multistriata","LC","NLC","corrected_redlistTW"
"aaaaf0b4-6939-44ba-ac2c-ad55273f03e2","species","Animalia","Ypthima tappana","NT","NNT","corrected_redlistTW"
"ee98cd00-012f-499f-b9ac-a156d0c80d2a","species","Animalia","Ypthima wenlungi","VU","NVU","corrected_redlistTW"
"36580a81-6f9e-499c-968f-cba10d66845f","species","Animalia","Ypthima baldus","LC","NLC","corrected_redlistTW"
"0b35f45f-e2f2-4222-b760-ff88e24da212","species","Animalia","Ypthima yamanakai","NT","NNT","corrected_redlistTW"
"70c9937a-9538-45f6-81ff-d05c2cae65a5","species","Animalia","Ypthima praenubila","NT","NNT","corrected_redlistTW"
"6b4b4555-9512-4f81-ad89-6014a44eb68d","species","Animalia","Zophoessa niitakana","NT","NNT","corrected_redlistTW"
"51a9d190-003a-481d-8756-f33c805513b5","species","Animalia","Zophoessa dura","NT","NNT","corrected_redlistTW"
"004050d0-b498-46f0-bef1-9295d87b6757","species","Animalia","Zophoessa siderea","NT","NNT","corrected_redlistTW"
"30972df0-acf5-4626-b12c-778b7fb31046","species","Animalia","Abrota ganga","NT","NNT","corrected_redlistTW"
"d699a161-25ff-4c6a-afe1-c37500582e9a","species","Animalia","Telchinia issoria","NT","NNT","corrected_redlistTW"
"9122a072-3510-44e2-96b3-9afa99650ff1","species","Animalia","Ariadne ariadne","LC","NLC","corrected_redlistTW"
"d2a89f71-aae4-463c-8e1a-f124b1de685d","species","Animalia","Calinaga formosana","NT","NNT","corrected_redlistTW"
"d8f623a7-02d0-4e91-90ff-899f75e77597","species","Animalia","Cyrestis thyodamas","LC","NLC","corrected_redlistTW"
"5db24025-004e-4814-90ea-52ae3966049b","species","Animalia","Dichorragia nesimachus","NT","NNT","corrected_redlistTW"
"e6712e23-4abf-4dfc-b23f-7fcbf67275aa","species","Animalia","Elymnias hypermnestra","LC","NLC","corrected_redlistTW"
"656fa296-a05c-4705-8f4b-404f264fd218","species","Animalia","Hestina assimilis","LC","NLC","corrected_redlistTW"
"f22850b0-1158-4a46-946d-5a3157a41772","species","Animalia","Idea leuconoe","LC","NLC","corrected_redlistTW"
"c3343a2a-4c61-4901-8b22-b0fa685a7208","species","Animalia","Kallima inachus","LC","NLC","corrected_redlistTW"
"8fc3996c-6be4-46ec-b81f-8786bd3e69aa","species","Animalia","Kaniska canace","VU","NVU","corrected_redlistTW"
"37bf8be3-9344-41d4-9dea-083b846787a8","species","Animalia","Libythea lepita","LC","NLC","corrected_redlistTW"
"0e1f2e2a-bc86-41ee-adf8-2510d3456ca2","species","Animalia","Limenitis sulpitia","NT","NNT","corrected_redlistTW"
"c97be378-1903-4a68-bb55-ae8c6159707e","species","Animalia","Neope armandii","NT","NNT","corrected_redlistTW"
"8187cd2d-3ce7-4258-920a-ebcaa95165e6","species","Animalia","Neope bremeri","NT","NNT","corrected_redlistTW"
"baf86ebb-4099-410b-8dac-2622b5266ca6","species","Animalia","Neope pulaha","NT","NNT","corrected_redlistTW"
"9004c2b7-f57b-4435-a4fe-9a97a16b4868","species","Animalia","Nymphalis xanthomelas","NT","NNT","corrected_redlistTW"
"2d09f10c-9ffd-4800-bbf6-acaa7af0af3c","species","Animalia","Palaeonympha opalina","NT","NNT","corrected_redlistTW"
"4af133d7-c8d5-4ce8-a9c3-61b279dc2a55","species","Animalia","Pantoporia hordonia","LC","NLC","corrected_redlistTW"
"bc5aece8-081d-43b7-978d-e79ff367e60d","species","Animalia","Limenitis dudu","LC","NLC","corrected_redlistTW"
"71a2c2d0-ecd7-497d-8ee2-61cf4bdcc2ed","species","Animalia","Polygonia c-album","NT","NNT","corrected_redlistTW"
"5d264d00-e431-46e6-90aa-bf7d69719052","species","Animalia","Polygonia c-aureum","LC","NLC","corrected_redlistTW"
"ca83f6a0-f2ae-40ae-8ed5-d95fda615114","species","Animalia","Charaxes eudamippus","LC","NLC","corrected_redlistTW"
"efee68c2-97d1-4ac9-be53-ff678da0f0e3","species","Animalia","Charaxes narcaea","LC","NLC","corrected_redlistTW"
"f1495312-2c26-4deb-a61a-2423b038a90a","species","Animalia","Sasakia charonda","EN","NEN","corrected_redlistTW"
"bff50b78-60ce-468d-a11b-42da28849a08","species","Animalia","Stichophthalma howqua","LC","NLC","corrected_redlistTW"
"097a3f41-519e-484d-b713-7c3c9dd64e59","species","Animalia","Symbrenthia brabira","LC","NLC","corrected_redlistTW"
"ecb7d6ae-89b7-4e25-a92b-ac7e7885a83d","species","Animalia","Symbrenthia lilaea","LC","NLC","corrected_redlistTW"
"7c6665d0-f318-4651-8930-84c288be7155","species","Animalia","Timelaea albescens","LC","NLC","corrected_redlistTW"
"7efff798-b2eb-4d04-a4cb-2dad68186ed1","species","Animalia","Yoma sabina","NT","NNT","corrected_redlistTW"
"97fe67b4-8564-43ba-8703-9ad3d48ebf39","species","Animalia","Papilio agestor","NT","NNT","corrected_redlistTW"
"12b8ecd9-a79c-427a-a193-9cef3cc980f9","species","Animalia","Papilio epycides","VU","NVU","corrected_redlistTW"
"ec1a3b07-ce49-4665-9e01-044a63a8b749","species","Animalia","Papilio demoleus","LC","NLC","corrected_redlistTW"
"45515f70-3880-482e-9275-eafe51425767","species","Animalia","Papilio hermosanus","LC","NLC","corrected_redlistTW"
"22aeccd5-45a1-4d9b-9187-a30b8b269fd7","species","Animalia","Papilio hopponis","VU","NVU","corrected_redlistTW"
"ac65ec88-e139-41e7-ae90-a49d6e431308","species","Animalia","Papilio thaiwanus","LC","NLC","corrected_redlistTW"
"c0485e56-1ea4-4e31-9c24-712ea7a4b4db","species","Animalia","Papilio xuthus","VU","NVU","corrected_redlistTW"
"801b6778-c1e7-47d2-8e25-4851546fd28b","species","Animalia","Papilio maraho","NT","NNT","corrected_redlistTW"
"30731f03-eb12-45b1-bc0e-ec412ffb1300","species","Animalia","Papilio bianor","LC","NLC","corrected_redlistTW"
"75b36ccb-6e46-48c7-9c9d-d3d1630e4ee2","species","Animalia","Papilio castor","LC","NLC","corrected_redlistTW"
"81164c61-13e6-43c7-a4d1-16f7bcb97655","species","Animalia","Papilio dialis","VU","NVU","corrected_redlistTW"
"36546b07-004c-42ab-b7bd-b1d9b5b97a73","species","Animalia","Papilio helenus","LC","NLC","corrected_redlistTW"
"93e5e2c4-b205-46ed-b1a4-964d14ae2b93","species","Animalia","Papilio machaon","CR","NCR","corrected_redlistTW"
"d5f96f04-0b11-4158-b6ea-af0f07219703","species","Animalia","Papilio agenor","LC","NLC","corrected_redlistTW"
"dd4eaf17-0ff0-422a-8d5f-acc42f69dd94","species","Animalia","Papilio nephelus","LC","NLC","corrected_redlistTW"
"97db0257-32c5-4e94-86ef-4f07c0b738ba","species","Animalia","Papilio paris","LC","NLC","corrected_redlistTW"
"24c5746d-5289-4ebb-b1fa-12c90977c974","species","Animalia","Papilio polytes","LC","NLC","corrected_redlistTW"
"243538ca-bc90-4386-953b-ab7ade7ecaf0","species","Animalia","Papilio protenor","LC","NLC","corrected_redlistTW"
"628ac210-99d7-4c89-94ab-db5d9775d23f","species","Animalia","Troides aeacus","LC","NLC","corrected_redlistTW"
"05cbfbcc-b83b-428d-a096-e60cec0eb6ab","species","Animalia","Troides magellanus","VU","NVU","corrected_redlistTW"
"5226360b-eea2-4fa0-88a8-adabe05306ec","species","Animalia","Byasa confusus","VU","NVU","corrected_redlistTW"
"9f0f79a7-e3f1-430b-abe9-15b603739e9b","species","Animalia","Byasa impediens","LC","NLC","corrected_redlistTW"
"86bb230d-56d2-41a0-a400-237463a72e67","species","Animalia","Byasa polyeuctes","LC","NLC","corrected_redlistTW"
"ed667299-9dd1-4887-96ba-ef64ac8ffeb9","species","Animalia","Pachliopta aristolochiae","LC","NLC","corrected_redlistTW"
"2a5a9475-fee0-4782-b51f-2cf3c969aea5","species","Animalia","Graphium eurous","NT","NNT","corrected_redlistTW"
"cd9d281e-cb60-466c-a54e-7a56c945a75f","species","Animalia","Graphium agamemnon","LC","NLC","corrected_redlistTW"
"1856892d-36a6-4c5d-ad14-24938b8d394c","species","Animalia","Graphium cloanthus","NT","NNT","corrected_redlistTW"
"3348cc80-e43d-450b-8583-fae99d830250","species","Animalia","Graphium doson","LC","NLC","corrected_redlistTW"
"fc4990b4-2f37-409c-8b00-c8bced0e28f5","species","Animalia","Graphium sarpedon","LC","NLC","corrected_redlistTW"
"9d11a5ac-1fbe-49d6-85df-2ffc68a9ecb0","species","Animalia","Catopsilia pomona","LC","NLC","corrected_redlistTW"
"59e617d9-4a89-4d5a-af35-6047d8ba3869","species","Animalia","Catopsilia pyranthe","LC","NLC","corrected_redlistTW"
"fdeadcc0-bc3c-4374-a0ee-9233b918d124","species","Animalia","Eurema hecabe","LC","NLC","corrected_redlistTW"
"55d5434c-7d35-4c67-958e-b77b508e27fd","species","Animalia","Eurema mandarina","LC","NLC","corrected_redlistTW"
"dd54fd40-97cb-432a-b207-0efcb1502644","species","Animalia","Eurema alitha","LC","NLC","corrected_redlistTW"
"52f2ccb4-d073-4a86-aff3-20e3b1e559cb","species","Animalia","Eurema andersoni","LC","NLC","corrected_redlistTW"
"1bb1c8a2-c67f-4793-b97c-9e1b1d6b7e24","species","Animalia","Eurema blanda","LC","NLC","corrected_redlistTW"
"e55396c3-7ff9-472f-839e-b1fb1d06b4c2","species","Animalia","Eurema brigitta","","NVU","corrected_redlistTW"
"3febc5dc-ffc2-4ae5-bfb3-8cb38891ec65","species","Animalia","Eurema laeta","EN","NEN","corrected_redlistTW"
"485a6957-1588-485f-b00a-3f7ed8d7187e","species","Animalia","Gonepteryx taiwana","NT","NNT","corrected_redlistTW"
"e688b79c-b2eb-472b-93ae-913d633c1058","species","Animalia","Gonepteryx amintha","LC","NLC","corrected_redlistTW"
"c7637bf7-3f76-4e3a-a902-d9e16c1befff","species","Animalia","Pieris canidia","LC","NLC","corrected_redlistTW"
"deed27c1-9248-45a2-9d4e-1efbfc7a5949","species","Animalia","Pieris rapae","LC","NLC","corrected_redlistTW"
"0f57c2c9-c37d-4039-ac7a-cc6f793fb0a0","species","Animalia","Prioneris thestylis","NT","NNT","corrected_redlistTW"
"d531d769-6e92-455f-a97f-bce498acbdf1","species","Animalia","Aporia agathon","","NNT","corrected_redlistTW"
"80d5dfa5-8441-4053-93fa-856be7eee296","species","Animalia","Aporia genestieri","NT","NNT","corrected_redlistTW"
"5d0847b6-4791-4048-b264-c6a4fe9a8667","species","Animalia","Aporia gigantea","","NVU","corrected_redlistTW"
"4d5be61d-2ce5-4a35-9d92-b25525217f66","species","Animalia","Appias albina","LC","NLC","corrected_redlistTW"
"32dead53-7f68-43f9-9aa5-1db1f812f45e","species","Animalia","Appias indra","LC","NLC","corrected_redlistTW"
"2113d99f-b67c-4295-bec3-399fdd3997eb","species","Animalia","Appias lyncida","LC","NLC","corrected_redlistTW"
"e873baf2-91f8-45bc-9235-9c099a5569b9","species","Animalia","Cepora nadina","LC","NLC","corrected_redlistTW"
"f875ecc1-9c23-474d-bd5a-20280abad451","species","Animalia","Cepora nerissa","NT","NNT","corrected_redlistTW"
"4f14f4c8-4902-421b-8cd3-07020e77b7ae","species","Animalia","Colias erate","NT","NNT","corrected_redlistTW"
"450e9ac9-3da3-489c-852c-1457394a023d","species","Animalia","Delias berinda","NT","NNT","corrected_redlistTW"
"f4284aa4-522f-4cad-a362-4e62651e8907","species","Animalia","Delias hyparete","NT","NNT","corrected_redlistTW"
"edd72544-165a-4622-b516-6e4cb9567ae0","species","Animalia","Delias lativitta","NT","NNT","corrected_redlistTW"
"577db45a-0cc0-4fd7-b024-7f0edd025a6d","species","Animalia","Delias pasithoe","LC","NLC","corrected_redlistTW"
"a19e3ce9-e3b9-4b9a-9f9a-b4a3d68027b9","species","Animalia","Hebomoia glaucippe","LC","NLC","corrected_redlistTW"
"d1534ca5-254c-44ea-9011-81ca0ad9257c","species","Animalia","Ixias pyrene","NT","NNT","corrected_redlistTW"
"63cdadae-bf53-4218-a91b-bb35cd486ea4","species","Animalia","Leptosia nina","LC","NLC","corrected_redlistTW"
"40bcf15c-3210-42a9-b935-5a684f990660","species","Animalia","Talbotia naganum","NT","NNT","corrected_redlistTW"
"a4c6f85e-08b4-4302-99c7-6453d1117e5d","species","Animalia","Aciagrion migratum","","NNT","corrected_redlistTW"
"96dca445-a975-49d0-90d2-3d2658a8a7f4","species","Animalia","Agriocnemis pygmaea","","NLC","corrected_redlistTW"
"43674f7c-e032-4234-ae5f-227d0602c484","species","Animalia","Agriocnemis femina","","NLC","corrected_redlistTW"
"a4ce0858-6ccf-43c4-b6f0-4797513c6b7a","species","Animalia","Ceriagrion melanurum","","NCR","corrected_redlistTW"
"66a8a938-8c1e-4eaf-a901-92f3c075582a","species","Animalia","Ceriagrion nipponicum","","NCR","corrected_redlistTW"
"5fbcfae6-ea81-4573-8180-3c898697364b","species","Animalia","Ceriagrion auranticum","","NLC","corrected_redlistTW"
"203ffe6d-ba24-4181-95bb-c04ecaf3a99b","species","Animalia","Ceriagrion fallax","","NLC","corrected_redlistTW"
"db43a9f2-b585-4ffb-b0e8-70af5c18f438","species","Animalia","Ischnura asiatica","","NE","corrected_redlistTW"
"3856ed5a-f901-4153-8ed7-9d710f3e93f9","species","Animalia","Ischnura senegalensis","","NLC","corrected_redlistTW"
"d759478a-de21-4d10-ae38-b373f98e02b2","species","Animalia","Mortonagrion selenion","","NE","corrected_redlistTW"
"7b64cfce-b461-4873-979e-8fb5b53e2bda","species","Animalia","Mortonagrion hirosei","","NCR","corrected_redlistTW"
"83d548df-90a3-432c-9af3-18736c129a8c","species","Animalia","Paracercion melanotum","","NLC","corrected_redlistTW"
"75bfc536-d267-42f0-8405-dca968ec0d57","species","Animalia","Paracercion sieboldii","","NE","corrected_redlistTW"
"dc713467-7362-4f82-9b73-5efb5b934fca","species","Animalia","Paracercion calamorum","","NLC","corrected_redlistTW"
"238e95cc-ccc2-426e-8fa7-bdc1fb84655d","species","Animalia","Pseudagrion microcephalum","","NLC","corrected_redlistTW"
"966dad42-1951-48b6-ba72-cb2e73eb17d0","species","Animalia","Pseudagrion rubriceps","","DD","corrected_redlistTW"
"2a39544a-f95f-429a-90e2-4d720640f6b8","species","Animalia","Pseudagrion pilidorsum","","NLC","corrected_redlistTW"
"ce57073f-bca3-42d8-aa4c-1d46d8ccfbe4","species","Animalia","Anaciaeschna martini","","NNT","corrected_redlistTW"
"5273c00f-48ed-426c-a719-818406312801","species","Animalia","Anaciaeschna jaspidea","","NLC","corrected_redlistTW"
"eb019832-1fd1-4a9f-9b1a-488f4c706d3a","species","Animalia","Anax guttatus","","NLC","corrected_redlistTW"
"3267483b-78e4-48b5-bfc8-4a3ece4112c1","species","Animalia","Anax panybeus","","NLC","corrected_redlistTW"
"6e5e7546-d08a-4540-acfb-d3b017ad75b9","species","Animalia","Anax nigrofasciatus","","NLC","corrected_redlistTW"
"b2e94a81-5bb1-43dd-8539-82a93165be24","species","Animalia","Anax parthenope","","NE","corrected_redlistTW"
"6780f963-aa39-4874-af70-22b2c9d6ff14","species","Animalia","Cephalaeschna risi","","NVU","corrected_redlistTW"
"ef947cfc-f409-4f05-8e3e-58bab01c4007","species","Animalia","Gynacantha bayadera","","NNT","corrected_redlistTW"
"bc2c1ca4-88e6-438c-8d9e-72a2f83013a9","species","Animalia","Gynacantha japonica","","NLC","corrected_redlistTW"
"1f77aabf-1eed-4b95-9782-58ea1ca4a142","species","Animalia","Gynacantha ryukyuensis","","NLC","corrected_redlistTW"
"16ae30e4-901b-44d0-993c-d457d11f0b36","species","Animalia","Gynacantha saltatrix","","NEN","corrected_redlistTW"
"ddcf3694-c89b-4eb1-af14-32609f502534","species","Animalia","Periaeschna magdalena","","NNT","corrected_redlistTW"
"15776791-e11b-470f-aaeb-dfb50eeb8eac","species","Animalia","Sarasaeschna tsaopiensis","","NEN","corrected_redlistTW"
"07f1f503-b29e-47f2-8764-7d3c9474d0bf","species","Animalia","Sarasaeschna lieni","","NNT","corrected_redlistTW"
"43f3993e-39d2-4952-8538-d1aac247c24b","species","Animalia","Sarasaeschna pyanan","","NNT","corrected_redlistTW"
"98d556d5-c027-4367-8b57-7741495f6ac0","species","Animalia","Sarasaeschna chiangchinlii","","NVU","corrected_redlistTW"
"d7183cdf-acca-44b7-940d-feed3af27e52","species","Animalia","Sarasaeschna kaoi","","NCR","corrected_redlistTW"
"039c2f28-2e7c-4707-966f-1f46c610a56c","species","Animalia","Aeshna petalura","","NLC","corrected_redlistTW"
"8cb4223c-dfaf-472f-a8b5-fa1c7144d735","species","Animalia","Anisogomphus maacki","","NVU","corrected_redlistTW"
"bbb756de-57db-4f5a-906a-5976a7ea8079","species","Animalia","Asiagomphus hainanensis","","NNT","corrected_redlistTW"
"4b50189e-6bba-4801-9d76-59ab4f676618","species","Animalia","Asiagomphus pacificus","","NVU","corrected_redlistTW"
"0311ee4f-e15e-4972-a57c-23617e555752","species","Animalia","Asiagomphus perlaetus","","NEN","corrected_redlistTW"
"0d66f442-d82a-4ac6-888c-ca5adaf4357f","species","Animalia","Asiagomphus septimus","","NNT","corrected_redlistTW"
"2abb2843-08a3-48c1-abd7-962a19409459","species","Animalia","Burmagomphus vermicularis","","NLC","corrected_redlistTW"
"44c64a9b-5835-41b5-8cff-849ff9f18ed1","species","Animalia","Fukienogomphus prometheus","","NNT","corrected_redlistTW"
"60d9b43d-2769-4b38-b6e2-b18d0d1eeae2","species","Animalia","Gomphidia confluens","","NNT","corrected_redlistTW"
"fc8eb5c7-4001-48fb-83ef-4d681b14d07d","species","Animalia","Heliogomphus retroflexus","","NLC","corrected_redlistTW"
"e5c6da69-37c8-431e-8d45-6affff161084","species","Animalia","Ictinogomphus rapax","","NLC","corrected_redlistTW"
"965d2fb5-b742-4621-9bdc-79dfa56bac25","species","Animalia","Lamelligomphus formosanus","","NLC","corrected_redlistTW"
"6d08d572-cff4-4679-b493-bf5ba78187b4","species","Animalia","Merogomphus pavici","","NNT","corrected_redlistTW"
"fc42ef70-7fa4-49cd-9353-51aab13a516b","species","Animalia","Sieboldius deflexus","","NNT","corrected_redlistTW"
"b2251962-5a7a-454f-bd29-c070b7e63e36","species","Animalia","Sinictinogomphus clavatus","","NLC","corrected_redlistTW"
"03a72898-804b-4b50-8e35-a266cf59734a","species","Animalia","Sinogomphus formosanus","","NLC","corrected_redlistTW"
"e74f8e31-e5c1-40a9-814b-79ce6f58b721","species","Animalia","Stylogomphus changi","","NLC","corrected_redlistTW"
"6d399929-516e-4f54-8139-68281ab38b3c","species","Animalia","Stylogomphus shirozui","","NLC","corrected_redlistTW"
"a7deaf8a-e8a7-4d7f-a459-1a9987f0775f","species","Animalia","Leptogomphus sauteri","","NLC","corrected_redlistTW"
"0defb28c-09ee-48fb-b092-aeefb9981c26","species","Animalia","Anotogaster klossi","","NLC","corrected_redlistTW"
"df8d1a1d-124c-4607-b9c2-533ae2d6460d","species","Animalia","Chlorogomphus brevistigma","","NNT","corrected_redlistTW"
"efef3ec8-67f9-40d7-9f87-2c5855cad9fa","species","Animalia","Chlorogomphus risi","","NLC","corrected_redlistTW"
"5a9082e4-fbc9-45d6-b29b-96d3f4383cf1","species","Animalia","Aristocypha baibarana","","NCR","corrected_redlistTW"
"a883838f-1444-44d4-a63a-3d8dc5802ba5","species","Animalia","Rhinocypha taiwana","","NEN","corrected_redlistTW"
"f6b69d9b-e2cb-45c7-bd99-6c7ff9d0967d","species","Animalia","Heliocypha perforata","","NLC","corrected_redlistTW"
"7e1f4500-494a-4bb6-aaee-8f0fe7e7225e","species","Animalia","Libellago lineata","","NEN","corrected_redlistTW"
"2bb9dd19-1602-4535-afdf-c6363fa5a983","species","Animalia","Bayadera brevicauda","","NLC","corrected_redlistTW"
"7dc20760-3086-4f93-9f08-3975b5a87470","species","Animalia","Euphaea formosa","","NLC","corrected_redlistTW"
"70471991-ebec-4b80-813f-6bca09c3fc24","species","Animalia","Brachythemis contaminata","","NLC","corrected_redlistTW"
"9ff1c239-4fe1-4972-813a-8b741feabfb5","species","Animalia","Deielia phaon","","NE","corrected_redlistTW"
"50b5be46-180c-4316-82b8-bf3e73c285ba","species","Animalia","Diplacodes trivialis","","NLC","corrected_redlistTW"
"ba53fd7b-2593-4cfa-9342-a878017fa64e","species","Animalia","Hydrobasileus croceus","","NLC","corrected_redlistTW"
"03c84c4d-f518-4674-ad57-d851397556db","species","Animalia","Lyriothemis flava","","NLC","corrected_redlistTW"
"9b609bf2-87b1-49ba-bcbd-468201482879","species","Animalia","Lyriothemis elegantissima","","NLC","corrected_redlistTW"
"5a1a17b8-a6bb-403c-9ea1-b8920b73038c","species","Animalia","Macrodiplax cora","","NLC","corrected_redlistTW"
"0a4cbe68-8a9b-4863-b8a0-d161819a4596","species","Animalia","Nannophya pygmaea","","NEN","corrected_redlistTW"
"03aef23e-a178-427b-8027-195914baf14e","species","Animalia","Nannophyopsis clara","","NEN","corrected_redlistTW"
"7d7b603a-e390-42bb-bbad-d518641cf100","species","Animalia","Neurothemis fulvia","","NE","corrected_redlistTW"
"184e130f-babe-4d9f-8698-ae23d46056dd","species","Animalia","Neurothemis taiwanensis","","NLC","corrected_redlistTW"
"0fee45b5-fb52-40e1-83dd-9bee2833e549","species","Animalia","Neurothemis tullia","","NCR","corrected_redlistTW"
"db9651db-196e-4343-a0ea-63ed4d067867","species","Animalia","Orthetrum glaucum","","NLC","corrected_redlistTW"
"0f5191c3-1eb1-4fc2-9381-c7a254395880","species","Animalia","Orthetrum luzonicum","","NLC","corrected_redlistTW"
"96637826-25da-4e32-813d-1591d8ae2d81","infraspecies","Animalia","Orthetrum melania continentale","","NLC","corrected_redlistTW"
"0151f2e2-4365-49f8-a697-d93cfbe28de5","infraspecies","Animalia","Orthetrum triangulare triangulare","","NLC","corrected_redlistTW"
"70de0277-836f-4c40-9e02-90a2b3999a02","species","Animalia","Orthetrum albistylum","","NCR","corrected_redlistTW"
"d78768be-9da1-4a87-858b-5906e03b19b5","species","Animalia","Orthetrum pruinosum","","NEN","corrected_redlistTW"
"7682e6c1-93a1-49ec-acfe-c6ce68fd6a70","species","Animalia","Orthetrum sabina","","NLC","corrected_redlistTW"
"a1b6a2c8-d224-4009-b22f-8e7f426300b6","species","Animalia","Pantala flavescens","","NLC","corrected_redlistTW"
"cfca8a7e-51b2-41a4-b071-6a59374ffa15","species","Animalia","Pseudothemis zonata","","NLC","corrected_redlistTW"
"62ad55f6-44cc-4ef6-af9e-4ee0baf473b2","species","Animalia","Rhyothemis severini","","NEN","corrected_redlistTW"
"798e156b-041d-4b68-ad01-bc27c22cf760","species","Animalia","Rhyothemis triangularis","","NNT","corrected_redlistTW"
"b1a7ac56-949d-4d38-b4da-653e6fb90cc3","species","Animalia","Rhyothemis regia","","NLC","corrected_redlistTW"
"a06f4017-6cbb-4319-aa58-f60940a07863","species","Animalia","Rhyothemis variegata","","NLC","corrected_redlistTW"
"80a9804b-3eda-4eb5-b0c5-913e14f357d0","species","Animalia","Sympetrum darwinianum","","NE","corrected_redlistTW"
"c38ade02-8d7e-439c-b7f9-553ba8ffdfe6","species","Animalia","Sympetrum kunckeli","","NE","corrected_redlistTW"
"697286a5-86c9-46c1-8fc6-b97409140ff5","species","Animalia","Sympetrum cordulegaster","","NE","corrected_redlistTW"
"f44d893e-20d5-4f49-b0fc-eea82e0b3865","species","Animalia","Sympetrum depressiusculum","","NE","corrected_redlistTW"
"daee45f2-702a-4bc3-940f-76b10a8d409a","species","Animalia","Sympetrum fonscolombii","","NE","corrected_redlistTW"
"cfccfc6c-89bd-498e-8ed1-22996fbf6a53","species","Animalia","Sympetrum nantouensis","","NEN","corrected_redlistTW"
"dc638eb5-5456-451e-b504-918ae78f9d16","species","Animalia","Sympetrum baccha","","RE","corrected_redlistTW"
"d4fc848c-b4e7-4994-be79-e93fb53b86c6","species","Animalia","Sympetrum eroticum","","NNT","corrected_redlistTW"
"118c4f95-1d01-4d8b-8701-d3e00dd60049","species","Animalia","Tholymis tillarga","","NLC","corrected_redlistTW"
"125736d1-2fc2-40df-8678-25f9cb31637a","species","Animalia","Tramea virginia","","NLC","corrected_redlistTW"
"527f29d3-deb5-428f-8293-f198090bf201","species","Animalia","Tramea transmarina","","DD","corrected_redlistTW"
"a8add0af-57bd-44d3-98be-63448b769961","species","Animalia","Trithemis aurora","","NLC","corrected_redlistTW"
"c7350fe8-1801-490f-8e2f-010097d3f6ed","species","Animalia","Trithemis festiva","","NLC","corrected_redlistTW"
"5bf83fca-43b5-46d5-8a1b-63728733cd8c","species","Animalia","Trithemis pallidinervis","","NE","corrected_redlistTW"
"604aaed0-0d66-4a5e-b20f-bee2b545edf4","species","Animalia","Zygonyx takasago","","NLC","corrected_redlistTW"
"83bd5185-fc1d-430e-ba05-a3877e7d3084","species","Animalia","Zyxomma petiolatum","","NLC","corrected_redlistTW"
"f1214d64-5522-45ed-818d-6fb2c93bb30d","species","Animalia","Zyxomma obtusum","","NLC","corrected_redlistTW"
"1a8a377a-24a0-48ee-be28-25fa6a3fb348","species","Animalia","Acisoma panorpoides","","NLC","corrected_redlistTW"
"245efa49-df68-4266-9534-01f41200e0c4","species","Animalia","Agrionoptera insignis","","NEN","corrected_redlistTW"
"22dc0d55-61c0-46f8-9c82-5851307ebad4","species","Animalia","Brachydiplax chalybea","","NLC","corrected_redlistTW"
"79c187f8-23e4-40f1-9cc6-c936614b723e","species","Animalia","Cratilla lineata","","NLC","corrected_redlistTW"
"58ba26ce-0821-49c8-bdc8-a60338406436","species","Animalia","Crocothemis servilia","","NLC","corrected_redlistTW"
"756bd88c-cc90-41e8-b965-164c11a2f796","species","Animalia","Lathrecista asiatica","","DD","corrected_redlistTW"
"ef8b662f-5ec7-4a69-a43a-2470698a833c","species","Animalia","Onychothemis testacea","","NLC","corrected_redlistTW"
"a2976c52-9273-4014-9709-ee9f2295712f","species","Animalia","Potamarcha congener","","NLC","corrected_redlistTW"
"b07278eb-aae6-4cb2-873e-24a92f3e17ca","species","Animalia","Urothemis signata","","DD","corrected_redlistTW"
"bd7f518d-163d-49a7-b4c5-ae7ce6c6cc2d","species","Animalia","Coeliccia cyanomelas","","NLC","corrected_redlistTW"
"f7ef222c-adda-45f3-a04a-85789e29b7ec","species","Animalia","Coeliccia flavicauda","","NLC","corrected_redlistTW"
"1e67c223-1876-43fc-adc5-f5773cdc847a","species","Animalia","Copera marginipes","","NLC","corrected_redlistTW"
"2b534b7d-9bc5-4a7c-b20a-d41763c058bd","species","Animalia","Onychargia atrocyana","","NEN","corrected_redlistTW"
"9fc539ea-c6ad-4f6a-ac67-3f09624b7e7e","species","Animalia","Prodasineura croconota","","NLC","corrected_redlistTW"
"d1ef61a2-f66f-42aa-8cbe-daa70cd55e49","species","Animalia","Prodasineura autumnalis","","DD","corrected_redlistTW"
"c62ca225-db31-461b-a36d-599fcc19529b","species","Animalia","Epophthalmia elegans","","NLC","corrected_redlistTW"
"4c3c4fe6-60d9-48d7-bfa9-e2e039bd0f4f","species","Animalia","Macromia clio","","NLC","corrected_redlistTW"
"2876ffb9-bca4-4b40-be1a-09115b2e4155","species","Animalia","Macromia urania","","NLC","corrected_redlistTW"
"9292e860-0505-469c-b055-1fc1ce525b6f","species","Animalia","Macromia daimoji","","NEN","corrected_redlistTW"
"bd7d5a45-f55a-4fbe-aaff-6762cbe5bbd1","species","Animalia","Macromidia ishidai","","NCR","corrected_redlistTW"
"059c6715-5b60-4df7-8a4c-7a6c848d7e4e","species","Animalia","Somatochlora taiwana","","NCR","corrected_redlistTW"
"abe37b35-c2be-4a6b-b303-f752e666b7f5","species","Animalia","Hemicordulia mindana","","NEN","corrected_redlistTW"
"13cdbc08-c641-4a25-a40a-600d83ca5539","species","Animalia","Indolestes cyaneus","","NLC","corrected_redlistTW"
"2560e757-2f3a-42fa-861a-4ea245a402b7","species","Animalia","Lestes concinnus","","NE","corrected_redlistTW"
"7ec6c0ca-959a-44f2-bf1f-3fb63dca6530","species","Animalia","Orolestes selysi","","NLC","corrected_redlistTW"
"9e6bcca4-6b08-4501-a10b-7d60700e4a2b","species","Animalia","Matrona cyanoptera","","NLC","corrected_redlistTW"
"290eed6d-3ae6-464d-9f66-80f898178bf0","species","Animalia","Mnais tenuis","","NNT","corrected_redlistTW"
"62dac292-35f3-4ba3-8797-d31462cce697","species","Animalia","Neurobasis chinensis","","NE","corrected_redlistTW"
"abac735a-24a7-441d-9c5d-3376224295df","species","Animalia","Psolodesmus mandarinus","","NLC","corrected_redlistTW"
"2cadf583-a820-44e7-8c2c-293710e69d35","species","Animalia","Sinolestes edita","","NEN","corrected_redlistTW"
"190f34b2-24a4-4a26-8d9c-7d905fdcbadc","species","Animalia","Rhipidolestes aculeatus","","NLC","corrected_redlistTW"
"7f91d3b5-a9ee-429a-b656-29be3c9b41cc","infraspecies","Animalia","Aeromachus inachus formosana","NT","NNT","corrected_redlistTW"
"e345a741-125f-428c-b242-b919045bff8f","infraspecies","Animalia","Celaenorrhinus maculosus taiwanus","NT","NNT","corrected_redlistTW"
"f27317ce-9c39-4067-8539-6ed31b0a70bf","infraspecies","Animalia","Celaenorrhinus pulomaya formosanus","NT","NNT","corrected_redlistTW"
"7e52115b-7413-485b-8297-db0b98e046b0","infraspecies","Animalia","Hasora anura taiwana","NT","NNT","corrected_redlistTW"
"e8097c0c-3ed5-4fe3-8b38-3f967d6b3cfe","infraspecies","Animalia","Hasora taminatus vairacana","LC","NLC","corrected_redlistTW"
"c7877c0f-9a5e-4109-bdc0-0bd0ccda4268","infraspecies","Animalia","Notocrypta feisthamelii alinkara","NT","NNT","corrected_redlistTW"
"95c2f9df-cfb9-4b5a-8fe7-7255759f0f0e","infraspecies","Animalia","Notocrypta feisthamelii arisana","NT","NNT","corrected_redlistTW"
"fe58bcf1-63c3-496c-a148-48e41e2712a0","infraspecies","Animalia","Ochlodes bouddha yuchingkinus","NT","NNT","corrected_redlistTW"
"cccd281a-0f4c-4397-b52c-88d217e907bc","infraspecies","Animalia","Pelopidas mathias oberthueri","NT","NNT","corrected_redlistTW"
"5968a628-ac88-4985-89c5-28fe70aa93af","infraspecies","Animalia","Zenonoida eltola tappana","NT","NNT","corrected_redlistTW"
"78a9d9a3-a762-43b6-97f5-0c13e5a54980","infraspecies","Animalia","Polytremis lubricans kuyaniana","LC","NLC","corrected_redlistTW"
"0be32ce8-6f81-4890-80a3-ba946061d101","infraspecies","Animalia","Zinaida zina asahinai","NT","NNT","corrected_redlistTW"
"b10deec4-ce6f-4671-bab0-40d2fe035ce3","infraspecies","Animalia","Potanthus confucius angustatus","LC","NLC","corrected_redlistTW"
"3f9a8739-9ce4-4972-975d-3b75815eb0ee","infraspecies","Animalia","Tagiades trebellius martinus","NT","NNT","corrected_redlistTW"
"f8133d28-3228-4b6d-842f-bff3b6d1f70f","infraspecies","Animalia","Abraximorpha davidii ermasis","NT","NNT","corrected_redlistTW"
"00525e32-3b86-4b8e-9648-ed628a116bc2","infraspecies","Animalia","Ampittia dioscorides etura","NT","NNT","corrected_redlistTW"
"95be6ae2-b729-40a1-a840-959b69f47430","infraspecies","Animalia","Ampittia virgata myakei","LC","NLC","corrected_redlistTW"
"ce99d91c-9f51-4240-acdb-55a755f390ba","infraspecies","Animalia","Burara jaina formosana","LC","NLC","corrected_redlistTW"
"c2a468e5-50ec-484d-8de9-e344da289b00","infraspecies","Animalia","Caltoris bromus yanuca","NT","NNT","corrected_redlistTW"
"0ff5bdfe-fd5b-4641-ad32-cbc12f7d3d24","infraspecies","Animalia","Choaspes benjaminii formosana","NT","NNT","corrected_redlistTW"
"17d8f10d-0f4a-46e4-aa28-4f980c89f3fe","infraspecies","Animalia","Choaspes xanthopogon chrysopterus","NT","NNT","corrected_redlistTW"
"7921b123-2ac3-4594-bc33-93f9803372aa","infraspecies","Animalia","Isoteinon lamprospilus formosanus","LC","NLC","corrected_redlistTW"
"d69a67e5-0b23-499e-a7ec-549ec116e057","infraspecies","Animalia","Lobocla bifasciata kodairai","NT","NNT","corrected_redlistTW"
"1e1afc18-50e7-4759-8020-d40871440b38","infraspecies","Animalia","Onryza maga takeuchii","NT","NNT","corrected_redlistTW"
"060159fa-66d1-4fc9-bf87-ff1b8925a539","infraspecies","Animalia","Telicota bambusae horisha","LC","NLC","corrected_redlistTW"
"b22b333e-efd0-4afe-8d41-132073f02be7","infraspecies","Animalia","Telicota colon hayashikeii","NT","NNT","corrected_redlistTW"
"459464df-f1e3-4eac-8634-4fde797c6f3b","infraspecies","Animalia","Telicota ohara formosana","LC","NLC","corrected_redlistTW"
"0a739688-f1cd-4485-83c1-a36f3f0225f4","infraspecies","Animalia","Antigius attilia obsoleta","VU","NVU","corrected_redlistTW"
"a1bb892b-4a4e-465f-a3a7-40a15172c511","infraspecies","Animalia","Arhopala bazalus turbata","LC","NLC","corrected_redlistTW"
"22833f18-40f5-40b6-be4d-e9dac91a65e8","infraspecies","Animalia","Arhopala birmana asakurae","LC","NLC","corrected_redlistTW"
"c7b50ece-5d8d-4c6e-b158-c601012a2513","infraspecies","Animalia","Arhopala ganesa formosana","NT","NNT","corrected_redlistTW"
"2344b18c-f7a3-4ec2-ab6b-927fa1ad4dc2","infraspecies","Animalia","Arhopala paramuta horishana","NT","NNT","corrected_redlistTW"
"9f725f60-dbbf-4efb-9e16-04c73031fd9c","infraspecies","Animalia","Chrysozephyrus disparatus pseudotaiwanus","NT","NNT","corrected_redlistTW"
"5cc1f831-86d8-41a6-8ecc-496be801e924","infraspecies","Animalia","Chrysozephyrus kabrua niitakanus","NT","NNT","corrected_redlistTW"
"4b64637c-db15-4ad2-85c4-f400fdfe45f5","infraspecies","Animalia","Curetis acuta formosana","LC","NLC","corrected_redlistTW"
"eaaf1e6a-69af-4193-b265-9224eb0a5a8a","infraspecies","Animalia","Deudorix epijarbas menesicles","LC","NLC","corrected_redlistTW"
"b61ec584-164f-47b8-8b67-c948c3a373ca","infraspecies","Animalia","Euaspa milionia formosana","NT","NNT","corrected_redlistTW"
"fc1ee0f4-ca0c-4a55-8a18-2286abd49270","infraspecies","Animalia","Horaga albimacula triumphalis","LC","NLC","corrected_redlistTW"
"2156944c-b09e-4622-a0c4-2a99be926f05","infraspecies","Animalia","Horaga onyx moltrechti","NT","NNT","corrected_redlistTW"
"2041d825-8649-46b3-a5bc-71a086d4f167","infraspecies","Animalia","Hypolycaena kina inari","VU","NVU","corrected_redlistTW"
"a8266c32-cde2-40db-8b4e-3472972f6880","infraspecies","Animalia","Jamides alecto dromicus","LC","NLC","corrected_redlistTW"
"4eded84e-51b6-466f-96ac-157033d86ff5","infraspecies","Animalia","Jamides bochus formosanus","LC","NLC","corrected_redlistTW"
"8dcd1a5b-342c-438c-befd-bd3a2fb9550e","infraspecies","Animalia","Phengaris atroguttata formosana","NT","NNT","corrected_redlistTW"
"4d5aa3de-c542-40ab-83e3-2162695c8cc7","infraspecies","Animalia","Rapala caerulea liliacea","NT","NNT","corrected_redlistTW"
"2cc9bf0c-ffab-413a-a8b8-827535948fef","infraspecies","Animalia","Rapala nissa hirayamana","NT","NNT","corrected_redlistTW"
"4bb299f7-7208-4a76-8b0e-552ee614f71c","infraspecies","Animalia","Rapala varuna formosana","LC","NLC","corrected_redlistTW"
"b86f77f0-6d65-4fca-8e17-fdf215584bef","infraspecies","Animalia","Satyrium eximium mushanum","NT","NNT","corrected_redlistTW"
"efcc26f7-d603-42b4-9317-4470e7c818f8","infraspecies","Animalia","Spindasis lohita formosanus","LC","NLC","corrected_redlistTW"
"f37cbe10-29bc-4a94-b096-197e47900c4a","infraspecies","Animalia","Tajuria diaeus karenkonis","NT","NNT","corrected_redlistTW"
"63bd8a67-5c6b-43a9-85fd-b181eac2ff8c","infraspecies","Animalia","Tajuria illurgis tattaka","NT","NNT","corrected_redlistTW"
"a3c5f2eb-8aa2-41b9-a9f1-f38f809db1fe","infraspecies","Animalia","Tongeia filicaudis mushanus","NT","NNT","corrected_redlistTW"
"b860ca9a-7661-4df7-ba69-791ab848e66c","infraspecies","Animalia","Zizeeria maha okinawana","LC","NLC","corrected_redlistTW"
"8be691cd-8749-48d5-9d07-829681a89f74","infraspecies","Animalia","Zizina otis riukuensis","LC","NLC","corrected_redlistTW"
"ddade9c0-73c8-453a-89cd-91586f065e06","infraspecies","Animalia","Abisara burnii etymander","NT","NNT","corrected_redlistTW"
"1ff9ec72-8ba4-4fb1-a5be-82b21bcf51d9","infraspecies","Animalia","Acytolepis puspa myla","LC","NLC","corrected_redlistTW"
"d54d29fa-8550-4371-b410-f3bdb79fc6e2","infraspecies","Animalia","Amblopala avidiena y-fasciatus","NT","NNT","corrected_redlistTW"
"9406ad35-b0d1-4e78-bcc7-56c141965586","infraspecies","Animalia","Ancema ctesia cakravasti","NT","NNT","corrected_redlistTW"
"423edf5d-4772-47a4-9ef4-71d9fd0ab302","infraspecies","Animalia","Araragi enthea morisonensis","NT","NNT","corrected_redlistTW"
"a174a311-38c8-4f41-b555-64a84fadd077","infraspecies","Animalia","Artipe eryx horiella","NT","NNT","corrected_redlistTW"
"2c26fd5a-2620-44b4-b5a4-ddbfc5bcf1e2","infraspecies","Animalia","Callenya melaena shonen","NT","NNT","corrected_redlistTW"
"d680535b-0add-46b9-938d-03a20b232f7e","infraspecies","Animalia","Catapaecilma major moltrechti","NT","NNT","corrected_redlistTW"
"cca23524-71e2-474c-8309-ce76d3d4dbe1","infraspecies","Animalia","Catochrysops panormus exiguus","LC","NLC","corrected_redlistTW"
"e803c162-718c-4a94-92cd-941ab81580be","infraspecies","Animalia","Celastrina lavendularis himilcon","LC","NLC","corrected_redlistTW"
"3e991d59-ad34-4315-8a18-7730f9fc9f51","infraspecies","Animalia","Celastrina oreas arisana","NT","NNT","corrected_redlistTW"
"8d2ef7c7-552b-40c0-b586-231eb8bf430d","infraspecies","Animalia","Celastrina sugitanii shirozui","NT","NNT","corrected_redlistTW"
"6a7c97c6-b7e5-4e35-bc11-7a90501ba0ce","infraspecies","Animalia","Chilades pandava peripatria","LC","NLC","corrected_redlistTW"
"859040e1-ed0b-402b-9ad4-fb3365e20b3a","infraspecies","Animalia","Cordelia comes wilemaniella","NT","NNT","corrected_redlistTW"
"be517edf-2c74-47a7-95c5-9e76cff9d544","infraspecies","Animalia","Everes lacturnus rileyi","EN","NEN","corrected_redlistTW"
"355cdc6f-fff6-4bbd-b136-8996e24d4847","infraspecies","Animalia","Freyeria putli formosanus","NT","NNT","corrected_redlistTW"
"916a3ca5-eb96-4d23-9d83-2d456345aaa9","infraspecies","Animalia","Heliophorus ila matsumurae","LC","NLC","corrected_redlistTW"
"4cba83f4-1861-4369-8c41-6df60772e1a7","infraspecies","Animalia","Iratsume orsedice suzukii","VU","NVU","corrected_redlistTW"
"82b2311b-742d-45c1-b5a8-200cd0d364fa","infraspecies","Animalia","Megisba malaya sikkima","LC","NLC","corrected_redlistTW"
"69f43c68-c5a7-4c68-8304-2c1e21dbfdce","infraspecies","Animalia","Nacaduba beroe asakusa","NT","NNT","corrected_redlistTW"
"e2dbefbd-090b-437e-901e-3ddde84c88fa","infraspecies","Animalia","Nacaduba kurava therasia","LC","NLC","corrected_redlistTW"
"0b4fa9a4-303d-4bfd-909d-997bc235aacf","infraspecies","Animalia","Pithecops corvus cornix","NT","NNT","corrected_redlistTW"
"4e6a9a79-8a8b-4d0b-a6d8-9eb1373d78c3","infraspecies","Animalia","Pithecops fulgens urai","NT","NNT","corrected_redlistTW"
"beb325f2-ece4-4ded-99bc-fa39067e00b5","infraspecies","Animalia","Prosotas dubiosa asbolodes","LC","NLC","corrected_redlistTW"
"813d2090-92df-4b1c-ab39-f91b91836e87","infraspecies","Animalia","Prosotas nora formosana","LC","NLC","corrected_redlistTW"
"8c61743e-600d-42d1-b4e3-9ad1f9458833","infraspecies","Animalia","Sinthusa chandrana kuyaniana","LC","NLC","corrected_redlistTW"
"87d9d4d7-586f-4bf3-9761-753ae49c3adc","infraspecies","Animalia","Spalgis epeus dilama","NT","NNT","corrected_redlistTW"
"1c59f5e1-0272-4223-89eb-dbf86d5d07f7","infraspecies","Animalia","Taraka hamada thalaba","LC","NLC","corrected_redlistTW"
"28cf60ea-6446-4b11-b157-2f539495a36d","infraspecies","Animalia","Ussuriana michaelis takarana","NT","NNT","corrected_redlistTW"
"88fd914a-ae63-45aa-a376-de6c6680f02a","infraspecies","Animalia","Argynnis paphia formosicola","NT","NNT","corrected_redlistTW"
"732308f8-9e4c-4560-9206-1fe49cbc122c","infraspecies","Animalia","Limenitis asura baelia","NT","NNT","corrected_redlistTW"
"f55a1cce-db92-43da-85f9-f825b7c6dae7","infraspecies","Animalia","Limenitis fortuna kodahirai","NT","NNT","corrected_redlistTW"
"b311fd69-095a-46c6-b748-d570962711e5","infraspecies","Animalia","Athyma opalina hirayamai","NT","NNT","corrected_redlistTW"
"ffea48d4-fc44-4a46-8e81-a5899d23790e","infraspecies","Animalia","Athyma selenophora laela","LC","NLC","corrected_redlistTW"
"08c9c487-0c69-49e7-812e-4a53bd1123b5","infraspecies","Animalia","Chitoria ulupi arakii","NT","NNT","corrected_redlistTW"
"decc7c45-a76b-43d6-8feb-1e4553ae144b","infraspecies","Animalia","Euploea eunice botelianus","","NLC","corrected_redlistTW"
"8461d5ab-db9d-401f-9414-95190755af19","infraspecies","Animalia","Euploea eunice hobsoni","LC","NLC","corrected_redlistTW"
"c29d6155-515b-420d-9576-c9088f744ef7","infraspecies","Animalia","Euploea eunice kadu","","NLC","corrected_redlistTW"
"a7ea5386-c7b6-4eb2-8fda-413ea1524ba8","infraspecies","Animalia","Euploea mulciber barsine","LC","NLC","corrected_redlistTW"
"4af068b5-a83b-4c4e-9d40-e8d4bd6283a1","infraspecies","Animalia","Euploea sylvester swinhoei","LC","NLC","corrected_redlistTW"
"3f509cd7-5271-46da-80cc-485698a92a12","infraspecies","Animalia","Euploea sylvester laetifica","","NLC","corrected_redlistTW"
"4dedfa42-473e-477b-b6b7-79b306229928","infraspecies","Animalia","Euploea tulliolus koxinga","LC","NLC","corrected_redlistTW"
"37aa9187-c19c-4ca1-96dd-9e117dcad5f4","infraspecies","Animalia","Euploea tulliolus pollita","","NLC","corrected_redlistTW"
"78546272-b591-4d1e-a59f-6382744a308e","infraspecies","Animalia","Euthalia irrubescens fulguralis","NT","NNT","corrected_redlistTW"
"b8b75a45-ae90-4885-a4d1-02e239fb2b66","infraspecies","Animalia","Helcyra superba takamukui","NT","NNT","corrected_redlistTW"
"ca26ab0f-eed4-4c01-a4ee-93c7d7844eeb","infraspecies","Animalia","Hypolimnas bolina iacintha","","NLC","corrected_redlistTW"
"dd8588b4-a4d7-433a-825c-e4b32bca3124","infraspecies","Animalia","Hypolimnas bolina kezia","LC","NLC","corrected_redlistTW"
"ec14007f-b6e6-4a1f-a79f-90d5eed23809","infraspecies","Animalia","Junonia lemonias aenaria","LC","NLC","corrected_redlistTW"
"8c9be996-13f8-43a9-aa0d-db24c392fb8e","infraspecies","Animalia","Lethe butleri periscelis","NT","NNT","corrected_redlistTW"
"492b829b-1e2a-4741-8d80-e81b94088117","infraspecies","Animalia","Lethe chandica ratnacri","LC","NLC","corrected_redlistTW"
"e8d28cb2-f26b-424f-b564-515bc39ebc82","infraspecies","Animalia","Lethe christophi hanako","NT","NNT","corrected_redlistTW"
"cf586905-06e3-44cd-930c-ae50e0d0f602","infraspecies","Animalia","Lethe europa pavida","NT","NNT","corrected_redlistTW"
"d814e87c-6825-4baa-9b0e-85d06baa157b","infraspecies","Animalia","Lethe gemina zaitha","NT","NNT","corrected_redlistTW"
"2e02c692-9597-4cee-ba56-78d0ddaf651a","infraspecies","Animalia","Lethe hyrania formosana","NT","NNT","corrected_redlistTW"
"a3b11003-c453-4340-969c-0e2966b9039c","infraspecies","Animalia","Lethe rohria daemoniaca","EN","NEN","corrected_redlistTW"
"a2218f9e-1975-44a1-ba05-c61a5d102194","infraspecies","Animalia","Lethe verma cintamani","NT","NNT","corrected_redlistTW"
"40e49bae-3e95-49f7-b63b-e6a2d22ed09c","infraspecies","Animalia","Melanitis phedima polishana","LC","NLC","corrected_redlistTW"
"a9366948-89cd-4d33-998b-c261b0d741a1","infraspecies","Animalia","Mycalesis francisca formosana","LC","NLC","corrected_redlistTW"
"220e2baa-cccf-4533-90f6-620666b5dc72","infraspecies","Animalia","Mycalesis gotama nanda","VU","NVU","corrected_redlistTW"
"b3b08448-6696-434c-9f7f-100e4f0eb1dc","infraspecies","Animalia","Mycalesis perseus blasius","NT","NNT","corrected_redlistTW"
"4a03416d-b6fd-4388-a469-c377a7982105","species","Animalia","Telinga mara","LC","NLC","corrected_redlistTW"
"f1ccd5cd-f0c8-411d-b2d8-8c0252d19811","species","Animalia","Mycalesis kagina","NT","NNT","corrected_redlistTW"
"5e6095b6-30d7-40a0-b9d5-f13f8fdcb244","infraspecies","Animalia","Neptis hylas luculenta","LC","NLC","corrected_redlistTW"
"a39a6729-7d86-4813-9b56-4ad5c063b566","infraspecies","Animalia","Neptis ilos nirei","NT","NNT","corrected_redlistTW"
"11c07c2d-e3bb-4f2b-b646-1556c5256fe0","infraspecies","Animalia","Neptis nata lutatia","LC","NLC","corrected_redlistTW"
"189279c0-a643-4ae7-882c-477c6596cad2","infraspecies","Animalia","Neptis noyala ikedai","NT","NNT","corrected_redlistTW"
"9f1850ce-81cd-45f5-a573-c6fc61003d62","infraspecies","Animalia","Neptis philyra splendens","NT","NNT","corrected_redlistTW"
"23f00930-5338-49f9-b4d0-56d5ae2a553e","infraspecies","Animalia","Neptis philyroides sonani","NT","NNT","corrected_redlistTW"
"2b997004-31ab-4a10-a6c3-1747d85641eb","infraspecies","Animalia","Neptis pryeri jucundita","NT","NNT","corrected_redlistTW"
"d5e7cc75-7d00-466e-aae4-7560bc0fa0c5","infraspecies","Animalia","Neptis sankara shirakiana","NT","NNT","corrected_redlistTW"
"53ba1283-f817-4a1b-8de1-71ee3b2ed499","infraspecies","Animalia","Neptis sappho formosana","LC","NLC","corrected_redlistTW"
"16f8bbb4-338c-4495-8a1b-81d6d394c50b","infraspecies","Animalia","Neptis soma tayalina","LC","NLC","corrected_redlistTW"
"6b758f1b-7e4a-4529-b30c-a9c860d65f75","infraspecies","Animalia","Neptis sylvana esakii","NT","NNT","corrected_redlistTW"
"0062a415-4e8b-4ba2-a705-c7219a00dc7b","infraspecies","Animalia","Parantica aglea maghaba","LC","NLC","corrected_redlistTW"
"a24263f9-95dd-4284-9a73-dbb194c276d6","infraspecies","Animalia","Parantica sita niphonica","LC","NLC","corrected_redlistTW"
"8e59e0f1-9bb4-44a0-bfba-e9659779149f","infraspecies","Animalia","Sephisa chandra androdamas","NT","NNT","corrected_redlistTW"
"849c4aeb-4fa8-44f5-9db3-b77d98fe5c7b","infraspecies","Animalia","Tirumala limniace limniace","LC","NLC","corrected_redlistTW"
"d45baf8e-3a15-404b-87f5-4bd4aac79de8","infraspecies","Animalia","Tirumala limniace orestilla","","NLC","corrected_redlistTW"
"3e538ada-f285-420f-b52b-c35d787b359f","infraspecies","Animalia","Ypthima esakii wangi","","NLC","corrected_redlistTW"
"74453ffa-37d5-444b-b91f-cd9374d62832","infraspecies","Animalia","Ypthima baldus zodina","LC","NLC","corrected_redlistTW"
"ae7a54c0-09f0-4397-a43d-9501510a650f","infraspecies","Animalia","Ypthima praenubila kanonis","NT","NNT","corrected_redlistTW"
"ec447f01-e811-40cd-acd8-64623ab20e21","infraspecies","Animalia","Ypthima praenubila neobilia","NT","NNT","corrected_redlistTW"
"5b94626c-1b06-4b53-b28a-edfa533c04ff","infraspecies","Animalia","Zophoessa dura neoclides","NT","NNT","corrected_redlistTW"
"5d7aa0ef-b23a-4553-b9a7-75b385d62e0e","infraspecies","Animalia","Zophoessa siderea kanoi","NT","NNT","corrected_redlistTW"
"1aceedf7-58c2-4bcc-9320-ec623c33671f","infraspecies","Animalia","Abrota ganga formosana","NT","NNT","corrected_redlistTW"
"eb319101-9c66-4679-8bfe-3f07bb46b8c1","infraspecies","Animalia","Telchinia issoria formosana","NT","NNT","corrected_redlistTW"
"45aea6e4-77e3-4dca-9c3d-abbeac3c5750","infraspecies","Animalia","Ariadne ariadne pallidior","LC","NLC","corrected_redlistTW"
"060cc7c0-4f45-47ee-a0e7-3ac61d346a82","infraspecies","Animalia","Cyrestis thyodamas formosana","LC","NLC","corrected_redlistTW"
"c1bc5a10-791f-4800-b449-ed1e0b2b8f7a","infraspecies","Animalia","Dichorragia nesimachus formosanus","NT","NNT","corrected_redlistTW"
"af7832e2-6dd4-4e90-9418-a412cb6c96c4","infraspecies","Animalia","Elymnias hypermnestra hainana","LC","NLC","corrected_redlistTW"
"0eeec9ff-1ece-479f-9e75-f0b2eef666d4","infraspecies","Animalia","Hestina assimilis formosana","LC","NLC","corrected_redlistTW"
"4240e3e7-9981-490d-a032-36769e564c9b","infraspecies","Animalia","Hestina assimilis assimilis","","NLC","corrected_redlistTW"
"db29cd92-9ae7-41d7-81b8-73200243ae69","infraspecies","Animalia","Idea leuconoe clara","LC","NLC","corrected_redlistTW"
"de9fe7c0-dbb6-4ee5-a354-dda59b8bbe7e","infraspecies","Animalia","Idea leuconoe kwashotoensis","","NLC","corrected_redlistTW"
"0b3d229b-ba4c-49f7-8e00-7384bb904d82","infraspecies","Animalia","Kallima inachus formosana","LC","NLC","corrected_redlistTW"
"50dc1c42-f585-4de7-a72f-14bea37fe42e","infraspecies","Animalia","Kaniska canace drilon","VU","NVU","corrected_redlistTW"
"9c5460e9-248f-4f8d-92cd-ac61c38636d1","infraspecies","Animalia","Libythea lepita formosana","LC","NLC","corrected_redlistTW"
"0bf5311c-8e88-477e-b02e-24450442ecc9","infraspecies","Animalia","Limenitis sulpitia tricula","NT","NNT","corrected_redlistTW"
"9ca018a2-4038-460c-89f9-16b7a2d6d896","infraspecies","Animalia","Neope armandii lacticolora","NT","NNT","corrected_redlistTW"
"bb5744f2-768c-45a7-995b-aee98095e875","infraspecies","Animalia","Neope bremeri watanabei","NT","NNT","corrected_redlistTW"
"d3752ce7-dd88-4ed9-a64a-16093437fd4d","infraspecies","Animalia","Neope pulaha didia","NT","NNT","corrected_redlistTW"
"3d74436d-204f-451e-877d-2e3f6bb7ea01","infraspecies","Animalia","Nymphalis xanthomelas formosana","NT","NNT","corrected_redlistTW"
"0ab04c1f-e425-4943-8cf6-217daa862452","infraspecies","Animalia","Palaeonympha opalina macrophthalmia","NT","NNT","corrected_redlistTW"
"98b97cbe-07f9-4ecb-b561-f486c2d9c9bd","infraspecies","Animalia","Pantoporia hordonia rihodona","LC","NLC","corrected_redlistTW"
"f8f3df7d-4451-4c32-a1b0-3f32c5ba281f","infraspecies","Animalia","Limenitis dudu jinamitra","LC","NLC","corrected_redlistTW"
"347bdaf5-9397-43d6-8424-56e8daf266d6","infraspecies","Animalia","Polygonia c-album asakurai","NT","NNT","corrected_redlistTW"
"b1474e55-cc6f-4fb1-8d00-eec7bfc7a40f","infraspecies","Animalia","Polygonia c-aureum lunulata","LC","NLC","corrected_redlistTW"
"9d187a31-9234-40d1-b0cc-4d586d189f5d","infraspecies","Animalia","Charaxes narcaea meghaduta","LC","NLC","corrected_redlistTW"
"d7bc3d04-5be2-44a8-834a-cf5e5d566747","infraspecies","Animalia","Sasakia charonda formosana","EN","NEN","corrected_redlistTW"
"4ea18293-871a-4df2-9422-1fd64bd83353","infraspecies","Animalia","Stichophthalma howqua formosana","LC","NLC","corrected_redlistTW"
"79165272-b3f9-48a1-80e3-c64598c68062","infraspecies","Animalia","Symbrenthia brabira scatinia","LC","NLC","corrected_redlistTW"
"a5c16a71-377e-4d4a-8e5f-0955c77f257c","infraspecies","Animalia","Timelaea albescens formosana","LC","NLC","corrected_redlistTW"
"999d9524-9e42-400e-8dcc-cab84bc9d3ac","infraspecies","Animalia","Yoma sabina podium","NT","NNT","corrected_redlistTW"
"88ad4b6d-326d-425d-bd4f-d75f1eb151dd","infraspecies","Animalia","Papilio agestor matsumurae","NT","NNT","corrected_redlistTW"
"ac5c9565-4a0a-4e8c-a087-6d33e09de187","infraspecies","Animalia","Papilio epycides melanoleucus","VU","NVU","corrected_redlistTW"
"e5ddcc39-637d-4af1-9aca-b2ee17909881","infraspecies","Animalia","Papilio bianor kotoensis","","NLC","corrected_redlistTW"
"100efaae-56f0-4e45-921a-14e3b308b712","infraspecies","Animalia","Papilio bianor thrasymedes","LC","NLC","corrected_redlistTW"
"e3d9fb2b-f585-46aa-aa6e-2771392db243","infraspecies","Animalia","Papilio castor formosanus","LC","NLC","corrected_redlistTW"
"5b5a0956-71e9-455b-bf02-693413489467","infraspecies","Animalia","Papilio dialis tatsuta","VU","NVU","corrected_redlistTW"
"1ad4edfb-ac3b-489c-86d2-def5d521ffc2","infraspecies","Animalia","Papilio helenus fortunius","LC","NLC","corrected_redlistTW"
"631c0341-4ab1-40e1-8a94-a29c72cbe919","infraspecies","Animalia","Papilio agenor heronus","LC","NLC","corrected_redlistTW"
"222cfef4-4976-426a-9216-eab56249b6db","infraspecies","Animalia","Papilio nephelus chaonulus","LC","NLC","corrected_redlistTW"
"5bda7999-2d85-4807-ac2c-8e134e52cdf8","infraspecies","Animalia","Papilio polytes ledebouria","","NLC","corrected_redlistTW"
"f15f3495-727b-4d9b-a44b-0f5925e46ce7","infraspecies","Animalia","Papilio polytes polytes","LC","NLC","corrected_redlistTW"
"ae388ad5-8a9c-4e1c-b07c-2836a49a5e90","infraspecies","Animalia","Papilio protenor protenor","LC","NLC","corrected_redlistTW"
"47b4ff50-05ed-4153-a075-c8fb8cdf5e9c","infraspecies","Animalia","Papilio protenor liukiuensis","","NLC","corrected_redlistTW"
"f63b489a-0daf-4d23-a912-a8a3232d50aa","infraspecies","Animalia","Troides aeacus kaguya","LC","NLC","corrected_redlistTW"
"1685f070-42f9-4252-8c42-f9e406600d27","infraspecies","Animalia","Troides magellanus sonani","VU","NVU","corrected_redlistTW"
"2bc0f2fa-1aae-4d10-a801-a5f40e49b3b0","infraspecies","Animalia","Byasa confusus mansonensis","VU","NVU","corrected_redlistTW"
"10c0b29f-931d-4fce-8ee9-a0ea4c9bee83","infraspecies","Animalia","Byasa impediens febanus","LC","NLC","corrected_redlistTW"
"ada1a86f-f434-4fc8-a20d-9fb66d288ddd","infraspecies","Animalia","Byasa polyeuctes termessus","LC","NLC","corrected_redlistTW"
"e62425bb-7026-4f58-9849-d8df3c7ed1db","infraspecies","Animalia","Pachliopta aristolochiae interpositus","LC","NLC","corrected_redlistTW"
"285631be-365e-4a35-9494-f2d67ea78b1e","infraspecies","Animalia","Graphium eurous asakurae","NT","NNT","corrected_redlistTW"
"169578e3-e871-4ada-9f61-7409ebbd32bd","infraspecies","Animalia","Graphium cloanthus kuge","NT","NNT","corrected_redlistTW"
"60921cf3-00b7-498f-9a4c-424a1ac785d0","infraspecies","Animalia","Graphium doson postianus","LC","NLC","corrected_redlistTW"
"ac871f8b-22a9-4e6d-b425-0c39ee6bc4ac","infraspecies","Animalia","Graphium sarpedon connectens","LC","NLC","corrected_redlistTW"
"ec115102-50c8-42b8-a39e-5a3122ae5ca4","infraspecies","Animalia","Eurema alitha esakii","LC","NLC","corrected_redlistTW"
"2e9f47cd-ef50-4846-ae33-0fc284c40e20","infraspecies","Animalia","Eurema andersoni godana","LC","NLC","corrected_redlistTW"
"36b68572-eecb-4813-ac64-c631b7961c82","infraspecies","Animalia","Eurema blanda arsakia","LC","NLC","corrected_redlistTW"
"f81dd4dc-11cc-4b58-95dc-8d28e9f4e8e5","infraspecies","Animalia","Eurema laeta punctissima","EN","NEN","corrected_redlistTW"
"4fdeff5b-dbc4-44a5-bf35-8872cf6abc17","infraspecies","Animalia","Gonepteryx amintha formosana","LC","NLC","corrected_redlistTW"
"d85b2ead-1197-4b2c-a119-2b2b836c1166","infraspecies","Animalia","Pieris rapae crucivora","LC","NLC","corrected_redlistTW"
"a4f4cd9a-2b1b-4c1f-8431-ed2165fc65c3","infraspecies","Animalia","Prioneris thestylis formosana","NT","NNT","corrected_redlistTW"
"7bf52ad4-4f4e-46b3-a827-5ad65e7b160e","infraspecies","Animalia","Aporia genestieri insularis","NT","NNT","corrected_redlistTW"
"9a8d93b7-3567-4a22-b463-b7ff1215c69e","infraspecies","Animalia","Appias albina semperi","LC","NLC","corrected_redlistTW"
"e3cd6370-45ad-4cc6-bc88-7580af32b3a3","infraspecies","Animalia","Appias indra aristoxemus","LC","NLC","corrected_redlistTW"
"d2af9109-5aba-48ec-b430-044937d52ea0","infraspecies","Animalia","Appias lyncida eleonora","LC","NLC","corrected_redlistTW"
"2198ab8c-ced3-4267-b10c-d1a5e9f879ad","infraspecies","Animalia","Cepora nadina eunama","LC","NLC","corrected_redlistTW"
"6fee91d5-c660-4de8-86a7-8b2c898f208d","infraspecies","Animalia","Cepora nerissa cibyra","NT","NNT","corrected_redlistTW"
"0961e5c4-8ffc-4fc8-9f87-9e41ad21f83c","infraspecies","Animalia","Colias erate formosana","NT","NNT","corrected_redlistTW"
"d18ca08b-aeeb-43a1-9e14-5f6ce1f2bfc2","infraspecies","Animalia","Delias berinda wilemani","NT","NNT","corrected_redlistTW"
"47719293-0952-4bfb-9d62-def792b7d793","infraspecies","Animalia","Delias hyparete luzonensis","NT","NNT","corrected_redlistTW"
"0ca8228e-d5c6-4595-93b6-00cff70bca49","infraspecies","Animalia","Delias lativitta formosana","NT","NNT","corrected_redlistTW"
"61a387f0-fd8c-4be3-90f1-22aa96ec6d5c","infraspecies","Animalia","Delias pasithoe curasena","LC","NLC","corrected_redlistTW"
"c77a7eb7-06ba-4896-bffc-52d2853df18a","infraspecies","Animalia","Hebomoia glaucippe formosana","LC","NLC","corrected_redlistTW"
"afba83cc-4666-4573-a1dc-4788995ccaca","infraspecies","Animalia","Ixias pyrene insignis","NT","NNT","corrected_redlistTW"
"461d4b03-18a8-4d87-8a3f-775d25b0e794","infraspecies","Animalia","Leptosia nina niobe","LC","NLC","corrected_redlistTW"
"d8760853-dcba-4859-8632-e5b22ed97608","infraspecies","Animalia","Talbotia naganum karumii","NT","NNT","corrected_redlistTW"
"5b643d2f-e361-4a97-b908-c079158497cf","infraspecies","Animalia","Agriocnemis femina oryzae","","NLC","corrected_redlistTW"
"31c38595-79d4-4382-a256-6bce09bf9dea","infraspecies","Animalia","Ceriagrion auranticum ryukyuanum","","NLC","corrected_redlistTW"
"fde0f09a-36a1-4cec-a83c-e4cf030a99d5","infraspecies","Animalia","Ceriagrion fallax fallax","","NLC","corrected_redlistTW"
"49f8ec96-9627-418a-b7db-b60e158d494b","species","Animalia","Ischnura rubilio","","NCR","corrected_redlistTW"
"9f879755-2385-48c5-b5cc-38e476c87123","infraspecies","Animalia","Paracercion calamorum dyeri","","NLC","corrected_redlistTW"
"5b0a2a23-276c-41cd-bde9-c4fa8986b0b0","infraspecies","Animalia","Pseudagrion pilidorsum pilidorsum","","NLC","corrected_redlistTW"
"592888d1-97d1-43f2-9245-146c5c8da8b5","infraspecies","Animalia","Anax nigrofasciatus nigrofasciatus","","NLC","corrected_redlistTW"
"6f5208a4-0e18-41c4-845c-7a907add218d","infraspecies","Animalia","Planaeschna ishigakiana flavostria","","NNT","corrected_redlistTW"
"7a4988f7-6fe4-40a1-bb7e-d69258f354dc","infraspecies","Animalia","Aeshna petalura taiyal","","NLC","corrected_redlistTW"
"9863ee73-4688-4093-91be-ddf84172609b","species","Animalia","Gomphidia fukienensis","","NEN","corrected_redlistTW"
"bd0ccfa8-1179-4181-8cd0-82feedc1ead3","infraspecies","Animalia","Stylogomphus shirozui shirozui","","NLC","corrected_redlistTW"
"3dcf80dc-c609-4983-af75-d4b9c7a7996a","infraspecies","Animalia","Leptogomphus sauteri formosanus","","NLC","corrected_redlistTW"
"d9946b2c-0fe5-4134-b27d-4f3729c010d6","infraspecies","Animalia","Leptogomphus sauteri sauteri","","NLC","corrected_redlistTW"
"1541536d-1f13-44c3-a0b2-e6754b66e95d","infraspecies","Animalia","Heliocypha perforata perforata","","NLC","corrected_redlistTW"
"46c2db6d-a1b7-4294-927d-1a734d0437b7","infraspecies","Animalia","Libellago lineata lineata","","NEN","corrected_redlistTW"
"2923e97c-4957-4f18-98bb-c03f193cc24e","infraspecies","Animalia","Neurothemis tullia tullia","","NCR","corrected_redlistTW"
"839c6d29-fcfd-4ba3-8391-d413e18f79bc","infraspecies","Animalia","Orthetrum albistylum speciosum","","NCR","corrected_redlistTW"
"8c4839b8-d186-452b-9d03-4bfe0b321afd","species","Animalia","Orthetrum internum","","NNT","corrected_redlistTW"
"67449ef9-01f6-46d8-84aa-753183d327ef","infraspecies","Animalia","Orthetrum pruinosum clelia","","NEN","corrected_redlistTW"
"d505ac66-f898-4dca-af0e-d31747e9b216","infraspecies","Animalia","Orthetrum pruinosum neglectum","","NLC","corrected_redlistTW"
"5d2b1148-ef83-4e1a-bccf-80fe83ee5f8b","infraspecies","Animalia","Orthetrum sabina sabina","","NLC","corrected_redlistTW"
"8f9515ba-199a-441f-ae43-31024d791ce4","infraspecies","Animalia","Rhyothemis regia regia","","NLC","corrected_redlistTW"
"bf761e8c-35ff-4d4d-bdd6-aaef71e247d4","infraspecies","Animalia","Rhyothemis variegata arria","","NLC","corrected_redlistTW"
"17cae73a-6031-4ab9-a152-f0b0c377148b","infraspecies","Animalia","Sympetrum baccha baccha","","RE","corrected_redlistTW"
"e5fd7189-23c5-40c0-b4aa-a2b9e39d14f0","infraspecies","Animalia","Sympetrum eroticum ardens","","NNT","corrected_redlistTW"
"895871ea-0093-4f21-8386-d9d2384e2e40","species","Animalia","Sympetrum speciosum","","NLC","corrected_redlistTW"
"6a7921cf-520b-4cf8-85bd-51b6bbbb2dd2","infraspecies","Animalia","Tramea transmarina euryale","","NLC","corrected_redlistTW"
"55506a27-5eb0-41d0-8b5f-45059499fac2","infraspecies","Animalia","Tramea transmarina propinqua","","DD","corrected_redlistTW"
"cfd21070-4578-48f8-93f1-44c7d0cff8a5","infraspecies","Animalia","Acisoma panorpoides panorpoides","","NLC","corrected_redlistTW"
"1e074759-3908-4d78-b9e3-f86841e4a566","infraspecies","Animalia","Agrionoptera insignis similis","","NEN","corrected_redlistTW"
"b903b6f7-6e77-49f1-ad68-9f1456167ac1","infraspecies","Animalia","Brachydiplax chalybea flavovittata","","NLC","corrected_redlistTW"
"e7da34f1-6ac2-40e7-aae4-18ea3b7790bf","infraspecies","Animalia","Cratilla lineata assidua","","NLC","corrected_redlistTW"
"6e69b30d-b39c-4dba-8fd7-4acddbca4784","infraspecies","Animalia","Crocothemis servilia servilia","","NLC","corrected_redlistTW"
"950f1b16-f3c4-4ae8-9de1-3e6fab53d465","infraspecies","Animalia","Lathrecista asiatica asiatica","","DD","corrected_redlistTW"
"2193f2eb-529a-439d-986b-e92f9e2806e7","infraspecies","Animalia","Potamarcha congener congener","","NLC","corrected_redlistTW"
"a97e2366-e890-4668-862e-0459e18da23e","infraspecies","Animalia","Urothemis signata yiei","","NLC","corrected_redlistTW"
"8e6af5dd-413a-477e-a973-71c8f685225a","infraspecies","Animalia","Coeliccia flavicauda flavicauda","","NLC","corrected_redlistTW"
"0a4fabfe-7f53-4e04-a367-3f06dad89654","infraspecies","Animalia","Hemicordulia mindana nipponica","","NEN","corrected_redlistTW"
"0345cd1e-79cb-4da9-9b1f-a2db4e890911","infraspecies","Animalia","Neurobasis chinensis chinensis","","NE","corrected_redlistTW"
"c8240fd4-443a-49ee-a7fe-0bccc5fd2273","infraspecies","Animalia","Psolodesmus mandarinus dorothea","","NLC","corrected_redlistTW"
"0328b361-5357-4f77-af97-37c0a259a030","infraspecies","Animalia","Psolodesmus mandarinus mandarinus","","NLC","corrected_redlistTW"
"22981c1f-fa40-46fa-bd70-0ad12dd5a0ae","infraspecies","Animalia","Rhipidolestes aculeatus aculeatus","","NLC","corrected_redlistTW"
"2b081ccd-8b1c-41f6-a9d5-b28f82b5547f","species","Plantae","Lycopodium annotinum","VU","NVU","corrected_redlistTW"
"9adddb30-ba5b-4b16-bb5b-0be7cb2bd209","species","Plantae","Lycopodium clavatum","LC","NLC","corrected_redlistTW"
"eabd5a83-1897-459f-b090-196864d8f32c","species","Plantae","Lycopodiella cernua","LC","NLC","corrected_redlistTW"
"279acc65-7bba-45dd-aea9-9987e4d7e906","species","Plantae","Huperzia selago","VU","NVU","corrected_redlistTW"
"bbca8e62-4c51-4c52-afcd-bbaa473a97d8","species","Plantae","Phlegmariurus phlegmaria","EN","NEN","corrected_redlistTW"
"c9c9403d-6eb3-4bbe-8fab-d37350f9def9","species","Plantae","Phlegmariurus sieboldii","EN","NEN","corrected_redlistTW"
"1f04ebf6-dc96-4c4d-ade4-897b92ac16f0","species","Plantae","Selaginella aristata","LC","NLC","corrected_redlistTW"
"b814d402-0524-4a24-a8da-40b4c613902a","species","Plantae","Selaginella ciliaris","NT","NNT","corrected_redlistTW"
"6835400b-79ef-4737-b228-b571c43625f4","species","Plantae","Selaginella doederleinii","LC","NLC","corrected_redlistTW"
"87e61d73-217e-4ebe-94cb-b8b1cdeb1406","species","Plantae","Selaginella labordei","LC","NLC","corrected_redlistTW"
"c7a8b250-cb70-43e7-833c-78d2e55a8bab","species","Plantae","Selaginella remotifolia","LC","NLC","corrected_redlistTW"
"d8a1f2f1-6210-47f7-a954-5256c3df1129","species","Plantae","Selaginella repanda","LC","NLC","corrected_redlistTW"
"02ab9285-9ba5-4137-8926-6810333b1927","species","Plantae","Selaginella tamariscina","LC","NLC","corrected_redlistTW"
"2774f51c-b6c2-4fb2-b411-d62c63d83a8d","species","Plantae","Selaginella uncinata","NA",NA,"corrected_redlistTW"
"90fb0d25-34dc-43c8-9899-6cff0d4d12f8","species","Plantae","Psilotum nudum","LC","NLC","corrected_redlistTW"
"78c23751-70ec-4166-99ac-08f92c02a00b","species","Plantae","Helminthostachys zeylanica","CR","NCR","corrected_redlistTW"
"5dcb32f8-9758-4590-a66a-f303425234f1","species","Plantae","Ophioglossum austroasiaticum","LC","NLC","corrected_redlistTW"
"d90fca10-b51e-4ede-8ed9-420adbae84b4","species","Plantae","Ophioglossum petiolatum","LC","NLC","corrected_redlistTW"
"69773077-5c48-4c2c-bc8a-428e970f6715","species","Plantae","Ophioglossum thermale","NT","NNT","corrected_redlistTW"
"cdcef7e8-e142-48b5-a5c2-91dcf1600c0b","species","Plantae","Angiopteris lygodiifolia","LC","NLC","corrected_redlistTW"
"3a275833-74fb-4d6b-8c67-b636c3c4ec95","species","Plantae","Angiopteris somae","EN","NEN","corrected_redlistTW"
"136f5de6-3ad3-4efe-9145-5496524ff738","species","Plantae","Osmundastrum cinnamomeum","VU","NVU","corrected_redlistTW"
"94fadca3-3826-4396-aab4-ebbd8284c4db","species","Plantae","Hymenophyllum acutum","VU","NVU","corrected_redlistTW"
"1cda687d-dbaa-46d6-aaa1-49f5ff8080de","species","Plantae","Hymenophyllum badium","LC","NLC","corrected_redlistTW"
"70f6becc-97d2-4837-9387-36e4ab3bc591","species","Plantae","Hymenophyllum denticulatum","NT","NNT","corrected_redlistTW"
"81eba0d0-7986-4a81-9ce6-51342a79924b","species","Plantae","Hymenophyllum holochilum","LC","NLC","corrected_redlistTW"
"b6c65453-33e1-45e9-9212-7d1e9b77f970","species","Plantae","Hymenophyllum nitidulum","NT","NNT","corrected_redlistTW"
"5dbf5ec9-1a51-44ef-8137-5d46bb4ec92b","species","Plantae","Hymenophyllum oligosorum","LC","NLC","corrected_redlistTW"
"d01fc2c3-a17e-480e-b5d5-b5a53f708935","species","Plantae","Hymenophyllum palmatifidum","CR","NCR","corrected_redlistTW"
"b1e7483b-6394-40f5-a9bb-232db10c2ca9","species","Plantae","Hymenophyllum semialatum","VU","NVU","corrected_redlistTW"
"5a5460ef-c0ca-4c74-adba-194d2e37611a","species","Plantae","Hymenophyllum simonsianum","CR","NCR","corrected_redlistTW"
"6b0336db-cfb1-41bb-8fd5-df148dcbaae7","species","Plantae","Cephalomanes javanicum","NT","NNT","corrected_redlistTW"
"a99dcdd6-be34-48eb-96bd-093360b27ccd","species","Plantae","Abrodictyum clathratum","NT","NNT","corrected_redlistTW"
"8de65d99-be77-46f5-aae9-474d20ffd84f","species","Plantae","Abrodictyum cumingii","NT","NNT","corrected_redlistTW"
"d5976589-9a11-4591-bb76-fb9e97d1bd4a","species","Plantae","Abrodictyum obscurum","LC","NLC","corrected_redlistTW"
"276f1d16-36c5-4696-ad7e-62863add020e","species","Plantae","Callistopteris apiifolia","LC","NLC","corrected_redlistTW"
"47779365-eeb0-40ee-9d6f-6f946272ed6d","species","Plantae","Didymoglossum sublimbatum","NT","NNT","corrected_redlistTW"
"bff76995-ceb8-490c-a6b1-28af4d5c31fb","species","Plantae","Didymoglossum tahitense","LC","NLC","corrected_redlistTW"
"76e2a82a-f583-4d36-bba5-078af7d3503b","species","Plantae","Vandenboschia kalamocarpa","LC","NLC","corrected_redlistTW"
"ef1b6b05-3e8d-47b8-bdaf-199af16d93b3","species","Plantae","Vandenboschia maxima","LC","NLC","corrected_redlistTW"
"e5900479-05df-480e-a98f-1ea9f2b3417b","species","Plantae","Vandenboschia striata","LC","NLC","corrected_redlistTW"
"bcb651a6-8981-4b94-8d6b-1c30396b9d58","species","Plantae","Crepidomanes grande","NT","NNT","corrected_redlistTW"
"c1c1e185-3a09-452f-a56e-79032e64327a","species","Plantae","Crepidomanes humile","LC","NLC","corrected_redlistTW"
"d1c12f21-2753-42eb-a8ce-5a5bb82d2aa1","species","Plantae","Crepidomanes parvifolium","CR","NCR","corrected_redlistTW"
"793c1f19-cfbc-4f16-8055-731453e77ae5","species","Plantae","Crepidomanes rupicola","NT","NNT","corrected_redlistTW"
"40b05397-cdcb-49db-bdac-cac86d17126d","species","Plantae","Crepidomanes schmidtianum","LC","NLC","corrected_redlistTW"
"8a8a7f73-9d5f-4c3d-aa00-0d9a7291964f","species","Plantae","Diplopterygium blotianum","LC","NLC","corrected_redlistTW"
"1f5e7fb4-9ee2-4648-94db-7578c6ff6f49","species","Plantae","Dicranopteris tetraphylla","LC","NLC","corrected_redlistTW"
"cc37a26c-a336-430b-ac24-1b11dd59e47b","species","Plantae","Dipteris conjugata","LC","NLC","corrected_redlistTW"
"e4a58cb5-9949-47d7-9242-68637922e3cd","species","Plantae","Schizaea dichotoma","CR","NCR","corrected_redlistTW"
"b629b61d-4c69-4fd6-a893-3a4905202351","species","Plantae","Salvinia molesta","NA",NA,"corrected_redlistTW"
"2f350609-94d9-43af-bbce-a8f482e9b866","species","Plantae","Salvinia natans","CR","NCR","corrected_redlistTW"
"e14ca448-4037-489d-8a81-0c8f1f0986cd","species","Plantae","Plagiogyria falcata","LC","NLC","corrected_redlistTW"
"ac87af2c-2403-40c1-9405-c5958f04fffa","species","Plantae","Plagiogyria glauca","LC","NLC","corrected_redlistTW"
"59627d2d-b99c-4fef-b56e-b1a28ad4ea11","species","Plantae","Plagiogyria japonica","VU","NVU","corrected_redlistTW"
"645dd221-9932-43f5-998e-7d0ccc7cf38d","species","Plantae","Plagiogyria koidzumii","CR","NCR","corrected_redlistTW"
"43af07ad-452a-4c9b-a3ad-3efa18006fa7","species","Plantae","Plagiogyria stenoptera","LC","NLC","corrected_redlistTW"
"3f40d32c-c4b1-4b0a-9af7-9fdac1197447","species","Plantae","Cibotium taiwanense","LC","NLC","corrected_redlistTW"
"f3daf271-df81-4cdd-a445-49634af5716d","species","Plantae","Alsophila fenicis","VU","NVU","corrected_redlistTW"
"7579686b-29e4-494d-8181-470a3ea713df","species","Plantae","Alsophila metteniana","LC","NLC","corrected_redlistTW"
"173bb78b-e8ea-4af1-b65c-306f51195a38","species","Plantae","Alsophila podophylla","LC","NLC","corrected_redlistTW"
"896cdab0-e4e2-428a-b8a8-04011e5b36c7","species","Plantae","Odontosoria biflora","LC","NLC","corrected_redlistTW"
"2c5a851a-51ad-4d30-9836-5afa83c12e5c","species","Plantae","Odontosoria gracilis","NT","NNT","corrected_redlistTW"
"f5efe9ea-554b-4fff-9a57-95f42331fd4d","species","Plantae","Osmolindsaea japonica","LC","NLC","corrected_redlistTW"
"c7ac1721-ccc3-4d16-8c3c-63d95226adbe","species","Plantae","Tapeinidium pinnatum","LC","NLC","corrected_redlistTW"
"7e159479-cead-4217-a3a2-a039622e14a4","species","Plantae","Lindsaea chienii","LC","NLC","corrected_redlistTW"
"23714a9f-5f89-4503-beaa-910f43cd8671","species","Plantae","Lindsaea ensifolia","NT","NNT","corrected_redlistTW"
"0135248d-00e6-477c-9e54-7254bd1b69a5","species","Plantae","Lindsaea kawabatae","VU","NVU","corrected_redlistTW"
"58e264f2-2841-491b-9a70-48d6f1069bea","species","Plantae","Lindsaea lucida","VU","NVU","corrected_redlistTW"
"6ab822a4-ac88-49db-b03f-302fb0bb402f","species","Plantae","Lindsaea orbiculata","LC","NLC","corrected_redlistTW"
"a4b50b4b-00e9-4cec-9f51-69cb68ff0542","species","Plantae","Monachosorum maximowiczii","LC","NLC","corrected_redlistTW"
"628207a5-cece-4bd3-96c8-6e40c6bde9e2","species","Plantae","Hypolepis alpina","LC","NLC","corrected_redlistTW"
"b1755ced-09fb-4fef-9439-f0af636768b0","species","Plantae","Hypolepis pallida","EN","NEN","corrected_redlistTW"
"d11de1ab-5484-4ca6-b46b-5fe317b2bc16","species","Plantae","Hypolepis tenuifolia","LC","NLC","corrected_redlistTW"
"5b6f58be-a61c-40e9-82fb-876e5003e954","species","Plantae","Microlepia calvescens","LC","NLC","corrected_redlistTW"
"a23ab5fa-f9f4-4095-ac53-595f3d33225d","species","Plantae","Microlepia intramarginalis","LC","NLC","corrected_redlistTW"
"9aa55981-8949-43d4-88b2-d8153ebf6b3e","species","Plantae","Microlepia marginata","LC","NLC","corrected_redlistTW"
"be6de448-1caa-4c92-bc12-a6f1335413ab","species","Plantae","Microlepia obtusiloba","LC","NLC","corrected_redlistTW"
"78395b33-7062-4185-a50e-8d1c0dbde9ec","species","Plantae","Microlepia rhomboidea","VU","NVU","corrected_redlistTW"
"4c8543f0-1da2-484f-820a-063c4f23e7f3","species","Plantae","Microlepia strigosa","LC","NLC","corrected_redlistTW"
"98c26d37-cfb1-40b2-80fb-070a63f19337","species","Plantae","Coniogramme fraxinea","LC","NLC","corrected_redlistTW"
"8ea9037b-9dff-48a6-b81b-aeb6d2c6477c","species","Plantae","Coniogramme intermedia","LC","NLC","corrected_redlistTW"
"8c740ca5-e06e-46d6-9ab2-725b51e27386","species","Plantae","Coniogramme procera","LC","NLC","corrected_redlistTW"
"397490aa-ad26-48b9-be81-1c1e26a6dbc7","species","Plantae","Cryptogramma stelleri","NT","NNT","corrected_redlistTW"
"3689da5e-7632-4c0d-b2c4-067e4bb052c6","species","Plantae","Acrostichum aureum","VU","NVU","corrected_redlistTW"
"3c767ad9-7da1-4efa-80a5-2912edcd8ce6","species","Plantae","Anogramma leptophylla","NT","NNT","corrected_redlistTW"
"8a1e4adf-318d-49fa-af22-cbc7b7a2b1f5","species","Plantae","Onychium japonicum","LC","NLC","corrected_redlistTW"
"f73935dd-7d6f-4832-9cfb-e4931babdcdf","species","Plantae","Onychium siliculosum","NT","NNT","corrected_redlistTW"
"e1271a9b-6561-4560-9662-03ade482c776","species","Plantae","Pityrogramma calomelanos","NA",NA,"corrected_redlistTW"
"beb30a74-ed81-474b-8b54-244390eedc89","species","Plantae","Pteris arisanensis","LC","NLC","corrected_redlistTW"
"743dc0a8-e5c6-49af-9498-18bc47df0b93","species","Plantae","Pteris biaurita","LC","NLC","corrected_redlistTW"
"6dc5feee-8e39-4e3b-9685-36d8f75878f3","species","Plantae","Pteris cadieri","LC","NLC","corrected_redlistTW"
"5072d5a6-94de-47cc-b6f0-c324e3db4317","species","Plantae","Pteris dactylina","LC","NLC","corrected_redlistTW"
"4ec8c6ae-b527-465c-bce7-f6676151d917","species","Plantae","Pteris dimorpha","LC","NCR","corrected_redlistTW"
"792403f3-d55a-4276-a672-ed6a9e1f290e","species","Plantae","Pteris ensiformis","LC","NLC","corrected_redlistTW"
"c405a6b9-7df6-4d45-80e0-ebc17f3f0a6d","species","Plantae","Pteris fauriei","LC","NLC","corrected_redlistTW"
"eeb367ac-2e0f-4128-bd06-033b8d4d97da","species","Plantae","Pteris kawabatae","VU","NVU","corrected_redlistTW"
"4bf19c3e-d43d-46f5-b27f-2b55c88cb0dd","species","Plantae","Pteris kidoi","NT","NNT","corrected_redlistTW"
"e6cf2ca8-ec72-4bd6-a58e-1eeb58a011e1","species","Plantae","Pteris longipes","LC","NLC","corrected_redlistTW"
"3734ec27-14df-455a-b82a-69587f7d91fe","species","Plantae","Pteris venusta","EN","NEN","corrected_redlistTW"
"984eb53c-8def-49ef-87ad-37bb1b988229","species","Plantae","Pteris ryukyuensis","NT","NNT","corrected_redlistTW"
"572e1f1b-5572-4fdc-98b4-9dc8be0525f0","species","Plantae","Pteris semipinnata","LC","NLC","corrected_redlistTW"
"87e20227-3008-49cc-a128-6e3f3ea861d8","species","Plantae","Pteris wallichiana","LC","NLC","corrected_redlistTW"
"7fad1006-87e5-4397-8bfc-2bd6a1243c63","species","Plantae","Doryopteris concolor","LC","NLC","corrected_redlistTW"
"612f879b-f987-4d84-b252-3100d6b62ec7","species","Plantae","Adiantum capillus-junonis","CR","NCR","corrected_redlistTW"
"2c29d207-ad25-48a6-a321-812c9620360e","species","Plantae","Adiantum capillus-veneris","LC","NLC","corrected_redlistTW"
"a0408d4e-cd70-447c-995e-760cf9be3b3b","species","Plantae","Adiantum caudatum","LC","NLC","corrected_redlistTW"
"6af38a76-65f8-4117-ba7f-65973b2851ad","species","Plantae","Adiantum diaphanum","LC","NLC","corrected_redlistTW"
"05e3a5e9-b24d-4c1e-af93-04a2db142551","species","Plantae","Adiantum edgeworthii","LC","NLC","corrected_redlistTW"
"663957ee-0a08-4dab-9bce-b8d897509b96","species","Plantae","Adiantum hispidulum","LC","NLC","corrected_redlistTW"
"4d84c288-231a-45b3-a006-8a186c8b73c2","species","Plantae","Adiantum monochlamys","EN","NEN","corrected_redlistTW"
"7d5ddbbb-554e-4f0e-b46a-483b7622607a","species","Plantae","Adiantum myriosorum","VU","NVU","corrected_redlistTW"
"e774b5ca-75e3-464a-b066-1ad753d07650","species","Plantae","Adiantum philippense","LC","NLC","corrected_redlistTW"
"8ac866c6-5bf1-4beb-af62-721c8015ded5","species","Plantae","Adiantum roborowskii","VU","NVU","corrected_redlistTW"
"8a41c8d9-dd07-4ea1-876d-f28599fe0170","species","Plantae","Antrophyum castaneum","VU","NVU","corrected_redlistTW"
"9351564d-7ad8-43e5-a6bb-1a3f1ee16c9f","species","Plantae","Antrophyum formosanum","LC","NLC","corrected_redlistTW"
"f04e4e62-d503-4594-84e5-25657eb3eeb7","species","Plantae","Antrophyum obovatum","LC","NLC","corrected_redlistTW"
"77443795-c655-4b98-8923-30a6f3987a67","species","Plantae","Antrophyum sessilifolium","NT","NNT","corrected_redlistTW"
"54b6bd52-22f5-45da-b810-7d7de432d66a","species","Plantae","Haplopteris anguste-elongata","LC","NLC","corrected_redlistTW"
"ee250dfc-6fd6-4b63-9eee-1b5f4f2a3258","species","Plantae","Haplopteris flexuosa","LC","NLC","corrected_redlistTW"
"31032189-66e2-4abd-b083-4095af314d72","species","Plantae","Haplopteris heterophylla","CR","NCR","corrected_redlistTW"
"e49f9091-4980-41ca-b3d4-1cd6745e248f","species","Plantae","Haplopteris taeniophylla","LC","NLC","corrected_redlistTW"
"7caef50d-7e15-4377-bf9a-d39313d24892","species","Plantae","Vaginularia junghuhnii","NT","NNT","corrected_redlistTW"
"5c432158-b5be-4b77-82fd-b26d1e1c1978","species","Plantae","Vaginularia trichoidea","CR","NCR","corrected_redlistTW"
"41780638-b341-4455-9e03-f096c16630f7","species","Plantae","Gymnocarpium oyamense","CR","NCR","corrected_redlistTW"
"425827bc-1047-4656-8022-da8a3049b1b9","species","Plantae","Acystopteris taiwaniana","LC","NLC","corrected_redlistTW"
"8cc438bd-7bcc-4059-9562-625006caf6ca","species","Plantae","Acystopteris tenuisecta","LC","NLC","corrected_redlistTW"
"e1e671fa-dc7d-4940-b5aa-9217e716a355","species","Plantae","Cystopteris fragilis","LC","NLC","corrected_redlistTW"
"f37ff66c-1156-45d5-bb85-31f52ae0fcc9","species","Plantae","Cystopteris moupinensis","LC","NLC","corrected_redlistTW"
"f9fb5b80-4fd5-4d82-adb6-6feaed2805c8","species","Plantae","Hymenasplenium apogamum","LC","NLC","corrected_redlistTW"
"241be1a8-b650-418a-a2e1-e14af000e27e","species","Plantae","Hymenasplenium cheilosorum","LC","NLC","corrected_redlistTW"
"f28c3e57-731a-4672-b4ef-007e3bbe1313","species","Plantae","Hymenasplenium murakami-hatanakae","LC","","corrected_redlistTW"
"97b0ade6-7d73-46c1-b3dc-12987427adc9","species","Plantae","Asplenium bullatum","NT","NNT","corrected_redlistTW"
"b4e14b94-5506-4fcb-886b-c31358e254c5","species","Plantae","Asplenium formosae","LC","NLC","corrected_redlistTW"
"fbb5d42f-6afa-4acf-bb68-17c9b1fb41e2","species","Plantae","Asplenium griffithianum","LC","NLC","corrected_redlistTW"
"9d43d957-f25d-4be2-8e0e-4f449cf9b871","species","Plantae","Asplenium incisum","LC","NLC","corrected_redlistTW"
"b2621744-795b-4541-919e-2380a8859dec","species","Plantae","Asplenium normale","LC","NLC","corrected_redlistTW"
"c0afe4d8-4f35-47b4-9f06-f5905a9a960e","species","Plantae","Asplenium oldhamii","LC","NLC","corrected_redlistTW"
"6dabf19b-a523-48ba-9406-7d949d4e5d96","species","Plantae","Asplenium pifongiae","EN","NEN","corrected_redlistTW"
"0b5a0520-6d19-4a3f-b2c8-2b479982c10b","species","Plantae","Asplenium prolongatum","LC","NLC","corrected_redlistTW"
"2179ddee-de49-459b-a62d-1f311b9a4bad","species","Plantae","Asplenium ritoense","LC","NLC","corrected_redlistTW"
"fc8c9abb-7c38-486b-9385-aeae16bfa419","species","Plantae","Asplenium steerei","VU","NVU","corrected_redlistTW"
"faedbc17-44b7-44a8-8c77-02fe042fd2d6","species","Plantae","Asplenium tenerum","NT","NNT","corrected_redlistTW"
"5267971b-ed7e-4242-8e5d-183f6d8ed608","species","Plantae","Asplenium trichomanes","LC","NLC","corrected_redlistTW"
"e95fdf3c-3876-4e45-80a6-b2e422b4eead","species","Plantae","Asplenium tripteropus","LC","NLC","corrected_redlistTW"
"aa6935b0-548b-4ac3-bf1c-f80f5d6c9cd9","species","Plantae","Asplenium viride","LC","NLC","corrected_redlistTW"
"b997ebb6-b9c7-4d1e-8162-ecb3fe8c4411","species","Plantae","Asplenium wilfordii","LC","NLC","corrected_redlistTW"
"1089420c-37e4-46d2-9857-bb098e4ce8da","species","Plantae","Diplaziopsis javanica","LC","NLC","corrected_redlistTW"
"e1d50809-78ca-4882-9dd1-f293327df26d","species","Plantae","Cyclosorus ferox","NA",NA,"corrected_redlistTW"
"e8cbc69d-b0cc-4173-a069-f0910e028e44","species","Plantae","Cyclosorus interruptus","NT","NNT","corrected_redlistTW"
"1f6ff25b-8c7d-4d39-8914-8ef80d24467a","species","Plantae","Macrothelypteris polypodioides","EN","NEN","corrected_redlistTW"
"08e409fb-8291-44c1-82a9-b80a06391ab0","species","Plantae","Macrothelypteris torresiana","LC","NLC","corrected_redlistTW"
"e291c54f-67f9-406f-8f2b-d05f4adcaed4","species","Plantae","Phegopteris connectilis","VU","NVU","corrected_redlistTW"
"76552733-e210-45e6-b9bc-407d7fa9415b","species","Plantae","Pseudophegopteris subaurita","LC","NLC","corrected_redlistTW"
"d8772028-32ba-4603-8830-b4cfa4d04dba","species","Plantae","Thelypteris omeiensis","","NLC","corrected_redlistTW"
"b08caea2-3b31-489c-9be5-b3a73f11c80a","species","Plantae","Coryphopteris japonica","LC","NLC","corrected_redlistTW"
"3005e47b-5c10-4b50-84b0-902bbcb07887","species","Plantae","Cyclogramma auriculata","LC","NLC","corrected_redlistTW"
"442ec918-995c-4239-aa11-878e8fab5729","species","Plantae","Glaphyropteridopsis erubescens","LC","NLC","corrected_redlistTW"
"d66a5e6f-a232-42ad-b5e5-8b7949462caf","species","Plantae","Metathelypteris flaccida","CR","NCR","corrected_redlistTW"
"4973a4b2-07c9-4c53-8948-b52c7bed5b39","species","Plantae","Metathelypteris laxa","LC","NLC","corrected_redlistTW"
"1e50143f-f207-47fd-852e-dbe12fdf80d0","species","Plantae","Amauropelta angustifrons","LC","NLC","corrected_redlistTW"
"98d91da9-aca1-4658-82a8-2f8e58298b4e","species","Plantae","Stegnogramma dictyoclinoides","EN","NEN","corrected_redlistTW"
"23756d47-e011-4492-b67f-f328781d5d4f","species","Plantae","Stegnogramma griffithii","LC","NLC","corrected_redlistTW"
"0c5c2f47-5ee8-4845-8b5e-fc58dde91755","species","Plantae","Leptogramma mollissima","EN","","corrected_redlistTW"
"560fc522-03ff-41ea-b635-8183578f53e0","species","Plantae","Stegnogramma wilfordii","LC","NLC","corrected_redlistTW"
"a2453fc0-0dc7-4f0f-86d9-7e8ef64ef38e","species","Plantae","Pseudocyclosorus tylodes","NT","NNT","corrected_redlistTW"
"187fbd01-6306-409e-9b54-f00c2567da7f","species","Plantae","Woodsia andersonii","CR","NCR","corrected_redlistTW"
"63a11eec-fcba-45c1-acb0-d5d8c63ddd79","species","Plantae","Rhachidosorus pulcher","NT","NNT","corrected_redlistTW"
"5d168079-125b-4046-936e-2bd4dc50de74","species","Plantae","Woodwardia japonica","LC","NLC","corrected_redlistTW"
"08a74d39-1f65-412c-9630-e12b190777a9","species","Plantae","Brainea insignis","VU","NVU","corrected_redlistTW"
"87b883a1-b050-49b8-b3b5-575f775bf65c","species","Plantae","Blechnidium melanopus","LC","NLC","corrected_redlistTW"
"313fb9cf-09cc-44ab-a51c-9b732d372d41","species","Plantae","Cleistoblechnum eburneum","VU","NVU","corrected_redlistTW"
"f15ecd2b-f815-4e55-91e8-822533b0c381","species","Plantae","Athyrium arisanense","LC","NLC","corrected_redlistTW"
"1db1df9c-efa3-4121-9a0b-8bb6cc312f23","species","Plantae","Athyrium erythropodum","LC","NLC","corrected_redlistTW"
"95e04500-ded8-45f8-8312-41706e59480d","species","Plantae","Athyrium leiopodum","LC","NLC","corrected_redlistTW"
"77330d3a-738d-4c86-b53f-cde33d4ad832","species","Plantae","Athyrium minimum","VU","NVU","corrected_redlistTW"
"26330f4f-2e5b-4cbf-ba96-115b4539e3e0","species","Plantae","Athyrium mupinense","LC","NLC","corrected_redlistTW"
"acb7ca7f-9d13-4635-9f0b-b107ab3e4796","species","Plantae","Athyrium nakanoi","LC","NLC","corrected_redlistTW"
"cca1385c-3f46-428d-a0b1-f6310d5bb135","species","Plantae","Athyrium palustre","VU","NVU","corrected_redlistTW"
"5f2c34c8-925c-459b-b0d1-469c20fa8a97","species","Plantae","Athyrium pubicostatum","LC","NLC","corrected_redlistTW"
"502303c0-6bad-4b8f-be03-725636c7f329","species","Plantae","Athyrium strigillosum","LC","NLC","corrected_redlistTW"
"ec4e26e3-9b4a-45fe-98c5-854711410350","species","Plantae","Deparia lancea","LC","NLC","corrected_redlistTW"
"05580957-49a9-497c-8204-a0ca713994a2","species","Plantae","Deparia subfluvialis","LC","NLC","corrected_redlistTW"
"282c9674-6743-4e71-a270-64249251730d","species","Plantae","Deparia unifurcata","VU","NVU","corrected_redlistTW"
"49ea1ca9-a8a8-41d4-8175-9b5c211481ab","species","Plantae","Diplazium amamianum","LC","NLC","corrected_redlistTW"
"68083474-b3ce-4b9b-a15c-4dcdfedd69bc","species","Plantae","Diplazium chinense","EN","NEN","corrected_redlistTW"
"caf5ed9f-7d96-4f14-9733-35f813ffaf92","species","Plantae","Diplazium crassiusculum","VU","NVU","corrected_redlistTW"
"0c05e43e-644d-4b83-b889-1b183a91a4c5","species","Plantae","Diplazium dilatatum","LC","NLC","corrected_redlistTW"
"fd7dfb89-b6f9-4fea-b8c7-591f286961f0","species","Plantae","Diplazium donianum","LC","NLC","corrected_redlistTW"
"6a16dc08-ade0-41ff-9b0f-dbaea427576e","species","Plantae","Diplazium esculentum","","NLC","corrected_redlistTW"
"e8ef6817-57be-4628-8eea-fc59e0d3c01d","species","Plantae","Diplazium incomptum","EN","NEN","corrected_redlistTW"
"35e059e7-92e2-45c2-b053-fa40910b0d58","species","Plantae","Diplazium kuoi","VU","NVU","corrected_redlistTW"
"c28f0c17-34e1-44df-893a-cd905740fb86","species","Plantae","Diplazium maonense","LC","NLC","corrected_redlistTW"
"2ce95d2b-767a-4e42-9603-dcbb3c6fb705","species","Plantae","Diplazium megaphyllum","VU","NVU","corrected_redlistTW"
"11ba4cb0-b511-4ea3-9c41-3ea1d3641a35","species","Plantae","Diplazium okinawaense","LC","NLC","corrected_redlistTW"
"10b7b35f-47e5-4de2-a72c-80fef3745377","species","Plantae","Diplazium pullingeri","LC","NLC","corrected_redlistTW"
"09c90210-670d-482e-9394-b51ea736b87b","species","Plantae","Diplazium squamigerum","LC","NLC","corrected_redlistTW"
"4629e190-376a-4eda-bd44-5615d5c8f57d","species","Plantae","Diplazium virescens","LC","NLC","corrected_redlistTW"
"bb6ad490-5916-48a7-9f29-352d23bd8e6e","species","Plantae","Diplazium wichurae","LC","NLC","corrected_redlistTW"
"e4a98607-e87a-41c0-8a66-edf7367ef3b2","species","Plantae","Arachniodes chinensis","EN","NEN","corrected_redlistTW"
"7244ff67-aa92-4a4a-8a7a-82ac5966b6cb","species","Plantae","Arachniodes nigrospinosa","NT","NNT","corrected_redlistTW"
"0e4dfea7-573d-41f3-96de-3454000b4f7d","species","Plantae","Arachniodes pseudoaristata","LC","NLC","corrected_redlistTW"
"f60fb770-831a-4b1a-863f-e302b7e910b6","species","Plantae","Cyrtomium anomophyllum","LC","NLC","corrected_redlistTW"
"b80650c2-66b9-4561-8216-261ab2a1d41d","species","Plantae","Cyrtomium macrophyllum","EN","NEN","corrected_redlistTW"
"c7550ed3-8ddb-41c6-a121-1423ef68b9c2","species","Plantae","Dryopteris atrata","LC","NLC","corrected_redlistTW"
"9dabbb89-4109-4478-9290-902f30b3cb1f","species","Plantae","Dryopteris cacaina","LC","NLC","corrected_redlistTW"
"04457eae-6772-460b-8ad4-d9efb36f1ff8","species","Plantae","Dryopteris costalisora","LC","NLC","corrected_redlistTW"
"42c348d7-fff9-488d-8a4c-2840a3812161","species","Plantae","Dryopteris dickinsii","EN","NEN","corrected_redlistTW"
"9062ae81-9f6a-48e0-92f6-ec191570611a","species","Plantae","Dryopteris diffracta","LC","NLC","corrected_redlistTW"
"1a47da86-1298-43f9-a366-9b203e53a341","species","Plantae","Dryopteris fructuosa","LC","NLC","corrected_redlistTW"
"39181eca-d207-40f0-b138-9603e48c518b","species","Plantae","Dryopteris hasseltii","LC","NLC","corrected_redlistTW"
"ad810870-0658-4146-af3c-4623c6bfcf6d","species","Plantae","Dryopteris kawakamii","LC","NLC","corrected_redlistTW"
"33fbe55d-0353-4e21-88ec-6c53e2d87423","species","Plantae","Dryopteris kinkiensis","EN","NEN","corrected_redlistTW"
"d1bbaa8b-b20a-473a-9416-3a120d697346","species","Plantae","Dryopteris lachoongensis","LC","NLC","corrected_redlistTW"
"bc88dbc8-0d74-4c20-a425-5fdbb95713d5","species","Plantae","Dryopteris lepidopoda","LC","NLC","corrected_redlistTW"
"d5759133-8564-4623-8f73-a9135656c01c","species","Plantae","Dryopteris marginata","LC","NLC","corrected_redlistTW"
"348e9ee4-8757-4a8c-b543-ef12a15160f8","species","Plantae","Dryopteris maximowicziana","VU","NVU","corrected_redlistTW"
"8bea16f5-5a2f-438b-a4f4-0f1280176ede","species","Plantae","Dryopteris paleolata","LC","NLC","corrected_redlistTW"
"4c193804-d15c-4caa-921b-53e99e103aba","species","Plantae","Dryopteris peranema","LC","NLC","corrected_redlistTW"
"32be1cab-9839-47f3-9276-7547cc6076f1","species","Plantae","Dryopteris polita","LC","NLC","corrected_redlistTW"
"42ae3f29-dddd-47be-8d8a-b3a567dad756","species","Plantae","Dryopteris pseudolunanensis","LC","NLC","corrected_redlistTW"
"608d3a49-bc77-4a55-8a66-07da0071f678","species","Plantae","Dryopteris redactopinnata","LC","NLC","corrected_redlistTW"
"87665fb2-4fa2-4cd7-a7ef-bde31027dfc9","species","Plantae","Dryopteris reflexosquamata","LC","NLC","corrected_redlistTW"
"bc82b4be-0a02-4b7c-95ab-b2a658bf25f3","species","Plantae","Dryopteris scottii","LC","NLC","corrected_redlistTW"
"6c5c9468-80e6-4768-968a-67fb52f303dd","species","Plantae","Dryopteris serratodentata","LC","NLC","corrected_redlistTW"
"a76143bf-93c6-4cd4-87d2-9692b0d8181f","species","Plantae","Dryopteris sordidipes","LC","NLC","corrected_redlistTW"
"99ac55bd-3e73-41f3-a968-b570258d3062","species","Plantae","Dryopteris squamiseta","LC","NLC","corrected_redlistTW"
"9691f4e6-d757-4900-b92c-f83c5228d01f","species","Plantae","Dryopteris stenolepis","LC","NLC","corrected_redlistTW"
"dd86a636-4273-4200-a437-666ba3737864","species","Plantae","Dryopteris subatrata","LC","NLC","corrected_redlistTW"
"1711e7c7-b3dc-4de1-b62d-d76fdd57c7e4","species","Plantae","Dryopteris wallichiana","LC","NLC","corrected_redlistTW"
"91a39230-c1af-48f1-b9aa-7eea1f819695","species","Plantae","Dryopteris wuzhaohongii","VU","NVU","corrected_redlistTW"
"67a15541-c42a-4ff1-998d-acf77942afd4","species","Plantae","Dryopteris yoroii","EN","NEN","corrected_redlistTW"
"684f9153-c6c5-42d8-94f6-21f46dd5f500","species","Plantae","Polystichum acutidens","LC","NLC","corrected_redlistTW"
"438534f6-bece-4366-8b0f-429a2b0031f2","species","Plantae","Polystichum atkinsonii","LC","NLC","corrected_redlistTW"
"6be5f856-ba64-419b-9e30-c69f4adbcaf3","species","Plantae","Polystichum capillipes","CR","NCR","corrected_redlistTW"
"52258f11-ea34-4a7f-b466-a5a546274eb9","species","Plantae","Polystichum grandifrons","CR","NCR","corrected_redlistTW"
"4c725a83-387b-4a66-a638-110f765b9246","species","Plantae","Polystichum hancockii","LC","NLC","corrected_redlistTW"
"b690a98a-740c-4864-bc2c-ef21b35b1f12","species","Plantae","Polystichum hecatopterum","LC","NLC","corrected_redlistTW"
"1745c0ef-a033-4644-8f35-5dbf5319b8b4","species","Plantae","Polystichum lachenense","LC","NLC","corrected_redlistTW"
"b4bddf28-15ad-4b4b-a480-1b68c5ea4fb8","species","Plantae","Polystichum prescottianum","VU","NVU","corrected_redlistTW"
"155ef9f6-b7fb-4d2c-a6e6-c4120c1f161e","species","Plantae","Polystichum stenophyllum","LC","NLC","corrected_redlistTW"
"e3f59302-26aa-449f-bc97-48e4babc50be","species","Plantae","Polystichum tenuius","CR","NCR","corrected_redlistTW"
"40ed5be1-7ca8-419b-90c9-ecf6855f2a45","species","Plantae","Polystichum thomsonii","NT","NNT","corrected_redlistTW"
"832780cc-26b1-4603-94a2-76faff4898b5","species","Plantae","Polystichum xiphophyllum","EN","NEN","corrected_redlistTW"
"77971fea-8aee-430b-8bbb-090dd730bd92","species","Plantae","Bolbitis angustipinna","LC","NLC","corrected_redlistTW"
"8172632f-b7da-4438-b2b2-5c0e6f63b0ea","species","Plantae","Bolbitis appendiculata","LC","NLC","corrected_redlistTW"
"6e790986-822d-45af-9e76-71ed228bb15f","species","Plantae","Bolbitis heteroclita","LC","NLC","corrected_redlistTW"
"8119692f-f51b-4236-9de9-340a83817e20","species","Plantae","Bolbitis subcordata","LC","NLC","corrected_redlistTW"
"0cda9b39-26ba-4819-9723-70dfb4accd18","species","Plantae","Elaphoglossum angulatum","LC","NLC","corrected_redlistTW"
"2053cb97-5145-44bf-99d1-9418112e9d41","species","Plantae","Elaphoglossum callifolium","VU","NVU","corrected_redlistTW"
"c360333a-7f06-40f4-b7bb-027f3f314368","species","Plantae","Lastreopsis tenera","NT","NNT","corrected_redlistTW"
"5d9914f9-a97c-4fe7-a250-1229e3dd9223","species","Plantae","Nephrolepis brownii","LC","NLC","corrected_redlistTW"
"c706b4f3-b93a-4201-bec4-66aae6d78fb9","species","Plantae","Arthropteris palisotii","LC","NLC","corrected_redlistTW"
"09dbfbf9-7f65-423b-9e6c-2e190f432641","species","Plantae","Pteridrys cnemidaria","VU","NVU","corrected_redlistTW"
"d87b7b48-81bb-4685-9d21-94bc6fbe60b0","species","Plantae","Tectaria decurrens","LC","NLC","corrected_redlistTW"
"7a549cd6-a1dd-4438-8336-887528ecca09","species","Plantae","Tectaria dissecta","LC","NLC","corrected_redlistTW"
"002403b5-f916-4915-933a-767d808a6c3a","species","Plantae","Tectaria dubia","NT","NNT","corrected_redlistTW"
"1f8d8d91-24b1-4e8c-8fa3-f98ff7b5695a","species","Plantae","Tectaria fauriei","LC","NLC","corrected_redlistTW"
"6b155a86-7faf-4f5f-a36c-2482215d0c03","species","Plantae","Tectaria multicaudata","NT","NNT","corrected_redlistTW"
"5cd0e3a9-f988-414e-b83b-300099b9e6f2","species","Plantae","Tectaria subtriphylla","LC","NLC","corrected_redlistTW"
"025d1a20-85f0-41f4-9a5f-759e0e11acd6","species","Plantae","Davallia griffithiana","LC","NLC","corrected_redlistTW"
"e55f00f6-261a-4a90-89e5-1f9d1348ffb0","species","Plantae","Davallia solida","LC","NLC","corrected_redlistTW"
"f992dbf9-4546-4ffd-849c-d78cddfbef3a","species","Plantae","Loxogramme formosana","LC","NLC","corrected_redlistTW"
"c9da16a3-9bf9-449a-9fdf-2391b543c25a","species","Plantae","Arthromeris lehmannii","LC","NLC","corrected_redlistTW"
"7e7c82ac-e5c3-432d-8d6e-3c2509fb5013","species","Plantae","Selliguea echinospora","LC","NLC","corrected_redlistTW"
"3ee8c6e7-b387-442d-a05f-a83b8b401e1f","species","Plantae","Selliguea engleri","LC","NLC","corrected_redlistTW"
"d02ef503-30b9-4745-8184-3fd5508daf3d","species","Plantae","Selliguea yakushimensis","NT","NNT","corrected_redlistTW"
"4542adcf-2944-456b-8198-873031f68f66","species","Plantae","Platycerium bifurcatum","NA",NA,"corrected_redlistTW"
"d3ed6dac-5619-4bbb-9ee4-7f22860a9d55","species","Plantae","Pyrrosia linearifolia","LC","NLC","corrected_redlistTW"
"5d962522-b83b-4f8d-90a2-9cc9e631c217","species","Plantae","Pyrrosia lingua","LC","NLC","corrected_redlistTW"
"f5995de7-54ec-4544-9756-eab6f5814dec","species","Plantae","Pyrrosia assimilis","CR","","corrected_redlistTW"
"ce2bb46c-f911-4005-ae20-bfef107ee29a","species","Plantae","Lepisorus miyoshianus","NT","NNT","corrected_redlistTW"
"cb663ebc-d94f-4233-bb94-7083205ee27b","species","Plantae","Lepisorus monilisorus","LC","NLC","corrected_redlistTW"
"f7b5bea9-6a4a-4614-be1b-641c54a873e1","species","Plantae","Lepisorus mucronatus","CR","NCR","corrected_redlistTW"
"1a35296f-9e53-45c9-98ce-265a1e4556aa","species","Plantae","Lepisorus pseudoussuriensis","LC","NLC","corrected_redlistTW"
"7325fa90-d025-4a2b-a5de-0a0c4491666a","species","Plantae","Lepisorus tosaensis","LC","NLC","corrected_redlistTW"
"606a601d-dbcc-4fb2-8319-7c544cfc52b3","species","Plantae","Leptochilus decurrens","LC","NLC","corrected_redlistTW"
"94c4e657-b8b9-4e3b-80e3-06747bcd963f","species","Plantae","Microsorum punctatum","LC","NLC","corrected_redlistTW"
"6e734602-c1eb-4375-9ea3-d4eb74bb2945","species","Plantae","Microsorum steerei","EN","NEN","corrected_redlistTW"
"06157a22-1f0b-42d6-905c-489cd337337f","species","Plantae","Leptochilus nigrescens","VU","NVU","corrected_redlistTW"
"a43bdeef-bcd5-4d14-9bb0-a68f5c6e8a76","species","Plantae","Calymmodon oligotrichus","NT","NNT","corrected_redlistTW"
"ec367fcf-cbd9-425f-922e-9f9ddeebe9fe","species","Plantae","Dasygrammitis mollicoma","EN","NEN","corrected_redlistTW"
"434a175e-c99b-4a51-be0b-b6f21a7f83ae","species","Plantae","Oreogrammitis marivelesensis","CR","NCR","corrected_redlistTW"
"fcd707fc-fbf5-4b61-a916-9a92315f75f8","species","Plantae","Oreogrammitis orientalis","CR","NCR","corrected_redlistTW"
"712d72f0-8ec5-4748-b417-02330e38f1a2","species","Plantae","Oreogrammitis reinwardtii","NT","NNT","corrected_redlistTW"
"e67f4efc-27fe-4120-a0fe-ed9361ccc00d","species","Plantae","Prosaptia obliquata","LC","NLC","corrected_redlistTW"
"f23154c4-a6cb-4399-8a76-56ff4fc92f80","species","Plantae","Prosaptia urceolaris","NT","NNT","corrected_redlistTW"
"0b818170-991e-4c35-9f9a-caf1acaa2ff8","species","Plantae","Tomophyllum subfalcatum","NT","NNT","corrected_redlistTW"
"92205396-445d-48c4-96b9-8ff5b3cae754","species","Plantae","Goniophlebium formosanum","LC","NLC","corrected_redlistTW"
"274e0158-f036-4c11-8fb6-8bb0d9c78015","species","Plantae","Goniophlebium transpianense","LC","NLC","corrected_redlistTW"
"3f50a785-eb9c-4206-bf92-b75894aaefef","species","Plantae","Cycas revoluta","CR","NCR","corrected_redlistTW"
"424e18a6-6287-4fb3-b329-e541965d3795","species","Plantae","Pinus morrisonicola","LC","NLC","corrected_redlistTW"
"d1af5957-2b82-4cb6-ab94-1214902b0deb","species","Plantae","Podocarpus macrophyllus","","NVU","corrected_redlistTW"
"a5afb795-78bb-4f94-995b-bd585ae8e93e","species","Plantae","Podocarpus nakaii","EN","NEN","corrected_redlistTW"
"d50df288-7437-4abe-8233-092d2d460ce3","species","Plantae","Cunninghamia konishii","VU","NVU","corrected_redlistTW"
"12aa667b-c42d-4c0b-84f3-bbe02311b01d","species","Plantae","Taiwania cryptomerioides","EN","NEN","corrected_redlistTW"
"f4b44328-3f77-4602-9c8d-b94519dc31ed","species","Plantae","Calocedrus macrolepis","","NVU","corrected_redlistTW"
"7cba24de-1d1b-467a-b8b3-09793b818ddf","species","Plantae","Cabomba caroliniana","NA",NA,"corrected_redlistTW"
"b9f26d39-89f3-4728-9a8b-393f18fe96bb","species","Plantae","Nymphaea tetragona","","DD","corrected_redlistTW"
"7c0ea3a7-f25e-4a1d-8849-ee2755ea5c70","species","Plantae","Nuphar japonica","NA","","corrected_redlistTW"
"6302370c-3c6d-4d54-bf4c-988b1f9a6a1a","species","Plantae","Euryale ferox","CR","NCR","corrected_redlistTW"
"543a65b5-e890-4248-971c-5e7d6e5150a1","species","Plantae","Illicium anisatum","LC","NLC","corrected_redlistTW"
"b95e8504-3789-4353-ad0b-ff2525650974","species","Plantae","Illicium arborescens","LC","NLC","corrected_redlistTW"
"d39065c8-2bee-4683-9ac9-ea8be147d593","species","Plantae","Illicium tashiroi","LC","NLC","corrected_redlistTW"
"77498faf-b11e-4b40-aa72-92c019c0d782","species","Plantae","Illicium × rubellum","NA","","corrected_redlistTW"
"d2716959-a563-4d3e-afa7-41eac037d25d","species","Plantae","Kadsura oblongifolia","NT","NNT","corrected_redlistTW"
"464b48c9-0319-476d-8d28-a3feb6cb2f1d","species","Plantae","Schisandra arisanensis","LC","NLC","corrected_redlistTW"
"2ce4960f-69a7-4e28-a740-5378f33de7dd","species","Plantae","Houttuynia cordata","LC","NLC","corrected_redlistTW"
"4e5f8766-ffee-4bae-9602-c60601932ae5","species","Plantae","Saururus chinensis","LC","NLC","corrected_redlistTW"
"eab014ca-d41d-4991-8fe4-d8bdedb25e1a","species","Plantae","Peperomia nakaharae","LC","NLC","corrected_redlistTW"
"0381ddc2-7ec3-48f5-970d-5476a0277db2","species","Plantae","Peperomia pellucida","NA",NA,"corrected_redlistTW"
"1fe458ba-5d44-4215-aaf8-951f8f3213fa","species","Plantae","Peperomia tetraphylla","LC","NLC","corrected_redlistTW"
"15f27d5c-d90c-4498-9c1e-29b9348af09f","species","Plantae","Peperomia leptostachya","LC","NLC","corrected_redlistTW"
"5c6504f9-15d7-43ef-a576-e88001bf448d","species","Plantae","Piper arborescens","LC","NLC","corrected_redlistTW"
"c2adf4d5-67af-4791-867e-94203859ac43","species","Plantae","Piper kadsura","LC","NLC","corrected_redlistTW"
"f0c05156-c6f3-4ec4-8619-c535ec23f38d","species","Plantae","Piper sintenense","LC","NLC","corrected_redlistTW"
"28904ffc-bcef-4c78-a998-6372054c0ad4","species","Plantae","Piper sarmentosum","NA",NA,"corrected_redlistTW"
"1247658e-4278-4635-9cf7-bd66adfeacb4","species","Plantae","Aristolochia foveolata","NT","NNT","corrected_redlistTW"
"40d449da-dca6-488a-894a-7c603cbfc982","species","Plantae","Aristolochia heterophylla","LC","NLC","corrected_redlistTW"
"c7d92d87-3372-4f55-b1a0-68c0a7a00598","species","Plantae","Asarum caudigerum","LC","NLC","corrected_redlistTW"
"69e34252-4c89-4087-919e-dc34c7bb2b49","species","Plantae","Asarum chatienshanianum","EN","NEN","corrected_redlistTW"
"c0e95782-7c91-4688-9596-4e236c1c2f68","species","Plantae","Asarum taipingshanianum","VU","NVU","corrected_redlistTW"
"d0e53c98-2611-4d30-ad8c-256345c93368","species","Plantae","Asarum tawushanianum","CR","NCR","corrected_redlistTW"
"03495b90-a6d2-4290-98eb-c05b6bcc2fac","species","Plantae","Myristica ceylanica","","NVU","corrected_redlistTW"
"0e374590-a10c-4417-9bd9-87673d657feb","species","Plantae","Myristica elliptica","","NEN","corrected_redlistTW"
"6199ddf2-6391-451b-9e7c-02aeec0d2f30","species","Plantae","Artabotrys hexapetalus","NE","","corrected_redlistTW"
"6d7bea91-3146-423d-85b3-554b33e56d27","species","Plantae","Goniothalamus amuyon","CR","NCR","corrected_redlistTW"
"9fb93db1-e7d4-4b78-a394-e0356a01b613","species","Plantae","Illigera luzonensis","LC","NLC","corrected_redlistTW"
"c81d2c4f-9e43-4985-8688-384340a5cc1b","species","Plantae","Beilschmiedia erythrophloia","LC","NLC","corrected_redlistTW"
"10b144a8-ef78-480c-a5d6-22fed882cae1","species","Plantae","Beilschmiedia tsangii","LC","NLC","corrected_redlistTW"
"ef9cd0c9-5633-447f-96a0-63fc5bab6737","species","Plantae","Cassytha filiformis","LC","NLC","corrected_redlistTW"
"06c41f27-f525-4f69-8e73-f5b8d0835d9a","species","Plantae","Cinnamomum brevipedunculatum","VU","NVU","corrected_redlistTW"
"66761de8-0d38-4077-b938-ece677b080bd","species","Plantae","Cinnamomum burmannii","NA",NA,"corrected_redlistTW"
"5ecfae97-e551-43d8-a3f8-2c2a42907c53","species","Plantae","Camphora officinarum","LC","NLC","corrected_redlistTW"
"cd079e57-2f61-422f-8a22-0828ccdd7972","species","Plantae","Camphora kanahirae","EN","NEN","corrected_redlistTW"
"fbf16533-6d06-4262-beda-aa485ce236cc","species","Plantae","Cinnamomum osmophloeum","NT","NNT","corrected_redlistTW"
"6d03050a-662a-4b45-b2a1-997c4f5efdea","species","Plantae","Cinnamomum reticulatum","NT","NNT","corrected_redlistTW"
"932bbdd4-7c7a-4606-a6d6-82a172dd9c71","species","Plantae","Cryptocarya chinensis","LC","NLC","corrected_redlistTW"
"2c773556-6d55-4530-a03d-6f43879cf8cd","species","Plantae","Cryptocarya concinna","LC","NLC","corrected_redlistTW"
"a49b1126-3a82-4f0b-af2f-e4a92905fd47","species","Plantae","Endiandra coriacea","CR","NCR","corrected_redlistTW"
"f8d54705-7e7d-41d3-94a8-7740b7758c7e","species","Plantae","Lindera aggregata","LC","NLC","corrected_redlistTW"
"da63dcbe-1375-44df-87f1-1db54910e786","species","Plantae","Lindera akoensis","LC","NLC","corrected_redlistTW"
"e859a2f6-5351-4140-8c8a-0b266f8e408c","species","Plantae","Lindera communis","LC","NLC","corrected_redlistTW"
"c23b4a3a-55b7-4c11-b09b-fad003411c8f","species","Plantae","Lindera erythrocarpa","LC","NLC","corrected_redlistTW"
"9a41671a-2f19-428a-ad77-2d98186dac8f","species","Plantae","Lindera glauca","LC","NLC","corrected_redlistTW"
"23d4884b-d7e0-438b-95cb-e2375ecba073","species","Plantae","Litsea acutivena","LC","NLC","corrected_redlistTW"
"c74cdcca-c17b-42df-b032-bc571bbe8a26","species","Plantae","Litsea akoensis","LC","NLC","corrected_redlistTW"
"341d2896-537a-4658-a6fb-a1b8a0297845","species","Plantae","Litsea garciae","CR","NCR","corrected_redlistTW"
"aad906ac-e14f-4a15-9dba-5d85e3462df5","species","Plantae","Litsea morrisonensis","LC","NLC","corrected_redlistTW"
"aaaf2d3b-7bed-44fb-91ca-3064b889ae75","species","Plantae","Machilus zuihoensis","LC","NLC","corrected_redlistTW"
"58966e04-d374-49d2-94ed-fe276c9ae236","species","Plantae","Machilus philippinensis","LC","NLC","corrected_redlistTW"
"cc8e3a0b-1f44-497c-9a63-f6d5b12cb515","species","Plantae","Neolitsea aciculata","","NLC","corrected_redlistTW"
"5e89fae3-6afd-4b4f-85f8-de40da8aeef2","species","Plantae","Neolitsea daibuensis","NT","NNT","corrected_redlistTW"
"f2d1acaf-0708-4ab6-88ac-5b75d7c5346d","species","Plantae","Neolitsea hiiranensis","VU","NVU","corrected_redlistTW"
"63aee3c4-c1b2-4630-a963-04fdfca3568b","species","Plantae","Neolitsea konishii","LC","NLC","corrected_redlistTW"
"4032976c-13db-43bc-9d8f-17680111ff20","species","Plantae","Chloranthus oldhamii","LC","NLC","corrected_redlistTW"
"44d21a2f-11b9-402c-b30c-2810b53eee24","species","Plantae","Sarcandra glabra","LC","NLC","corrected_redlistTW"
"7aa80d4b-c489-4e90-a361-2dad77b83beb","species","Plantae","Acorus gramineus","LC","NLC","corrected_redlistTW"
"8cda3375-1af7-45a5-8928-c6c4cc7074a9","species","Plantae","Amorphophallus kiusianus","LC","NLC","corrected_redlistTW"
"38a75307-a2d7-47b6-80c8-e0f2602e3a91","species","Plantae","Amorphophallus paeoniifolius","EN","NEN","corrected_redlistTW"
"5f4dc9cd-6183-4b4e-880d-090c6f8df430","species","Plantae","Arisaema formosanum","LC","NLC","corrected_redlistTW"
"6aca5d56-9421-4ff6-887b-949a97856ac1","species","Plantae","Arisaema ilanense","VU","NVU","corrected_redlistTW"
"d354310b-c707-42ea-9489-9e4d79725df4","species","Plantae","Arisaema ringens","LC","NLC","corrected_redlistTW"
"bcfa4c7f-e95a-4c88-861d-67b03c24862b","species","Plantae","Arisaema taiwanense","","NLC","corrected_redlistTW"
"628a1a4e-fac5-4cf8-91c2-3bacb9149fe9","species","Plantae","Colocasia formosana","LC","NLC","corrected_redlistTW"
"41d4c1a0-8e4c-4364-88ad-08657b92a452","species","Plantae","Colocasia tonoimo","NA",NA,"corrected_redlistTW"
"96e71dea-c639-4109-862b-19b48fcdaae9","species","Plantae","Epipremnum aureum","NA",NA,"corrected_redlistTW"
"a7bf60fa-29e3-4c99-ac28-e50bac0e45ff","species","Plantae","Lemna aequinoctialis","LC","NLC","corrected_redlistTW"
"d73480a1-8caa-4122-84a7-0843656428f2","species","Plantae","Philodendron evansii","NE","","corrected_redlistTW"
"248a53ac-265e-4e81-8eff-c827b4e26c9a","species","Plantae","Pistia stratiotes","NA",NA,"corrected_redlistTW"
"a7c7fa3d-8fe5-4fcc-9574-ad70b8185a89","species","Plantae","Schismatoglottis kotoensis","VU","NVU","corrected_redlistTW"
"23a3fecd-3e90-4be5-b8a2-4a5f874d2f91","species","Plantae","Spirodela polyrhiza","LC","NLC","corrected_redlistTW"
"b120dfce-2efa-439b-bb2a-ad932b8c678f","species","Plantae","Syngonium podophyllum","NA",NA,"corrected_redlistTW"
"99a80555-483a-4a5a-85fa-d52ce2db7146","species","Plantae","Typhonium blumei","LC","NLC","corrected_redlistTW"
"b447c3f1-5d41-4f8a-b573-dfb8bf6ed523","species","Plantae","Wolffia globosa","","NLC","corrected_redlistTW"
"f2545a9d-8557-46ad-82f6-87d5cad9bc37","species","Plantae","Sagittaria pygmaea","NT","NNT","corrected_redlistTW"
"a2871634-ff2b-49f6-b4ca-57adc01ec759","species","Plantae","Blyxa aubertii","NT","NNT","corrected_redlistTW"
"66e9fd20-d1c4-4264-9ea6-fd781cf85ecd","species","Plantae","Blyxa japonica","NT","NNT","corrected_redlistTW"
"07357ff7-55bf-443d-813d-0fdf048b45e9","species","Plantae","Halophila beccarii","LC","NLC","corrected_redlistTW"
"2cde9dc7-d57d-47ec-ae4e-9b7df19f1864","species","Plantae","Halophila decipiens","LC","NLC","corrected_redlistTW"
"1a3b3abb-9bb8-4d58-8099-faee2707ff89","species","Plantae","Halophila ovalis","LC","NLC","corrected_redlistTW"
"b325d15c-d514-43f1-a5c4-7132ff1571e7","species","Plantae","Najas browniana","VU","NVU","corrected_redlistTW"
"7ba9e2d0-17b9-4d6b-80b0-3d96806bc993","species","Plantae","Najas gracillima","LC","NLC","corrected_redlistTW"
"7fc6f977-d5b0-4929-ac0e-aae81f5b65da","species","Plantae","Najas graminea","LC","NLC","corrected_redlistTW"
"3247c6d4-2d02-44c7-bea9-371b330c42fe","species","Plantae","Najas marina","NT","NNT","corrected_redlistTW"
"9e9b1d86-1f0f-4030-935d-260dfae956bb","species","Plantae","Ottelia alismoides","NT","NNT","corrected_redlistTW"
"891c9e12-9793-40b1-a5f4-35bafb36e645","species","Plantae","Thalassia hemprichii","LC","NLC","corrected_redlistTW"
"e387e718-e92a-46b9-a20c-0262ad353e47","species","Plantae","Vallisneria americana","NA",NA,"corrected_redlistTW"
"dadcb82e-f43c-4035-8afe-80f4bc46368b","species","Plantae","Limnobium laevigatum","NA",NA,"corrected_redlistTW"
"81e30b49-9675-4036-9dc2-8f320443b482","species","Plantae","Aponogeton taiwanensis","CR","NCR","corrected_redlistTW"
"a7545bd3-41de-4958-99b1-a088097a7d3c","species","Plantae","Potamogeton crispus","LC","NLC","corrected_redlistTW"
"2e0da23c-757f-4104-baa0-65f1eb2d6214","species","Plantae","Potamogeton cristatus","CR","NCR","corrected_redlistTW"
"67dc11e8-0e61-40fc-a772-a8dff7ee1e7e","species","Plantae","Potamogeton distinctus","VU","NVU","corrected_redlistTW"
"a8a62819-aa1e-4a51-8f74-87e1adf7634d","species","Plantae","Potamogeton maackianus","EN","NEN","corrected_redlistTW"
"e995a745-d2b0-43f1-a705-e323d6c89e87","species","Plantae","Potamogeton pusillus","VU","NVU","corrected_redlistTW"
"07cb00eb-611e-4c1e-939b-495aa00f6be4","species","Plantae","Zannichellia palustris","VU","NVU","corrected_redlistTW"
"d2d550cd-5d4b-41b5-800d-92b755c062c0","species","Plantae","Stuckenia pectinata","LC","NLC","corrected_redlistTW"
"46d2b682-e91a-4e1b-b0fd-542923c07d68","species","Plantae","Ruppia maritima","LC","NLC","corrected_redlistTW"
"3a46ee3d-c772-4dbd-b3e4-28c03fd6f812","species","Plantae","Halodule pinifolia","LC","NLC","corrected_redlistTW"
"027fc271-8a06-4510-9f19-7fe19c1c2654","species","Plantae","Aletris spicata","LC","NLC","corrected_redlistTW"
"132fb953-abe2-49c4-8e5d-53dcb48cd125","species","Plantae","Burmannia cryptopetala","VU","NVU","corrected_redlistTW"
"d500b25f-aa51-46a8-a765-b3aff7335adf","species","Plantae","Burmannia itoana","NT","NNT","corrected_redlistTW"
"e600ce2b-7aaa-4622-8a26-1a10572f4fe2","species","Plantae","Gymnosiphon aphyllus","EN","NEN","corrected_redlistTW"
"b2c08163-e1e8-40fb-87fb-9b0996a1d014","species","Plantae","Thismia taiwanensis","CR","NCR","corrected_redlistTW"
"fcdbedea-8682-4272-8d78-31eedbbaf4af","species","Plantae","Dioscorea bulbifera","LC","NLC","corrected_redlistTW"
"16847b58-aa36-4890-95c4-8e80022ea564","species","Plantae","Dioscorea codonopsidifolia","LC","NLC","corrected_redlistTW"
"737bdadb-8e8d-4f41-a5d2-5eac98c964dc","species","Plantae","Dioscorea collettii","LC","NLC","corrected_redlistTW"
"fddcbc28-861c-4ccf-82bb-54ee09eed213","species","Plantae","Dioscorea doryphora","LC","NLC","corrected_redlistTW"
"9cf57b96-b2db-4498-b46e-541130196d0a","species","Plantae","Dioscorea kaoi","LC","NLC","corrected_redlistTW"
"7012b976-0aa4-4044-9654-2f7b4bcc5fe6","species","Plantae","Dioscorea sansibarensis","NA",NA,"corrected_redlistTW"
"3d0f7127-ea08-40b7-a63c-e2f035a5ed4b","species","Plantae","Tacca leontopetaloides","CR","NCR","corrected_redlistTW"
"1690c91c-9b12-4267-bc5b-836c8b8bb1fd","species","Plantae","Sciaphila arfakiana","EN","NEN","corrected_redlistTW"
"29a0cb06-2c72-422d-b185-7d37a83ea2af","species","Plantae","Sciaphila ramosa","EN","NEN","corrected_redlistTW"
"6c8319a6-78ee-4f2f-b94a-ef61b2cb8619","species","Plantae","Sciaphila secundiflora","EN","NEN","corrected_redlistTW"
"f313b274-ea3c-4a66-9579-90b8f7ddb8ab","species","Plantae","Carludovica palmata","NA",NA,"corrected_redlistTW"
"fa39d9c8-18c1-4f58-a455-e2de07519346","species","Plantae","Freycinetia formosana","LC","NLC","corrected_redlistTW"
"ee48551a-7cf3-4b3b-b5fe-a48c73fa498f","species","Plantae","Trillium tschonoskii","NT","NNT","corrected_redlistTW"
"e7461a10-7397-4f69-bb72-d9b03209d91d","species","Plantae","Ypsilandra thibetica","LC","NLC","corrected_redlistTW"
"508356c5-fa34-4dab-9927-bff56d9fcbd5","species","Plantae","Disporum shimadae","LC","NLC","corrected_redlistTW"
"361f0ed3-0d37-4d29-9044-57b8ec7902f0","species","Plantae","Sandersonia aurantiaca","NE","","corrected_redlistTW"
"c4aab60f-5265-4e36-b0fd-1d635551bc17","species","Plantae","Smilax arisanensis","LC","NLC","corrected_redlistTW"
"0763d66b-bef6-4f9d-ad7b-7d7e2aa47d07","species","Plantae","Smilax china","LC","NLC","corrected_redlistTW"
"83a619ad-577e-49be-a692-7da43373860b","species","Plantae","Smilax corbularia","LC","NLC","corrected_redlistTW"
"f13e87a5-b41b-4457-ad3d-a17a480cbf1d","species","Plantae","Smilax discotis","LC","NLC","corrected_redlistTW"
"c46fcef3-3b0b-4245-b53b-89f354c9fba2","species","Plantae","Smilax elongato-umbellata","LC","NLC","corrected_redlistTW"
"75f10c8e-49e0-496e-9968-01dd2b034d13","species","Plantae","Smilax glabra","LC","NLC","corrected_redlistTW"
"2987f18e-67dd-4920-9b13-6112d6e77212","species","Plantae","Smilax hayatae","LC","NLC","corrected_redlistTW"
"f9e551a0-f733-426a-aafc-74964cd875cf","species","Plantae","Smilax horridiramula","LC","NLC","corrected_redlistTW"
"e53b002c-5ff0-4e5c-8de9-65d0fb4b4f07","species","Plantae","Smilax insularis","LC","NLC","corrected_redlistTW"
"7b6c5b5e-f8ab-459f-b086-d26cfbb3ab21","species","Plantae","Smilax koyamae","LC","NLC","corrected_redlistTW"
"ca2512d4-dd9f-4807-8b82-1bca8d2de71a","species","Plantae","Smilax nipponica","VU","NVU","corrected_redlistTW"
"8a329b4f-5ab3-40d5-a301-ec953d977460","species","Plantae","Smilax riparia","LC","NLC","corrected_redlistTW"
"e407ecb8-cabe-4a51-be0f-e2dc18751e19","species","Plantae","Smilax taipeiensis","LC","NLC","corrected_redlistTW"
"3b960231-7ea1-422d-8935-93c88b85b95e","species","Plantae","Lilium formosanum","LC","NLC","corrected_redlistTW"
"e877c5de-6aa4-4250-bbb4-6bc8a5e4cbff","species","Plantae","Tricyrtis suzukii","VU","NVU","corrected_redlistTW"
"ce74814a-60a7-418e-ab22-0c1cea736842","species","Plantae","Aeridostachya robusta","CR","NCR","corrected_redlistTW"
"8fbf9301-6883-4ef5-9bbd-e90368c2be50","species","Plantae","Anoectochilus formosanus","LC","NLC","corrected_redlistTW"
"29014d77-a562-4e59-abec-9be4876f89e0","species","Plantae","Appendicula kotoensis","VU","NVU","corrected_redlistTW"
"5f86906c-9810-4d03-ac27-3ee6117da423","species","Plantae","Arachnis labrosa","LC","NLC","corrected_redlistTW"
"3b5f60c1-7b03-4df7-a074-c0e7c331e500","species","Plantae","Bulbophyllum drymoglossum","LC","NLC","corrected_redlistTW"
"11cb2fde-0521-46c6-9471-859a83488bd2","species","Plantae","Bulbophyllum insulsoides","LC","NLC","corrected_redlistTW"
"4007622d-0f6f-4bb2-a105-5161be01f0dd","species","Plantae","Bulbophyllum japonicum","LC","NLC","corrected_redlistTW"
"41d7a10f-4686-4f5f-a047-da0fa89419d8","species","Plantae","Bulbophyllum melanoglossum","LC","NLC","corrected_redlistTW"
"dbb4f737-6494-4196-8b97-573c751dd510","species","Plantae","Bulbophyllum pauciflorum","CR","NCR","corrected_redlistTW"
"f1ec50fe-59bf-46ba-b7be-8586bc6054fe","species","Plantae","Bulbophyllum pingtungense","EN","NEN","corrected_redlistTW"
"a3371c83-7ea9-4d3a-9ebf-396cb6424af9","species","Plantae","Bulbophyllum rubrolabellum","VU","NVU","corrected_redlistTW"
"c873247f-e79c-4bf1-8286-c9f367260a72","species","Plantae","Bulbophyllum taiwanense","NT","NNT","corrected_redlistTW"
"31153896-5217-4178-833e-a399510417be","species","Plantae","Bulbophyllum tokioi","NT","NNT","corrected_redlistTW"
"0d29a25c-2c7a-4195-a6a3-3255d52b3a41","species","Plantae","Bulbophyllum umbellatum","LC","NLC","corrected_redlistTW"
"ec248abe-ef1b-4f39-b2fb-8562bfd5b8f7","species","Plantae","Calanthe alpina","CR","NCR","corrected_redlistTW"
"68659e21-b8ae-4a8e-b682-c3347593e853","species","Plantae","Calanthe arisanensis","LC","NLC","corrected_redlistTW"
"ce3b0386-6f22-4a7a-ab9e-2c1e4c98522b","species","Plantae","Calanthe aristulifera","LC","NLC","corrected_redlistTW"
"4d6d4175-181f-4ff3-b83a-eb5ae9ad6e28","species","Plantae","Calanthe davidii","LC","NLC","corrected_redlistTW"
"89d59c83-e90b-4c6c-b838-4c436a10c2d2","species","Plantae","Calanthe graciliflora","LC","NLC","corrected_redlistTW"
"0b4965f6-5674-4da1-a2c1-6692867f7d2a","species","Plantae","Calanthe striata","NT","NNT","corrected_redlistTW"
"938f62f1-7e58-4328-998c-9606e537d955","species","Plantae","Calanthe tricarinata","NT","NNT","corrected_redlistTW"
"93c903a9-ecd3-44c5-9d1c-519187d04ba8","species","Plantae","Calanthe triplicata","LC","NLC","corrected_redlistTW"
"f198e5d8-e791-4140-ab06-a0f33666be0d","species","Plantae","Cephalanthera erecta","VU","NVU","corrected_redlistTW"
"13105b7e-0922-4400-82de-324538812bbb","species","Plantae","Cheirostylis octodactyla","LC","NLC","corrected_redlistTW"
"00959eb4-840d-44c1-9ba0-fae2b72e63ef","species","Plantae","Cheirostylis pusilla","CR","NCR","corrected_redlistTW"
"29d2d227-8e5c-490f-bae1-5981c37e4bdd","species","Plantae","Chiloschista parishii","CR","NCR","corrected_redlistTW"
"c1e1d9ce-8841-46a4-8c37-10363d8362fc","species","Plantae","Collabium chinense","EN","NEN","corrected_redlistTW"
"7f2b6798-29d7-4cce-9496-eb035203dece","species","Plantae","Collabium formosanum","LC","NLC","corrected_redlistTW"
"ffaa54e7-2591-45ca-891b-43df4e11a059","species","Plantae","Corybas puniceus","CR","NCR","corrected_redlistTW"
"bdd89e33-c254-4ab3-9049-2fb536e091a2","species","Plantae","Corybas shanlinshiensis","EN","NEN","corrected_redlistTW"
"a0e5e2cf-3f63-489a-94bd-f5b5bea9c5b2","species","Plantae","Corybas sinii","EN","NEN","corrected_redlistTW"
"cc2f7ea7-9f7e-424d-b9c5-e84d25c5459f","species","Plantae","Corymborkis veratrifolia","EN","NEN","corrected_redlistTW"
"6e3da2a7-f68e-4d95-bff1-ec17413b0cd0","species","Plantae","Cremastra appendiculata","LC","NLC","corrected_redlistTW"
"376496e1-8369-4114-a616-c0b20d24b572","species","Plantae","Crepidium matsudae","LC","NLC","corrected_redlistTW"
"ed7a7308-0fa6-46cb-b13e-538ced276119","species","Plantae","Cryptostylis arachnites","LC","NLC","corrected_redlistTW"
"87ef5eb1-c610-4a47-9a32-4078d7a75729","species","Plantae","Cymbidium dayanum","LC","NLC","corrected_redlistTW"
"bbaec7af-d806-465c-abad-1365a99e8f6e","species","Plantae","Cymbidium ensifolium","","NLC","corrected_redlistTW"
"73709111-92a9-4942-ab77-332d55894bbd","species","Plantae","Cymbidium faberi","VU","NVU","corrected_redlistTW"
"8efa36fc-6284-4d84-9d60-40443546892d","species","Plantae","Cymbidium lancifolium","","NLC","corrected_redlistTW"
"dfe15e90-df42-4402-81a0-bbc0299ac3b3","species","Plantae","Cymbidium macrorhizon","NT","NNT","corrected_redlistTW"
"19e254ca-2adb-43e6-8dcb-f68e24009de2","species","Plantae","Cymbidium tortisepalum","NT","NNT","corrected_redlistTW"
"0fcc073a-cc16-451d-8b5f-7090dd84f126","species","Plantae","Cymbidium cochleare","EN","NEN","corrected_redlistTW"
"8aa4ad0c-7204-4370-bc0a-a275b75edf5a","species","Plantae","Cynorkis fastigiata","NA",NA,"corrected_redlistTW"
"5916bdb7-3e44-474a-b980-c764bbd9974e","species","Plantae","Cypripedium segawae","CR","NCR","corrected_redlistTW"
"058684cf-575f-4616-9adc-7b653ad1ea0a","species","Plantae","Dendrobium chameleon","LC","NLC","corrected_redlistTW"
"ddf111c5-16dd-481c-8b13-298c58d981f1","species","Plantae","Dendrobium chryseum","LC","NLC","corrected_redlistTW"
"7f10435a-7115-44f7-bee0-e444e263ccc2","species","Plantae","Dendrobium crumenatum","VU","NVU","corrected_redlistTW"
"eb6d8531-4085-44f9-9355-3e0262419999","species","Plantae","Dendrobium equitans","NT","NNT","corrected_redlistTW"
"5e6b1624-91e9-44df-aa21-66c425e3cbcc","species","Plantae","Dendrobium furcatopedicellatum","EN","NEN","corrected_redlistTW"
"8fcb11d3-1f67-445f-8cb9-0b4d7b47a727","species","Plantae","Dendrobium leptocladum","LC","NLC","corrected_redlistTW"
"80a54ba6-2444-4d4e-8641-e5c44447d409","species","Plantae","Dendrobium linawianum","CR","NCR","corrected_redlistTW"
"7ce7eec7-b4ed-4af4-832b-d316a27b0707","species","Plantae","Dendrobium luzonense","CR","NCR","corrected_redlistTW"
"44276d71-1a16-4afe-9f91-0606b7597ea4","species","Plantae","Dendrobium nakaharae","LC","NLC","corrected_redlistTW"
"1813ee5d-38ce-47c7-b4f6-822859181584","species","Plantae","Dendrochilum uncatum","VU","NVU","corrected_redlistTW"
"05eae44a-4b67-4ca7-a194-09cde2acfa31","species","Plantae","Didymoplexis micradenia","LC","NLC","corrected_redlistTW"
"cd745965-a897-4554-9e4d-0b243b06abe1","species","Plantae","Didymoplexis pallens","","DD","corrected_redlistTW"
"64342a1f-d8b2-494b-8a10-fdb76bccc9fc","species","Plantae","Epipogium japonicum","NT","NNT","corrected_redlistTW"
"571949fb-74d4-4c96-896b-1a9681a9bd53","species","Plantae","Erythrodes chinensis","LC","NLC","corrected_redlistTW"
"b459763d-cffa-420d-bfd6-6ae2f21c5064","species","Plantae","Eulophia dentata","LC","NLC","corrected_redlistTW"
"4fdce36d-afad-4f66-a446-2576b1e89bb2","species","Plantae","Eulophia graminea","NT","NNT","corrected_redlistTW"
"06cf8c70-74c8-4523-a1e3-7a11b88939b6","species","Plantae","Eulophia zollingeri","LC","NLC","corrected_redlistTW"
"d9e78ac3-4550-4b86-af8c-27f7acd2f993","species","Plantae","Gastrochilus formosanus","LC","NLC","corrected_redlistTW"
"69837678-3aa9-4306-b638-bf2650d69311","species","Plantae","Gastrochilus fuscopunctatus","LC","NLC","corrected_redlistTW"
"5827d990-f75e-422c-b97d-0b9ff3fb1946","species","Plantae","Gastrochilus matsudae","NT","NNT","corrected_redlistTW"
"f9ceb658-bded-4267-a82a-3e2075a136f6","species","Plantae","Gastrodia callosa","NT","NNT","corrected_redlistTW"
"c325e7eb-cf8f-4654-b9da-e4318622dafa","species","Plantae","Gastrodia fontinalis","","NCR","corrected_redlistTW"
"a67e694f-3add-43de-9912-36c70ad7985d","species","Plantae","Gastrodia gracilis","LC","NLC","corrected_redlistTW"
"5b0e4d19-5c85-4085-9ae5-5278d7e56efe","species","Plantae","Gastrodia leoui","LC","NLC","corrected_redlistTW"
"a0a52faa-75de-4383-8d9a-3e7aea4a0bfb","species","Plantae","Gastrodia pubilabiata","VU","NVU","corrected_redlistTW"
"6c910630-cf43-48a5-8d29-25395e22b009","species","Plantae","Gastrodia shimizuana","VU","NVU","corrected_redlistTW"
"4789479b-b91d-41eb-b2c9-7655bdab3720","species","Plantae","Gastrodia uraiensis","NT","NNT","corrected_redlistTW"
"9498472e-7465-4486-be05-28a2f8636f95","species","Plantae","Goodyera fumata","LC","NLC","corrected_redlistTW"
"9ca32bc1-c87d-4b0e-9ba8-52d66655858d","species","Plantae","Goodyera henryi","LC","NLC","corrected_redlistTW"
"6a7f3a54-acac-4b17-bf76-6c79905579d0","species","Plantae","Goodyera nankoensis","LC","NLC","corrected_redlistTW"
"7724cf1b-8641-47bf-9398-0aa4b506cc14","species","Plantae","Goodyera procera","LC","NLC","corrected_redlistTW"
"8194ac62-135c-4b5d-97ca-0a7f65a15bb6","species","Plantae","Goodyera pusilla","NT","NNT","corrected_redlistTW"
"83737a9a-e72a-45b4-8dcd-5b89c557d2e3","species","Plantae","Goodyera robusta","","NLC","corrected_redlistTW"
"b3c347ba-af2d-420c-b8b3-bf5d7c137dae","species","Plantae","Habenaria iyoensis","NT","NNT","corrected_redlistTW"
"9664b39a-e7e0-4777-becb-ddee2f41662a","species","Plantae","Habenaria polytricha","LC","NLC","corrected_redlistTW"
"98951e33-e5ff-4ad4-ab1d-ec5fe19aa109","species","Plantae","Habenaria stenopetala","LC","NLC","corrected_redlistTW"
"e8e000e3-7da5-4c93-a282-657e0d68ce29","species","Plantae","Haraella retrocalla","NT","NNT","corrected_redlistTW"
"3b559261-ad1f-45f8-a124-18c873410c5a","species","Plantae","Holcoglossum quasipinifolium","NT","NNT","corrected_redlistTW"
"7aa9ab19-03d3-4dcc-92fc-c4eb27e39f02","species","Plantae","Hylophila nipponica","NT","NNT","corrected_redlistTW"
"99e2bfe9-1602-4c43-b2a2-4dd01194d7b7","species","Plantae","Lecanorchis ohwii","LC","NLC","corrected_redlistTW"
"82702845-3201-4528-b349-59bc03107a0d","species","Plantae","Lecanorchis taiwaniana","VU","NVU","corrected_redlistTW"
"f9bb7d52-23ca-465d-816f-9c876c0a91b4","species","Plantae","Lecanorchis vietnamica","NT","NNT","corrected_redlistTW"
"28a9e2b2-1a7f-490a-9139-bc91d468dfef","species","Plantae","Liparis campylostalix","EN","NEN","corrected_redlistTW"
"de368275-b263-4d37-805c-f6d0e1eefafb","species","Plantae","Liparis condylobulbon","LC","NLC","corrected_redlistTW"
"41b618b0-d420-40f0-9b53-c97aaa58617a","species","Plantae","Liparis cordifolia","LC","NLC","corrected_redlistTW"
"85a83a0d-10b4-452a-9f8d-4951cebe0e7a","species","Plantae","Liparis derchiensis","EN","NEN","corrected_redlistTW"
"94e7fa58-6c51-4f32-b670-491e7627f795","species","Plantae","Liparis elongata","EN","NEN","corrected_redlistTW"
"2671e6e2-fe90-404f-8814-6ec8a68db657","species","Plantae","Liparis formosana","LC","NLC","corrected_redlistTW"
"8872dd93-df6e-40c1-aaf0-a60510c0cd0d","species","Plantae","Liparis gigantea","LC","NLC","corrected_redlistTW"
"b70e4585-d6be-4885-8bc4-6a62aaf58fc3","species","Plantae","Liparis kawakamii","LC","NLC","corrected_redlistTW"
"bad40c82-3d94-435a-8d10-5b9b0370808b","species","Plantae","Liparis nokoensis","LC","NLC","corrected_redlistTW"
"76eaddef-3b90-4b16-96b5-1abae2b64704","species","Plantae","Liparis reckoniana","EN","NEN","corrected_redlistTW"
"0aa1d0a7-d8f6-4083-bbf6-b72d0350d7a0","species","Plantae","Liparis rubrotincta","VU","NVU","corrected_redlistTW"
"a9f37fef-3d6e-4f8f-9fa0-5922bd286404","species","Plantae","Liparis sasakii","VU","NVU","corrected_redlistTW"
"6cca0c65-a680-46bd-a11b-0f9c5530b118","species","Plantae","Liparis viridiflora","LC","NLC","corrected_redlistTW"
"1d61e9a8-2313-4e5f-bb2e-e427daff4393","species","Plantae","Luisia megasepala","LC","NLC","corrected_redlistTW"
"11a1a678-e3b5-468a-8f8a-7402984a01cc","species","Plantae","Microtis unifolia","LC","NLC","corrected_redlistTW"
"8a11de5d-5e21-45d3-aee2-441eb9e025ac","species","Plantae","Neottia hohuanshanensis","NT","NNT","corrected_redlistTW"
"846b31ff-4db6-4fe4-a39a-449cac266709","species","Plantae","Neottia japonica","LC","NLC","corrected_redlistTW"
"7d3a6fe6-8eaa-42a9-b9ef-9b1a07ecd227","species","Plantae","Neottia meifongensis","EN","NEN","corrected_redlistTW"
"728655ae-26fc-4f9c-8cc6-f918c202caee","species","Plantae","Neottia pseudonipponica","CR","NCR","corrected_redlistTW"
"be564239-6845-4a57-b3cb-293469b4bccb","species","Plantae","Nephelaphyllum tenuiflorum","EN","NEN","corrected_redlistTW"
"8eed419e-2f77-435a-8f34-731dbfb5d272","species","Plantae","Nervilia cumberlegei","CR","NCR","corrected_redlistTW"
"4aeb9c84-c048-4997-a8ad-b0eb7d393e10","species","Plantae","Nervilia plicata","LC","NLC","corrected_redlistTW"
"fb3429c2-0398-4ca4-9cf0-5b88f9d2911c","species","Plantae","Oberonia caulescens","LC","NLC","corrected_redlistTW"
"d3580ceb-d2f4-4ad1-8428-e1d47f10e966","species","Plantae","Oberonia insularis","VU","NVU","corrected_redlistTW"
"4ba40c6d-f598-452e-83e7-e1886f0d8ad5","species","Plantae","Odontochilus formosanus","LC","NLC","corrected_redlistTW"
"da96aff9-c950-4013-a280-a7e414262ae1","species","Plantae","Odontochilus lanceolatus","LC","NLC","corrected_redlistTW"
"9dc627f9-e89d-487f-98f9-0d20fd8a3561","species","Plantae","Oreorchis fargesii","VU","NVU","corrected_redlistTW"
"41aa494e-36bd-494d-976f-1705006d4e1d","species","Plantae","Oreorchis micrantha","VU","NVU","corrected_redlistTW"
"5513de13-a74b-42f9-b0ff-805f5495dd12","species","Plantae","Peristylus goodyeroides","LC","NLC","corrected_redlistTW"
"a0d259bd-a1c4-46b3-b433-e52dff8ff78e","species","Plantae","Peristylus intrudens","EN","NEN","corrected_redlistTW"
"70b59098-98bb-4a2d-8254-3678f959639d","species","Plantae","Phalaenopsis equestris","CR","NCR","corrected_redlistTW"
"1f59cb81-599d-411d-9857-1e88a3c80359","species","Plantae","Phreatia caulescens","CR","NCR","corrected_redlistTW"
"73b7412a-e56e-45ac-bdc7-53c9bcb0f848","species","Plantae","Phreatia formosana","LC","NLC","corrected_redlistTW"
"484064b1-6aa6-45f7-a1ef-913b0c87e00b","species","Plantae","Phreatia taiwaniana","NT","NNT","corrected_redlistTW"
"163c0b93-ccd4-402a-8f98-0145bf1b2c28","species","Plantae","Pinalia amica","LC","NLC","corrected_redlistTW"
"5c5a69ba-19b0-4cbb-837d-7b10a2f5348c","species","Plantae","Pinalia japonica","LC","NLC","corrected_redlistTW"
"acaf787d-150f-471e-b4fb-90586f58333d","species","Plantae","Pinalia ovata","LC","NLC","corrected_redlistTW"
"7777f99d-7616-48ff-a1ad-4e03bd24b6f4","species","Plantae","Platanthera brevicalcarata","LC","NLC","corrected_redlistTW"
"3a8dd1f6-6ea0-4ebe-af31-f259d6d09220","species","Plantae","Platanthera minor","LC","NLC","corrected_redlistTW"
"f41a7376-ab14-4572-ae5d-bf8ad550832d","species","Plantae","Platanthera stenoglossa","LC","NLC","corrected_redlistTW"
"6b66b961-2864-4293-9cd7-de6986e2aa5d","species","Plantae","Platanthera taiwanensis","NT","NNT","corrected_redlistTW"
"4556007b-9229-4356-801d-7dbc727b7d7c","species","Plantae","Platanthera yangmeiensis","NT","NNT","corrected_redlistTW"
"081afc01-a75e-424c-8ed9-99f220506f7a","species","Plantae","Pleione bulbocodioides","NT","NNT","corrected_redlistTW"
"96dab65e-3b31-446e-a71a-85c1cae55223","species","Plantae","Spiranthes × hongkongensis","NT","NNT","corrected_redlistTW"
"9326597f-90a9-4e91-a6f0-8ab5ebf2a4c8","species","Plantae","Spiranthes sinensis","LC","NLC","corrected_redlistTW"
"61779a78-9240-4eac-8d4b-76f9dc81663b","species","Plantae","Styloglossum densiflorum","LC","NLC","corrected_redlistTW"
"7c02d802-f0ff-44d1-bfdc-e02e574a6989","species","Plantae","Styloglossum formosanum","LC","NLC","corrected_redlistTW"
"c0da8950-6a0c-4402-9a6a-109b87f074cc","species","Plantae","Taeniophyllum compactum","NT","NNT","corrected_redlistTW"
"5f669cbb-1f94-483b-924d-055fa8bf326b","species","Plantae","Taeniophyllum crassipes","LC","NLC","corrected_redlistTW"
"fbcb2a7c-cc1a-4416-891c-1d5f06b49a6f","species","Plantae","Taeniophyllum glandulosum","NT","NNT","corrected_redlistTW"
"ebe10d87-f5f1-4dbb-95ab-40c87bb11c79","species","Plantae","Tainia cordifolia","LC","NLC","corrected_redlistTW"
"383b2b9e-54e3-450d-9f14-c7d24cc49128","species","Plantae","Tainia dunnii","LC","NLC","corrected_redlistTW"
"d7654cab-69ef-42b2-81c1-8586f9b1296c","species","Plantae","Tainia latifolia","VU","NVU","corrected_redlistTW"
"1d80b403-487e-4fd5-8d58-379d18235ab8","species","Plantae","Thrixspermum annamense","EN","NEN","corrected_redlistTW"
"fb1bc95b-df61-4de8-8c77-30b89ab629d4","species","Plantae","Thrixspermum eximium","EN","NEN","corrected_redlistTW"
"a99851ab-35b9-4662-b21f-121cbecda113","species","Plantae","Thrixspermum saruwatarii","LC","NLC","corrected_redlistTW"
"ca42d495-f084-4308-b6fc-18e028601862","species","Plantae","Thrixspermum subulatum","VU","NVU","corrected_redlistTW"
"c1039f71-8a05-402d-aba0-525fde1f060e","species","Plantae","Tipularia odorata","NT","NNT","corrected_redlistTW"
"6c8e80c7-a6b3-4dcf-a941-a7f6fed95e38","species","Plantae","Trichoglottis luchuensis","LC","NLC","corrected_redlistTW"
"f86495d3-09a5-4664-80b1-e22582748b4a","species","Plantae","Tropidia sui","LC","NLC","corrected_redlistTW"
"db112e21-5823-4597-b478-703f593166ce","species","Plantae","Vanilla somae","LC","NLC","corrected_redlistTW"
"8f27ad5e-a44d-4e5a-a586-0523506ec768","species","Plantae","Yoania amagiensis","","NCR","corrected_redlistTW"
"7a824935-f299-42a8-93ed-f107858b3c42","species","Plantae","Zeuxine arisanensis","LC","NLC","corrected_redlistTW"
"a2180bc0-3e3c-4597-9e49-81053afa0e41","species","Plantae","Zeuxine nervosa","LC","NLC","corrected_redlistTW"
"68be1d22-3dbb-4fc7-a55c-ec5956a42bc2","species","Plantae","Zeuxine yehii","VU","NVU","corrected_redlistTW"
"187d3f66-b4ca-4620-b478-72705922e617","species","Plantae","Gastrochilus japonicus","","NLC","corrected_redlistTW"
"65e6a033-50ea-4767-9e24-6c1bb3ed7ee1","species","Plantae","Hypoxis aurea","LC","NLC","corrected_redlistTW"
"45efbfd9-9a8c-4f12-a8d5-2de47b130ebf","species","Plantae","Iris domestica","LC","NLC","corrected_redlistTW"
"a943e602-c95c-4ca7-8edb-661183daa6cc","species","Plantae","Trimezia longifolia","NE","","corrected_redlistTW"
"e9cdf538-9024-4e6e-8493-a9cf0000be5d","species","Plantae","Sisyrinchium atlanticum","NA",NA,"corrected_redlistTW"
"78cb337d-7a8b-4919-97c2-d51a762ec57d","species","Plantae","Agave americana","NA",NA,"corrected_redlistTW"
"bd560640-5b0b-465b-a013-09643340e2c1","species","Plantae","Agave fourcroydes","NA",NA,"corrected_redlistTW"
"27f84923-d467-44a3-8c6a-0a61d6fdb8d6","species","Plantae","Asparagus densiflorus","NE","","corrected_redlistTW"
"651a3bf5-904a-41a0-abd3-32bfb2f78eb3","species","Plantae","Aspidistra daibuensis","LC","NLC","corrected_redlistTW"
"0570abab-f655-4242-8dcc-7c260c7e75cf","species","Plantae","Disporopsis fuscopicta","","NLC","corrected_redlistTW"
"b71c85ce-7fc4-44ce-9726-5cd6c198c35a","species","Plantae","Disporopsis taiwanensis","LC","NLC","corrected_redlistTW"
"e622bd42-36c6-4c73-acf5-24112961c5bd","species","Plantae","Liriope platyphylla","LC","NLC","corrected_redlistTW"
"d6b6e595-99e1-4242-b569-da214e8bb5af","species","Plantae","Liriope spicata","LC","NLC","corrected_redlistTW"
"e4c2753e-9bd7-4820-bd36-31201bed8f83","species","Plantae","Maianthemum formosanum","LC","NLC","corrected_redlistTW"
"bf878ebe-7c09-41b2-a7d5-9b3131f0ee59","species","Plantae","Maianthemum harae","LC","NLC","corrected_redlistTW"
"ef828d85-523e-4478-b540-b0b30ed8b142","species","Plantae","Ophiopogon reversus","LC","NLC","corrected_redlistTW"
"9c335aa0-ea8d-46b7-b2b9-72b060e1595d","species","Plantae","Dianella ensifolia","LC","NLC","corrected_redlistTW"
"90b3736b-1a3d-492a-9740-958aad142052","species","Plantae","Calamus formosanus","LC","NLC","corrected_redlistTW"
"ac37c1e7-dd24-49df-92ea-4289f9f2e6a7","species","Plantae","Calamus siphonospathus","NT","NNT","corrected_redlistTW"
"d6533a71-6971-4145-a5a7-31636e79eb5c","species","Plantae","Phoenix hanceana","LC","NLC","corrected_redlistTW"
"394036c5-63b8-4130-b46d-1d50a116ed01","species","Plantae","Pinanga tashiroi","EN","NEN","corrected_redlistTW"
"17f7fc62-6c18-4f36-b699-fca58358983e","species","Plantae","Pritchardia pacifica","NE","","corrected_redlistTW"
"ecad48e2-b3e9-41f2-8d0d-c01b3b9b8872","species","Plantae","Callisia repens","NA",NA,"corrected_redlistTW"
"dbaf73b6-1db7-4a12-b850-ce8748eccd13","species","Plantae","Commelina auriculata","LC","NLC","corrected_redlistTW"
"1bcc2b25-a490-4a06-b5c5-c4bd1f13d8d1","species","Plantae","Commelina benghalensis","LC","NLC","corrected_redlistTW"
"60dc0fba-2b39-48f7-b092-9db02f8e09fb","species","Plantae","Murdannia keisak","LC","NLC","corrected_redlistTW"
"f1db8e24-5ff7-4d90-af7a-af6ae25ee764","species","Plantae","Murdannia loriformis","LC","NLC","corrected_redlistTW"
"2bf7d686-8b12-4ae0-8991-507c6e8c96b7","species","Plantae","Murdannia spirata","VU","NVU","corrected_redlistTW"
"d4bbc8f6-5f0e-4906-9e45-ba9d8a79f965","species","Plantae","Pollia secundiflora","LC","NLC","corrected_redlistTW"
"7a6b5376-daa3-4f32-bf7d-3c02de4aa3e5","species","Plantae","Rhopalephora scaberrima","LC","NLC","corrected_redlistTW"
"f283a491-7bf1-4c84-9b71-c8bead840a91","species","Plantae","Tradescantia fluminensis","NA",NA,"corrected_redlistTW"
"ac90838e-18ba-474c-b638-add9f194792d","species","Plantae","Tradescantia pallida","NA",NA,"corrected_redlistTW"
"fbfa4b74-7921-4501-bc0a-880977938ecb","species","Plantae","Canna indica","NA",NA,"corrected_redlistTW"
"222e9a92-9980-4a2f-bb30-b41297341f68","species","Plantae","Hellenia speciosa","LC","NLC","corrected_redlistTW"
"d40026b3-a791-4d69-87b5-58a485aed5df","species","Plantae","Musa itinerans","","NCR","corrected_redlistTW"
"8181217e-a9f7-4131-bc53-753839190f50","species","Plantae","Donax canniformis","VU","NVU","corrected_redlistTW"
"97ec7e3e-1d2f-4bf7-ad3f-961af3cd2f39","species","Plantae","Alpinia galanga","NA",NA,"corrected_redlistTW"
"4d1c5c11-c1ad-4e98-ba4d-de472d33684f","species","Plantae","Alpinia intermedia","LC","NLC","corrected_redlistTW"
"75afeb75-6f20-42e4-901e-2fbe2af761e6","species","Plantae","Alpinia pricei","","NLC","corrected_redlistTW"
"b649a43f-0566-452a-a650-d93045896c27","species","Plantae","Alpinia zerumbet","LC","NLC","corrected_redlistTW"
"5a166132-dccb-4102-93ba-6c6524ddce76","species","Plantae","Curcuma longa","NA",NA,"corrected_redlistTW"
"0d25db64-5b8d-4ac6-898c-5cc8cdf6534f","species","Plantae","Hedychium coronarium","NA",NA,"corrected_redlistTW"
"dc008ccb-bfea-4190-89b2-2dce932632eb","species","Plantae","Sparganium fallax","VU","NVU","corrected_redlistTW"
"c5158850-b1eb-4b14-b1a1-66fee52ebcc5","species","Plantae","Typha orientalis","LC","NLC","corrected_redlistTW"
"589adf55-190a-42fb-9de8-560342ac9aa9","species","Plantae","Eriocaulon cinereum","LC","NLC","corrected_redlistTW"
"fee81bc6-9285-4762-a20f-d02d754a4a60","species","Plantae","Eriocaulon nantoense","CR","NCR","corrected_redlistTW"
"28bde313-6354-4f65-b9df-407ba3100308","species","Plantae","Eriocaulon sexangulare","LC","NLC","corrected_redlistTW"
"944e9650-430f-496b-9022-5ddbe1d31cb2","species","Plantae","Eriocaulon taishanense","CR","NCR","corrected_redlistTW"
"3fa2e92c-9505-4986-802e-7422e92d67d6","species","Plantae","Eriocaulon truncatum","LC","NLC","corrected_redlistTW"
"dda74f59-4411-41c9-8069-46594f8a4e64","species","Plantae","Juncus leschenaultii","LC","NLC","corrected_redlistTW"
"c8ab9dfd-16fc-4e8c-92b4-569be56458d2","species","Plantae","Juncus marginatus","NA",NA,"corrected_redlistTW"
"bd0d697d-7ce6-4494-899d-082c3cbedcc3","species","Plantae","Juncus ohwianus","EN","NEN","corrected_redlistTW"
"7eb6e41c-d6b8-4bf0-b2ff-6ee7a2a7f039","species","Plantae","Juncus tenuis","LC","NLC","corrected_redlistTW"
"3f722cb9-0a23-4950-bcfe-ac47085b5609","species","Plantae","Luzula effusa","LC","NLC","corrected_redlistTW"
"874dad82-03d8-4bd2-97e0-a074037fb209","species","Plantae","Luzula multiflora","NT","NNT","corrected_redlistTW"
"07578cd6-7f54-417b-891a-7c958779b616","species","Plantae","Bolboschoenus maritimus","LC","NLC","corrected_redlistTW"
"534050a6-8cb9-4280-8b48-1097b33ced37","species","Plantae","Bolboschoenus planiculmis","EN","NEN","corrected_redlistTW"
"16f61ff1-800b-495c-b0f7-5121a597505b","species","Plantae","Carex arisanensis","LC","NLC","corrected_redlistTW"
"4d2e3c31-7597-4239-99a5-a301b9c198ac","species","Plantae","Carex bilateralis","LC","NLC","corrected_redlistTW"
"8d37e6a3-45ec-4dec-b395-ee71fdbd477b","species","Plantae","Carex breviculmis","LC","NLC","corrected_redlistTW"
"24707edb-54b6-49c2-93d7-91af427ea2e5","species","Plantae","Carex breviscapa","LC","NLC","corrected_redlistTW"
"4f7a93af-0d54-47aa-8c3a-7208e474455a","species","Plantae","Carex brunnea","LC","NLC","corrected_redlistTW"
"932e4e98-b020-4b67-adb4-d31006a4f65f","species","Plantae","Carex cryptostachys","VU","NVU","corrected_redlistTW"
"e8c27935-d684-4d46-aad3-82b665f025d7","species","Plantae","Carex dolichostachya","LC","NLC","corrected_redlistTW"
"877d20d7-f6a6-4b25-aca9-e726fc790a8d","species","Plantae","Carex doniana","LC","NLC","corrected_redlistTW"
"34ee1c71-dfb4-423f-a112-08a26439a539","species","Plantae","Carex fernaldiana","LC","NLC","corrected_redlistTW"
"5b2eabd0-dc95-409d-baf7-d4ba8716fbf6","species","Plantae","Carex filicina","LC","NLC","corrected_redlistTW"
"6d673482-dc0e-4493-a7a3-cc561da7f070","species","Plantae","Carex finitima","LC","NLC","corrected_redlistTW"
"c6907972-601f-4c27-baa4-23c99c6b6dab","species","Plantae","Carex fulvorubescens","LC","NLC","corrected_redlistTW"
"bfa8e745-c88a-4934-a82b-2daf0aeec523","species","Plantae","Carex grallatoria","","NVU","corrected_redlistTW"
"ef23f6f3-2c3c-4b6c-9081-0bfd5e4ef3b9","species","Plantae","Carex hoozanensis","LC","NLC","corrected_redlistTW"
"f5218aac-9b2e-46f0-9c59-73965a1c583f","species","Plantae","Carex jisaburo-ohwiana","NT","NNT","corrected_redlistTW"
"cf0ee4cd-627b-4967-8c97-b0faa1de62d7","species","Plantae","Carex kobomugi","CR","NCR","corrected_redlistTW"
"bea908bc-30d3-4208-858a-c46328c81ef4","species","Plantae","Carex laticeps","EN","NEN","corrected_redlistTW"
"101c595d-7d83-4ab8-a9d5-41a8cf1111e8","species","Plantae","Carex ligulata","LC","NLC","corrected_redlistTW"
"a6351f95-4c96-469e-953a-47128bd11d98","species","Plantae","Carex makinoensis","LC","NLC","corrected_redlistTW"
"53e781f0-8649-43f9-946a-c78e9c0e9a4a","species","Plantae","Carex manca","","NLC","corrected_redlistTW"
"33cc348c-437b-418e-bb41-50bcdd84f4a1","species","Plantae","Carex orthostemon","LC","NLC","corrected_redlistTW"
"0ee2f517-e715-4a10-a9e4-c574eff791dd","species","Plantae","Carex oxyandra","LC","NLC","corrected_redlistTW"
"a3b7ecfc-c986-4bac-84f2-4dd0bb974f2a","species","Plantae","Carex rafflesiana","NT","NNT","corrected_redlistTW"
"ebed05fd-cafa-4296-997c-6b311e715d0a","species","Plantae","Carex scaposa","EN","NEN","corrected_redlistTW"
"c732f53b-6748-4e6f-bb2b-2d57d547aff9","species","Plantae","Carex sclerocarpa","LC","NLC","corrected_redlistTW"
"7225028f-52c9-4ead-bb6b-76670ca0dcc0","species","Plantae","Carex sociata","LC","NLC","corrected_redlistTW"
"92a7b810-adcd-42e9-9c82-9171dfe747e4","species","Plantae","Carex taihokuensis","LC","NLC","corrected_redlistTW"
"31b6dfa8-bc8b-4618-8ae2-5f1473d29e7e","species","Plantae","Carex tristachya","","NLC","corrected_redlistTW"
"d3db0217-42d9-4a8d-8953-5b0fd647fb15","species","Plantae","Cyperus brevifolius","LC","NLC","corrected_redlistTW"
"b91f6cea-f9ad-4fbd-9456-c3dd2c7d3424","species","Plantae","Cyperus cyperinus","LC","NLC","corrected_redlistTW"
"3b487152-7664-4efe-b91d-e60c3883aff8","species","Plantae","Cyperus difformis","LC","NLC","corrected_redlistTW"
"de6efd64-28d8-4af7-9fd0-fed268d7b37d","species","Plantae","Cyperus diffusus","LC","NLC","corrected_redlistTW"
"7992ca6b-03db-457b-a749-3a0a9073c21f","species","Plantae","Cyperus distans","LC","NLC","corrected_redlistTW"
"97bcff02-2142-47d4-a860-f4e2555392aa","species","Plantae","Cyperus esculentus","NA",NA,"corrected_redlistTW"
"bb33750e-6a70-415b-8d14-57ba42ada600","species","Plantae","Cyperus exaltatus","LC","NLC","corrected_redlistTW"
"20333be6-7086-42b9-9199-a8dbaa6bd49d","species","Plantae","Cyperus iria","LC","NLC","corrected_redlistTW"
"1c12b386-425e-4352-8432-6023eba21473","species","Plantae","Cyperus javanicus","LC","NLC","corrected_redlistTW"
"1267c1fc-ff5e-4ecb-a672-6a190c66d8ed","species","Plantae","Cyperus nutans","","NLC","corrected_redlistTW"
"6e47b6be-7ca2-4c9c-893a-0362a75ca126","species","Plantae","Cyperus platystylis","VU","NVU","corrected_redlistTW"
"3b6e8615-e0f6-4c60-8dd9-d5ccc764d556","species","Plantae","Cyperus polystachyos","LC","NLC","corrected_redlistTW"
"d58b7549-cff1-4bbc-b3ec-6be0ef37e7b3","species","Plantae","Cyperus procerus","NT","NNT","corrected_redlistTW"
"834dd4cf-2526-47c7-9d8a-5bd52f1b8a32","species","Plantae","Cyperus prolifer","NA",NA,"corrected_redlistTW"
"9705487e-d5f7-4866-a457-2bb6e259dd14","species","Plantae","Cyperus pumilus","LC","NLC","corrected_redlistTW"
"2cb2cf92-51e0-4900-a568-94e9b51fd58c","species","Plantae","Cyperus pygmaeus","LC","NLC","corrected_redlistTW"
"bc6b5eb9-c90d-4739-9379-f73e4b95cd21","species","Plantae","Cyperus radians","LC","NLC","corrected_redlistTW"
"83242dfe-f9c6-48b0-8947-6749d64b189e","species","Plantae","Cyperus surinamensis","NA",NA,"corrected_redlistTW"
"267dfa6b-63b0-48d5-b469-595a05e52ad7","species","Plantae","Cyperus tuberosus","LC","NLC","corrected_redlistTW"
"966aa00b-c318-47ea-8d4e-a18449a8e89a","species","Plantae","Cyperus cyperoides","","NLC","corrected_redlistTW"
"bff53edb-4a9a-4a25-ab1e-cb5f4c1638e1","species","Plantae","Diplacrum caricinum","VU","NVU","corrected_redlistTW"
"cbda4559-732b-4bfd-968e-06454e718acd","species","Plantae","Eleocharis acutangula","NT","NNT","corrected_redlistTW"
"8f2f99e7-851e-40be-ba96-a27e9a04a7ed","species","Plantae","Eleocharis ochrostachys","EN","NEN","corrected_redlistTW"
"a6ebc1b1-5ae3-41d7-b172-09d5419098b7","species","Plantae","Eleocharis tetraquetra","LC","NLC","corrected_redlistTW"
"dea70450-8daa-4570-b812-d9915541f89e","species","Plantae","Fimbristylis autumnalis","CR","NCR","corrected_redlistTW"
"b30707f7-6cec-4ccb-af77-004c3d51d483","species","Plantae","Fimbristylis eragrostis","VU","NVU","corrected_redlistTW"
"1dbd37ba-232f-4206-8d9a-bbf018887f44","species","Plantae","Fimbristylis macassarensis","NT","NNT","corrected_redlistTW"
"31acf3e3-2b97-4700-8900-d1a1172b49d2","species","Plantae","Fimbristylis microcarya","NT","NNT","corrected_redlistTW"
"12158e0f-5c94-4391-a116-debfa83d12df","species","Plantae","Fimbristylis nutans","CR","NCR","corrected_redlistTW"
"e4492688-5a54-4294-a67c-b6ba679df8a7","species","Plantae","Fimbristylis ovata","LC","NLC","corrected_redlistTW"
"d2a00a35-15f6-407a-a259-cf9b8a8e03f9","species","Plantae","Fimbristylis polytrichoides","LC","NLC","corrected_redlistTW"
"718d6f64-d38c-440c-a9d4-def53394d52d","species","Plantae","Fimbristylis schoenoides","LC","NLC","corrected_redlistTW"
"714f2f8f-26cf-4e3e-9665-2b4f5519d74b","species","Plantae","Fimbristylis sericea","LC","NLC","corrected_redlistTW"
"dc4ff861-7b5b-45af-b69f-e508d40813ef","species","Plantae","Fimbristylis spathacea","LC","NLC","corrected_redlistTW"
"42d61558-1a29-4659-813e-c5be1d843500","species","Plantae","Fimbristylis squarrosa","LC","NLC","corrected_redlistTW"
"2dfe3de8-9690-4da0-8854-ce4e88aa186c","species","Plantae","Fimbristylis subinclinata","LC","NLC","corrected_redlistTW"
"82998915-ee1f-4c13-8acf-50ca679bfba0","species","Plantae","Fimbristylis tristachya","","NLC","corrected_redlistTW"
"3de1906a-f543-4628-a642-ab17bc45e204","species","Plantae","Fuirena ciliaris","NT","NNT","corrected_redlistTW"
"dfd5f6f3-8d4d-4ff0-b9ae-6bd81ce84745","species","Plantae","Gahnia tristis","NT","NNT","corrected_redlistTW"
"b8811d4c-e418-4f11-a71f-67cb1a2537cb","species","Plantae","Lepironia articulata","DD","","corrected_redlistTW"
"3ea31b85-f1e7-43b9-9d7b-b47b36c5840c","species","Plantae","Cyperus flavidus","LC","NLC","corrected_redlistTW"
"4713df2d-a731-4baa-bfd2-7560ec1b2118","species","Plantae","Schoenoplectiella lineolata","NT","NNT","corrected_redlistTW"
"760d5e7b-da9a-40d5-9fe8-ada1c7352cb7","species","Plantae","Schoenoplectiella mucronata","LC","NLC","corrected_redlistTW"
"6624bed1-7a7b-4ccd-bfa6-6f927cac9f2d","species","Plantae","Schoenoplectiella multiseta","NT","NNT","corrected_redlistTW"
"2594c22e-a940-463f-8558-cd52888db970","species","Plantae","Schoenoplectiella wallichii","NT","NNT","corrected_redlistTW"
"33d3d308-8132-4e5c-8ab7-2384fa3fe69d","species","Plantae","Scleria biflora","LC","NLC","corrected_redlistTW"
"c1746466-eeee-4cb7-8b45-b8531cc44cf9","species","Plantae","Scleria novae-hollandiae","EN","NEN","corrected_redlistTW"
"c0be1ec4-4f09-473a-89f2-dc07b3ac288f","species","Plantae","Scleria radula","LC","NLC","corrected_redlistTW"
"20f1e69c-3a1c-45d0-8366-4d670d8a0b66","species","Plantae","Scleria sumatrensis","CR","RE","corrected_redlistTW"
"c04e8450-e069-4ce3-9779-ed8cd9e2f0c9","species","Plantae","Flagellaria indica","LC","NLC","corrected_redlistTW"
"6ded4a9f-5377-411e-ba16-28599fd512e9","species","Plantae","Agrostis infirma","","NLC","corrected_redlistTW"
"3ae540a4-a083-48bd-a6cd-42287db1f266","species","Plantae","Agrostis stolonifera","NA",NA,"corrected_redlistTW"
"597325d3-ed71-47b8-b230-c484ee501f24","species","Plantae","Alopecurus aequalis","","NLC","corrected_redlistTW"
"d384d37c-36c5-4c2e-a10d-e2f0a78df757","species","Plantae","Alopecurus myosuroides","NA",NA,"corrected_redlistTW"
"38280ece-aed8-4f86-ac07-4424a9915b6a","species","Plantae","Aniselytron agrostoides","LC","NLC","corrected_redlistTW"
"1219d83f-bb06-4f74-8e26-b846a3de73a4","species","Plantae","Apluda mutica","LC","NLC","corrected_redlistTW"
"6f988a2b-f19a-47de-b0f8-b998582daeec","species","Plantae","Aristida chinensis","CR","NCR","corrected_redlistTW"
"5552906a-7a75-4020-bd8a-fb08ba3fee80","species","Plantae","Arthraxon hispidus","LC","NLC","corrected_redlistTW"
"591a8f82-15f9-4f4d-bb60-25d17c1e1fa3","species","Plantae","Arthraxon lancifolius","NA",NA,"corrected_redlistTW"
"2c1930b9-6a58-4d60-ba56-9a36fe434a10","species","Plantae","Arthraxon quartinianus","LC","NLC","corrected_redlistTW"
"c1703ad1-9bb5-46af-bca9-32cf68216e0c","species","Plantae","Arundo formosana","LC","NLC","corrected_redlistTW"
"0f4c3045-98bc-4c00-aa92-c1798614e362","species","Plantae","Avena fatua","NA",NA,"corrected_redlistTW"
"dd7abf73-ea86-488f-8f79-d9db16adf30f","species","Plantae","Avena sativa","NA",NA,"corrected_redlistTW"
"daec7749-f80d-4414-b5c8-5c9fe7e80b3b","species","Plantae","Axonopus compressus","NA",NA,"corrected_redlistTW"
"709a0514-1559-4ea8-80a4-6b5d05559110","species","Plantae","Bambusa pachinensis","LC","NLC","corrected_redlistTW"
"61eb5907-c3a8-402b-8e89-d426e33d1cf1","species","Plantae","Bambusa stenostachya","NA",NA,"corrected_redlistTW"
"d7e134df-6460-4e22-804c-43000a80b4e4","species","Plantae","Bothriochloa bladhii","LC","NLC","corrected_redlistTW"
"83f8b6fc-ae19-41be-bb8b-e1a4c398984e","species","Plantae","Bothriochloa ischaemum","LC","NLC","corrected_redlistTW"
"2181296b-86fa-452d-8fe9-135164c0ad32","species","Plantae","Brachiaria villosa","LC","NLC","corrected_redlistTW"
"da6f215f-d89c-4f10-8d8d-19fbd0db8253","species","Plantae","Brachypodium kawakamii","LC","NLC","corrected_redlistTW"
"d1ce6017-ebf1-4df7-9b0e-dfc032f581c8","species","Plantae","Brachypodium sylvaticum","LC","NLC","corrected_redlistTW"
"99cd6c9e-3156-493d-bb47-6ec16d0fb553","species","Plantae","Briza minor","NA",NA,"corrected_redlistTW"
"3f48aacd-c861-4483-a248-635185383f98","species","Plantae","Bromus catharticus","NA",NA,"corrected_redlistTW"
"a716a49a-0910-4c18-a598-2c74ec91f4e8","species","Plantae","Bromus formosanus","NT","NNT","corrected_redlistTW"
"471be935-7215-4660-a7bd-08584fc9d288","species","Plantae","Bromus hordeaceus","NA",NA,"corrected_redlistTW"
"2e82ff10-8d5b-4880-9dc2-85240c7bb4f0","species","Plantae","Bromus morrisonensis","LC","NLC","corrected_redlistTW"
"75b6be76-7422-46b9-9d79-f0abc4fe55df","species","Plantae","Bromus pubescens","NA",NA,"corrected_redlistTW"
"6925b161-1ed4-47df-a2b4-2f9d2bc749d3","species","Plantae","Bromus rigidus","NA",NA,"corrected_redlistTW"
"0ec64117-4e39-40e9-b1cc-406822fa1a8c","species","Plantae","Calamagrostis epigeios","LC","NLC","corrected_redlistTW"
"a6f12ce1-bb16-4c15-8ea6-064aec4f0488","species","Plantae","Capillipedium assimile","LC","NLC","corrected_redlistTW"
"25354f2b-0d6b-4695-a8b2-a7562015495d","species","Plantae","Cenchrus ciliaris","NA",NA,"corrected_redlistTW"
"50c36e65-7fee-4ebf-b4f8-22da0964356a","species","Plantae","Cenchrus echinatus","NA",NA,"corrected_redlistTW"
"12d6ad7b-5f02-43e9-801d-c807f5e3cb68","species","Plantae","Centotheca lappacea","NT","NNT","corrected_redlistTW"
"ffa012ab-21cc-4df3-97da-01e74e3ecb94","species","Plantae","Chloris divaricata","NA",NA,"corrected_redlistTW"
"f79cb601-fdb5-49b5-9cb9-0a6b3b5b7014","species","Plantae","Chloris formosana","NT","NNT","corrected_redlistTW"
"18f0269a-403f-43bc-b953-3b7b2a0df2ef","species","Plantae","Chrysopogon aciculatus","LC","NLC","corrected_redlistTW"
"c04827f4-f037-441d-a576-ee9b3c5c29e3","species","Plantae","Cymbopogon nardus","NA",NA,"corrected_redlistTW"
"753b482f-5eff-4982-8eb9-2fdef82010f1","species","Plantae","Cynodon dactylon","LC","NLC","corrected_redlistTW"
"3ccfa3f0-f884-4263-a651-ad836d0a8fac","species","Plantae","Cynodon plectostachyus","NA",NA,"corrected_redlistTW"
"2b4c008c-9dd4-4f49-b4e3-1ae4da8a8143","species","Plantae","Cyrtococcum accrescens","LC","NLC","corrected_redlistTW"
"5e95b8b6-edae-4080-b964-6f7f47d39d17","species","Plantae","Deschampsia cespitosa","NA",NA,"corrected_redlistTW"
"41fc4d72-926d-4cf4-8166-00a8a644d2d6","species","Plantae","Deschampsia flexuosa","LC","NLC","corrected_redlistTW"
"556468e2-0900-4e2b-b852-01e6454c5216","species","Plantae","Deyeuxia pyramidalis","NT","","corrected_redlistTW"
"7547a224-2415-43ac-8409-f3afbae1d903","species","Plantae","Dichanthium aristatum","NA",NA,"corrected_redlistTW"
"b599b126-6745-4bdf-a861-6bb296266304","species","Plantae","Digitaria henryi","LC","NLC","corrected_redlistTW"
"c2062984-6111-4d55-aeec-a10059cfdb72","species","Plantae","Digitaria leptalea","LC","NLC","corrected_redlistTW"
"190c3e63-d8e5-4602-8d85-af5e81ceec8a","species","Plantae","Digitaria radicosa","","NLC","corrected_redlistTW"
"2e895fc1-de3f-4c08-b127-cad60af3d8b7","species","Plantae","Digitaria violascens","LC","NLC","corrected_redlistTW"
"4df19d9a-9600-481f-afcc-f5c7be77ba23","species","Plantae","Dimeria ornithopoda","CR","NCR","corrected_redlistTW"
"92ec9b3f-3a62-453e-a52f-286577d802b9","species","Plantae","Diplachne fusca","LC","NLC","corrected_redlistTW"
"eb8724f6-a07a-45b7-8bac-561792947891","species","Plantae","Echinochloa colona","LC","NLC","corrected_redlistTW"
"c255d13b-0777-4360-835e-ca9883575c69","species","Plantae","Enteropogon unispiceus","LC","NLC","corrected_redlistTW"
"0ab0b4d0-08e3-4fec-8236-141d9edd77ff","species","Plantae","Eragrostis ciliaris","NA",NA,"corrected_redlistTW"
"66dd2d85-229a-4a71-88c3-c8f0fd5e761f","species","Plantae","Eragrostis cylindrica","CR","NCR","corrected_redlistTW"
"5ff4756f-0ece-46f9-85b3-e2a38ccd68cf","species","Plantae","Eragrostis ferruginea","LC","NLC","corrected_redlistTW"
"90d04d85-573b-4721-9afb-94ce75d5d122","species","Plantae","Eragrostis minor","NA",NA,"corrected_redlistTW"
"d92817c1-48b8-4397-bafa-e7172dc99725","species","Plantae","Eragrostis pilosa","LC","NLC","corrected_redlistTW"
"ba87ee18-37a8-4634-adb3-4f7a105a2799","species","Plantae","Eragrostis pilosiuscula","CR","NCR","corrected_redlistTW"
"a71d8501-a5c8-4aec-93f4-2351709f1138","species","Plantae","Eragrostis unioloides","EN","NEN","corrected_redlistTW"
"46397c7e-a500-4718-8924-6d6146174174","species","Plantae","Eremochloa ophiuroides","LC","NLC","corrected_redlistTW"
"ee16ff70-3b0b-47ae-80ff-c507186d6c99","species","Plantae","Eriochloa procera","LC","NLC","corrected_redlistTW"
"46138403-b9f8-4e45-99ae-d9267eaabc3b","species","Plantae","Eriochloa villosa","EN","NEN","corrected_redlistTW"
"8a96ae47-a3b6-479a-ad3b-6b7bf14e01d7","species","Plantae","Eulalia leschenaultiana","EN","NEN","corrected_redlistTW"
"5b1cf96e-7b14-4909-861e-a56362fe489e","species","Plantae","Eulalia quadrinervis","CR","NCR","corrected_redlistTW"
"27e2d404-364c-4cad-b1ff-461ccbb63810","species","Plantae","Eulalia speciosa","CR","NCR","corrected_redlistTW"
"214334ba-52b8-4c9d-a033-2eacedfba76c","species","Plantae","Eulaliopsis binata","CR","NCR","corrected_redlistTW"
"086a9199-fc3b-485f-adc2-065ce3335667","species","Plantae","Festuca arundinacea","NA",NA,"corrected_redlistTW"
"1930dbe6-7680-48e6-b4d9-1a99b3e11a43","species","Plantae","Festuca parvigluma","CR","NCR","corrected_redlistTW"
"2fbf2b9f-b0cb-40f2-a11c-0af521f7d40f","species","Plantae","Festuca rubra","LC","NLC","corrected_redlistTW"
"6549f4e6-154b-4d57-9124-219766815c05","species","Plantae","Hackelochloa granularis","LC","NLC","corrected_redlistTW"
"d7c4a4a8-cf74-4ee9-9b5f-d310420acf6f","species","Plantae","Helictotrichon abietetorum","LC","NLC","corrected_redlistTW"
"161b864c-456a-41a9-bfe5-2e0a3871a64c","species","Plantae","Hemarthria compressa","LC","NLC","corrected_redlistTW"
"ec7cd619-1b78-4177-b083-cddfe5f93bb8","species","Plantae","Heteropogon contortus","NA",NA,"corrected_redlistTW"
"129bcd37-3dd8-4409-b7ef-60039c169062","species","Plantae","Imperata cylindrica","","NLC","corrected_redlistTW"
"f1050944-4b47-4361-a09a-ede960a7b593","species","Plantae","Isachne albens","LC","NLC","corrected_redlistTW"
"ff5c384b-dcb6-49cc-ae73-fb2906e02f88","species","Plantae","Isachne dispar","CR","NCR","corrected_redlistTW"
"d629e10a-cceb-4f9b-ad00-0eda0eefe66a","species","Plantae","Isachne globosa","LC","NLC","corrected_redlistTW"
"62491ce0-9782-4e81-8e0f-b34448222738","species","Plantae","Isachne nipponensis","NT","NNT","corrected_redlistTW"
"8ce8f979-f14a-47a3-aa6f-525e2d8f0925","species","Plantae","Ischaemum aristatum","","NLC","corrected_redlistTW"
"60635ba9-5bd8-4dfc-8024-e50b9dab6e48","species","Plantae","Ischaemum barbatum","","NLC","corrected_redlistTW"
"42a24ed3-e6bf-4cec-839e-0664bc1bf7d5","species","Plantae","Ischaemum ciliare","LC","NLC","corrected_redlistTW"
"f81d3f96-bd8e-4d46-8fde-4db5abed6da0","species","Plantae","Leptochloa chinensis","LC","NLC","corrected_redlistTW"
"b8281277-b7f1-482a-93a0-c5829a985c20","species","Plantae","Leptochloa panicea","LC","NLC","corrected_redlistTW"
"419785d6-3a54-4535-ae09-1dfbf2044d78","species","Plantae","Lolium perenne","NA",NA,"corrected_redlistTW"
"4b3b9af3-1e7d-45c1-8c02-cf5891d3259e","species","Plantae","Melinis minutiflora","NA",NA,"corrected_redlistTW"
"6698c1c9-a86a-4da6-aa1f-b07901d2e8ec","species","Plantae","Microstegium ciliatum","LC","NLC","corrected_redlistTW"
"1648f669-f7d6-4b7d-a817-7bbc03ad4a5e","species","Plantae","Microstegium fasciculatum","NA",NA,"corrected_redlistTW"
"18a2d9fe-3622-472b-8408-d431b9a70445","species","Plantae","Microstegium geniculatum","LC","NLC","corrected_redlistTW"
"8ade6f9e-aba3-49ea-8238-05a3d208db5e","species","Plantae","Microstegium nudum","LC","NLC","corrected_redlistTW"
"2d8d642d-efd3-4d15-9868-4f2ab8fcc5a2","species","Plantae","Microstegium tenue","NA",NA,"corrected_redlistTW"
"67fb0d84-08f8-45c8-9c1b-d328581e6f9f","species","Plantae","Miscanthus floridulus","LC","NLC","corrected_redlistTW"
"40af0404-5d6a-44d1-8402-dfc04716c180","species","Plantae","Miscanthus sinensis","LC","NLC","corrected_redlistTW"
"9815a98e-d3fe-4948-8294-48739d1fde87","species","Plantae","Muhlenbergia huegelii","LC","NLC","corrected_redlistTW"
"a9fd0937-8dca-4806-89ca-14c12ea3c50c","species","Plantae","Narenga porphyrocoma","NT","NNT","corrected_redlistTW"
"2a58d448-63b8-4af3-9a82-fc56573413ae","species","Plantae","Oplismenus hirtellus","","NLC","corrected_redlistTW"
"24fa67c9-9699-405f-80c1-43b2af246620","species","Plantae","Panicum luzonense","EN","NEN","corrected_redlistTW"
"4a4a3d5f-d78f-43f6-974f-3db3670f5a03","species","Plantae","Megathyrsus maximus","NA",NA,"corrected_redlistTW"
"61f700a6-953b-4313-9e8c-51ed41089313","species","Plantae","Paspalidium punctatum","NA",NA,"corrected_redlistTW"
"72227a0e-9898-4d01-ba2d-105940c476a3","species","Plantae","Paspalum conjugatum","NA",NA,"corrected_redlistTW"
"6d21f8cd-20ed-4b12-9447-4bd88ac92bb1","species","Plantae","Paspalum dilatatum","NA",NA,"corrected_redlistTW"
"8c8cab1a-1670-43f7-a908-585f23f7aff4","species","Plantae","Paspalum distichum","LC","NLC","corrected_redlistTW"
"0be42929-0417-4f7f-9494-9088c7f7ab26","species","Plantae","Paspalum fimbriatum","NA",NA,"corrected_redlistTW"
"c550919e-2365-42bf-9f06-991fde354e73","species","Plantae","Paspalum longifolium","LC","NLC","corrected_redlistTW"
"9dbbfa29-961c-4476-970f-9986b5fd455d","species","Plantae","Paspalum paniculatum","NA",NA,"corrected_redlistTW"
"fa331902-4860-4ef0-bc1c-b53fa44b775f","species","Plantae","Paspalum thunbergii","LC","NLC","corrected_redlistTW"
"af48a558-7802-4109-801e-9d48da8037ec","species","Plantae","Paspalum urvillei","NA",NA,"corrected_redlistTW"
"d8f7c3a9-7261-432b-836c-663a8da9cd6c","species","Plantae","Pennisetum clandestinum","NA",NA,"corrected_redlistTW"
"9609385c-f670-4362-9221-f10fb040aef1","species","Plantae","Pennisetum polystachion","NA",NA,"corrected_redlistTW"
"67842381-bd95-4212-ae90-3d3d0b6209ad","species","Plantae","Phleum alpinum","LC","NLC","corrected_redlistTW"
"4e95f51f-57f2-436d-ac37-fd9516136e17","species","Plantae","Poa acroleuca","LC","NLC","corrected_redlistTW"
"7eec04fc-ebbb-4b7f-bc5f-7d7f7cb4eb62","species","Plantae","Poa compressa","NA",NA,"corrected_redlistTW"
"f02d5625-40a4-45f9-820b-c8c5e02e8630","species","Plantae","Poa formosae","LC","NLC","corrected_redlistTW"
"5c4a36e2-b7a6-4cb5-8d08-1fae138177cc","species","Plantae","Poa nankoensis","LC","NLC","corrected_redlistTW"
"260b906b-3ac5-4d09-b375-56a76502145b","species","Plantae","Poa sphondylodes","","NNT","corrected_redlistTW"
"547b5ce0-b734-4caf-9cab-fb80124cbcda","species","Plantae","Poa taiwanicola","LC","NLC","corrected_redlistTW"
"09e5f11a-5f22-4c5d-8a65-7593b42e0055","species","Plantae","Poa takasagomontana","LC","NLC","corrected_redlistTW"
"ef9374aa-c65a-46a3-94e4-7d91fb9f6664","species","Plantae","Poa trivialis","NA",NA,"corrected_redlistTW"
"078cc38e-7666-480a-94a5-a5ae1a9ec423","species","Plantae","Pogonatherum crinitum","LC","NLC","corrected_redlistTW"
"59b93f5a-8614-4deb-8954-0aac98babc10","species","Plantae","Pogonatherum paniceum","LC","NLC","corrected_redlistTW"
"f1e9c43e-89e2-42eb-b7b1-7c9b147f842c","species","Plantae","Polypogon fugax","LC","NLC","corrected_redlistTW"
"c7439d1b-1255-4992-a35b-f72b2f1552dc","species","Plantae","Polypogon monspeliensis","NT","NNT","corrected_redlistTW"
"66fdedc3-617a-4227-81c3-511e2a499a8f","species","Plantae","Saccharum officinarum","NE","","corrected_redlistTW"
"18b794f7-4694-4d83-a52b-2bfa9940cf56","species","Plantae","Saccharum robustum","NE","","corrected_redlistTW"
"4a0bc7df-54b1-49e8-bab1-179742dda044","species","Plantae","Saccharum sinensis","NE","","corrected_redlistTW"
"25985d2d-04cf-4bba-81ca-017f67aa3d0b","species","Plantae","Schizachyrium brevifolium","NT","NNT","corrected_redlistTW"
"573713ae-629e-44dc-9bd3-e01dcb8fea53","species","Plantae","Schizostachyum diffusum","LC","NLC","corrected_redlistTW"
"9f05f49e-2932-43a6-bcc3-129779889208","species","Plantae","Secale cereale","NA",NA,"corrected_redlistTW"
"4c1f326b-093c-4fc5-b0dd-db21b7c2b64f","species","Plantae","Setaria barbata","NA",NA,"corrected_redlistTW"
"012ff465-fec5-4cf5-813e-19dd28317010","species","Plantae","Setaria sphacelata","NA",NA,"corrected_redlistTW"
"e2ab31a5-c5b8-4340-a869-c82b00cd4184","species","Plantae","Sorghum halepense","NA",NA,"corrected_redlistTW"
"c0dc39cd-6bc2-4980-afb5-d031b02f953a","species","Plantae","Sorghum nitidum","LC","NLC","corrected_redlistTW"
"dd511231-3e90-45f6-9a6a-28a9464278aa","species","Plantae","Sphaerocaryum malaccense","LC","NLC","corrected_redlistTW"
"71bbda3a-7f4b-423b-8f5a-97e2e0962dfe","species","Plantae","Spodiopogon tainanensis","LC","NLC","corrected_redlistTW"
"ed66d6d1-2979-4f5d-922b-b354ca017605","species","Plantae","Stenotaphrum secundatum","NA",NA,"corrected_redlistTW"
"79587a26-8be2-42d5-8c4d-17cd4fd3692d","species","Plantae","Themeda caudata","CR","NCR","corrected_redlistTW"
"b174a62b-031c-4512-b127-19f9be9c7673","species","Plantae","Themeda japonica","NA",NA,"corrected_redlistTW"
"a2d68ad2-baee-4603-ada7-82715a6eecf3","species","Plantae","Thuarea involuta","LC","NLC","corrected_redlistTW"
"16bae205-fb24-4fe6-b37b-41f825e5be52","species","Plantae","Tripogon chinensis","CR","NCR","corrected_redlistTW"
"7194aa84-0807-403a-bb44-2cd188b71728","species","Plantae","Tripsacum dactyloides","NA",NA,"corrected_redlistTW"
"b0e9ec17-b804-4157-be04-e7612f82bcf6","species","Plantae","Trisetum bifidum","VU","NVU","corrected_redlistTW"
"77b708df-fcf7-4262-ac7a-e7ac2515c2bb","species","Plantae","Trisetum spicatum","","NLC","corrected_redlistTW"
"855845a3-3e7a-4c46-9945-afc878fa707c","species","Plantae","Triticum aestivum","NE","","corrected_redlistTW"
"00f9ec11-7010-4a10-917a-14c55cb44aa5","species","Plantae","Yushania niitakayamensis","LC","NLC","corrected_redlistTW"
"99799a78-1f73-4c7f-86b5-80a63c41b326","species","Plantae","Zoysia matrella","LC","NLC","corrected_redlistTW"
"9acd5098-22b3-4e07-a6dd-e692f39d9ffe","species","Plantae","Zoysia sinica","LC","NLC","corrected_redlistTW"
"61420b0d-1de3-4322-ab87-458dfbfe6da3","species","Plantae","Corydalis racemosa","LC","NLC","corrected_redlistTW"
"f78c119b-3775-42b6-921a-1fc6e4d79d32","species","Plantae","Corydalis tashiroi","LC","NLC","corrected_redlistTW"
"d04d2cc4-a56a-4b54-93c3-9a3f9c9750ea","species","Plantae","Fumaria parviflora","NA",NA,"corrected_redlistTW"
"84f99d4c-b9ce-4663-8416-0d867e813adb","species","Plantae","Macleaya cordata","NT","NNT","corrected_redlistTW"
"7daad5c5-4e99-44c8-a027-3a7f41e94cce","species","Plantae","Papaver rhoeas","NA",NA,"corrected_redlistTW"
"18d67529-481b-4e49-a764-1f3f151ffbf7","species","Plantae","Akebia longeracemosa","LC","NLC","corrected_redlistTW"
"4591e0e3-150d-46b3-b899-2b4268a048a0","species","Plantae","Stauntonia obovata","LC","NLC","corrected_redlistTW"
"77c2ddbb-e38e-47b8-8a36-e63e0bedc051","species","Plantae","Stauntonia purpurea","LC","NLC","corrected_redlistTW"
"2b567ade-745c-4f0f-b832-faa5f8353260","species","Plantae","Cissampelos pareira","CR","NCR","corrected_redlistTW"
"3b5c974a-ea25-43a3-8e04-75442daab109","species","Plantae","Cyclea gracillima","LC","NLC","corrected_redlistTW"
"adf379cc-f3fa-4720-8a6c-c469cbcc9f1e","species","Plantae","Cyclea insularis","VU","NVU","corrected_redlistTW"
"a258c175-9f92-4f01-a504-3939f097a8c9","species","Plantae","Cyclea ochiaiana","LC","NLC","corrected_redlistTW"
"257b54e7-6466-41d7-a153-1e06ef0d407d","species","Plantae","Paratinospora dentata","EN","NEN","corrected_redlistTW"
"adb12924-6b78-49d4-9161-b6f969543ba6","species","Plantae","Stephania cephalantha","LC","NLC","corrected_redlistTW"
"5f6b3db6-7378-4957-850d-31d425f274d1","species","Plantae","Stephania japonica","","NLC","corrected_redlistTW"
"9254ffa2-70f6-4736-9599-900b6403530b","species","Plantae","Stephania merrillii","LC","NLC","corrected_redlistTW"
"d1997487-5e5a-477e-8502-eb78242b0c64","species","Plantae","Stephania tetrandra","VU","NVU","corrected_redlistTW"
"54662294-3dcb-4d5b-b8f5-bbdc2118be1d","species","Plantae","Berberis brevisepala","NT","NNT","corrected_redlistTW"
"24a5898c-d0a1-4b15-8db3-0551e2acf407","species","Plantae","Berberis kawakamii","NT","NNT","corrected_redlistTW"
"eb5afe5c-0d57-41b1-9ec7-d86c8978d02b","species","Plantae","Berberis morrisonensis","LC","NLC","corrected_redlistTW"
"1a81f039-35f9-40f9-aa20-354bc738faf5","species","Plantae","Berberis schaaliae","NT","NNT","corrected_redlistTW"
"d5a76f29-ab42-4a27-a400-b6769bffdbad","species","Plantae","Mahonia oiwakensis","EN","NEN","corrected_redlistTW"
"9aa1f06b-7ae5-4004-af13-8f7f19e54ca9","species","Plantae","Mahonia tikushiensis","EN","NEN","corrected_redlistTW"
"fa985349-3ed8-4a01-aa32-095b6bad90a2","species","Plantae","Anemone vitifolia","LC","NLC","corrected_redlistTW"
"1ff68658-c4ce-4135-9e84-18ad662ecdc4","species","Plantae","Calathodes polycarpa","EN","NEN","corrected_redlistTW"
"c18a27ca-c2cb-4035-9573-9c880c23b707","species","Plantae","Cimicifuga taiwanensis","NT","NNT","corrected_redlistTW"
"6d72a50e-b06d-4e1d-81fe-9b387db13bd3","species","Plantae","Clematis grata","LC","NLC","corrected_redlistTW"
"f9f41ced-3c42-4429-8899-ad8178ca4e34","species","Plantae","Clematis lasiandra","LC","NLC","corrected_redlistTW"
"15f93048-e0d1-4d81-9f12-85bd20b163ed","species","Plantae","Clematis parviloba","","NNT","corrected_redlistTW"
"809e2f14-9170-40c0-8903-4be715ff1542","species","Plantae","Clematis psilandra","VU","NVU","corrected_redlistTW"
"91487970-f96a-47c0-b55a-01233b830634","species","Plantae","Clematis tamurae","NT","NNT","corrected_redlistTW"
"23ff8cd1-b0c1-4572-ab2b-048489103f79","species","Plantae","Clematis tashiroi","","NLC","corrected_redlistTW"
"b49f9b52-e485-4a0a-b076-742006db96fb","species","Plantae","Clematis terniflora","","NVU","corrected_redlistTW"
"db3460f2-5555-4886-9382-b0aa786f66ab","species","Plantae","Clematis uncinata","","NLC","corrected_redlistTW"
"2a561e52-85a4-42f2-a1e1-7bb20095869b","species","Plantae","Coptis quinquefolia","LC","NLC","corrected_redlistTW"
"c3d4e200-d07d-4f60-9e0e-a1d65e086070","species","Plantae","Dichocarpum adiantifolium","NT","NNT","corrected_redlistTW"
"d2e1fde1-9611-4fd3-8067-4abfb20ee306","species","Plantae","Ranunculus junipericola","NT","NNT","corrected_redlistTW"
"f16b9c1a-8f76-473d-9678-24e16250b4aa","species","Plantae","Ranunculus morii","EN","NEN","corrected_redlistTW"
"e952ddee-ebfe-4924-89af-6e17c5fba23f","species","Plantae","Ranunculus nankotaizanus","EN","NEN","corrected_redlistTW"
"150931d3-ad90-4311-80d5-817d2cb8f268","species","Plantae","Semiaquilegia adoxoides","NA",NA,"corrected_redlistTW"
"491a6977-881c-427b-9fda-6ee28aa2cdc2","species","Plantae","Thalictrum javanicum","","DD","corrected_redlistTW"
"dc5764c7-7a5c-449b-9ea2-cc37ebd26cfe","species","Plantae","Thalictrum sessile","NT","NNT","corrected_redlistTW"
"a7c26d90-7555-459a-8735-f1e3b8472d59","species","Plantae","Trollius taihasenzanensis","VU","NVU","corrected_redlistTW"
"e1a75e7b-f1a2-4808-b6f5-400415c126a9","species","Plantae","Meliosma rhoifolia","LC","NLC","corrected_redlistTW"
"bc4e4a98-4bab-4959-b7fb-82fb2328b151","species","Plantae","Sabia transarisanensis","LC","NLC","corrected_redlistTW"
"3c7bb3d0-aac8-4d3e-80f8-ea7cf412d6a9","species","Plantae","Helicia cochinchinensis","LC","NLC","corrected_redlistTW"
"5dbc0474-58e4-4d78-ade6-67b65416fc05","species","Plantae","Helicia rengetiensis","LC","NLC","corrected_redlistTW"
"322ef456-ddc4-4e45-ad08-bf0134ae83ac","species","Plantae","Trochodendron aralioides","LC","NLC","corrected_redlistTW"
"8bdbfb8f-4bd0-4e96-b504-f75410855a13","species","Plantae","Buxus microphylla","","NLC","corrected_redlistTW"
"6a4f7eaf-24d0-49c3-ba9c-8fc0f55948fc","species","Plantae","Corylopsis stenopetala","EN","NEN","corrected_redlistTW"
"fbeae13b-04c2-4263-9b69-dae0205203f1","species","Plantae","Distylium gracile","VU","NVU","corrected_redlistTW"
"120caac4-2406-42de-a89e-5b9c07bd8453","species","Plantae","Eustigma oblongifolium","LC","NLC","corrected_redlistTW"
"f217bf6f-e077-41fc-83e3-d6f78c32dc66","species","Plantae","Sycopsis sinensis","LC","NLC","corrected_redlistTW"
"083b8444-d5b3-42b3-8a56-e44d32a458fe","species","Plantae","Daphniphyllum glaucescens","","NLC","corrected_redlistTW"
"823a8539-2496-4955-bace-475463299e0e","species","Plantae","Itea parviflora","LC","NLC","corrected_redlistTW"
"c3a15ef3-f0c2-495c-bf3e-3b958f5967bd","species","Plantae","Ribes formosanum","LC","NLC","corrected_redlistTW"
"420fcad3-f28f-40a9-9f81-b5681a73db2c","species","Plantae","Astilbe macroflora","LC","NLC","corrected_redlistTW"
"80ec410f-4a3a-430a-9d20-cbd8286b883b","species","Plantae","Chrysosplenium delavayi","LC","NLC","corrected_redlistTW"
"c36ed0cb-10e9-441e-9932-2269ee7025f5","species","Plantae","Kalanchoe garambiensis","VU","NVU","corrected_redlistTW"
"85882c96-7d04-413b-9d89-7ec858e672eb","species","Plantae","Kalanchoe integra","LC","NLC","corrected_redlistTW"
"c7e2190a-a1ea-4a66-a7d3-3c1dcf2bb020","species","Plantae","Sedum emarginatum","NA",NA,"corrected_redlistTW"
"124c9a4b-d812-4658-8426-4b6816891541","species","Plantae","Haloragis chinensis","LC","","corrected_redlistTW"
"9ff82985-109b-419e-b1bd-1292104e372c","species","Plantae","Myriophyllum ussuriense","NA",NA,"corrected_redlistTW"
"d7dce2b2-d477-4b98-b3c2-38a709ce4fe4","species","Plantae","Ampelopsis cantoniensis","","NLC","corrected_redlistTW"
"01ffcca0-c8cb-419d-ba81-97251c12eb0c","species","Plantae","Cissus pteroclada","NT","NNT","corrected_redlistTW"
"0845343c-b543-439e-9c7d-9bc866e8762e","species","Plantae","Cissus repens","LC","NLC","corrected_redlistTW"
"4424ae5b-52da-4e35-95f7-1f5a64b9a7b0","species","Plantae","Cissus lanyuensis","NT","","corrected_redlistTW"
"be0cab7d-3f00-4ad6-a858-168e12381234","species","Plantae","Parthenocissus dalzielii","","NLC","corrected_redlistTW"
"d47343c8-5ada-4a48-9069-481a1df1f434","species","Plantae","Tetrastigma dentatum","LC","NLC","corrected_redlistTW"
"8ecf0b57-a4d7-45da-be45-afba5cd5172c","species","Plantae","Tetrastigma lanyuense","NT","NNT","corrected_redlistTW"
"0921514c-b2ad-49ba-b34f-f81d9861f184","species","Plantae","Vitis amurensis","VU","NVU","corrected_redlistTW"
"a61ccd2a-8845-427e-89fa-923fe61bc790","species","Plantae","Vitis flexuosa","NT","NNT","corrected_redlistTW"
"e2c47e98-6c32-4f1c-a20a-5a2acf331342","species","Plantae","Vitis thunbergii","","NEN","corrected_redlistTW"
"fd1f4d2d-d620-474d-b34e-8fba18d05624","species","Plantae","Tribulus taiwanense","NT","NNT","corrected_redlistTW"
"a31fa698-f035-4b84-8c0a-affd4cc542e3","species","Plantae","Abrus precatorius","LC","NLC","corrected_redlistTW"
"67cadf6c-6d85-4992-b47e-a9f7a1594709","species","Plantae","Acacia confusa","LC","NLC","corrected_redlistTW"
"4c715b57-b698-4c6f-90c7-1849d7555262","species","Plantae","Albizia retusa","EN","NEN","corrected_redlistTW"
"958c5087-a80b-44d5-a3ad-179bd0ac4fad","species","Plantae","Alysicarpus bupleurifolius","LC","NLC","corrected_redlistTW"
"cbc269a9-e9f8-499d-bd92-c4ed1cef635f","species","Plantae","Alysicarpus rugosus","NA",NA,"corrected_redlistTW"
"4745c844-5f01-44c6-98e8-5a991f23a3f0","species","Plantae","Apios taiwanianus","EN","NEN","corrected_redlistTW"
"62293f6a-5c8a-4a93-813a-524205d770bd","species","Plantae","Astragalus nankotaizanensis","EN","NEN","corrected_redlistTW"
"0ea5e012-c2f0-4b10-9591-e4329a178881","species","Plantae","Astragalus nokoensis","VU","NVU","corrected_redlistTW"
"1b32d0bb-5827-4922-9dd1-94f858a6689b","species","Plantae","Bauhinia purpurea","NA",NA,"corrected_redlistTW"
"d611e688-9180-4038-994c-6ad4a2c0bfe6","species","Plantae","Bauhinia variegata","NA",NA,"corrected_redlistTW"
"d8621e11-ee9e-4a2e-b572-186ce7fd7466","species","Plantae","Caesalpinia bonduc","VU","NVU","corrected_redlistTW"
"c166c62c-8b81-406f-a40c-f98903da13bf","species","Plantae","Caesalpinia crista","LC","NLC","corrected_redlistTW"
"c4887de3-5b27-4364-b1d6-cb54ec226674","species","Plantae","Caesalpinia decapetala","LC","NLC","corrected_redlistTW"
"142a2b11-a6a3-41cc-bc63-4716ae57e87e","species","Plantae","Cajanus cajan","NA",NA,"corrected_redlistTW"
"843fa70e-50ef-4770-8f83-7f24af9a88e5","species","Plantae","Cajanus scarabaeoides","LC","NLC","corrected_redlistTW"
"eb1c0d4b-33c2-4678-8ec4-c2eedbb3032a","species","Plantae","Callerya nitida","VU","NVU","corrected_redlistTW"
"0c37e6bd-f682-412a-b0db-ef015747783a","species","Plantae","Calopogonium mucunoides","NA",NA,"corrected_redlistTW"
"3db642b9-a224-407b-bae7-a09b54dc6c2c","species","Plantae","Canavalia ensiformis","NA",NA,"corrected_redlistTW"
"bf6d362a-1f35-4572-b1de-496d75ba3c0a","species","Plantae","Canavalia lineata","LC","NLC","corrected_redlistTW"
"885c2c6f-1a17-4f81-ade7-0a3c5d6b7f88","species","Plantae","Canavalia rosea","LC","NLC","corrected_redlistTW"
"9401c76b-2a5d-4d8a-8a81-fb03168168ae","species","Plantae","Centrosema pubescens","NA",NA,"corrected_redlistTW"
"f5077f96-6f08-493b-87fb-c4cd80bb7c53","species","Plantae","Chamaecrista mimosoides","NA",NA,"corrected_redlistTW"
"3a0d7f40-b038-4726-a6e7-e0672a2830a4","species","Plantae","Chamaecrista nictitans","NA",NA,"corrected_redlistTW"
"59c6e235-921d-4bd2-b70a-ef5bd673d755","species","Plantae","Christia campanulata","LC","NLC","corrected_redlistTW"
"51d72d4d-9848-4d21-96e8-69dad43d8bd0","species","Plantae","Christia obcordata","LC","NLC","corrected_redlistTW"
"a084e046-b855-4af1-ad5d-4fe1ab64ee12","species","Plantae","Clitoria falcata","NA",NA,"corrected_redlistTW"
"1a60f529-c5b2-41c0-98ef-4cfb9ab34998","species","Plantae","Codariocalyx motorius","LC","NLC","corrected_redlistTW"
"3443072f-6d01-45f2-9a3c-6d7c757dd616","species","Plantae","Crotalaria albida","LC","NLC","corrected_redlistTW"
"1b9c4fd7-62b4-40c6-900e-d08206069b02","species","Plantae","Crotalaria calycina","LC","NLC","corrected_redlistTW"
"718406ab-5450-4c0d-a641-9e7196302e3f","species","Plantae","Crotalaria chinensis","LC","NLC","corrected_redlistTW"
"18e65bd9-2ef0-40f9-bb13-a76702ddd73b","species","Plantae","Crotalaria elliptica","VU","NVU","corrected_redlistTW"
"618d39e2-a35e-46e0-8983-5e39a61771f4","species","Plantae","Crotalaria incana","NA",NA,"corrected_redlistTW"
"7203ad4b-9f15-4878-a469-e698516b0e11","species","Plantae","Crotalaria juncea","NA",NA,"corrected_redlistTW"
"413b1df1-cf44-4f1a-a1ef-96af62decd86","species","Plantae","Crotalaria linifolia","LC","NLC","corrected_redlistTW"
"4ecbf8a0-b740-4f13-8a82-f938b8153e45","species","Plantae","Crotalaria micans","NA",NA,"corrected_redlistTW"
"106b156e-f826-43c7-82d6-c100e6ec7ecb","species","Plantae","Crotalaria retusa","LC","NLC","corrected_redlistTW"
"d2c47a66-2acf-44d3-bec2-365ba0c8638c","species","Plantae","Crotalaria sessiliflora","LC","NLC","corrected_redlistTW"
"47ec480e-6593-4a2f-9408-31553bfd530d","species","Plantae","Crotalaria verrucosa","LC","NLC","corrected_redlistTW"
"85255816-478a-4588-a534-11db65a8ce0f","species","Plantae","Cyamopsis tetragonoloba","NA",NA,"corrected_redlistTW"
"5dab3d7e-59da-4715-bc5d-e9b9ec635489","species","Plantae","Cytisus scoparius","NE","","corrected_redlistTW"
"ec5944d6-70df-42ec-bdaa-06e9fd7abb33","species","Plantae","Dendrolobium dispermum","LC","NLC","corrected_redlistTW"
"8d9fc7e5-f14f-4646-93f6-a62f7dfd6f9d","species","Plantae","Derris elliptica","NA",NA,"corrected_redlistTW"
"b42b3cb6-3c88-45a3-a923-f5cc808f978a","species","Plantae","Derris laxiflora","LC","NLC","corrected_redlistTW"
"087ad570-d096-45dd-b8f0-cee1d377091d","species","Plantae","Derris trifoliata","LC","NLC","corrected_redlistTW"
"e59e7592-2621-45f2-9729-c686eae6887a","species","Plantae","Desmanthus virgatus","NA",NA,"corrected_redlistTW"
"7de1f810-1778-41d2-aa06-c2da6483568b","species","Plantae","Desmodium intortum","NA",NA,"corrected_redlistTW"
"705f0865-a48e-43a8-b748-263b1b9c6287","species","Plantae","Desmodium multiflorum","LC","NLC","corrected_redlistTW"
"27cdc78d-20f4-4b85-86dc-e18858c07c99","species","Plantae","Dumasia miaoliensis","VU","NVU","corrected_redlistTW"
"53faf903-85d4-46df-8cc2-25b7b6ac4558","species","Plantae","Dumasia villosa","LC","NLC","corrected_redlistTW"
"19c08631-2bc2-4947-8a37-eff1e13a74b1","species","Plantae","Dunbaria merrillii","EN","NEN","corrected_redlistTW"
"1d33ae97-a734-49d3-8668-8cf9da37e37e","species","Plantae","Dunbaria rotundifolia","NT","NNT","corrected_redlistTW"
"cf3fd267-d2e2-4054-bf52-83145eead91d","species","Plantae","Eriosema chinense","VU","NVU","corrected_redlistTW"
"d6f6bba4-a5a1-4ab0-9c1e-aa1e6fdc53d7","species","Plantae","Erythrina variegata","LC","NLC","corrected_redlistTW"
"226da7be-a204-4ede-88f5-9febc82117b4","species","Plantae","Flemingia macrophylla","","NLC","corrected_redlistTW"
"14d0f775-0e16-490e-a162-560c474754a0","species","Plantae","Flemingia strobilifera","LC","NLC","corrected_redlistTW"
"e46e1c2d-52ba-4b39-8ad2-d81f3e504690","species","Plantae","Glycine dolichocarpa","VU","NVU","corrected_redlistTW"
"9b01f769-2ca7-47ba-935e-f9021c6baac4","species","Plantae","Glycine max","","NVU","corrected_redlistTW"
"dbf19d0d-618e-42e3-9a88-2cd07c5effb5","species","Plantae","Hylodesmum densum","CR","NCR","corrected_redlistTW"
"86bb11a9-ffff-4016-a6e0-1db746d5270f","species","Plantae","Indigofera linifolia","LC","NLC","corrected_redlistTW"
"40f7e243-472c-4eec-b8c6-374f3ffe18c2","species","Plantae","Indigofera ramulosissima","EN","NEN","corrected_redlistTW"
"6936d03f-50ba-403d-90a2-a2b906f19738","species","Plantae","Indigofera hendecaphylla","LC","","corrected_redlistTW"
"5f26b9e4-e75e-4880-9b34-ea6927419412","species","Plantae","Indigofera suffruticosa","LC","NLC","corrected_redlistTW"
"c94ac9a2-b6a3-4108-8341-6b0d7b7df33b","species","Plantae","Indigofera taiwaniana","CR","NCR","corrected_redlistTW"
"b89c52df-70ac-4d71-9820-80726c370808","species","Plantae","Indigofera venulosa","LC","NLC","corrected_redlistTW"
"3391a0ad-a19d-40d8-853f-2c95be3c3027","species","Plantae","Kummerowia stipulacea","CR","NCR","corrected_redlistTW"
"47b3cceb-3003-4911-b5b1-366d807db574","species","Plantae","Lablab purpureus","NA",NA,"corrected_redlistTW"
"b0750c3c-f27c-4c45-b4b4-2e11f2b1e363","species","Plantae","Lespedeza chinensis","LC","NLC","corrected_redlistTW"
"a878f690-253e-4618-a547-bc02b7c72019","species","Plantae","Lespedeza cuneata","LC","NLC","corrected_redlistTW"
"3716b34a-8d6b-4371-9a89-1feb44743e98","species","Plantae","Lespedeza daurica","CR","NCR","corrected_redlistTW"
"3756f993-3e93-4706-b600-6c8a6c92e362","species","Plantae","Lespedeza thunbergii","","NLC","corrected_redlistTW"
"2ca163d5-a4d2-4bb6-81a2-e2560943e8f7","species","Plantae","Leucaena leucocephala","NA",NA,"corrected_redlistTW"
"c7c01157-76c6-4d8c-a57b-bb6f6e04fe8a","species","Plantae","Maackia taiwanensis","VU","NVU","corrected_redlistTW"
"22017cd3-5fc3-4e5d-ab56-0c56bf3fc5f7","species","Plantae","Macroptilium bracteatum","NA",NA,"corrected_redlistTW"
"dc30844e-982b-4526-ad08-2f963ae04a52","species","Plantae","Medicago arabica","NA",NA,"corrected_redlistTW"
"fb4f17cb-54f8-4f4b-b332-7502099b6265","species","Plantae","Medicago lupulina","NA",NA,"corrected_redlistTW"
"2a374c08-2890-4cb3-8cfa-3038b5f76c35","species","Plantae","Medicago minima","NA",NA,"corrected_redlistTW"
"2fdd7cbf-c6da-4281-97c6-ef81efec7cb2","species","Plantae","Medicago sativa","NA",NA,"corrected_redlistTW"
"36294ac8-7777-47bc-9790-a281fc8123c6","species","Plantae","Pongamia pinnata","LC","NLC","corrected_redlistTW"
"60280cea-05a9-4dbf-bd39-a684e41b9bde","species","Plantae","Mimosa diplotricha","NA",NA,"corrected_redlistTW"
"cf2feebd-b80c-4cb8-8a26-b5f0bab23fb3","species","Plantae","Mimosa pudica","NA",NA,"corrected_redlistTW"
"a44f97b6-042f-4abb-b7c9-02470beb11d6","species","Plantae","Mucuna macrocarpa","LC","NLC","corrected_redlistTW"
"30c2c2af-e120-4222-833f-f199fb334979","species","Plantae","Mucuna membranacea","VU","NVU","corrected_redlistTW"
"02c1bf14-cddd-48f1-8780-f414fb32375d","species","Plantae","Mucuna pruriens","NA",NA,"corrected_redlistTW"
"e9edcc2a-37ac-4032-afb7-34fec093ef6e","species","Plantae","Ormosia hengchuniana","NT","NNT","corrected_redlistTW"
"e9035b87-4816-4e13-8e89-6900e67672f6","species","Plantae","Psoralea corylifolia","NA",NA,"corrected_redlistTW"
"f065ed26-5c0d-4b75-9c52-16fd32d73747","species","Plantae","Pueraria phaseoloides","NA",NA,"corrected_redlistTW"
"14aaf354-3838-411d-900c-a90598dbd75c","species","Plantae","Rhynchosia minima","LC","NLC","corrected_redlistTW"
"cf51d6f6-380a-4018-99e4-294ea3c86a04","species","Plantae","Rhynchosia rothii","LC","NLC","corrected_redlistTW"
"c83822cb-465f-4d9a-8c47-241f535bd270","species","Plantae","Rhynchosia volubilis","LC","NLC","corrected_redlistTW"
"4e7b00d7-1210-4694-9555-3f1a651ff1d6","species","Plantae","Senna alata","NA",NA,"corrected_redlistTW"
"08137fde-4342-42f2-88b7-4dfdcbea88fe","species","Plantae","Senna hirsuta","NA",NA,"corrected_redlistTW"
"8d98ca99-5c07-4eb3-a134-7f1c464850b2","species","Plantae","Senna occidentalis","NA",NA,"corrected_redlistTW"
"0c757b33-2844-4c76-a471-bcdad7a9f67e","species","Plantae","Senna siamea","NA",NA,"corrected_redlistTW"
"9d3969f1-f568-4b24-9dfb-474b63fcedde","species","Plantae","Senna tora","NA",NA,"corrected_redlistTW"
"649c1a32-e2d7-40ff-88f3-e55e30ade4f1","species","Plantae","Smithia ciliata","LC","NLC","corrected_redlistTW"
"282e4681-4833-4aa2-8e7a-8d55dc6225cd","species","Plantae","Smithia yehii","EN","","corrected_redlistTW"
"6b83588c-ce24-43d5-9c2a-e1f82dfe5dea","species","Plantae","Sophora flavescens","LC","NLC","corrected_redlistTW"
"8abd39e8-4c60-42af-be3a-bc7cd76b340a","species","Plantae","Sophora tomentosa","LC","NLC","corrected_redlistTW"
"bdde08b7-b46e-4455-af8a-8cb9dbbea9fa","species","Plantae","Tadehagi triquetrum","","NLC","corrected_redlistTW"
"37cdba64-c368-4360-b720-e596a36f39e8","species","Plantae","Trifolium dubium","NA",NA,"corrected_redlistTW"
"d5387329-1c8b-4351-8581-f1ed23c282a7","species","Plantae","Vicia cracca","NA",NA,"corrected_redlistTW"
"f8ce8958-06e3-4eef-be52-7a5cd73eb4e2","species","Plantae","Vicia tetrasperma","NA",NA,"corrected_redlistTW"
"aa97acde-d6a6-4326-9233-1b63187fb0fa","species","Plantae","Vigna adenantha","CR","NCR","corrected_redlistTW"
"918d15b5-fa0c-4ce6-8f8f-56b0c5907fa5","species","Plantae","Vigna hosei","LC","NLC","corrected_redlistTW"
"8ce09a21-ec12-46f9-9b91-4b6943980f6a","species","Plantae","Vigna luteola","LC","NLC","corrected_redlistTW"
"647f17e7-4de3-4db2-955b-c5f0cd21ebbe","species","Plantae","Vigna marina","LC","NLC","corrected_redlistTW"
"6a79b6ec-6b43-44fa-b1ad-66f223c903bf","species","Plantae","Vigna radiata","","NLC","corrected_redlistTW"
"c2f79d70-238e-452d-9c5f-4c25105b7cb3","species","Plantae","Vigna reflexopilosa","LC","NLC","corrected_redlistTW"
"8bb9f6e0-ac8f-4a45-be84-075c19e2669e","species","Plantae","Vigna umbellata","NA",NA,"corrected_redlistTW"
"edc02060-8c20-426f-99fc-909447f70215","species","Plantae","Zornia cantoniensis","LC","NLC","corrected_redlistTW"
"40932ed8-17bc-4679-b077-d9c61ac0bef5","species","Plantae","Epirixanthes elongata","VU","NVU","corrected_redlistTW"
"5159f2a4-3666-434c-a1b7-b8ec1cbbbb09","species","Plantae","Polygala chinensis","VU","NVU","corrected_redlistTW"
"bcc0439c-ab74-4f17-a281-ea575c5c9188","species","Plantae","Aria alnifolia","EN","NEN","corrected_redlistTW"
"d8255d93-0283-478c-9816-8d3a499ed2af","species","Plantae","Cotoneaster dammeri","LC","NLC","corrected_redlistTW"
"5de1f589-1c4a-4faf-98bf-61bea5c776b0","species","Plantae","Cotoneaster konishii","LC","NLC","corrected_redlistTW"
"b2dd9648-6b12-4a64-b92f-437af51967aa","species","Plantae","Cotoneaster morrisonensis","LC","NLC","corrected_redlistTW"
"31a07175-83e0-4285-bc50-11d707e48e9d","species","Plantae","Cotoneaster subadpressus","VU","NVU","corrected_redlistTW"
"c3ccfd56-f01a-4920-b5e5-6b91c83f4fee","species","Plantae","Duchesnea indica","LC","NLC","corrected_redlistTW"
"a52a1c33-842f-400f-8ff0-e0e589b8107d","species","Plantae","Eriobotrya deflexa","LC","NLC","corrected_redlistTW"
"657cfe1f-2de4-4ac4-914d-d1156d7307ac","species","Plantae","Geum japonicum","VU","NVU","corrected_redlistTW"
"1fd4033c-87a6-4007-babd-948139a4df72","species","Plantae","Malus hupehensis","CR","NCR","corrected_redlistTW"
"987d26fd-d84c-4b5d-b5d8-c38300ccd667","species","Plantae","Photinia niitakayamensis","LC","NLC","corrected_redlistTW"
"6559c074-5c9e-47b0-ae64-a356267b2089","species","Plantae","Photinia serratifolia","","NLC","corrected_redlistTW"
"ed7526e7-f078-4db2-8211-82c19dddf8f0","species","Plantae","Potentilla chinensis","EN","NEN","corrected_redlistTW"
"db55fef3-4a07-48cb-829a-d0e6c65442af","species","Plantae","Potentilla nipponica","EN","NEN","corrected_redlistTW"
"9a1e1d28-98d1-44bc-b007-1f0b08eb543d","species","Plantae","Potentilla tugitakensis","EN","NEN","corrected_redlistTW"
"362aff3e-f024-4b0d-85fb-b2cd57b870ea","species","Plantae","Prunus buergeriana","LC","NLC","corrected_redlistTW"
"beda3fe4-76d1-4cc4-b6ce-b544f1a825c7","species","Plantae","Prunus campanulata","LC","NLC","corrected_redlistTW"
"ffd82a88-e3d1-4a31-8ae4-be72240ebaca","species","Plantae","Prunus japonica","NA",NA,"corrected_redlistTW"
"822dc74c-b43f-48ce-83b5-f1b9a7f247da","species","Plantae","Prunus matuurai","LC","NLC","corrected_redlistTW"
"50e3a1ed-3dda-4133-abfd-2f4f9c021ed8","species","Plantae","Prunus mume","NA",NA,"corrected_redlistTW"
"dc6f20a8-bbe4-40b3-9a61-10cbf825e5bf","species","Plantae","Prunus phaeosticta","LC","NLC","corrected_redlistTW"
"992a8eba-2aaf-4f70-8593-6035dc02addb","species","Plantae","Prunus taiwaniana","LC","NLC","corrected_redlistTW"
"8dd65950-6bd9-434e-8826-efa8cfddc9f6","species","Plantae","Prunus transarisanensis","NT","NNT","corrected_redlistTW"
"dddac4db-86cc-4a0e-beeb-19d82da234e4","species","Plantae","Pyracantha koidzumii","VU","NVU","corrected_redlistTW"
"c054f156-03e6-45df-91c7-d4761693087d","species","Plantae","Pyrus taiwanensis","CR","NCR","corrected_redlistTW"
"c6ed1d00-87d9-43be-a901-7e9eba1a8f76","species","Plantae","Rosa bracteata","","NVU","corrected_redlistTW"
"234be2c0-b493-42a7-87a4-46476f415982","species","Plantae","Rosa cymosa","VU","NVU","corrected_redlistTW"
"784612fc-4eb4-47ab-b231-c95f2777bdc8","species","Plantae","Rosa sambucina","LC","NLC","corrected_redlistTW"
"3d3c785f-2a6c-4efa-a42a-8296e06330af","species","Plantae","Rubus amphidasys","NT","NNT","corrected_redlistTW"
"936da0dc-d8bc-4c29-bbb0-aa4efa791bde","species","Plantae","Rubus buergeri","LC","NLC","corrected_redlistTW"
"a68832fb-b312-408a-842a-42016c7d242d","species","Plantae","Rubus corchorifolius","LC","NLC","corrected_redlistTW"
"a43592d7-3873-4cb9-b8cd-a7fef51754c8","species","Plantae","Rubus hui","LC","NLC","corrected_redlistTW"
"a39c7910-c4e3-4ffd-9663-267075e5b9ba","species","Plantae","Rubus kawakamii","LC","NLC","corrected_redlistTW"
"35972da3-0ddd-482f-8700-7b6b42c2a5b5","species","Plantae","Rubus linearifoliolus","LC","NLC","corrected_redlistTW"
"893661c3-1676-40b0-825d-f755353a95de","species","Plantae","Rubus liui","LC","NLC","corrected_redlistTW"
"0a27b4d6-3662-4f45-923d-0608a6d08110","species","Plantae","Rubus mesogaeus","LC","NLC","corrected_redlistTW"
"ae3fdb23-ba42-4497-8518-9197a5c27355","species","Plantae","Rubus pseudoacer","","DD","corrected_redlistTW"
"f8559f26-ce35-40ea-b3ec-e83ce722f766","species","Plantae","Rubus taitoensis","","NLC","corrected_redlistTW"
"2b9676ba-6c20-4a22-8200-0bc23c78bfa6","species","Plantae","Rubus taiwanicolus","LC","NLC","corrected_redlistTW"
"419f9a08-fa43-4cdc-aed8-6374945ec8b4","species","Plantae","Sanguisorba officinalis","","NCR","corrected_redlistTW"
"63feadc7-5245-4760-9e9b-30582e461195","species","Plantae","Sibbaldia procumbens","LC","NLC","corrected_redlistTW"
"ca1e22dd-ee83-48e7-b780-0e54bca6d01f","species","Plantae","Spiraea hayatana","LC","NLC","corrected_redlistTW"
"5c7fcce9-37e9-423e-aea5-2046bc570bc5","species","Plantae","Spiraea morrisonicola","LC","NLC","corrected_redlistTW"
"ffe43eb0-0264-4d5a-a32b-816fb2d52631","species","Plantae","Stephanandra incisa","VU","NVU","corrected_redlistTW"
"f5d9b5e0-1e72-48a0-8455-7ee1904ebb92","species","Plantae","Elaeagnus formosana","LC","NLC","corrected_redlistTW"
"6332f840-f0d9-45e6-a551-550dfb9ba038","species","Plantae","Elaeagnus glabra","LC","NLC","corrected_redlistTW"
"a206a874-0aa5-4834-884a-a7d58524b28c","species","Plantae","Elaeagnus ohashii","CR","NCR","corrected_redlistTW"
"3fefcae8-7d63-4449-b803-df03b8001d95","species","Plantae","Elaeagnus tarokoensis","VU","NVU","corrected_redlistTW"
"b5c068d8-fa08-4446-a008-80c3a63d3a70","species","Plantae","Elaeagnus triflora","NT","NNT","corrected_redlistTW"
"3198fb16-2b43-4b54-8b7f-766b059d7ce8","species","Plantae","Berchemia arisanensis","VU","NVU","corrected_redlistTW"
"ecea1d70-1e60-421f-ad7f-071611cd2a21","species","Plantae","Berchemia fenchifuensis","EN","NEN","corrected_redlistTW"
"b13e02dc-ce3e-407d-9202-be1007387c52","species","Plantae","Berchemia lineata","LC","NLC","corrected_redlistTW"
"993cc0d4-eb23-4c11-b617-886c4aa1be24","species","Plantae","Colubrina asiatica","EN","NEN","corrected_redlistTW"
"a07b057b-0da3-4ac0-b6b4-8208646bf3e0","species","Plantae","Rhamnus chingshuiensis","","NEN","corrected_redlistTW"
"ae7dad59-016c-4375-b82a-91731b2e8738","species","Plantae","Rhamnus crenata","LC","NLC","corrected_redlistTW"
"0ac1e565-2cc9-4348-876b-98139a15d004","species","Plantae","Rhamnus nakaharae","LC","NLC","corrected_redlistTW"
"a9544996-3a31-49b0-a715-8806254233af","species","Plantae","Rhamnus pilushanensis","LC","NLC","corrected_redlistTW"
"c91e6961-5b2f-4850-a488-76c7d76203d1","species","Plantae","Sageretia thea","","NLC","corrected_redlistTW"
"e3284bc6-ebe4-49ba-8d25-d41412ceb799","species","Plantae","Ventilago elegans","LC","NLC","corrected_redlistTW"
"d16b29f7-8709-4785-905b-c484fa1df346","species","Plantae","Ulmus parvifolia","NT","NNT","corrected_redlistTW"
"5b02b357-9f1e-4f05-acec-535a3911d3db","species","Plantae","Ulmus uyematsui","LC","NLC","corrected_redlistTW"
"a3043f95-bde2-48fb-9e66-84dd5551b207","species","Plantae","Zelkova serrata","LC","NLC","corrected_redlistTW"
"cdf34413-fc3e-4c21-b23f-49f73bdedf74","species","Plantae","Aphananthe aspera","LC","NLC","corrected_redlistTW"
"2c43df92-2399-440f-be3c-136b7166fc8e","species","Plantae","Celtis formosana","LC","NLC","corrected_redlistTW"
"4dedfb9c-de71-499b-ab1b-e6a39649f02a","species","Plantae","Celtis philippensis","VU","NVU","corrected_redlistTW"
"461d6b7c-9cb1-4558-8dcc-04a5a9f492a5","species","Plantae","Broussonetia papyrifera","LC","NLC","corrected_redlistTW"
"a0e8e20a-6f38-48ef-bfd0-cfe84667a321","species","Plantae","Broussonetia monoica","LC","NLC","corrected_redlistTW"
"90a43b42-a008-4484-be00-db2c4e8ba6b1","species","Plantae","Fatoua villosa","LC","NLC","corrected_redlistTW"
"1e3dcf1b-c094-4bb0-99e2-122955eea607","species","Plantae","Ficus benjamina","LC","NLC","corrected_redlistTW"
"bbdeae69-1eac-45e2-a685-e157643872b9","species","Plantae","Ficus caulocarpa","LC","NLC","corrected_redlistTW"
"be38b5cd-921c-430d-98dd-1a53a8d830bc","species","Plantae","Ficus cumingii","","NLC","corrected_redlistTW"
"9871209a-0f50-4732-bebc-5b8fb9b830e7","species","Plantae","Ficus erecta","","DD","corrected_redlistTW"
"1e3012f2-af42-4cf0-a940-0b3999dc1270","species","Plantae","Ficus heteropleura","VU","NVU","corrected_redlistTW"
"31bfd166-5627-4be8-b25b-66b10ef988c9","species","Plantae","Ficus irisana","LC","NLC","corrected_redlistTW"
"de4dcee7-a450-448a-8cdc-dc0ce2510dfc","species","Plantae","Ficus microcarpa","LC","DD","corrected_redlistTW"
"3969b00c-ea30-4e45-99fd-1d9098587658","species","Plantae","Ficus nervosa","LC","NLC","corrected_redlistTW"
"a344c05d-a4d3-49ba-b4cf-131b155691ff","species","Plantae","Ficus pedunculosa","","NVU","corrected_redlistTW"
"05092423-0e28-4118-b710-50ce5a27272c","species","Plantae","Ficus ruficaulis","","NNT","corrected_redlistTW"
"2e4ba230-3b13-49be-beab-3d69d039c98e","species","Plantae","Ficus sarmentosa","","NLC","corrected_redlistTW"
"7ef4a65a-73f4-47f7-9a80-c4a271a00926","species","Plantae","Ficus superba","","NLC","corrected_redlistTW"
"cbfa1319-0735-47e3-ba6e-805b6cb25a72","species","Plantae","Ficus tannoensis","LC","NLC","corrected_redlistTW"
"9b7b7d71-a068-4534-9733-081065f4e98f","species","Plantae","Ficus tinctoria","LC","NLC","corrected_redlistTW"
"71699cd4-689f-4dc7-8920-e946b9938634","species","Plantae","Ficus variegata","","NLC","corrected_redlistTW"
"c0ffb817-c064-4f71-b2f2-18165b5e2f20","species","Plantae","Maclura cochinchinensis","LC","NLC","corrected_redlistTW"
"68a1430c-ced1-4e45-8c00-46a8fd389174","species","Plantae","Morus australis","LC","NLC","corrected_redlistTW"
"5430a02f-117a-474e-a3be-b04a8a00bb1e","species","Plantae","Boehmeria clidemioides","VU","NVU","corrected_redlistTW"
"814e4b6e-8d5d-437b-a3d5-166c4af0a7e7","species","Plantae","Boehmeria densiflora","LC","NLC","corrected_redlistTW"
"410985a6-7297-4513-8cbc-adf1e0dd25c2","species","Plantae","Boehmeria hwaliensis","VU","NVU","corrected_redlistTW"
"a2745b95-001c-4b5b-84f1-9fa9c4f8b3d1","species","Plantae","Boehmeria longispica","EN","NEN","corrected_redlistTW"
"ee7fa9b6-cfb2-4c76-a48f-59a064c2633b","species","Plantae","Boehmeria nivea","","NLC","corrected_redlistTW"
"3e5ebb9e-5889-4faf-87c0-adf614cf4e62","species","Plantae","Chamabainia cuspidata","LC","NLC","corrected_redlistTW"
"75d421ff-9f9b-41bc-bc26-9cc780c6d6fb","species","Plantae","Droguetia iners","","NNT","corrected_redlistTW"
"e5c07754-5ecc-43d9-bd06-957eb37def43","species","Plantae","Elatostema microcephalanthum","LC","NLC","corrected_redlistTW"
"b3d7353b-5a89-45e0-971b-d39284ab9b18","species","Plantae","Elatostema oblongifolium","VU","NVU","corrected_redlistTW"
"f5a6e4ae-e4e2-4081-b860-7e4eb4b00fe6","species","Plantae","Elatostema parvum","LC","NLC","corrected_redlistTW"
"3eb66b22-0625-4acd-b68f-fb7eaf6ad230","species","Plantae","Elatostema rivulare","LC","NLC","corrected_redlistTW"
"ef138338-149b-4860-9ae9-76a8aef5d571","species","Plantae","Elatostema villosum","VU","NVU","corrected_redlistTW"
"6bb127bf-e66c-4702-9540-e6ea65f2ed7e","species","Plantae","Girardinia diversifolia","LC","NLC","corrected_redlistTW"
"63e741e9-6fc0-4cc6-a494-a3141d6f4def","species","Plantae","Gonostegia hirta","LC","NLC","corrected_redlistTW"
"0990dced-1fe2-427d-9f8f-98eb50a81817","species","Plantae","Gonostegia matsudae","LC","NLC","corrected_redlistTW"
"7fddbb61-11ce-4dbd-a030-94652715cc7f","species","Plantae","Gonostegia pentandra","VU","NVU","corrected_redlistTW"
"553f0c1b-be6b-437a-b917-7cb7cf40352f","species","Plantae","Laportea bulbifera","VU","NVU","corrected_redlistTW"
"b604ff7b-6393-495a-a21c-4b4bc24b5c3e","species","Plantae","Leucosyke quadrinervia","LC","NLC","corrected_redlistTW"
"c50f7167-8190-4055-b699-420c385a6009","species","Plantae","Maoutia setosa","LC","NLC","corrected_redlistTW"
"67eb288d-e7f0-4669-8a7c-a08175722491","species","Plantae","Oreocnide pedunculata","LC","NLC","corrected_redlistTW"
"2b331b6c-8008-44a8-bb1e-e07c2b828109","species","Plantae","Oreocnide trinervis","LC","NLC","corrected_redlistTW"
"59dd0d4e-7de2-480f-8403-efea78ddf2b6","species","Plantae","Pilea funkikensis","LC","NLC","corrected_redlistTW"
"482b4e94-bdd9-412e-a9b3-5977ca935e94","species","Plantae","Pilea japonica","VU","NVU","corrected_redlistTW"
"6b477edc-ebae-4c90-a20a-8dec4d20d2e4","species","Plantae","Pilea nummulariifolia","NA",NA,"corrected_redlistTW"
"858affdc-c4cc-457c-8a12-b371a45527ae","species","Plantae","Pilea rotundinucula","LC","NLC","corrected_redlistTW"
"8ee23231-9ec8-48f4-8840-5267fa64b372","species","Plantae","Pouzolzia elegans","LC","NLC","corrected_redlistTW"
"30e9288d-9564-4d8b-9050-3f3bedb13279","species","Plantae","Pouzolzia taiwaniana","CR","NCR","corrected_redlistTW"
"df610cad-4631-475e-93db-6e6ce401acd7","species","Plantae","Pouzolzia zeylanica","LC","NLC","corrected_redlistTW"
"915d7e4e-f612-4b3f-a35f-22b45b46d8b9","species","Plantae","Urtica taiwaniana","LC","NLC","corrected_redlistTW"
"07389898-898d-4948-b294-d465aa54c10e","species","Plantae","Urtica thunbergiana","LC","NLC","corrected_redlistTW"
"14a13feb-7239-45a0-a29e-8762e822299a","species","Plantae","Castanopsis chinensis","VU","NVU","corrected_redlistTW"
"0f00650c-a101-4119-8d5a-5d01709c5571","species","Plantae","Castanopsis eyrei","EN","NEN","corrected_redlistTW"
"dcd4fd03-ef21-4143-b3b6-8b482af56a66","species","Plantae","Castanopsis fargesii","LC","NLC","corrected_redlistTW"
"cb9010bb-f388-42ec-9f4c-45f96d441c31","species","Plantae","Castanopsis indica","NT","NNT","corrected_redlistTW"
"fa07a666-547b-46e2-8223-97d4860a847e","species","Plantae","Lithocarpus amygdalifolius","LC","NLC","corrected_redlistTW"
"7c49a46d-aabf-4c7f-87a2-58673197f164","species","Plantae","Lithocarpus corneus","LC","NLC","corrected_redlistTW"
"e7c21f93-8e73-4750-aabc-c08e18fa2fcf","species","Plantae","Lithocarpus dodonaeifolius","VU","NVU","corrected_redlistTW"
"0d9572d8-da26-4614-84a7-142e3bc17331","species","Plantae","Lithocarpus glaber","LC","NLC","corrected_redlistTW"
"1271a362-48c4-475c-9920-51868033d94c","species","Plantae","Lithocarpus kawakamii","LC","NLC","corrected_redlistTW"
"89492f5b-171c-41d0-ad86-70bfd45baedf","species","Plantae","Lithocarpus konishii","LC","NLC","corrected_redlistTW"
"aaef6fb4-640b-4aaf-a1a2-a7deacc67cfb","species","Plantae","Lithocarpus lepidocarpus","LC","NLC","corrected_redlistTW"
"ad303703-862d-4893-a964-4ce79eb1f676","species","Plantae","Lithocarpus nantoensis","VU","NVU","corrected_redlistTW"
"671865de-d3af-4ee0-81bc-507b7ae2890d","species","Plantae","Lithocarpus shinsuiensis","EN","NEN","corrected_redlistTW"
"dccee456-57dd-4a2a-b39f-5dee62aa7d44","species","Plantae","Lithocarpus taitoensis","LC","NLC","corrected_redlistTW"
"dae487b5-e6f5-4d09-97bb-7a1bd6a9be33","species","Plantae","Quercus acutissima","NA",NA,"corrected_redlistTW"
"c33a5135-acc7-49d3-8bc7-14e4558d8c69","species","Plantae","Quercus aliena","CR","NCR","corrected_redlistTW"
"5bdb9365-3ca4-411b-94bf-a258f8e3882f","species","Plantae","Quercus championii","LC","NLC","corrected_redlistTW"
"43464f2b-6f79-468a-94e2-0d161963da81","species","Plantae","Quercus gilva","LC","NLC","corrected_redlistTW"
"2abd5192-9b24-40dd-b9e6-8aa694e60f4b","species","Plantae","Quercus glandulifera","","NEN","corrected_redlistTW"
"cf018d30-93ff-4392-87ba-fc7bb1f1ec0c","species","Plantae","Quercus hypophaea","NT","NNT","corrected_redlistTW"
"efbf8763-4ac9-40a9-a65c-9c063eb607dc","species","Plantae","Quercus longinux","LC","NLC","corrected_redlistTW"
"de1270c9-ea63-47e2-8232-48c29e1946c0","species","Plantae","Quercus salicina","LC","NLC","corrected_redlistTW"
"8431b3d9-3d3c-467b-b1a7-3f8c42aeeeb4","species","Plantae","Quercus sessilifolia","LC","NLC","corrected_redlistTW"
"86b8013b-5ada-4682-8fe0-368dab2167ed","species","Plantae","Quercus spinosa","LC","NLC","corrected_redlistTW"
"22fe2aa1-923f-4f08-b5b1-095d24c087c6","species","Plantae","Quercus variabilis","LC","NLC","corrected_redlistTW"
"2a1aa098-ba1e-4d81-82db-483838b07f99","species","Plantae","Myrica rubra","LC","NLC","corrected_redlistTW"
"4f75b21d-78cc-4878-8367-14c9bef987fb","species","Plantae","Engelhardia roxburghiana","LC","NLC","corrected_redlistTW"
"6b2d185d-5f1f-453b-a963-23bc55888798","species","Plantae","Juglans cathayensis","LC","NLC","corrected_redlistTW"
"2a41f00f-3e38-4cd3-b04d-75db8d78bfde","species","Plantae","Casuarina equisetifolia","NA",NA,"corrected_redlistTW"
"a6bd253b-4052-4277-9aa1-08a169bed411","species","Plantae","Alnus formosana","LC","NLC","corrected_redlistTW"
"8b1c0809-9003-4aaf-86e8-f903e358f812","species","Plantae","Actinostemma tenerum","LC","NLC","corrected_redlistTW"
"45e86a72-71fb-43c5-98cc-afe8549738a2","species","Plantae","Coccinia grandis","NA",NA,"corrected_redlistTW"
"2196c064-2efe-4752-a966-cf3337d0925b","species","Plantae","Diplocyclos palmatus","LC","NLC","corrected_redlistTW"
"955e1f45-42ce-4d06-a551-523c66142164","species","Plantae","Gymnopetalum chinense","LC","NLC","corrected_redlistTW"
"aa8ba1fb-562c-4e8c-aeed-53d12ced9087","species","Plantae","Melothria pendula","NA",NA,"corrected_redlistTW"
"b26d6039-1295-4207-baed-bf0b885ee3da","species","Plantae","Momordica charantia","NA",NA,"corrected_redlistTW"
"962536a7-76fd-437d-a4e0-dab32890d453","species","Plantae","Momordica cochinchinensis","LC","NLC","corrected_redlistTW"
"cc83b89b-4431-4bef-98df-448784915453","species","Plantae","Neoalsomitra integrifolia","LC","NLC","corrected_redlistTW"
"523de51e-bd52-4b97-b708-d52f278b8a55","species","Plantae","Sechium edule","NA",NA,"corrected_redlistTW"
"39f6c7f1-6fc8-4a7c-ba79-d65ec58eb500","species","Plantae","Sicyos angulatus","NA",NA,"corrected_redlistTW"
"27eb8b2d-24c9-4bf3-a4b1-50b92ee79b9a","species","Plantae","Siraitia taiwaniana","VU","NVU","corrected_redlistTW"
"6c11cdeb-3fc2-4ae1-8c3f-9edaa86ee190","species","Plantae","Solena amplexicaulis","LC","NLC","corrected_redlistTW"
"eda5bb08-bda5-4fd6-ab16-a37475fa19dd","species","Plantae","Thladiantha punctata","LC","NLC","corrected_redlistTW"
"893a88dd-30d0-47ce-a655-45b0f1746ed8","species","Plantae","Trichosanthes cucumeroides","LC","NLC","corrected_redlistTW"
"56df8ea5-ff8e-4ccf-b509-9728d211099d","species","Plantae","Trichosanthes ovigera","LC","NLC","corrected_redlistTW"
"18c67f54-23f8-4f99-a522-f9886ad1dcfa","species","Plantae","Trichosanthes quinquangulata","VU","NVU","corrected_redlistTW"
"2b7c98e9-8d67-4870-a230-09305f04f3be","species","Plantae","Trichosanthes rosthornii","LC","NLC","corrected_redlistTW"
"175bcbe1-38fe-4a4d-b4f0-0812a8045f43","species","Plantae","Zehneria japonica","LC","NLC","corrected_redlistTW"
"5967a2ff-1718-4fac-8632-9e7a3a0c0097","species","Plantae","Begonia austrotaiwanensis","VU","NVU","corrected_redlistTW"
"ea71b99e-88d7-4bbd-8121-074f85cf4a2d","species","Plantae","Begonia lukuana","VU","NVU","corrected_redlistTW"
"d6c52335-5f23-4f3c-aeb0-2c5248d75c43","species","Plantae","Begonia pinglinensis","NT","NNT","corrected_redlistTW"
"05622fa9-9433-4620-b20b-8fc6308dfcd2","species","Plantae","Begonia taiwaniana","LC","NLC","corrected_redlistTW"
"59d39ab5-f9d0-44ff-8a89-0f508afe90ec","species","Plantae","Begonia tengchiana","VU","NVU","corrected_redlistTW"
"bbb1807f-2283-44f3-9e32-14c0b54ead48","species","Plantae","Begonia grandis","NE","","corrected_redlistTW"
"90a7dd37-e80e-40bf-b524-75a5f9f7e8dd","species","Plantae","Celastrus punctatus","LC","NLC","corrected_redlistTW"
"ce08a7f0-f865-4bae-8ef5-ede575761a9a","species","Plantae","Euonymus carnosus","LC","NLC","corrected_redlistTW"
"36a13f4d-4b0a-47cc-bbb9-86503d63f1cb","species","Plantae","Euonymus cochinchinensis","NT","NNT","corrected_redlistTW"
"d226583f-04f4-46ac-bf1d-8030353adec7","species","Plantae","Euonymus japonicus","CR","NCR","corrected_redlistTW"
"2f018d43-5bb9-4fcc-b38e-9ddefc5f6a52","species","Plantae","Euonymus laxiflorus","LC","NLC","corrected_redlistTW"
"e27e344b-6ff4-4e94-afcc-a75310ff0ea7","species","Plantae","Euonymus spraguei","LC","NLC","corrected_redlistTW"
"51aec2a0-fcc4-4122-a648-2a4ad4e4194d","species","Plantae","Tripterygium wilfordii","NT","NNT","corrected_redlistTW"
"eedaf32e-c12d-47d7-aa22-0bf354f085e7","species","Plantae","Biophytum sensitivum","LC","NLC","corrected_redlistTW"
"a88e435b-4b79-4148-81cc-f49b417e6024","species","Plantae","Elaeocarpus argenteus","LC","NLC","corrected_redlistTW"
"e4bb9942-687b-4a36-ad5d-278185789553","species","Plantae","Elaeocarpus multiflorus","VU","NVU","corrected_redlistTW"
"bf25c1a6-f4df-41d8-b187-59aecab6dbe3","species","Plantae","Elaeocarpus sylvestris","","NLC","corrected_redlistTW"
"ccc07a93-71b6-4f4f-be50-2e031dd1a21b","species","Plantae","Rhizophora stylosa","VU","NVU","corrected_redlistTW"
"34fe8235-59ac-414f-ba8e-7fb53be45fd7","species","Plantae","Garcinia multiflora","LC","NLC","corrected_redlistTW"
"51e52f80-e90c-45fd-b54c-a759e9b1abad","species","Plantae","Garcinia subelliptica","EN","NEN","corrected_redlistTW"
"5592cc01-d889-4fe0-8f3b-20cc9ada30d6","species","Plantae","Calophyllum blancoi","EN","NEN","corrected_redlistTW"
"f6cfcb4c-64b3-41cf-ac11-77695c7dac6e","species","Plantae","Hypericum ascyron","LC","NLC","corrected_redlistTW"
"6821315b-9f75-4bb6-9a93-8a8234e887fe","species","Plantae","Hypericum geminiflorum","LC","NLC","corrected_redlistTW"
"27aba1a0-9885-4dac-92fe-0a20ec6ca924","species","Plantae","Hypericum patulum","NA",NA,"corrected_redlistTW"
"cde863d0-a7fe-4e1e-b9be-887d4047e7d0","species","Plantae","Drypetes littoralis","VU","NVU","corrected_redlistTW"
"ec9ecf7c-4d69-4cfd-a9d4-03415959219f","species","Plantae","Bergia ammannioides","NT","NNT","corrected_redlistTW"
"adf815cb-4ba9-41b5-a619-da543c492025","species","Plantae","Hiptage benghalensis","LC","NLC","corrected_redlistTW"
"c6a23916-6944-4519-a4b8-1eefb0c9c6fa","species","Plantae","Tristellateia australasiae","EN","NEN","corrected_redlistTW"
"7569062f-d181-43fb-8697-b92e41d5fc5e","species","Plantae","Viola adenothrix","","NLC","corrected_redlistTW"
"3277c46d-975d-41d5-9131-c6f0be17c97f","species","Plantae","Viola betonicifolia","LC","NLC","corrected_redlistTW"
"25cc97a4-737b-41f3-b00a-0a69fa18cd1e","species","Plantae","Viola biflora","NT","NNT","corrected_redlistTW"
"90458852-6ebb-4c73-bcbb-1607004aa2dd","species","Plantae","Viola inconspicua","","NLC","corrected_redlistTW"
"384f53c1-7a6d-4ddf-a96f-45581ec2b0e0","species","Plantae","Viola mandshurica","LC","NLC","corrected_redlistTW"
"1eb971d0-4a5e-4910-aa7a-c87b3ab2ea88","species","Plantae","Viola obtusa","","NVU","corrected_redlistTW"
"33bcaa81-3bf4-4246-b09e-66c9b43fa59d","species","Plantae","Viola senzanensis","LC","NLC","corrected_redlistTW"
"4f28635b-9c28-4dcf-bf87-58d06b9a9da6","species","Plantae","Viola shinchikuensis","LC","NLC","corrected_redlistTW"
"9ad45d38-0329-4b74-8c53-47fba65ba3f8","species","Plantae","Passiflora suberosa","NA",NA,"corrected_redlistTW"
"7c3aee27-4d82-4d20-8fb1-14dd025e0def","species","Plantae","Flacourtia rukam","NT","NNT","corrected_redlistTW"
"7c189d6b-a315-449a-a74f-14bb4d85d815","species","Plantae","Homalium cochinchinensis","NT","NNT","corrected_redlistTW"
"1e82cdf8-cfe5-40bf-b2d1-7cc03c9d265a","species","Plantae","Salix fulvopubescens","LC","NLC","corrected_redlistTW"
"4656b293-aaaf-4ac2-85e6-6ac0c11055ff","species","Plantae","Salix morii","LC","NLC","corrected_redlistTW"
"d5eb37b7-935b-4ecc-a5cb-063dece1b0b6","species","Plantae","Salix taiwanalpina","","NNT","corrected_redlistTW"
"112f8008-6518-4a25-bf86-56d91c266833","species","Plantae","Salix warburgii","LC","NLC","corrected_redlistTW"
"acd7aa79-fa3d-48b9-a9fd-fe51a46e9052","species","Plantae","Acalypha aristata","NA",NA,"corrected_redlistTW"
"ae18c4de-6c17-4d88-b611-f0d560b3987a","species","Plantae","Acalypha australis","LC","NLC","corrected_redlistTW"
"87b6b686-1288-4b06-971c-d3c40fa9a647","species","Plantae","Acalypha indica","","NLC","corrected_redlistTW"
"ebb55f7c-a533-4dda-8bc4-50c3b08bdf81","species","Plantae","Alchornea trewioides","","NVU","corrected_redlistTW"
"1cbb11ec-ac4e-49c1-b964-1cb1f29b9ad9","species","Plantae","Croton bonplandianus","NA",NA,"corrected_redlistTW"
"114c82e0-dabd-406d-8a1d-64c0ffdca03b","species","Plantae","Croton cascarilloides","LC","NLC","corrected_redlistTW"
"fe43aa9c-d584-4ceb-9272-bff69cb3c3cb","species","Plantae","Croton tiglium","NA",NA,"corrected_redlistTW"
"dce3fa27-4047-4b25-9e08-89582af8bdb9","species","Plantae","Euphorbia bifida","LC","NLC","corrected_redlistTW"
"73db2835-8e05-4c6c-8edd-004c7da86308","species","Plantae","Euphorbia cyathophora","NA",NA,"corrected_redlistTW"
"6584652e-b989-42b6-af4e-09a38ccbe670","species","Plantae","Euphorbia garanbiensis","VU","NVU","corrected_redlistTW"
"4c4e9ab1-cdc1-4e1c-b2f0-36a302dee68e","species","Plantae","Euphorbia hirta","NA",NA,"corrected_redlistTW"
"9bdb4b41-3cc1-49bc-984c-48f7715c96e8","species","Plantae","Euphorbia hsinchuensis","LC","NLC","corrected_redlistTW"
"8862652c-001b-4b38-b817-0cbf1d03ea9a","species","Plantae","Euphorbia humifusa","LC","NLC","corrected_redlistTW"
"9e693c03-edfd-4f99-bf22-2c9cb87c2094","species","Plantae","Euphorbia hypericifolia","NA",NA,"corrected_redlistTW"
"a1deffb1-4d51-4914-9470-c9eb634f798a","species","Plantae","Euphorbia hyssopifolia","NA",NA,"corrected_redlistTW"
"5ca6c8f0-2c8e-460d-9351-85952b1a3fa2","species","Plantae","Euphorbia sparrmannii","VU","NVU","corrected_redlistTW"
"9ab415e1-dcb2-48b1-9dfd-0d3cb179d235","species","Plantae","Euphorbia tirucalli","NA",NA,"corrected_redlistTW"
"c862c2c8-3475-4315-a0ff-ea28af6786c3","species","Plantae","Euphorbia peplus","NA",NA,"corrected_redlistTW"
"66816941-e829-4bcd-8001-6c49edc59009","species","Plantae","Gelonium aequoreum","VU","NVU","corrected_redlistTW"
"914cf8f4-4d24-49f3-a5e0-9da1de9d8b8d","species","Plantae","Hevea brasiliensis","NA",NA,"corrected_redlistTW"
"e7ee40b1-a2be-46ab-824a-38f606f04621","species","Plantae","Homalanthus fastuosus","LC","NLC","corrected_redlistTW"
"2f252928-118d-4d6a-98e7-8e4a30c31891","species","Plantae","Macaranga sinensis","NT","NNT","corrected_redlistTW"
"b43ecd03-a7ea-4512-a1bf-11604761f524","species","Plantae","Mallotus japonicus","LC","NLC","corrected_redlistTW"
"73150c45-08e8-4d7a-8e10-1f9a6a70bcb7","species","Plantae","Mallotus repandus","LC","NLC","corrected_redlistTW"
"c2727b46-1f9d-420d-a311-0bc2da9d4b75","species","Plantae","Manihot esculenta","NA",NA,"corrected_redlistTW"
"eb92a8fb-8d4e-44b0-aff0-8445b1887d2b","species","Plantae","Melanolepis multiglandulosa","LC","NLC","corrected_redlistTW"
"8018294a-6dac-492a-bb0c-266fd34719ea","species","Plantae","Mercurialis leiocarpa","LC","NLC","corrected_redlistTW"
"d1ddb15a-d234-4430-920c-2efaf347c4d3","species","Plantae","Ricinus communis","NA",NA,"corrected_redlistTW"
"4501e040-8e35-4472-8ab7-8de4c19c915f","species","Plantae","Triadica sebifera","NA",NA,"corrected_redlistTW"
"029287b4-68b0-4abe-b5b7-5b1aea2cf117","species","Plantae","Vernicia fordii","NA",NA,"corrected_redlistTW"
"4cc8118c-e76f-49a7-a5ce-b0cbc02ea35f","species","Plantae","Antidesma japonicum","","NLC","corrected_redlistTW"
"4d4c724b-025b-4c25-9764-34ee98364aa4","species","Plantae","Antidesma pleuricum","VU","NVU","corrected_redlistTW"
"3fc6eb9d-c415-4e12-8b96-72837ed804c2","species","Plantae","Bischofia javanica","LC","NLC","corrected_redlistTW"
"d0402fe1-dcf4-4df1-ac17-a9711174577c","species","Plantae","Flueggea virosa","LC","NLC","corrected_redlistTW"
"977df09c-8024-4337-a3df-8f6ca377b76b","species","Plantae","Glochidion rubrum","LC","NLC","corrected_redlistTW"
"47ef6a9c-81d2-47c2-929e-c0f3ecc36444","species","Plantae","Margaritaria indica","VU","NVU","corrected_redlistTW"
"fd9a5b0f-1cc0-48cc-ab3d-c8e3e046bfa7","species","Plantae","Phyllanthus amarus","NA",NA,"corrected_redlistTW"
"6a086c13-47ec-4ee2-a525-c4ee2a274b6d","species","Plantae","Phyllanthus debilis","NA",NA,"corrected_redlistTW"
"95f837ab-6a2d-41f5-a4a5-a8c0bea42506","species","Plantae","Phyllanthus embergeri","LC","NLC","corrected_redlistTW"
"f4fb4176-f25e-482c-87ab-7e570f2fa243","species","Plantae","Phyllanthus emblica","NE","","corrected_redlistTW"
"22cc2390-7b51-47f8-ad87-b2e682c058cd","species","Plantae","Phyllanthus reticulatus","LC","NLC","corrected_redlistTW"
"76f83e6a-09bc-44fb-8398-cca56d4a7692","species","Plantae","Phyllanthus oligospermus","LC","NLC","corrected_redlistTW"
"64e09ac4-a8cf-4e28-818e-431a183cd252","species","Plantae","Phyllanthus ussuriensis","LC","NLC","corrected_redlistTW"
"551edd4e-14ed-48ed-89f7-1a8e42ab044b","species","Plantae","Phyllanthus virgatus","LC","NLC","corrected_redlistTW"
"69986cec-08cd-444d-8a36-bae85fac05d2","species","Plantae","Geranium hayatanum","LC","NLC","corrected_redlistTW"
"eeea73ff-87fc-4629-a7b4-5622a6d1eb59","species","Plantae","Geranium molle","NA",NA,"corrected_redlistTW"
"c22349aa-c694-4d46-b4c3-a820e94c1d94","species","Plantae","Geranium pusillum","NA",NA,"corrected_redlistTW"
"9f1d9210-a456-4b7c-a00f-fe0ab8c0f8e4","species","Plantae","Geranium suzukii","LC","NLC","corrected_redlistTW"
"e7ab183a-ce5b-4921-a32a-d13a8acabef7","species","Plantae","Terminalia catappa","LC","NLC","corrected_redlistTW"
"725a6844-0321-4f8d-8f31-30f7fb5c9837","species","Plantae","Ammannia baccifera","LC","NLC","corrected_redlistTW"
"5f5f8260-be2d-4d0f-8ea2-1ea24c9b5fcd","species","Plantae","Ammannia coccinea","LC","NLC","corrected_redlistTW"
"b20ab948-a547-4445-9074-86553a06eb6a","species","Plantae","Pemphis acidula","LC","NLC","corrected_redlistTW"
"3cc236ff-43b7-4629-baf8-26f7e45c1528","species","Plantae","Punica granatum","NE","","corrected_redlistTW"
"f77048f7-5495-4489-8a0a-96da1430efe9","species","Plantae","Rotala mexicana","LC","NLC","corrected_redlistTW"
"e1409986-2637-4c46-9ead-f9f6a6439cbd","species","Plantae","Rotala ramosior","NA",NA,"corrected_redlistTW"
"808870eb-2a6a-4845-99c4-5392261e5531","species","Plantae","Rotala wallichii","VU","NVU","corrected_redlistTW"
"ca864b01-c16f-4705-9103-4d19d230d1c1","species","Plantae","Epilobium amurense","LC","NLC","corrected_redlistTW"
"7ea0b276-bb5c-4a05-8709-b81fcc771ad0","species","Plantae","Epilobium brevifolium","","NLC","corrected_redlistTW"
"e245d06f-d6cc-4162-bfbf-d7886c32739b","species","Plantae","Epilobium hohuanense","LC","NLC","corrected_redlistTW"
"ecb83067-dd29-44c7-87a6-f8467f11d534","species","Plantae","Epilobium platystigmatosum","LC","NLC","corrected_redlistTW"
"f7d1ef31-1c4c-4e6f-890e-7c52694eb3b3","species","Plantae","Oenothera biennis","NA",NA,"corrected_redlistTW"
"cce1a8a0-b5b9-46f8-877a-5d7baf2675e6","species","Plantae","Oenothera glazioviana","NA",NA,"corrected_redlistTW"
"857187b2-5660-4661-8579-36edb4603354","species","Plantae","Oenothera stricta","NA",NA,"corrected_redlistTW"
"a33522a5-bd82-416d-b8f6-25dbb3cd770d","species","Plantae","Oenothera tetraptera","NA",NA,"corrected_redlistTW"
"bc1eaf49-441a-4396-be9c-3a1fe88cacdf","species","Plantae","Eucalyptus robusta","NE","","corrected_redlistTW"
"1cdf5fe3-4320-43cf-a49f-f25ddac51dc9","species","Plantae","Psidium guajava","NA",NA,"corrected_redlistTW"
"0ca18aee-4ffc-4388-9805-ff82d357c447","species","Plantae","Rhodomyrtus tomentosa","LC","NLC","corrected_redlistTW"
"41295fa5-14c6-4ce1-b330-6a6f34fd91a8","species","Plantae","Syzygium jambos","NA",NA,"corrected_redlistTW"
"aa1eef52-a04a-4844-99bf-48ca6c5d516e","species","Plantae","Syzygium kusukusense","NT","NNT","corrected_redlistTW"
"58d09251-5579-4dc3-89fe-ec5315e677e9","species","Plantae","Barthea barthei","LC","NLC","corrected_redlistTW"
"1e5fd9a4-07f3-4753-864e-76cf90e6e824","species","Plantae","Bredia dulanica","VU","NVU","corrected_redlistTW"
"033b5dae-89d4-484e-834a-52c9d54b2abd","species","Plantae","Bredia oldhamii","LC","NLC","corrected_redlistTW"
"3c927e6e-e8e8-4637-b24d-4c5daf7526f7","species","Plantae","Clidemia hirta","NA",NA,"corrected_redlistTW"
"ef8d1a07-a3f9-4064-8209-36b1e99dbfda","species","Plantae","Memecylon caeruleum","NE","","corrected_redlistTW"
"61540b3c-97e6-4c24-8bb9-b0538dc9d2c0","species","Plantae","Osbeckia chinensis","LC","NLC","corrected_redlistTW"
"e0c61c5f-9505-4715-9c7c-956a4be2f9e3","species","Plantae","Osbeckia opipara","EN","NEN","corrected_redlistTW"
"3e629f0e-4cd7-48f9-b1bc-0a161417bd4e","species","Plantae","Sarcopyramis napalensis","","NLC","corrected_redlistTW"
"09156489-7322-4bfe-b0e0-87073e58a567","species","Plantae","Sonerila erecta","EN","NEN","corrected_redlistTW"
"72bc2fa7-5670-4c69-81b4-8eda116329f8","species","Plantae","Perrottetia arisanensis","LC","NLC","corrected_redlistTW"
"109407f8-1ca5-4f41-abee-606dc8fb84c0","species","Plantae","Rhus ambigua","LC","NLC","corrected_redlistTW"
"566f271b-b847-4de8-a8f2-684c65b526ab","species","Plantae","Rhus hypoleuca","VU","NVU","corrected_redlistTW"
"902f9ae3-6179-48f3-b760-753dd9df0084","species","Plantae","Rhus succedanea","","NLC","corrected_redlistTW"
"41b9e6fc-88d0-4b4a-8b4c-69d7f63dfb3d","species","Plantae","Rhus sylvestris","NT","NNT","corrected_redlistTW"
"6688a313-80b8-4bc9-9285-16030a496ae7","species","Plantae","Semecarpus cuneiformis","EN","NEN","corrected_redlistTW"
"c646b011-c096-4d58-8c81-169417c9904c","species","Plantae","Acer buergerianum","CR","NCR","corrected_redlistTW"
"31db2fba-6c9e-4920-a82c-161194edb607","species","Plantae","Acer serrulatum","LC","NLC","corrected_redlistTW"
"2bb2200b-ae4a-43b8-bb72-29cef51ad1cb","species","Plantae","Cardiospermum halicacabum","NA",NA,"corrected_redlistTW"
"5f59130a-3dc3-4ee9-b9f5-2e3df5f8f74d","species","Plantae","Eurycorymbus cavaleriei","LC","NLC","corrected_redlistTW"
"f87993e5-8054-4036-be82-739ace50ec2b","species","Plantae","Boenninghausenia albiflora","LC","NLC","corrected_redlistTW"
"9beaae4d-e390-4393-b80b-50559cb8e0c3","species","Plantae","Citrus depressa","VU","NVU","corrected_redlistTW"
"e16b0fd7-3b23-460d-851c-c80296b68704","species","Plantae","Clausena excavata","LC","NLC","corrected_redlistTW"
"2f44dcbc-93a2-4f4f-b942-0ce904bd909b","species","Plantae","Glycosmis parviflora","","NNT","corrected_redlistTW"
"94876955-0e93-4813-a1f7-d56a5a3f1b9d","species","Plantae","Melicope semecarpifolia","LC","NLC","corrected_redlistTW"
"5e1612aa-e087-4897-9824-d3e002121a61","species","Plantae","Melicope triphylla","LC","NLC","corrected_redlistTW"
"f8462c2b-55a8-4c96-b49d-a3997d2b0ef7","species","Plantae","Phellodendron amurense","CR","NCR","corrected_redlistTW"
"cabb613d-a530-4ff6-8c56-2c2a86bb04d4","species","Plantae","Severinia buxifolia","LC","NLC","corrected_redlistTW"
"2e4f905f-e94d-4f27-827d-7a37c312ce07","species","Plantae","Skimmia reevesiana","LC","NLC","corrected_redlistTW"
"3ec9ac4f-c8da-47eb-ac38-2737d0bab423","species","Plantae","Tetradium ruticarpum","LC","NLC","corrected_redlistTW"
"29cbab8a-0c1c-46e2-801b-636638628d19","species","Plantae","Zanthoxylum acanthopodium","VU","NVU","corrected_redlistTW"
"29f2e704-1569-4305-8d55-9fa8ea27b2fe","species","Plantae","Zanthoxylum ailanthoides","","DD","corrected_redlistTW"
"25eef22d-2c49-4f8c-ae5a-ce624d34fe1a","species","Plantae","Zanthoxylum avicennae","VU","NVU","corrected_redlistTW"
"f32dfd8a-3d95-4546-90d1-ca94e37c21e1","species","Plantae","Zanthoxylum nitidum","LC","NLC","corrected_redlistTW"
"d42c81f1-a5ac-49a3-9601-679eab54ee50","species","Plantae","Zanthoxylum scandens","LC","NLC","corrected_redlistTW"
"43a8a6b0-e47e-42b3-9657-a001465f23de","species","Plantae","Zanthoxylum schinifolium","LC","NLC","corrected_redlistTW"
"06d3e464-a566-450c-8ab4-3f36e707c68d","species","Plantae","Zanthoxylum simulans","EN","NEN","corrected_redlistTW"
"6ebb8605-35f4-411e-8c01-71fe05799e92","species","Plantae","Brucea javanica","LC","NLC","corrected_redlistTW"
"9d77c0b1-9e65-453b-ae4b-1c374a05b795","species","Plantae","Picrasma quassioides","VU","NVU","corrected_redlistTW"
"9e3b1b32-ed0a-4449-a773-2f095c327446","species","Plantae","Aglaia formosana","LC","NLC","corrected_redlistTW"
"acd02140-f56b-4104-ac12-c0aa5403fd0c","species","Plantae","Aphanamixis polystachya","VU","NVU","corrected_redlistTW"
"2b5e36e1-a5d0-48bb-8331-11d676963b68","species","Plantae","Dysoxylum arborescens","VU","NVU","corrected_redlistTW"
"791fab85-3202-4e82-892a-1e008f98107d","species","Plantae","Dysoxylum cumingianum","NT","NNT","corrected_redlistTW"
"53f3ddde-2d30-44db-9199-16c9bdf05315","species","Plantae","Dysoxylum hongkongense","LC","NLC","corrected_redlistTW"
"b496a4c1-029c-4603-9707-53cfa3868f29","species","Plantae","Swietenia macrophylla","NA",NA,"corrected_redlistTW"
"6a8a5034-9aff-4fc0-ab49-b86b0c41e338","species","Plantae","Muntingia calabura","NA",NA,"corrected_redlistTW"
"bac3e8ee-43c1-4030-8678-51d20dd746c2","species","Plantae","Abelmoschus moschatus","NA",NA,"corrected_redlistTW"
"c6c95e01-5952-4aab-91e3-f77252363c2a","species","Plantae","Abutilon striatum","NA",NA,"corrected_redlistTW"
"dc2806f9-3eb2-4a7d-9e5e-721a8efa8709","species","Plantae","Anoda cristata","NA",NA,"corrected_redlistTW"
"588ef17f-4ef5-410e-b6ad-501b0b1c4752","species","Plantae","Bombax ceiba","NA",NA,"corrected_redlistTW"
"749220ac-f47e-4b2f-85b8-dff8f0dc89a6","species","Plantae","Corchorus olitorius","NA",NA,"corrected_redlistTW"
"0dd33f7b-9e0f-4374-a9fb-d2f6688a7885","species","Plantae","Grewia eriocarpa","VU","NVU","corrected_redlistTW"
"af5c66b6-bdbe-46e8-b1b2-1b2236d0b0c4","species","Plantae","Grewia rhombifolia","LC","NLC","corrected_redlistTW"
"c74f90ef-fde9-4514-87ed-6ae77e4f2dc1","species","Plantae","Hibiscus taiwanensis","LC","NLC","corrected_redlistTW"
"1ccce352-cb7b-4e16-9c71-f8d43b1a557c","species","Plantae","Hibiscus tiliaceus","LC","NLC","corrected_redlistTW"
"70de7fb4-44bd-4476-a72f-a5649003c166","species","Plantae","Malachra capitata","NA",NA,"corrected_redlistTW"
"84740d19-ccbf-4de2-b618-6adff12f7291","species","Plantae","Malva neglecta","NA",NA,"corrected_redlistTW"
"23b735c2-9084-4601-99f3-bd47b8817327","species","Plantae","Malvastrum spicatum","NA",NA,"corrected_redlistTW"
"d4efcb1d-21ec-4fc7-a9c5-09297f7f4b07","species","Plantae","Melochia corchorifolia","LC","NLC","corrected_redlistTW"
"a21ac8ff-ebfd-4220-9881-6212bcb596ae","species","Plantae","Pterospermum niveum","VU","NVU","corrected_redlistTW"
"74d79242-9ac5-49be-ab97-3a9afa3947e5","species","Plantae","Sida acuta","LC","NLC","corrected_redlistTW"
"03e051cd-0ac9-48d4-988c-82725fabdaf3","species","Plantae","Sida spinosa","NA",NA,"corrected_redlistTW"
"e8421d50-e4e1-46ce-a193-3308feec882a","species","Plantae","Sida cordata","","NLC","corrected_redlistTW"
"a901522c-2f64-4f5e-924c-f9a11d97c31d","species","Plantae","Triumfetta semitriloba","LC","NLC","corrected_redlistTW"
"3ef69e30-f888-424d-8750-c7e9dffeeeff","species","Plantae","Urena procumbens","LC","NLC","corrected_redlistTW"
"0615c787-9bad-4686-8305-164cc48fe007","species","Plantae","Daphne arisanensis","LC","NLC","corrected_redlistTW"
"4952b7ff-ba25-41ec-9d4e-e2ca1dccc84f","species","Plantae","Daphne morrisonensis","NT","NNT","corrected_redlistTW"
"bcfc462f-59d8-4d20-98b8-7caa086f6a3b","species","Plantae","Wikstroemia indica","LC","NLC","corrected_redlistTW"
"e5b7fb3c-988c-4cc5-acaa-dc6e7eb96b30","species","Plantae","Wikstroemia lanceolata","NT","NNT","corrected_redlistTW"
"2fea70a9-eb8c-4a4b-9c7c-7467a13ef790","species","Plantae","Wikstroemia taiwanensis","LC","NLC","corrected_redlistTW"
"42f12dce-da8b-4d85-b8d2-8dd2bdd2ecb9","species","Plantae","Bretschneidera sinensis","LC","NLC","corrected_redlistTW"
"ff50c53f-01fc-477c-a749-77ecb304e8ca","species","Plantae","Carica papaya","NA",NA,"corrected_redlistTW"
"70296154-2b35-4f63-8706-3e4f8108df53","species","Plantae","Capparis floribunda","VU","NVU","corrected_redlistTW"
"4b1ebd1c-56d6-4001-9d28-5deeeb64e147","species","Plantae","Capparis lanceolaris","CR","NCR","corrected_redlistTW"
"7f68dcaa-2638-423a-9664-600921aa0a17","species","Plantae","Capparis micracantha","","NLC","corrected_redlistTW"
"0a6af1f3-0131-40f2-aa66-6fe75dea8a16","species","Plantae","Capparis pubiflora","EN","NEN","corrected_redlistTW"
"342d0e51-f439-46e3-9166-18c8e672714d","species","Plantae","Capparis sikkimensis","","NNT","corrected_redlistTW"
"eaa33725-90af-4537-8803-aa39c36741bc","species","Plantae","Cleome gynandra","NA",NA,"corrected_redlistTW"
"dddeb89d-daae-43e6-ab53-edc9b3d019f6","species","Plantae","Cleome rutidosperma","NA",NA,"corrected_redlistTW"
"9935e797-85c8-427d-8ece-eb09499a4ae8","species","Plantae","Cleome viscosa","NA",NA,"corrected_redlistTW"
"8a9be9be-7be0-44c4-bf6f-fddba60d3274","species","Plantae","Arabidopsis lyrata","","NLC","corrected_redlistTW"
"dd1ead36-82a6-488b-ba2b-80bea43eabe8","species","Plantae","Cardamine scutata","NE","NLC","corrected_redlistTW"
"ba5b9ec0-223d-4293-a730-32538aef73dc","species","Plantae","Lepidium virginicum","NA",NA,"corrected_redlistTW"
"36c6cb2a-be84-4550-a822-49b22bfa2569","species","Plantae","Rapistrum rugosum","NA",NA,"corrected_redlistTW"
"1293a7b8-7947-4075-96fa-3b339e87bc7a","species","Plantae","Rorippa cantoniensis","LC","NLC","corrected_redlistTW"
"9973e2d0-721a-40ab-a14c-606f84238b8f","species","Plantae","Rorippa indica","LC","NLC","corrected_redlistTW"
"16725e2e-90fc-4fc3-9b64-119c8f717d36","species","Plantae","Rorippa palustris","NA",NA,"corrected_redlistTW"
"41423fed-2548-42e5-8863-379990153e67","species","Plantae","Rorippa sylvestris","NA",NA,"corrected_redlistTW"
"c0324701-ecbb-4911-a653-a93092b644cc","species","Plantae","Sisymbrium irio","NA",NA,"corrected_redlistTW"
"503d8dfd-3b76-4d05-ac4a-82886bdc574e","species","Plantae","Sisymbrium orientale","NA",NA,"corrected_redlistTW"
"e54a4fbd-6d44-4c29-af28-c96b62606e51","species","Plantae","Yinshania rivulorum","NT","NNT","corrected_redlistTW"
"b1f18f15-5c0f-4439-a3dd-357a77001d4d","species","Plantae","Olax imbricata","EN","NEN","corrected_redlistTW"
"67d3ad8b-3cbc-4068-b63a-352b90627434","species","Plantae","Korthalsella japonica","LC","NLC","corrected_redlistTW"
"bccc9280-3406-43d3-8366-cb5ea48cbb2e","species","Plantae","Viscum alniformosanae","LC","NLC","corrected_redlistTW"
"479da96f-9fee-45e0-aa79-40e6ebf81288","species","Plantae","Viscum articulatum","LC","NLC","corrected_redlistTW"
"b8537fe6-cb94-4200-9260-8fae498bb9f2","species","Plantae","Taxillus liquidambaricolus","LC","NLC","corrected_redlistTW"
"11f8c649-16e3-44c6-9c9b-0cbcd81949de","species","Plantae","Taxillus matsudae","NT","NNT","corrected_redlistTW"
"b03be665-452f-4b41-9e50-cf7ba8cc67a3","species","Plantae","Taxillus parasiticus","LC","NLC","corrected_redlistTW"
"88548ae9-c072-4a9f-a10c-e1d7a8b05f38","species","Plantae","Taxillus pseudochinensis","VU","NVU","corrected_redlistTW"
"effe4a35-d503-4c6f-adb7-9f2b9e9839eb","species","Plantae","Taxillus rhododendricolius","LC","NLC","corrected_redlistTW"
"0b319710-0e0b-4b34-8a34-3204ab53fde5","species","Plantae","Taxillus ritozanensis","LC","NLC","corrected_redlistTW"
"deec24c2-e6a6-416f-8e80-f9ad0c0026f4","species","Plantae","Tamarix aphylla","NA",NA,"corrected_redlistTW"
"8ad59990-8466-4301-a66e-9664b7ffa669","species","Plantae","Limonium wrightii","CR","NCR","corrected_redlistTW"
"fe75db5d-18b3-4ec8-aaa7-4aa0e7ba6174","species","Plantae","Fagopyrum esculentum","NA",NA,"corrected_redlistTW"
"db02043f-e1da-4195-83bf-4901111aa532","species","Plantae","Fallopia multiflora","LC","NLC","corrected_redlistTW"
"2bcc6498-7080-4e02-8609-b831281d7cb9","species","Plantae","Persicaria capitata","NA",NA,"corrected_redlistTW"
"4bd2b60f-7805-41a2-bab6-303ec1f0ee8d","species","Plantae","Persicaria conspicua","VU","NVU","corrected_redlistTW"
"9c11e724-65a5-444a-868e-d4d41a5a09d9","species","Plantae","Persicaria dichotoma","LC","NLC","corrected_redlistTW"
"1005c649-6143-482a-b871-ead30d170839","species","Plantae","Persicaria filiformis","NT","NNT","corrected_redlistTW"
"a6954499-2988-4402-8ad3-96e27140148d","species","Plantae","Persicaria glabra","LC","NLC","corrected_redlistTW"
"360c7e2d-3daf-4fdb-a019-ce1c86e3cd79","species","Plantae","Persicaria hastatosagittata","VU","NVU","corrected_redlistTW"
"53d58053-4ba6-4b2f-a5c9-059cea5a65d2","species","Plantae","Persicaria lapathifolia","LC","NLC","corrected_redlistTW"
"87b0b2de-d6b6-4070-bda9-89b0654c31f8","species","Plantae","Persicaria maackiana","CR","NCR","corrected_redlistTW"
"b633aff5-98b7-4434-b6ad-4867e5efef81","species","Plantae","Persicaria muricata","LC","NLC","corrected_redlistTW"
"3e9bd3d7-e499-493c-82dc-06e33723fb63","species","Plantae","Persicaria nepalensis","LC","NLC","corrected_redlistTW"
"d427f4ad-f97f-465e-9922-7d56b5513788","species","Plantae","Persicaria posumbu","LC","NLC","corrected_redlistTW"
"ec39dc80-1f0e-4940-8973-c4b98810ece1","species","Plantae","Persicaria praetermissa","NT","NNT","corrected_redlistTW"
"ac849267-5cb7-45c3-8fac-90671c0d2bf0","species","Plantae","Persicaria pulchra","VU","NVU","corrected_redlistTW"
"b8623bf2-e27d-49f6-8c97-8d0bde8fb914","species","Plantae","Persicaria runcinata","LC","NLC","corrected_redlistTW"
"3f3245e5-d3d6-4596-bc70-a24495846136","species","Plantae","Persicaria thunbergii","LC","NLC","corrected_redlistTW"
"597094e4-bc4e-4d7f-b566-c3606710f363","species","Plantae","Polygonum plebeium","NA",NA,"corrected_redlistTW"
"c991384b-bffc-475c-ac72-cfbd7fddd72a","species","Plantae","Reynoutria japonica","LC","NLC","corrected_redlistTW"
"95eb92a8-d8c7-428c-883d-b3b1a23ba1dc","species","Plantae","Rumex acetosella","NA",NA,"corrected_redlistTW"
"52d8d01a-6277-473e-b704-07db10e624d3","species","Plantae","Rumex maritimus","NA",NA,"corrected_redlistTW"
"a033a128-f9bc-4f84-b717-d755564c21f3","species","Plantae","Rumex obtusifolius","NA",NA,"corrected_redlistTW"
"e2e1cb23-5cb9-45f1-ab4e-bbeab6e36443","species","Plantae","Drosera burmannii","VU","NVU","corrected_redlistTW"
"bb42ca8a-0f10-494c-bcd9-dab442a6c907","species","Plantae","Arenaria serpyllifolia","LC","NLC","corrected_redlistTW"
"b2152e9d-f87b-41c0-8e69-d30b8ad3f066","species","Plantae","Polycarpon tetraphyllum","NA",NA,"corrected_redlistTW"
"8b6f17b0-9a99-45e5-8667-290f71424166","species","Plantae","Sagina japonica","LC","NLC","corrected_redlistTW"
"81bcf2ce-eec5-4be6-ab2f-ce6d4f3f4d92","species","Plantae","Silene morii","LC","NLC","corrected_redlistTW"
"c9948190-f85d-40f9-b7e2-e02a64a6d44d","species","Plantae","Stellaria alsine","","NLC","corrected_redlistTW"
"87c22dcc-8619-4617-977c-8ee3a3457399","species","Plantae","Stellaria aquatica","LC","NLC","corrected_redlistTW"
"70c52b55-e1f0-42b2-b4ae-c9175b192463","species","Plantae","Stellaria reticulivena","LC","NLC","corrected_redlistTW"
"c2214e44-5170-4733-8b92-ef7cf8257d7c","species","Plantae","Achyranthes aspera","LC","NLC","corrected_redlistTW"
"6210bea5-f7df-48b2-b705-29610a5cb174","species","Plantae","Alternanthera paronychioides","NA",NA,"corrected_redlistTW"
"9b1fb878-07eb-4a18-8f72-d9c5e4f2cc95","species","Plantae","Alternanthera reineckii","NA",NA,"corrected_redlistTW"
"3771de11-cd70-4e66-9bbd-c9886226c2a5","species","Plantae","Alternanthera sessilis","LC","NLC","corrected_redlistTW"
"c5cab850-6fa9-4527-a29b-d8676792956e","species","Plantae","Amaranthus dubius","NA",NA,"corrected_redlistTW"
"4194b26e-092f-49a9-b6e7-64831b36df99","species","Plantae","Amaranthus hybridus","NA",NA,"corrected_redlistTW"
"61675a9e-861d-46ed-b200-6e5eeafc2d8b","species","Plantae","Amaranthus lividus","NA",NA,"corrected_redlistTW"
"beb1a6ef-4b2a-4741-9a92-15f455f29685","species","Plantae","Amaranthus patulus","NA",NA,"corrected_redlistTW"
"5fb51da8-87ae-4d8a-b3d1-f024313febb5","species","Plantae","Atriplex maximowicziana","LC","NLC","corrected_redlistTW"
"016405c6-18ea-405f-a755-261f116d6fad","species","Plantae","Celosia argentea","LC","NLC","corrected_redlistTW"
"2d0d4972-27cb-43d6-8852-dec739d36833","species","Plantae","Chenopodium album","LC","NLC","corrected_redlistTW"
"ab1c8d12-4766-45e9-ac68-b123e47e2a23","species","Plantae","Chenopodium serotinum","LC","NLC","corrected_redlistTW"
"dff08e30-31ef-4384-84f2-acbee2ac19a1","species","Plantae","Deeringia polysperma","LC","NLC","corrected_redlistTW"
"e15bce30-9a28-4f14-bda3-719de2c48337","species","Plantae","Gomphrena celosioides","NA",NA,"corrected_redlistTW"
"827a003b-c50d-4055-9bda-7456027748d4","species","Plantae","Suaeda maritima","LC","NLC","corrected_redlistTW"
"cc3fe356-f967-4cbc-be00-ef9dc89ab826","species","Plantae","Tetragonia tetragonoides","LC","NLC","corrected_redlistTW"
"15a9c1dd-dd6c-4779-8325-a73c5467177e","species","Plantae","Trianthema portulacastrum","LC","NLC","corrected_redlistTW"
"7ec7a367-4567-4244-9dbb-103909c3b16a","species","Plantae","Phytolacca americana","NA",NA,"corrected_redlistTW"
"2ebd71e2-2140-4c14-a227-2e5045f3837b","species","Plantae","Boerhavia coccinea","NA",NA,"corrected_redlistTW"
"c377cbc6-3ed9-40ee-8d91-67948120af8f","species","Plantae","Boerhavia erecta","NA",NA,"corrected_redlistTW"
"95490619-7231-4d8a-be5a-e7ea908a52a0","species","Plantae","Pisonia umbellifera","LC","NLC","corrected_redlistTW"
"215d120d-df7b-4eb7-ad5e-c88937827d5e","species","Plantae","Glinus lotoides","LC","NLC","corrected_redlistTW"
"5e65f582-bede-470c-9b94-9372a14084d9","species","Plantae","Mollugo stricta","LC","NLC","corrected_redlistTW"
"b6b8512e-94f9-4fc2-8214-5ec185febbbc","species","Plantae","Mollugo verticillata","NA",NA,"corrected_redlistTW"
"862116bb-174f-4ecc-b614-0a5bb7d9cb3e","species","Plantae","Anredera cordifolia","NA",NA,"corrected_redlistTW"
"3975dff9-4d43-40bb-8632-cf4b50bd5d8f","species","Plantae","Basella alba","NA",NA,"corrected_redlistTW"
"1dc0fc5b-502f-4055-a554-8d73c81bf0b5","species","Plantae","Talinum paniculatum","NA",NA,"corrected_redlistTW"
"298e8788-f413-47ec-ab39-6c121f2774de","species","Plantae","Portulaca pilosa","NA","NLC","corrected_redlistTW"
"a3ef390b-d854-4531-8278-c39ba5a0ef91","species","Plantae","Opuntia dillenii","NA",NA,"corrected_redlistTW"
"be6b217c-f17c-4e46-815c-e8ab1273ce10","species","Plantae","Deutzia cordatula","LC","NLC","corrected_redlistTW"
"9243fd55-95c9-46fe-9c45-e27e73ee7d15","species","Plantae","Deutzia pulchra","LC","NLC","corrected_redlistTW"
"ee6484ab-7734-4b14-bc99-bf99820bfc51","species","Plantae","Hydrangea angustipetala","LC","NLC","corrected_redlistTW"
"17e432c3-7762-43a4-817f-d45b9ba0e917","species","Plantae","Hydrangea aspera","LC","NLC","corrected_redlistTW"
"b903fd1a-122b-4722-a2eb-68c97bc76a86","species","Plantae","Hydrangea chinensis","LC","NLC","corrected_redlistTW"
"a530d65d-4381-404d-aa0c-afcee524c166","species","Plantae","Hydrangea integrifolia","LC","NLC","corrected_redlistTW"
"ed96d5ca-f147-438b-bfce-67690efff1d9","species","Plantae","Hydrangea paniculata","LC","NLC","corrected_redlistTW"
"f472b4e3-61a0-4689-aefa-286c514ad96d","species","Plantae","Impatiens devolii","VU","NVU","corrected_redlistTW"
"7c225acb-7efb-4657-914a-f88a94271a4e","species","Plantae","Impatiens tayemonii","VU","NVU","corrected_redlistTW"
"5a8b07ea-881a-4bcc-9fd6-1444bd2e10b3","species","Plantae","Impatiens uniflora","LC","NLC","corrected_redlistTW"
"fe57986a-b1aa-4587-b59b-e851d4b26e68","species","Plantae","Impatiens walleriana","NA",NA,"corrected_redlistTW"
"9a1f28f4-88f8-4d42-9e17-4aa5c34f57cc","species","Plantae","Barringtonia racemosa","VU","NVU","corrected_redlistTW"
"6419b0fa-8bd5-4eba-861b-743a24f65492","species","Plantae","Adinandra lasiostyla","LC","NLC","corrected_redlistTW"
"4e01100e-4afb-41b6-8a8e-0821266259c0","species","Plantae","Cleyera japonica","","NLC","corrected_redlistTW"
"5b9377d3-9974-48c6-b2e6-52122fd7710a","species","Plantae","Eurya emarginata","LC","NLC","corrected_redlistTW"
"ec8e5c5c-68b4-4e76-b4e1-cef85ce74536","species","Plantae","Eurya leptophylla","LC","NLC","corrected_redlistTW"
"ac7ebafa-6f33-462f-aea4-b58b41755316","species","Plantae","Eurya nitida","","NNT","corrected_redlistTW"
"6b8e7ab3-abf2-4412-ba1a-c9314e15aae2","species","Plantae","Eurya strigillosa","LC","NLC","corrected_redlistTW"
"d9af4843-0be2-4627-a870-86fc4d9707fa","species","Plantae","Palaquium formosanum","LC","NLC","corrected_redlistTW"
"e10647da-06ed-4340-9ba7-7db5d35c0413","species","Plantae","Diospyros eriantha","LC","NLC","corrected_redlistTW"
"1073cc96-44a0-482b-9cbc-e74b27e68d17","species","Plantae","Diospyros rhombifolia","VU","NVU","corrected_redlistTW"
"fd62e2d3-9705-4110-b0b7-6ffed62c2e79","species","Plantae","Ardisia brevicaulis","LC","NLC","corrected_redlistTW"
"b31630c3-46f9-4739-ba2c-54b32f2ee60a","species","Plantae","Ardisia cornudentata","","NLC","corrected_redlistTW"
"4ddc80d4-2fbf-4f20-9bf9-a90303716915","species","Plantae","Ardisia crispa","LC","NLC","corrected_redlistTW"
"0db4534b-fc2b-4680-8948-c9b696f86ed3","species","Plantae","Ardisia elliptica","NT","NNT","corrected_redlistTW"
"d8d8f5a4-a981-454e-aeb6-d37723f87f64","species","Plantae","Ardisia kusukusensis","VU","NVU","corrected_redlistTW"
"00ae5075-4ab8-4778-8eb2-158a3775fec2","species","Plantae","Ardisia pusilla","LC","NLC","corrected_redlistTW"
"cf9a178a-7d21-4295-9986-d96b2e73b2c4","species","Plantae","Ardisia sieboldii","LC","NLC","corrected_redlistTW"
"2f7a4366-d3a7-427a-97fc-15ef13fa9394","species","Plantae","Ardisia violacea","NT","NNT","corrected_redlistTW"
"0e46caae-811b-4b12-97b6-885dc10049a7","species","Plantae","Embelia lenticellata","LC","NLC","corrected_redlistTW"
"81c54527-eaee-4ac9-a010-6225cc8a5189","species","Plantae","Lysimachia chingshuiensis","CR","NCR","corrected_redlistTW"
"96f321ee-c79a-4695-806d-89f1fd1758fd","species","Plantae","Lysimachia decurrens","LC","NLC","corrected_redlistTW"
"4b46c6d5-0b24-4900-a523-54ca85f6dde1","species","Plantae","Lysimachia fortunei","LC","NLC","corrected_redlistTW"
"e06cb2ab-1bb4-4527-9f01-6477c17fe39d","species","Plantae","Lysimachia nigropunctata","LC","NLC","corrected_redlistTW"
"964814a7-442a-497b-9ff7-32677784a6ee","species","Plantae","Maesa japonica","LC","NLC","corrected_redlistTW"
"3315d461-0619-4a7e-b789-c4c1b123e604","species","Plantae","Maesa lanyuensis","LC","NLC","corrected_redlistTW"
"a1a372e0-ec0f-4992-8c79-aed61efbc5e7","species","Plantae","Maesa perlaria","LC","DD","corrected_redlistTW"
"003cf0f9-990e-4eb6-8b0c-e8890c71be15","species","Plantae","Myrsine africana","LC","NLC","corrected_redlistTW"
"3f079a23-725a-4cd0-ac20-c03cd3b43dad","species","Plantae","Myrsine stolonifera","LC","NLC","corrected_redlistTW"
"22910ba1-a4a7-432e-9db0-b672d0bed1dd","species","Plantae","Primula malacoides","NE","","corrected_redlistTW"
"3d2e6411-2f0e-401d-b452-af19acf66d6e","species","Plantae","Camellia brevistyla","LC","NLC","corrected_redlistTW"
"51919387-5f42-4d8c-9cca-475f73eb09fd","species","Plantae","Camellia furfuracea","VU","NVU","corrected_redlistTW"
"e6689a8b-569b-4527-872e-fad451ef9c93","species","Plantae","Camellia hengchunensis","VU","NVU","corrected_redlistTW"
"b1869e1b-ef8b-42fa-ae3b-0b5df7accb18","species","Plantae","Camellia nokoensis","VU","NVU","corrected_redlistTW"
"6593e400-55cf-4d00-9cf0-06716a1e25e3","species","Plantae","Camellia tenuifolia","LC","NLC","corrected_redlistTW"
"eb220d42-b8d1-4c6f-bb6e-1502bb520d3c","species","Plantae","Camellia transarisanensis","LC","NLC","corrected_redlistTW"
"0b8ff356-1b4f-43ef-b1d1-0ef216c008c7","species","Plantae","Camellia transnokoensis","LC","NLC","corrected_redlistTW"
"9e17e93a-7cf5-4f00-bdc3-5f4492614f53","species","Plantae","Pyrenaria shinkoensis","LC","NLC","corrected_redlistTW"
"9c293d3c-2f67-49a9-920d-c07d63ff70a8","species","Plantae","Symplocos acuminata","LC","NLC","corrected_redlistTW"
"5fdaa988-bb0e-4d45-8dda-43291cf4a3a2","species","Plantae","Symplocos decora","VU","NVU","corrected_redlistTW"
"5bd1dae9-d18e-4174-b28f-1c40bc43491a","species","Plantae","Symplocos formosana","LC","NLC","corrected_redlistTW"
"5a596c21-2ff0-417e-a7e4-0768846475a6","species","Plantae","Symplocos grandis","VU","NVU","corrected_redlistTW"
"e175e0ec-be54-4f4a-b918-e002e5e7bb08","species","Plantae","Symplocos heishanensis","LC","NLC","corrected_redlistTW"
"9183b238-e4be-4631-ae08-49b4baa1008a","species","Plantae","Symplocos setchuensis","LC","NLC","corrected_redlistTW"
"c31f6b0f-aad2-4d1a-81be-0c39e5ae68df","species","Plantae","Symplocos sonoharae","LC","NLC","corrected_redlistTW"
"6a46d8c2-6b30-48bf-8d9c-114fffb23668","species","Plantae","Symplocos stellaris","LC","NLC","corrected_redlistTW"
"23a9b33c-3744-427e-8953-8460a891403e","species","Plantae","Symplocos theophrastifolia","LC","NLC","corrected_redlistTW"
"0d145d5d-513f-4336-b2a7-49bc63bd8682","species","Plantae","Alniphyllum pterospermum","LC","NLC","corrected_redlistTW"
"ecc5eac4-ee54-4768-b878-2861bee28984","species","Plantae","Styrax formosanus","","NLC","corrected_redlistTW"
"a457cd9e-aa48-4646-a540-223d373f1ff2","species","Plantae","Styrax japonicus","","NVU","corrected_redlistTW"
"efae5a15-19ac-48da-b2da-0498114ae076","species","Plantae","Actinidia arguta","VU","NVU","corrected_redlistTW"
"c571f8fd-5723-416e-9205-71eadc0bb9ed","species","Plantae","Actinidia latifolia","NT","NNT","corrected_redlistTW"
"322c214e-14a2-43ab-96f8-1919a290d4e3","species","Plantae","Gaultheria itoana","LC","NLC","corrected_redlistTW"
"f2609cdd-0d62-4ab5-8cd0-cd271447994d","species","Plantae","Lyonia ovalifolia","","NLC","corrected_redlistTW"
"7a29458d-3570-4d01-a848-f93d6874730e","species","Plantae","Moneses uniflora","LC","NLC","corrected_redlistTW"
"030a6654-05da-4fbf-a166-8c35d23cee78","species","Plantae","Monotropa hypopithys","VU","NVU","corrected_redlistTW"
"ed26407e-c1ec-48df-9df4-98fae271189d","species","Plantae","Vaccinium dunalianum","","NLC","corrected_redlistTW"
"96727ea5-728b-4634-a5f4-17a4e2327229","species","Plantae","Vaccinium emarginatum","LC","NLC","corrected_redlistTW"
"110eecd3-df95-4572-b5da-ff6280affa8c","species","Plantae","Vaccinium japonicum","","NLC","corrected_redlistTW"
"da5e951d-e956-4474-a3cc-732e76ca8ffb","species","Plantae","Vaccinium kengii","NT","NNT","corrected_redlistTW"
"0aef468b-c8ca-418d-8e3c-2e40bccdf422","species","Plantae","Vaccinium merrillianum","LC","NLC","corrected_redlistTW"
"b16c72a2-09e1-497e-813d-1e6161c87fda","species","Plantae","Vaccinium randaiense","LC","NLC","corrected_redlistTW"
"9cad60c7-786c-4269-bbdf-cbfb690231e1","species","Plantae","Rhododendron lasiostylum","LC","NLC","corrected_redlistTW"
"0fbfaff4-79c8-44a1-8af2-a00a4f60663c","species","Plantae","Rhododendron mariesii","LC","NLC","corrected_redlistTW"
"ffcc50a3-205c-4d49-99d5-13ae67cf93c8","species","Plantae","Rhododendron ovatum","NT","DD","corrected_redlistTW"
"d42d8663-7314-4ca3-80b1-c6c9a7c85467","species","Plantae","Rhododendron pseudochrysanthum","LC","NLC","corrected_redlistTW"
"4603b378-0a69-454b-8415-3bd79494699b","species","Plantae","Rhododendron rubropilosum","LC","NLC","corrected_redlistTW"
"c2d09935-08a1-4d2f-a25d-9fe2c7331a35","species","Plantae","Rhododendron simsii","NT","NNT","corrected_redlistTW"
"bdbcbbd2-31a9-480b-9380-672f023f8eed","species","Plantae","Psychotria cephalophora","NT","NNT","corrected_redlistTW"
"5d0c8c0a-1e26-4153-8408-b38d14906994","species","Plantae","Psychotria rubra","LC","NLC","corrected_redlistTW"
"79b3e401-abff-4410-ba64-0e8e3b933921","species","Plantae","Galium formosense","LC","NLC","corrected_redlistTW"
"b0cf8a31-fb98-4d45-9ae1-0592f93a7547","species","Plantae","Galium spurium","LC","NLC","corrected_redlistTW"
"b6ebdb99-aeba-4eab-9883-fa1440f61dc9","species","Plantae","Leptopetalum biflorum","LC","NLC","corrected_redlistTW"
"c3d61fee-15d8-4d36-b824-19ad18f0b332","species","Plantae","Exallage chrysotricha","VU","NVU","corrected_redlistTW"
"3f4de736-d795-4a01-9fee-f7bbf3a16001","species","Plantae","Scleromitrion diffusum","LC","NLC","corrected_redlistTW"
"4b437b6c-ec69-4930-aff5-ea1a7035855f","species","Plantae","Dimetia hedyotidea","LC","NLC","corrected_redlistTW"
"62770cbd-6709-4c5d-a070-518d62e68f1f","species","Plantae","Scleromitrion koanum","LC","DD","corrected_redlistTW"
"38d8c68e-d907-448a-8e2e-f34e31497dcb","species","Plantae","Scleromitrion angustifolium","LC","","corrected_redlistTW"
"5771b369-428b-4812-95a3-47e43d8741ac","species","Plantae","Tarenna zeylanica","LC","NLC","corrected_redlistTW"
"6165569c-1f33-425e-9808-e99a0ca51f4e","species","Plantae","Aidia canthioides","VU","","corrected_redlistTW"
"b6b118ff-47fd-4b54-b6ff-2f053ca165fa","species","Plantae","Gardenia jasminoides","LC","NLC","corrected_redlistTW"
"8055ae49-60c7-411e-8828-b740284fa653","species","Plantae","Mussaenda taihokuensis","LC","NLC","corrected_redlistTW"
"be4aea0c-5724-4192-9e65-459555af171d","species","Plantae","Mussaenda taiwanensis","VU","NVU","corrected_redlistTW"
"9c3d1f8f-4d5f-437c-bdc4-9092b97d97fb","species","Plantae","Mussaenda macrophylla","NT","NNT","corrected_redlistTW"
"271ca081-3b68-4f30-bcc6-b103b2d6c56d","species","Plantae","Guettarda speciosa","LC","NLC","corrected_redlistTW"
"04fd77de-cd47-43df-a980-550a76e8654c","species","Plantae","Mitchella undulata","VU","NVU","corrected_redlistTW"
"22d084d9-2f66-449b-8edd-b4fac21fb87f","species","Plantae","Morinda parvifolia","LC","NLC","corrected_redlistTW"
"b0723190-559d-45c1-a1a5-2634014b2105","species","Plantae","Morinda umbellata","LC","NLC","corrected_redlistTW"
"cafa51d1-8bb0-4743-a25a-124fc2865506","species","Plantae","Richardia brasiliensis","NA",NA,"corrected_redlistTW"
"78a4e3a8-2b14-450e-b161-94749804c30a","species","Plantae","Spermacoce articularis","NA",NA,"corrected_redlistTW"
"85de8b4c-a1d9-43b8-bad9-29f8fa3e130d","species","Plantae","Spermacoce latifolia","NA",NA,"corrected_redlistTW"
"18248abf-1f2c-4c22-83c6-864019ea4011","species","Plantae","Coffea arabica","NE","","corrected_redlistTW"
"8c5d9ed9-bc8a-41c3-9d86-eb0c7152774e","species","Plantae","Argostemma solaniflorum","VU","NVU","corrected_redlistTW"
"70cf55ca-1fa2-4399-a586-2cfe74f2741b","species","Plantae","Canthium gynochodes","NT","NNT","corrected_redlistTW"
"283c29b4-d725-475f-8826-f401952b3bf8","species","Plantae","Coptosapelta diffusa","LC","NLC","corrected_redlistTW"
"3f73d186-5a91-4e63-adbe-f75afca967e5","species","Plantae","Geophila herbacea","LC","NLC","corrected_redlistTW"
"50244305-0c1d-4513-9c2e-59fb4620967f","species","Plantae","Knoxia corymbosa","NT","NNT","corrected_redlistTW"
"ff9c7616-3f0c-47f9-85b5-3ae790d8e9c1","species","Plantae","Lasianthus appressihirtus","","NLC","corrected_redlistTW"
"f361462c-a2e9-414d-8a84-56bf51e2eca8","species","Plantae","Lasianthus bunzanensis","LC","NLC","corrected_redlistTW"
"2a2a1d13-6e41-4116-a787-722d105f3ce1","species","Plantae","Lasianthus chinensis","EN","NEN","corrected_redlistTW"
"35fb3664-96e3-40e9-9d66-3af112f70f74","species","Plantae","Lasianthus curtisii","LC","NLC","corrected_redlistTW"
"4911f8fd-73a5-4bc5-a222-8387c59a5c51","species","Plantae","Lasianthus hiiranensis","VU","NVU","corrected_redlistTW"
"c3aa5403-c8c9-4565-8a5a-679872fe162d","species","Plantae","Lasianthus japonicus","","NLC","corrected_redlistTW"
"b9dd0697-bf53-4055-88a8-9cb201ab9e53","species","Plantae","Lasianthus microphyllus","LC","NLC","corrected_redlistTW"
"2f67ace0-4d6b-4d4b-acd0-c5b8eb79ddf9","species","Plantae","Lasianthus tsangii","VU","NVU","corrected_redlistTW"
"af9fcbca-9315-493c-ba12-130bd79db46f","species","Plantae","Neonauclea reticulata","LC","NLC","corrected_redlistTW"
"f321f545-0bd6-4859-bcfb-551cea2982c4","species","Plantae","Ophiorrhiza hayatana","LC","NLC","corrected_redlistTW"
"1baa7df2-404e-429e-9d3a-dea3d0fabb12","species","Plantae","Ophiorrhiza japonica","LC","NLC","corrected_redlistTW"
"6005f0b3-e1c1-4707-a85d-d8f93412ba86","species","Plantae","Ophiorrhiza mitchelloides","VU","NVU","corrected_redlistTW"
"ed69aa94-4580-4607-b8e0-fc4d4946568e","species","Plantae","Paederia foetida","LC","NLC","corrected_redlistTW"
"20252bfe-ae31-4419-9ce9-ba7571fc1a98","species","Plantae","Theligonum formosanum","EN","NEN","corrected_redlistTW"
"0713bedc-0f9a-4084-af8c-b6c99d1c1c12","species","Plantae","Timonius arboreus","LC","NLC","corrected_redlistTW"
"9d5d0c5c-6966-45db-8b81-7c48707a9424","species","Plantae","Tricalysia dubia","LC","NLC","corrected_redlistTW"
"ac9d1ea1-db40-4a52-a961-906e1eb2cb7d","species","Plantae","Uncaria hirsuta","LC","NLC","corrected_redlistTW"
"ea052900-6c7d-4e8b-b0fe-1888dd403601","species","Plantae","Uncaria lanosa","","NNT","corrected_redlistTW"
"4edc64ea-6a47-48aa-b6a0-6b9b107dd2db","species","Plantae","Wendlandia formosana","LC","NLC","corrected_redlistTW"
"bcdf8c3b-e0ba-42dc-b615-7574bfa789df","species","Plantae","Gentiana arisanensis","LC","NLC","corrected_redlistTW"
"7b83436d-59f3-4965-afb7-54f40ec18f07","species","Plantae","Gentiana bambuseti","VU","NVU","corrected_redlistTW"
"f4da0eaa-86ab-4eb2-8bcb-5f6e5a531eae","species","Plantae","Gentiana flavomaculata","","NLC","corrected_redlistTW"
"5f0b7c51-b28c-4eba-9406-104570d4fbe9","species","Plantae","Gentiana itzershanensis","NT","NNT","corrected_redlistTW"
"62a00780-3af3-4962-a926-81e5c23e6733","species","Plantae","Gentiana kaohsiungensis","NT","NNT","corrected_redlistTW"
"92b678af-e0a4-4c3b-aec5-0ebc964563ae","species","Plantae","Gentiana tatakensis","VU","NVU","corrected_redlistTW"
"7e311274-649e-4aae-b37c-c66c35c42997","species","Plantae","Gentiana tentyoensis","CR","NCR","corrected_redlistTW"
"749d1674-9216-427b-91cf-82d43ca7190e","species","Plantae","Gentiana tenuissima","NT","NNT","corrected_redlistTW"
"2fe354f6-0c5e-448d-93dd-26806d87e7d9","species","Plantae","Swertia changii","EN","NEN","corrected_redlistTW"
"61e95d7a-4054-413f-bce3-02a78a0cb7b4","species","Plantae","Centaurium japonicum","LC","NLC","corrected_redlistTW"
"3f85de63-a304-4086-bd1e-d4242b3007f3","species","Plantae","Pterygocalyx volubilis","VU","NVU","corrected_redlistTW"
"c8c2cb73-f76d-4d82-acf9-a3e73a964277","species","Plantae","Tripterospermum alutaceifolium","LC","NLC","corrected_redlistTW"
"ab612572-07c1-488a-8293-609c921a0100","species","Plantae","Tripterospermum taiwanense","LC","NLC","corrected_redlistTW"
"875f1387-956b-4759-a17c-e2269e948f73","species","Plantae","Gardneria nutans","EN","NEN","corrected_redlistTW"
"bf8c777f-5630-412b-8d9f-9c18e0098ede","species","Plantae","Mitrasacme pygmaea","LC","NLC","corrected_redlistTW"
"09cb1205-cf14-4645-b5bb-3ce33cd997b3","species","Plantae","Strychnos cathayensis","NT","NNT","corrected_redlistTW"
"84185815-6673-41a0-bd4e-ba43b2886885","species","Plantae","Asclepias curassavica","NA",NA,"corrected_redlistTW"
"64e98390-3ed3-4f2b-8a25-2b97aa479a54","species","Plantae","Trachelospermum formosanum","LC","NLC","corrected_redlistTW"
"b3dd99d3-762c-4938-a57d-ff62b95fa1b8","species","Plantae","Alyxia taiwanensis","NT","NNT","corrected_redlistTW"
"14579d0f-490e-4402-83c7-8f69b1a132b4","species","Plantae","Cerbera manghas","LC","NLC","corrected_redlistTW"
"b468c49a-6254-4577-a53b-8fdf0907cf20","species","Plantae","Urceola rosea","LC","NLC","corrected_redlistTW"
"c6d98d3d-13d3-4c4a-ba1f-23d9b3621615","species","Plantae","Marsdenia formosana","LC","NLC","corrected_redlistTW"
"8f351434-0d19-40bf-adaa-e332f40f5dfd","species","Plantae","Marsdenia tinctoria","LC","NLC","corrected_redlistTW"
"548dbdc3-dd04-4990-8466-6474f5aad903","species","Plantae","Tylophora lanyuensis","LC","NLC","corrected_redlistTW"
"8483829b-7c94-4dde-bc8c-499ff65f73c9","species","Plantae","Cynoglossum alpestre","NT","NNT","corrected_redlistTW"
"2a4af67f-b091-4f3d-9ee8-c45d4220a3bc","species","Plantae","Lithospermum zollingeri","VU","NVU","corrected_redlistTW"
"c50ba29f-6356-4818-ac87-9b2443b109d2","species","Plantae","Trigonotis nankotaizanensis","NT","NNT","corrected_redlistTW"
"9a771f14-f391-44d2-8c5e-042b2a7cd4fa","species","Plantae","Heliotropium sarmentosum","LC","NLC","corrected_redlistTW"
"18f773e4-bb74-415a-96a6-fd0583b63711","species","Plantae","Ehretia dicksonii","LC","NLC","corrected_redlistTW"
"d0794730-7ed5-4dcd-b416-f3e9dd173358","species","Plantae","Ehretia philippinensis","VU","NVU","corrected_redlistTW"
"6845bcb2-7139-49a1-9696-1c3c32765ea6","species","Plantae","Ehretia resinosa","LC","NLC","corrected_redlistTW"
"18c190b7-75b6-42af-826a-6bad1dee5985","species","Plantae","Cordia dichotoma","NA",NA,"corrected_redlistTW"
"36115b98-1c89-40fa-a8bc-5aa91400afbf","species","Plantae","Coldenia procumbens","EN","NEN","corrected_redlistTW"
"a441f014-4568-4171-856d-a91df293af0e","species","Plantae","Ipomoea alba","NA",NA,"corrected_redlistTW"
"5c6e9d8a-48b8-4f6f-85dc-386e1b062816","species","Plantae","Ipomoea aquatica","NA",NA,"corrected_redlistTW"
"60ee5bfe-18e7-4d7d-ab29-54add130e27e","species","Plantae","Ipomoea batatas","NA",NA,"corrected_redlistTW"
"e23a20d8-a898-485e-8e5a-d7225d1ff25d","species","Plantae","Ipomoea biflora","LC","NLC","corrected_redlistTW"
"90cb2aef-0bfc-444f-b1bf-4862ef793b49","species","Plantae","Ipomoea cairica","NA",NA,"corrected_redlistTW"
"dde9de3a-b193-4229-af05-30b3d57fe5a7","species","Plantae","Ipomoea eriocarpa","NA",NA,"corrected_redlistTW"
"3e3d395d-ab22-4dd2-93bf-a74f9a666fca","species","Plantae","Ipomoea littoralis","LC","NLC","corrected_redlistTW"
"72de7c70-5ca9-4a8d-a3fa-b99a30289619","species","Plantae","Ipomoea obscura","LC","NLC","corrected_redlistTW"
"f6a7e751-2c9f-4496-8457-3765fbac282b","species","Plantae","Ipomoea pes-caprae","","NLC","corrected_redlistTW"
"c497a7e3-c1b2-45d3-88f3-665ef3aa109f","species","Plantae","Ipomoea purpurea","NA",NA,"corrected_redlistTW"
"0d3435f8-2faa-4278-b24c-8834fe5e4b1e","species","Plantae","Ipomoea quamoclit","NA",NA,"corrected_redlistTW"
"6a333b18-b8df-418d-9ef0-7b47134fdeec","species","Plantae","Ipomoea trifida","NA",NA,"corrected_redlistTW"
"8309c9b3-a736-40d1-b5ec-b8a2d92c8ae7","species","Plantae","Ipomoea wrightii","NA",NA,"corrected_redlistTW"
"9e22d051-0bc0-42fe-9681-4421867da496","species","Plantae","Cuscuta chinensis","VU","NVU","corrected_redlistTW"
"dece37a4-8f97-4c21-bca1-ef00d484a320","species","Plantae","Dichondra micrantha","LC","NLC","corrected_redlistTW"
"18b9cfc7-e6be-4c2e-934f-85592e8b49da","species","Plantae","Evolvulus alsinoides","LC","NLC","corrected_redlistTW"
"48842b97-daf9-419c-a558-5415b6a5c126","species","Plantae","Evolvulus nummularius","NA",NA,"corrected_redlistTW"
"c03fbe52-b9cd-47bd-b1bd-ac933c8df5f3","species","Plantae","Merremia hederacea","LC","NLC","corrected_redlistTW"
"06b33991-32d9-437a-b1cd-bc7f6436358f","species","Plantae","Distimake dissectus","NA","","corrected_redlistTW"
"0a2f225a-c9e7-48e7-b369-a34bd07920ee","species","Plantae","Distimake quinquefolius","NA","","corrected_redlistTW"
"426215e4-c181-4cfe-a4ce-6eb6ad68596f","species","Plantae","Argyreia formosana","VU","NVU","corrected_redlistTW"
"732f8e6e-894e-44ee-951e-c1e123df49fa","species","Plantae","Hewittia malabarica","LC","NLC","corrected_redlistTW"
"f46c0022-bd49-4e21-8669-7a233ecbb901","species","Plantae","Lepistemon binectariferum","","NNT","corrected_redlistTW"
"a64b5a52-fccb-4f72-a08f-45c43e6fc988","species","Plantae","Lepistemon intermedius","CR","NCR","corrected_redlistTW"
"ebd584cd-9e41-45d5-8b33-d96ee8b927ce","species","Plantae","Solanum americanum","NA",NA,"corrected_redlistTW"
"fdc2ad12-a607-4290-8265-67d15f657f57","species","Plantae","Solanum capsicoides","NA",NA,"corrected_redlistTW"
"86d647b3-28a8-4ad4-b589-c750bcf72c4c","species","Plantae","Solanum elaeagnifolium","NA",NA,"corrected_redlistTW"
"67f074c1-710e-4171-9d11-8ae828ed6c88","species","Plantae","Solanum erianthum","NA",NA,"corrected_redlistTW"
"176145ba-1c10-44cc-aabe-e6a53c4734f8","species","Plantae","Solanum lasiocarpum","NA",NA,"corrected_redlistTW"
"6bdd7f21-bdc2-4e3a-940c-94bddce57aa1","species","Plantae","Solanum mammosum","NA",NA,"corrected_redlistTW"
"4aa4f816-7593-49c9-8305-f838c47963d3","species","Plantae","Solanum mauritianum","NA",NA,"corrected_redlistTW"
"1fa84408-e936-45ab-984f-336a0971c2db","species","Plantae","Solanum miyakojimense","NT","NNT","corrected_redlistTW"
"373ef7b1-4728-4315-8915-705c639c782a","species","Plantae","Solanum pittosporifolium","LC","NLC","corrected_redlistTW"
"9cca6b2d-594b-4461-87cc-f77b977d5203","species","Plantae","Solanum rostratum","NA",NA,"corrected_redlistTW"
"e20545f8-33be-489b-baa9-f85043bc9dbc","species","Plantae","Solanum scabrum","NA",NA,"corrected_redlistTW"
"0062ec8c-df29-49b9-adc7-38c5109ff8e8","species","Plantae","Solanum sisymbriifolium","NA",NA,"corrected_redlistTW"
"14ae9feb-ae54-4e27-8e3d-78c0b4d4d7e1","species","Plantae","Solanum viarum","NA",NA,"corrected_redlistTW"
"6e59e145-1438-4080-8a55-3c1c8e87cbf6","species","Plantae","Solanum violaceum","LC","NLC","corrected_redlistTW"
"b4d67675-c42a-4859-a959-a7e3a4aa0a0f","species","Plantae","Lycianthes biflora","LC","NLC","corrected_redlistTW"
"00c00059-de2d-4072-8ed1-67710ecf01f4","species","Plantae","Nicotiana longiflora","NA",NA,"corrected_redlistTW"
"abbc731e-3934-4123-9b79-1626e49a3b95","species","Plantae","Nicotiana tabacum","NA",NA,"corrected_redlistTW"
"ba7eaf42-1b9b-4a59-95a0-f6404957ff2a","species","Plantae","Physalis angulata","NA",NA,"corrected_redlistTW"
"e8a113ca-92f7-4164-908e-48336c7baaa0","species","Plantae","Physalis peruviana","NA",NA,"corrected_redlistTW"
"21494616-7786-49bd-9b6c-5304e478b6ea","species","Plantae","Lycium chinense","NA",NA,"corrected_redlistTW"
"b060dd16-1ea1-436d-a91e-30994be4c16b","species","Plantae","Brunfelsia uniflora","NE","","corrected_redlistTW"
"4f46ea14-cecf-406d-bb79-f21ee3c58ae5","species","Plantae","Cyphomandra betacea","NA",NA,"corrected_redlistTW"
"c525040d-b67c-4fd0-8620-0a9997db8da7","species","Plantae","Physaliastrum chamaesarachoides","EN","NEN","corrected_redlistTW"
"a0b7f806-8d49-427a-9363-473237cfa875","species","Plantae","Tubocapsicum anomalum","LC","NLC","corrected_redlistTW"
"1f40d2ec-0db9-44f4-9604-a418580e790b","species","Plantae","Sphenoclea zeylanica","LC","NLC","corrected_redlistTW"
"3218b9c7-593b-43a4-8a3e-b8fb8afb5628","species","Plantae","Hydrolea zeylanica","EN","NEN","corrected_redlistTW"
"890c75f5-9f70-4225-82ed-454d78d983be","species","Plantae","Jasminum nervosum","LC","NLC","corrected_redlistTW"
"18acb636-6a8a-44b2-a19c-2e1e75ad091b","species","Plantae","Jasminum sinense","LC","NLC","corrected_redlistTW"
"61ef2988-b11f-412f-b197-ed024339f492","species","Plantae","Jasminum urophyllum","LC","NLC","corrected_redlistTW"
"b911f9d0-fe00-41e0-a701-acf909939a72","species","Plantae","Chionanthus ramiflorus","NT","NNT","corrected_redlistTW"
"5aea1944-aeaf-4a3f-b7cd-e7d5c0193c0c","species","Plantae","Ligustrum morrisonense","NT","NNT","corrected_redlistTW"
"cc0541c6-a497-4f05-8660-fce0966904ab","species","Plantae","Ligustrum sinense","LC","NLC","corrected_redlistTW"
"44889e87-6d66-4ec4-b2e6-d442890206b0","species","Plantae","Osmanthus kaoi","LC","NLC","corrected_redlistTW"
"9713ee12-3ef0-4fa0-8850-58bea0d3a6d9","species","Plantae","Osmanthus marginatus","LC","NLC","corrected_redlistTW"
"87a682f8-ec1e-4f35-b16f-d6ec302c3082","species","Plantae","Cyrtandra umbellifera","VU","NVU","corrected_redlistTW"
"7a21f0ec-bd47-43a2-ba06-250d856678d2","species","Plantae","Hemiboea bicornuta","LC","NLC","corrected_redlistTW"
"03330afd-4a27-4a30-a31c-3e06d92a87eb","species","Plantae","Lysionotus pauciflorus","","NEN","corrected_redlistTW"
"eee8af45-c26a-4925-b861-5bf437f6603e","species","Plantae","Veronica arvensis","NA",NA,"corrected_redlistTW"
"dca355aa-ca21-44c3-8f8b-80dc87e2725c","species","Plantae","Veronica javanica","LC","NLC","corrected_redlistTW"
"b68966eb-7955-41a5-b326-6586a01c6a09","species","Plantae","Veronica morrisonicola","LC","NLC","corrected_redlistTW"
"27049e96-e613-41e1-a1bf-883653e93072","species","Plantae","Veronica oligosperma","LC","NLC","corrected_redlistTW"
"f6fd50da-5f65-467a-8b07-68b28ef78c5b","species","Plantae","Veronica persica","NA",NA,"corrected_redlistTW"
"6e3b9661-c274-48cf-a0dc-e72e47f64c55","species","Plantae","Plantago lanceolata","NA",NA,"corrected_redlistTW"
"91284fbd-349e-4fa8-976e-e1a4dbd5399e","species","Plantae","Limnophila fragrans","EN","NEN","corrected_redlistTW"
"293c39c9-6527-49aa-bf35-c55a06a72d3a","species","Plantae","Limnophila sessiliflora","EN","NEN","corrected_redlistTW"
"5662fa06-1b14-4b73-8e1a-6da79aa1c0ea","species","Plantae","Limnophila trichophylla","EN","NEN","corrected_redlistTW"
"29bd26d0-2c31-4034-aca5-53e324dab2e4","species","Plantae","Scoparia dulcis","NA",NA,"corrected_redlistTW"
"a7b1d0a9-0d2d-4740-b2be-025c4be30c1d","species","Plantae","Callitriche japonica","LC","NLC","corrected_redlistTW"
"ec6c68d7-2f4c-4c37-a43a-2f4a41374503","species","Plantae","Callitriche palustris","","NNT","corrected_redlistTW"
"5445551e-cd08-45a4-b7be-3f310d285560","species","Plantae","Callitriche deflexa","NA","","corrected_redlistTW"
"9eb68669-00b2-4df4-a452-ceb01f7a3bc8","species","Plantae","Veronicastrum axillare","","NVU","corrected_redlistTW"
"b7b891d0-e16b-405c-8504-7f56360f4dbe","species","Plantae","Veronicastrum formosanum","EN","NEN","corrected_redlistTW"
"bd1130a8-8670-42bf-94bf-0d6baa1b4abf","species","Plantae","Deinostema adenocaulon","VU","NVU","corrected_redlistTW"
"69c38ec8-a77a-4cd0-ba61-531372089121","species","Plantae","Ellisiophyllum pinnatum","LC","NLC","corrected_redlistTW"
"c6c5c480-491e-43c3-a1f6-0b2f3ab8e1b1","species","Plantae","Hemiphragma heterophyllum","LC","NLC","corrected_redlistTW"
"231c1bf3-c2e6-435a-b6db-f8e3b7be085b","species","Plantae","Mecardonia procumbens","NA",NA,"corrected_redlistTW"
"fa27d7e1-5491-44e0-8cee-ee774bd89d0b","species","Plantae","Microcarpaea minima","NT","NNT","corrected_redlistTW"
"8518a0ea-3edb-451b-895a-c3130b6f15e0","species","Plantae","Stemodia verticillata","NA",NA,"corrected_redlistTW"
"eae83571-6887-4fc8-8eaf-034178595b5e","species","Plantae","Scrophularia yoshimurae","LC","NLC","corrected_redlistTW"
"b0019923-277a-4fa2-8fa6-4c9fe522759c","species","Plantae","Bonnaya ruellioides","LC","NLC","corrected_redlistTW"
"8c3edbc1-a8dd-43b9-bf04-f8545693d100","species","Plantae","Bonnaya tenuifolia","VU","NVU","corrected_redlistTW"
"ee80e4e9-f8f3-41ce-b76b-e5d992ac15d0","species","Plantae","Lindernia rotundifolia","NA",NA,"corrected_redlistTW"
"55e344ce-648d-4ea2-a203-0edada16045c","species","Plantae","Torenia crustacea","LC","NLC","corrected_redlistTW"
"8e290ada-1dd2-498f-adf2-0e18a58719cb","species","Plantae","Torenia fournieri","NA",NA,"corrected_redlistTW"
"239aed86-f60d-42ed-9795-d9ffc7f33f4c","species","Plantae","Torenia violacea","NT","NNT","corrected_redlistTW"
"999061df-6297-467d-aa20-86bfe5b0f3aa","species","Plantae","Vandellia scutellariiformis","EN","NEN","corrected_redlistTW"
"04616751-f85a-41ca-8da7-39cb4e618477","species","Plantae","Justicia comata","NA",NA,"corrected_redlistTW"
"74661b88-c0a7-48c2-a519-168ad1303054","species","Plantae","Justicia procumbens","","NLC","corrected_redlistTW"
"48141fee-b62c-4fb6-87c7-92f4deb64261","species","Plantae","Strobilanthes flexicaulis","LC","NLC","corrected_redlistTW"
"c0f618aa-4309-4fdf-8b6e-16cf7e906bbb","species","Plantae","Strobilanthes formosanus","LC","NLC","corrected_redlistTW"
"9a8ec0a7-1863-4ced-994f-a3d9e521096c","species","Plantae","Strobilanthes longespicatus","LC","NLC","corrected_redlistTW"
"2c977b4a-204a-451e-a9b9-bcd405f6af8e","species","Plantae","Ruellia simplex","NA","","corrected_redlistTW"
"45fb74d7-e491-4507-ae62-5c67551fee32","species","Plantae","Ruellia repens","LC","NLC","corrected_redlistTW"
"b1d6aa10-da09-4dff-a7db-8b88d61951fb","species","Plantae","Ruellia elegans","NE","","corrected_redlistTW"
"b578676b-e8df-4617-88a8-4943bedcff8e","species","Plantae","Thunbergia fragrans","NA",NA,"corrected_redlistTW"
"a8cc41f5-11bc-4e35-bd80-7859c051ace2","species","Plantae","Thunbergia grandiflora","NA",NA,"corrected_redlistTW"
"f243c887-0061-4ab7-a5b1-4d47f87f8657","species","Plantae","Hygrophila corymbosa","NA",NA,"corrected_redlistTW"
"742b4ee0-7179-477d-ab12-6f00acd61906","species","Plantae","Hygrophila guianensis","NA",NA,"corrected_redlistTW"
"d3946b78-6c88-4884-adb2-b49c8b52eb40","species","Plantae","Hygrophila polysperma","EN","NEN","corrected_redlistTW"
"a6b72368-601a-4d22-a6e1-649350a7974f","species","Plantae","Blechum pyramidatum","NA",NA,"corrected_redlistTW"
"aaaac692-bea4-46f0-afee-f8405d3c98d1","species","Plantae","Hemigraphis cumingiana","VU","NVU","corrected_redlistTW"
"68fe215d-fb0e-4199-b24c-b899b2631413","species","Plantae","Hypoestes purpurea","LC","NLC","corrected_redlistTW"
"fc9e29dc-9f72-445c-a0df-3d7e1b7b3d72","species","Plantae","Kudoacanthus albonervosa","VU","NVU","corrected_redlistTW"
"0eba5dc0-1b3e-46bf-b60d-aa78d2040541","species","Plantae","Lepidagathis formosensis","LC","NLC","corrected_redlistTW"
"26ceb496-fe08-44dc-9d45-b1aed3683d5c","species","Plantae","Lepidagathis secunda","EN","NEN","corrected_redlistTW"
"e1d0c699-809f-4c0c-98e6-31bd77aced52","species","Plantae","Nelsonia canescens","NA",NA,"corrected_redlistTW"
"673b72d0-8fb8-4f6b-aa03-bf2bfb280c0a","species","Plantae","Rungia chinensis","LC","NLC","corrected_redlistTW"
"8bf828af-e9e0-4992-9977-4e7294b56de9","species","Plantae","Rungia taiwanensis","LC","NLC","corrected_redlistTW"
"f88c966d-d22f-4114-a708-94937ff1bfce","species","Plantae","Staurogyne debilis","VU","NVU","corrected_redlistTW"
"f5367ef7-06bc-4815-b6cf-09476cbd90c4","species","Plantae","Campsis grandiflora","NE","","corrected_redlistTW"
"6dbf40e8-a553-4af9-9c03-55d8c54f6b99","species","Plantae","Spathodea campanulata","NA",NA,"corrected_redlistTW"
"fe6c233b-5142-4217-82cb-68355e07898c","species","Plantae","Utricularia aurea","EN","NEN","corrected_redlistTW"
"c6e7b99d-3a6b-48b8-a0e9-15dac5f75aad","species","Plantae","Utricularia graminifolia","NA",NA,"corrected_redlistTW"
"da3262bd-1168-430a-9eab-d3efa6e94f67","species","Plantae","Utricularia heterosepala","EN","NEN","corrected_redlistTW"
"a0b3af95-9350-4804-a969-0947116c7935","species","Plantae","Verbena brasiliensis","NA",NA,"corrected_redlistTW"
"74601f3b-9dcf-4cdc-8954-5753c22c93c1","species","Plantae","Verbena officinalis","NA",NA,"corrected_redlistTW"
"e047b15b-6c3d-4427-96dd-54746835cfd3","species","Plantae","Petrea volubilis","NE","","corrected_redlistTW"
"3a014e0c-e0fa-420a-8f6d-d8efe5432391","species","Plantae","Salvia keitaoensis","LC","NLC","corrected_redlistTW"
"a00674c7-5a28-45a6-8066-1be2a8295d6a","species","Plantae","Salvia lyrata","NA",NA,"corrected_redlistTW"
"264cdcda-c2df-4d5f-9744-11275937f49b","species","Plantae","Salvia scapiformis","LC","NLC","corrected_redlistTW"
"090af790-e92f-48bf-8994-2d85849d9a09","species","Plantae","Salvia splendens","NA","","corrected_redlistTW"
"cae2a79a-72a9-4cc8-90b3-d82d957c293d","species","Plantae","Hyptis pectinata","NA",NA,"corrected_redlistTW"
"4a1d82d5-6332-4d2f-9bae-f22d359abefd","species","Plantae","Hyptis suaveolens","LC","NLC","corrected_redlistTW"
"a7fc85b9-f6df-40dc-84ae-33826b40f266","species","Plantae","Clerodendrum trichotomum","LC","NLC","corrected_redlistTW"
"7ed6a55a-1b7e-4f98-9865-41392ef6d9fb","species","Plantae","Scutellaria austrotaiwanensis","VU","NVU","corrected_redlistTW"
"02d722df-e1f3-46cb-9ee7-44c59d69ea3c","species","Plantae","Scutellaria barbata","LC","NLC","corrected_redlistTW"
"976a3144-2ca6-453a-9038-c29dddf3cf7b","species","Plantae","Scutellaria taiwanensis","VU","NVU","corrected_redlistTW"
"2d588da1-8d85-437e-86a9-59b06bd78b57","species","Plantae","Scutellaria tashiroi","VU","NVU","corrected_redlistTW"
"94a66184-c33d-49aa-828b-df8be19819c3","species","Plantae","Stachys oblongifolia","LC","NLC","corrected_redlistTW"
"93e8c797-6a04-4a0e-a76a-cfd5ea9e59df","species","Plantae","Vitex quinata","LC","NLC","corrected_redlistTW"
"2d15d5ef-4ffe-42c7-b5cd-4650dc57f652","species","Plantae","Vitex trifolia","VU","NVU","corrected_redlistTW"
"5004ef76-6cbc-459f-90da-183aafe45c31","species","Plantae","Teucrium bidentatum","LC","NLC","corrected_redlistTW"
"3cb43eec-a133-475c-9321-ae7aabecf510","species","Plantae","Premna octonervia","NT","NNT","corrected_redlistTW"
"9ded2c90-8597-43a1-8901-773991c0b1f3","species","Plantae","Premna serratifolia","LC","NLC","corrected_redlistTW"
"ecb0d9f2-ab9d-4de2-bdc1-b4e7b89cc9b1","species","Plantae","Callicarpa kochiana","LC","NLC","corrected_redlistTW"
"39ba396c-bbf0-442e-a185-ee8cb97560ce","species","Plantae","Callicarpa longissima","NT","NNT","corrected_redlistTW"
"3dfd2ea2-18ee-4913-8490-f6f9ac7cefda","species","Plantae","Callicarpa tikusikensis","LC","NLC","corrected_redlistTW"
"2db157ec-bb11-479a-9375-b3521e39a886","species","Plantae","Agastache rugosa","NT","NNT","corrected_redlistTW"
"cba52c0d-de14-451a-b05b-e98bb06177b1","species","Plantae","Ajuga decumbens","NA",NA,"corrected_redlistTW"
"5838b990-09ec-468c-aeb4-430cc4758abf","species","Plantae","Ajuga nipponensis","VU","NVU","corrected_redlistTW"
"b4001781-b9fe-4b2d-8531-b731de0b826c","species","Plantae","Ajuga pygmaea","VU","NVU","corrected_redlistTW"
"7f4a77e2-5573-489b-b3b0-9f99791245e3","species","Plantae","Lamium hybridum","NA",NA,"corrected_redlistTW"
"f2e14723-614d-4f4b-b807-5c785dd40307","species","Plantae","Lamium purpureum","NA",NA,"corrected_redlistTW"
"366620d0-8bb2-438d-b639-63cd3b22f64e","species","Plantae","Lamium tuberiferum","LC","NLC","corrected_redlistTW"
"c4e2e382-9fea-4de6-8ed7-9ddf7da55b14","species","Plantae","Lycopus lucidus","EN","NEN","corrected_redlistTW"
"dbbbd962-9f52-4947-bfc1-5d6fd7bf802c","species","Plantae","Mentha canadensis","LC","NLC","corrected_redlistTW"
"90398acc-2602-48c9-b09b-e3443260234c","species","Plantae","Prunella vulgaris","LC","NLC","corrected_redlistTW"
"3ca77d12-d2f8-4876-8ab3-42ad2e09a34a","species","Plantae","Origanum vulgare","LC","NLC","corrected_redlistTW"
"5b0d1fa9-402c-4d03-ad8f-bc8c00981a6c","species","Plantae","Salvia rosmarinus","NE","","corrected_redlistTW"
"d8401341-7a18-43bd-a324-d8133d1cf8a1","species","Plantae","Basilicum polystachyon","VU","NVU","corrected_redlistTW"
"49a995ef-e8c1-429b-9231-2c244c1540b5","species","Plantae","Bostrychanthera deflexa","LC","NLC","corrected_redlistTW"
"3b0eaa2f-cc85-4755-872b-cba591ec40cd","species","Plantae","Clinopodium brownei","NA",NA,"corrected_redlistTW"
"a47f0dd1-80d4-4df2-8803-18e9c7acbdbc","species","Plantae","Coleus amboinicus","NA",NA,"corrected_redlistTW"
"1859937d-e607-48fa-b3b3-cc0eb606e566","species","Plantae","Coleus formosanus","LC","NLC","corrected_redlistTW"
"1947ba54-c9c2-4da5-8ca1-38ab7ac6f384","species","Plantae","Comanthosphace formosana","VU","NVU","corrected_redlistTW"
"08f63dfd-e0ed-4903-94de-e88245bdcee2","species","Plantae","Elsholtzia strobilifera","LC","NLC","corrected_redlistTW"
"d775c2dd-3598-4e5a-8980-a11af97bf7e2","species","Plantae","Isodon amethystoides","LC","NLC","corrected_redlistTW"
"8bbd8209-84f0-4a96-aa52-edfd99acf57e","species","Plantae","Isodon macrocalyx","LC","NLC","corrected_redlistTW"
"354f4ab4-40cd-46f1-bf16-41c4cc4f9b6c","species","Plantae","Isodon serra","LC","NLC","corrected_redlistTW"
"b8a764e4-032a-463e-941e-024fe2f28034","species","Plantae","Leucas chinensis","LC","NLC","corrected_redlistTW"
"c5430432-9a78-443c-a964-44f8d64af8b8","species","Plantae","Mosla dianthera","LC","NLC","corrected_redlistTW"
"7ea43359-1458-4c04-bf5e-3f370c09940f","species","Plantae","Mosla scabra","LC","NLC","corrected_redlistTW"
"e22e6259-bfa9-4cb3-9ee0-b3849a75c40e","species","Plantae","Paraphlomis formosana","LC","NLC","corrected_redlistTW"
"76775612-17b3-40b4-a7d1-6021ee1f01d9","species","Plantae","Perilla frutescens","NA",NA,"corrected_redlistTW"
"3066f272-f388-41b4-a1a8-3625596b4ec0","species","Plantae","Platostoma palustre","LC","NLC","corrected_redlistTW"
"5abbf669-2fa9-4f88-b75e-7c4ff3b5834e","species","Plantae","Pogostemon formosanus","LC","NLC","corrected_redlistTW"
"cc75ef51-28a1-4e10-afb9-9d615e5a4e90","species","Plantae","Rubiteucris palmata","LC","NLC","corrected_redlistTW"
"4dad6eb9-8faa-44c8-b53d-99cacebe4499","species","Plantae","Suzukia luchuensis","VU","NVU","corrected_redlistTW"
"d73eb512-3d58-4fa3-911d-3539edb3fee3","species","Plantae","Mazus fauriei","LC","NLC","corrected_redlistTW"
"96d544b4-642f-42d7-8a08-b7f474c9a0f8","species","Plantae","Mazus goodenifolius","LC","NLC","corrected_redlistTW"
"0903045a-378a-4bb4-a72a-d87917600881","species","Plantae","Mazus pumilus","LC","NLC","corrected_redlistTW"
"d587813f-1e54-4074-aabc-156f9ec5ed93","species","Plantae","Peplidium maritimum","LC","","corrected_redlistTW"
"661bb571-1404-4968-bc09-8a105138c279","species","Plantae","Pedicularis ikomae","NT","NNT","corrected_redlistTW"
"a661c130-e86c-465e-ab17-949baec11db3","species","Plantae","Euphrasia tarokoana","VU","NVU","corrected_redlistTW"
"942af141-e64d-416e-a28d-3d4b1369d903","species","Plantae","Orobanche coerulescens","EN","NEN","corrected_redlistTW"
"0d853ee2-50c3-4bb6-a696-693a0e6704c6","species","Plantae","Striga lutea","EN","NEN","corrected_redlistTW"
"1c238192-13d6-41c1-841d-bf4d1a591a1f","species","Plantae","Striga masuria","EN","NEN","corrected_redlistTW"
"c89e91bb-4c80-42b2-8d2d-234e7f47a659","species","Plantae","Aeginetia indica","LC","NLC","corrected_redlistTW"
"8faac3a9-882b-442e-a559-522c3483ee4d","species","Plantae","Alectra avensis","LC","NLC","corrected_redlistTW"
"171f4481-ecfd-4711-8469-b6fbe1a6b183","species","Plantae","Boschniakia himalaica","LC","NLC","corrected_redlistTW"
"5106fd69-0591-41eb-a7c7-37fdae0f21ae","species","Plantae","Centranthera cochinchinensis","NT","NNT","corrected_redlistTW"
"ff627074-7f3e-4067-b810-c9570588d548","species","Plantae","Christisonia hookeri","VU","NVU","corrected_redlistTW"
"d2046e15-29fa-47a0-9e74-b099fba5ce66","species","Plantae","Phacellanthus tubiflorus","CR","NCR","corrected_redlistTW"
"ccca6e75-f0e4-41ae-9ddf-dce0561df776","species","Plantae","Gomphandra luzoniensis","VU","NVU","corrected_redlistTW"
"2254f921-320d-491e-a3ed-b0f8d98bbc7e","species","Plantae","Ilex arisanensis","LC","NLC","corrected_redlistTW"
"0dee3da6-2349-4293-a5d9-5f0a38f26a62","species","Plantae","Ilex asprella","LC","NLC","corrected_redlistTW"
"34f7a527-089b-422f-8723-e1b66c3a8e8d","species","Plantae","Ilex lonicerifolia","","NNT","corrected_redlistTW"
"b3326ec2-487c-4f66-9e5b-33410c451cf6","species","Plantae","Ilex micrococca","LC","NLC","corrected_redlistTW"
"deb1bd95-304c-4c7f-8242-b46e65aa70d3","species","Plantae","Ilex pubescens","NT","NNT","corrected_redlistTW"
"2a61ba78-381b-454e-b5d4-dbd51c318b4a","species","Plantae","Ilex suzukii","NT","NNT","corrected_redlistTW"
"1af3dea0-8af2-491b-8c25-f1c9977a0468","species","Plantae","Ilex tugitakayamensis","LC","NLC","corrected_redlistTW"
"2faaa36d-29b6-42ff-9b7b-2a5d66841188","species","Plantae","Ilex yunnanensis","","NLC","corrected_redlistTW"
"d3f9bb83-410c-48c4-9247-a63f512a8b3e","species","Plantae","Lobelia cliffortiana","NA",NA,"corrected_redlistTW"
"1fadfe85-cdca-4772-8c68-789e00841a3f","species","Plantae","Triodanis biflora","NA",NA,"corrected_redlistTW"
"7ba48de9-2575-43f9-b3b9-c6b94adf7a0e","species","Plantae","Adenophora triphylla","LC","NLC","corrected_redlistTW"
"4ef116c0-6c3b-43ec-af43-008b8465922a","species","Plantae","Codonopsis javanica","","NLC","corrected_redlistTW"
"8f07b56c-efee-4e0a-b762-33b1eac80c3a","species","Plantae","Codonopsis kawakamii","LC","NLC","corrected_redlistTW"
"2ed0f7c4-abe5-4ba6-82e9-0f8b2065446e","species","Plantae","Hippobroma longiflora","NA",NA,"corrected_redlistTW"
"d3cc6af8-cb36-4046-b950-89459c54b5f4","species","Plantae","Peracarpa carnosa","LC","NLC","corrected_redlistTW"
"917d0e8d-73da-409f-9496-47797989665b","species","Plantae","Nymphoides aurantiaca","CR","NCR","corrected_redlistTW"
"f8c8a860-313b-4bc1-965d-e55f00ad041b","species","Plantae","Nymphoides indica","EN","NEN","corrected_redlistTW"
"ff4356ee-18f3-49ff-81f0-f22070b52e73","species","Plantae","Nymphoides peltata","NA",NA,"corrected_redlistTW"
"5dd7795e-2b55-4c94-95d2-3a43c8e9743b","species","Plantae","Scaevola hainanensis","CR","NCR","corrected_redlistTW"
"929d7cc2-c8f9-413b-8111-a2a52918966a","species","Plantae","Scaevola taccada","LC","NLC","corrected_redlistTW"
"cacd8406-7c2f-4721-b389-a61cb4a71cb0","species","Plantae","Senecio crataegifolius","VU","NVU","corrected_redlistTW"
"0675cdec-5f1a-41aa-bcb4-5ed4e5e6d062","species","Plantae","Senecio morrisonensis","LC","NLC","corrected_redlistTW"
"907e8dcd-6096-4289-8fef-a6023c6f9972","species","Plantae","Senecio taitungensis","LC","NLC","corrected_redlistTW"
"cf6eef22-dee2-45c8-b876-b185cf995f2d","species","Plantae","Senecio tarokoensis","EN","NEN","corrected_redlistTW"
"eebf55f2-f963-465e-8c36-4aaaa1a51f6d","species","Plantae","Senecio vulgaris","NA",NA,"corrected_redlistTW"
"cbe2b4e8-b998-49cd-aa54-f924c8db9459","species","Plantae","Vernonia cinerea","LC","NLC","corrected_redlistTW"
"c034d411-f971-4ac3-a1c6-56b6b82bbdc2","species","Plantae","Vernonia elliptica","NA",NA,"corrected_redlistTW"
"f2d428f0-6015-469c-8e12-97945b0aaa26","species","Plantae","Vernonia gratiosa","LC","NLC","corrected_redlistTW"
"1f840b98-d347-44ba-9b95-612296298de5","species","Plantae","Vernonia maritima","VU","NVU","corrected_redlistTW"
"d5c84c98-ccf1-48dc-9b62-4c25dd4f91ee","species","Plantae","Gymnanthemum amygdalinum","NA","","corrected_redlistTW"
"6a68300e-8323-4bee-bf93-1a491469e319","species","Plantae","Eupatorium amabile","LC","NLC","corrected_redlistTW"
"c793b5d4-020f-4b38-80a6-3202843472de","species","Plantae","Eupatorium hualienense","NT","NNT","corrected_redlistTW"
"f4d42d4c-2773-4045-854d-6292258f3831","species","Plantae","Eupatorium lindleyanum","VU","NVU","corrected_redlistTW"
"061444ed-dc7e-4106-affa-4c54fb1687c4","species","Plantae","Artemisia anomala","NT","NNT","corrected_redlistTW"
"d3e7c806-1b2c-4217-8eb5-fb15cae07ca3","species","Plantae","Artemisia capillaris","LC","NLC","corrected_redlistTW"
"031afeb1-f72a-4cb2-b6ad-559c973d5172","species","Plantae","Artemisia chingii","LC","NLC","corrected_redlistTW"
"19d69383-16c4-49c9-882c-913666b70a4b","species","Plantae","Artemisia fukudo","LC","NLC","corrected_redlistTW"
"b5d28bbc-5bc1-4494-a137-6abc06c52224","species","Plantae","Artemisia indica","LC","NLC","corrected_redlistTW"
"75db19e8-00a1-4e14-9276-d17a560bef81","species","Plantae","Artemisia japonica","LC","NLC","corrected_redlistTW"
"ef6c3ab2-38d7-4ce8-943a-6aed95cad02c","species","Plantae","Artemisia kawakamii","LC","NLC","corrected_redlistTW"
"926fe99a-75e0-46d7-9706-8b65743e51f6","species","Plantae","Artemisia lancea","LC","NLC","corrected_redlistTW"
"b194cf22-d3ae-4ae6-9713-5146b0a5662c","species","Plantae","Artemisia niitakayamensis","LC","NLC","corrected_redlistTW"
"f966186a-8177-4e3a-afd6-eaea4e8a6fa3","species","Plantae","Artemisia simulans","LC","NLC","corrected_redlistTW"
"b550e004-40fe-4b57-aaa7-73a7954b79b9","species","Plantae","Artemisia tsugitakaensis","LC","NLC","corrected_redlistTW"
"cb590ca2-b331-4832-8b25-eec73a27fa7d","species","Plantae","Mikania micrantha","NA",NA,"corrected_redlistTW"
"b8d2bb0c-8fe2-49bc-a33b-65d5e48c7daf","species","Plantae","Saussurea kanzanensis","VU","NVU","corrected_redlistTW"
"b5d1affc-4a4b-4cf6-95a8-6a03c61775c7","species","Plantae","Cirsium hosokawae","LC","NLC","corrected_redlistTW"
"f9c26696-f721-4523-bf07-79b6f84d45d1","species","Plantae","Cirsium japonicum","","NLC","corrected_redlistTW"
"892b117b-2df2-466e-ada5-754c2b1d9776","species","Plantae","Cirsium lineare","EN","NEN","corrected_redlistTW"
"366db882-5987-4d27-a444-40d41026b451","species","Plantae","Cirsium suzukii","LC","NLC","corrected_redlistTW"
"5aaf0640-1ada-4fc6-af6d-6cc0f6080ed5","species","Plantae","Bidens biternata","LC","NLC","corrected_redlistTW"
"7d799980-8717-4326-97f9-9b4e496387e2","species","Plantae","Bidens pilosa","LC","NLC","corrected_redlistTW"
"131d45a1-9ec6-4de4-9aaf-07386b4610df","species","Plantae","Aster chingshuiensis","EN","NEN","corrected_redlistTW"
"43eb4e00-68a9-420f-9e51-84187b553fe2","species","Plantae","Aster formosanus","LC","NLC","corrected_redlistTW"
"2bd0a0fe-1595-48ce-8b01-bd7dacb2fb89","species","Plantae","Aster morrisonensis","EN","NEN","corrected_redlistTW"
"627820b9-2d98-4624-9748-105688abb17e","species","Plantae","Aster taiwanensis","LC","NLC","corrected_redlistTW"
"f8a6eb1d-ed5e-4476-8cd2-15afda2331c4","species","Plantae","Aster taoyuenensis","EN","NEN","corrected_redlistTW"
"15d44560-9227-40a7-a16f-0d2ebc453173","species","Plantae","Aster panduratus","NE","","corrected_redlistTW"
"a70c7183-6781-4714-9632-f1dda218865f","species","Plantae","Gnaphalium adnatum","LC","NLC","corrected_redlistTW"
"a3956017-506d-4191-91ec-ef4993786394","species","Plantae","Gnaphalium involucratum","","NLC","corrected_redlistTW"
"d5f1865a-1aff-4780-bcfa-c332c736b226","species","Plantae","Gnaphalium pensylvanicum","NA",NA,"corrected_redlistTW"
"768b5d35-e55c-4c22-a9f3-2d173dc2eeec","species","Plantae","Gnaphalium spicatum","NA",NA,"corrected_redlistTW"
"5bba033d-e731-4a56-b91e-5aa691745129","species","Plantae","Acmella brachyglossa","NA",NA,"corrected_redlistTW"
"404baf0f-4205-4407-ae91-5eb807b73406","species","Plantae","Acmella ciliata","NA",NA,"corrected_redlistTW"
"db3fe860-54d7-4fd3-8eba-b2eded92e528","species","Plantae","Acmella uliginosa","NA",NA,"corrected_redlistTW"
"486d643f-9c53-49e5-8a22-acdb5db59e5a","species","Plantae","Ageratina riparia","NA",NA,"corrected_redlistTW"
"065862cc-9aff-49d8-a306-aada0e98dbb5","species","Plantae","Elephantopus scaber","LC","NLC","corrected_redlistTW"
"5a1b206a-62cf-4887-a0ff-82014668ed49","species","Plantae","Erigeron annuus","LC",NA,"corrected_redlistTW"
"0e95fd70-a71e-4fd7-be49-74ae9799c8bb","species","Plantae","Erigeron bellioides","NA",NA,"corrected_redlistTW"
"4da79f58-882c-4c65-96bf-c4239bf055af","species","Plantae","Erigeron morrisonensis","LC","NLC","corrected_redlistTW"
"c5906503-36ee-4f7e-96a6-545490ebe79f","species","Plantae","Gaillardia pulchella","NA",NA,"corrected_redlistTW"
"c1db24d4-c630-4ab8-b811-836ef21554b2","species","Plantae","Lactuca serriola","NA",NA,"corrected_redlistTW"
"1de708c3-399b-4624-a1cd-570815a3ace0","species","Plantae","Pluchea indica","LC","NLC","corrected_redlistTW"
"56f0233b-880f-4074-9e9e-24108822d66e","species","Plantae","Pluchea sagittalis","NA",NA,"corrected_redlistTW"
"57a9091c-cb7c-4c5d-a149-bf525e96099d","species","Plantae","Sonchus arvensis","LC","NLC","corrected_redlistTW"
"0b717579-431e-4470-9fff-0bdf0b66c28e","species","Plantae","Sonchus asper","NA",NA,"corrected_redlistTW"
"2cd271da-7870-486b-8f72-225c98cc8e62","species","Plantae","Sonchus oleraceus","NA",NA,"corrected_redlistTW"
"629bd0d9-c9e9-417d-8ba5-cb98360c22d5","species","Plantae","Cichorium intybus","NA",NA,"corrected_redlistTW"
"2cd1d010-10d8-4fd6-9121-e82e1cd88c35","species","Plantae","Dendranthema arisanense","LC","NLC","corrected_redlistTW"
"638b27e9-def7-46ea-82cf-bf0ab0a68646","species","Plantae","Dendranthema horaimontana","CR","NCR","corrected_redlistTW"
"6932f1f8-e1b8-4ac3-bf84-efed4917b794","species","Plantae","Dendranthema lavandulifolium","","NEN","corrected_redlistTW"
"84de22f5-44a4-47ca-a24c-a81925cb5e60","species","Plantae","Argyranthemum frutescens","NA",NA,"corrected_redlistTW"
"758da701-ad22-4a5c-8ccd-72f3a3faddf1","species","Plantae","Leucanthemum vulgare","NA",NA,"corrected_redlistTW"
"565c39eb-bf6d-4329-b1b7-7c7c81330261","species","Plantae","Adenostemma lavenia","","NLC","corrected_redlistTW"
"66c2ac34-769e-4152-9445-93ae3524a6fa","species","Plantae","Ageratum conyzoides","NA",NA,"corrected_redlistTW"
"dbc3ddfb-47a2-4cd5-95b6-00906762afec","species","Plantae","Ainsliaea latifolia","","NLC","corrected_redlistTW"
"c432e376-6e90-4e6c-b32e-0b6a354401dc","species","Plantae","Ainsliaea secundiflora","VU","NVU","corrected_redlistTW"
"d567142c-a7fc-4961-b7d6-eac71fa4f551","species","Plantae","Bellis perennis","NA",NA,"corrected_redlistTW"
"4b16b8e8-7900-4738-ba65-48341291937f","species","Plantae","Blumea aromatica","LC","NLC","corrected_redlistTW"
"3561c4b6-9d34-422b-ab1b-4d6c8414ced1","species","Plantae","Blumea balsamifera","LC","NLC","corrected_redlistTW"
"9e862138-60ed-4e34-af8d-d771398ef1b0","species","Plantae","Blumea conspicua","VU","NVU","corrected_redlistTW"
"01ddeab9-529b-4a27-8e14-7ddbe716bdf8","species","Plantae","Blumea hieracifolia","LC","NLC","corrected_redlistTW"
"6cdad325-3828-4750-aeb1-33353b03d288","species","Plantae","Blumea linearis","VU","NVU","corrected_redlistTW"
"f7eb58d8-c637-420c-b01a-580c1046960e","species","Plantae","Blumea mollis","LC","NLC","corrected_redlistTW"
"28f80c4a-c983-4288-9ffc-946230e6d769","species","Plantae","Blumea oblongifolia","VU","NVU","corrected_redlistTW"
"e2593ec6-06f1-4891-8c9c-f814f3d23e0c","species","Plantae","Calyptocarpus vialis","NA",NA,"corrected_redlistTW"
"0f8c80c2-f856-49f6-879d-ef4cafce47f9","species","Plantae","Carpesium abrotanoides","VU","NVU","corrected_redlistTW"
"b34ac092-3a12-4fa8-b5f5-4585d1d9e715","species","Plantae","Carpesium cernuum","VU","NVU","corrected_redlistTW"
"0ff94574-48c6-4c7c-9052-d171c9511d73","species","Plantae","Carpesium divaricatum","NT","NNT","corrected_redlistTW"
"35b526c2-4814-4e87-8e97-5aadccbae5d9","species","Plantae","Centipeda minima","LC","NLC","corrected_redlistTW"
"2cff98fa-7df2-48df-a441-f9cdd1ce4552","species","Plantae","Chromolaena odorata","NA",NA,"corrected_redlistTW"
"d85b0dc6-abc7-479e-930b-8b24a20d9bb9","species","Plantae","Clibadium surinamense","NA",NA,"corrected_redlistTW"
"f28ac344-d5ae-41bd-991a-090faf6bcbc4","species","Plantae","Cosmos bipinnatus","NA",NA,"corrected_redlistTW"
"b26d3dc9-14c6-4476-aeea-58eb483bd289","species","Plantae","Cotula hemisphaerica","EN","NEN","corrected_redlistTW"
"fa544455-9967-426c-b3ae-bdf517ae44a8","species","Plantae","Crassocephalum crepidioides","NA",NA,"corrected_redlistTW"
"934c5b64-b131-41c4-873b-1a85e6012e92","species","Plantae","Crossostephium chinense","VU","NVU","corrected_redlistTW"
"4a7d8a3f-5d65-419f-8157-04d953615272","species","Plantae","Eclipta zippeliana","NA",NA,"corrected_redlistTW"
"aece28a8-b1dc-468f-9a8d-bc62d7e869fe","species","Plantae","Eclipta angustata","NA","","corrected_redlistTW"
"976ecc76-5146-46b0-a9d7-a49c89675730","species","Plantae","Eleutheranthera ruderalis","NA",NA,"corrected_redlistTW"
"8e534c9b-8e4d-4fbc-85df-f15b82f7cbd6","species","Plantae","Emilia fosbergii","NA",NA,"corrected_redlistTW"
"df3341bf-8959-4c65-b06d-6f62ecaeaaac","species","Plantae","Emilia sonchifolia","LC","NLC","corrected_redlistTW"
"0b1bafcd-3e1f-427b-9a3a-ae8963ab9e74","species","Plantae","Flaveria bidentis","NA",NA,"corrected_redlistTW"
"e0852c8d-298b-48a5-a424-d59042f636c3","species","Plantae","Galinsoga parviflora","NA",NA,"corrected_redlistTW"
"23d808ae-0af4-41c8-a71f-3115780883d3","species","Plantae","Galinsoga quadriradiata","NA",NA,"corrected_redlistTW"
"e098fded-93c7-42df-b560-f877b0e6d090","species","Plantae","Grangea maderaspatana","NA",NA,"corrected_redlistTW"
"b04db460-c395-4b6c-bd8b-fd1e9a35f977","species","Plantae","Guizotia abyssinica","NA",NA,"corrected_redlistTW"
"b9e35f2e-573f-4735-bc2e-974928efde42","species","Plantae","Gymnocoronis spilanthoides","NA",NA,"corrected_redlistTW"
"e4019433-0c0b-4099-977b-1e7bdc1f1a80","species","Plantae","Gynura bicolor","NA",NA,"corrected_redlistTW"
"ea8de320-2f95-428e-b915-c964a521b8e4","species","Plantae","Gynura elliptica","VU","NVU","corrected_redlistTW"
"f63135d6-a652-4232-a5f8-b3b66fd07f49","species","Plantae","Gynura japonica","LC","NLC","corrected_redlistTW"
"9af60689-59f3-41fd-b577-9c5cb4696774","species","Plantae","Hypochaeris glabra","NA",NA,"corrected_redlistTW"
"ad91bb8e-d6fc-45ad-b558-6ebc1b4d9deb","species","Plantae","Hypochaeris radicata","NA",NA,"corrected_redlistTW"
"5c0ed005-c3e0-467a-a251-46d60a3afd75","species","Plantae","Ixeris stolonifera","LC","NLC","corrected_redlistTW"
"a3556668-6543-493c-a2f9-30a35e7cf44f","species","Plantae","Laggera alata","VU","NVU","corrected_redlistTW"
"3a81b6b7-3d62-46b0-ba77-ca1f79f665db","species","Plantae","Lapsanastrum apogonoides","VU","NVU","corrected_redlistTW"
"527b78b7-5cbc-43cd-801b-ec906903a34c","species","Plantae","Ligularia kojimae","VU","NVU","corrected_redlistTW"
"3e4a7416-e029-4b44-8723-5cc0600fba65","species","Plantae","Ligularia stenocephala","LC","NLC","corrected_redlistTW"
"7766a563-73a0-4d83-8ab2-d7927607af40","species","Plantae","Parasenecio nokoensis","EN","NEN","corrected_redlistTW"
"7dbebf50-26f4-4c80-948b-e7784697513d","species","Plantae","Parthenium hysterophorus","NA",NA,"corrected_redlistTW"
"b1c7a654-07f8-4a89-b3b0-e0bb6a93fc60","species","Plantae","Petasites formosanus","LC","NLC","corrected_redlistTW"
"b25776f8-e7a9-4527-a34a-c0e2b7a7ca3d","species","Plantae","Picris hieracioides","","NLC","corrected_redlistTW"
"d5fde6e2-a4df-4849-a7cb-1ab5b3b5647c","species","Plantae","Praxelis clematidea","NA",NA,"corrected_redlistTW"
"790a1dba-ecec-46b5-8030-a4fbc7a43153","species","Plantae","Pseudelephantopus spicatus","NA",NA,"corrected_redlistTW"
"48876d28-5e90-4374-b844-a4af6fbe0bf0","species","Plantae","Sphaeranthus africanus","VU","NVU","corrected_redlistTW"
"86a7cbe5-5161-4c41-96a2-3801f2f10487","species","Plantae","Xanthium strumarium","NA",NA,"corrected_redlistTW"
"610c888f-c6a1-4a96-87d0-4702dd4e057e","species","Plantae","Thymophylla tenuiloba","NE","","corrected_redlistTW"
"ed68574e-ca4c-47d8-b619-74d075aac7a1","species","Plantae","Viburnum betulifolium","LC","NLC","corrected_redlistTW"
"518eadd5-a02c-4ae6-8aea-147055521636","species","Plantae","Viburnum foetidum","LC","NLC","corrected_redlistTW"
"9d9bde08-9cbf-4c6d-97ad-a3b283c0608c","species","Plantae","Viburnum formosanum","LC","NLC","corrected_redlistTW"
"fb539c7b-08f8-4a19-883d-c2e75ad3253c","species","Plantae","Viburnum odoratissimum","LC","NLC","corrected_redlistTW"
"63dee2a2-0327-45d3-823f-80d03b85b7f7","species","Plantae","Viburnum plicatum","LC","NNT","corrected_redlistTW"
"b31b53f3-1a31-4018-ba93-b1789d10f158","species","Plantae","Viburnum propinquum","LC","NLC","corrected_redlistTW"
"938b7b55-a3b2-46c2-89a9-52803661e644","species","Plantae","Viburnum sympodiale","LC","NLC","corrected_redlistTW"
"72fe52e6-a3fc-45ce-b48d-0345221581ec","species","Plantae","Viburnum urceolatum","LC","NLC","corrected_redlistTW"
"71f03077-bebf-4d68-9214-51b12e1ba1e7","species","Plantae","Viburnum phlebotrichum","NE","","corrected_redlistTW"
"24ce78cb-b637-43fa-b242-4db2cb4c04f1","species","Plantae","Valeriana fauriei","LC","NLC","corrected_redlistTW"
"57a1468b-d6df-4910-a703-a784bbde28b0","species","Plantae","Valeriana kawakamii","LC","NLC","corrected_redlistTW"
"8f7c10aa-f12c-4764-b8f7-335e9de80753","species","Plantae","Lonicera acuminata","LC","NLC","corrected_redlistTW"
"ab70c360-65c5-44d6-915c-0090ecd6b18a","species","Plantae","Lonicera japonica","LC","NLC","corrected_redlistTW"
"25f2cfab-552d-4858-adfb-797d77673d01","species","Plantae","Lonicera kawakamii","VU","NVU","corrected_redlistTW"
"ab544b83-d634-4252-ae9d-5074f6ec46c2","species","Plantae","Lonicera macrantha","VU","NVU","corrected_redlistTW"
"9461054b-3ef6-4295-9b1f-f5b905caf1a4","species","Plantae","Patrinia formosana","LC","NLC","corrected_redlistTW"
"d409468a-410e-4322-88e5-40ffedcf30d6","species","Plantae","Patrinia glabrifolia","LC","NLC","corrected_redlistTW"
"ead67651-d311-472e-bb8f-7bfef35bf119","species","Plantae","Pittosporum illicioides","","NLC","corrected_redlistTW"
"1a141451-0a4a-4b8a-abf4-975268269c5a","species","Plantae","Heptapleurum actinophyllum","NE","","corrected_redlistTW"
"e99adc36-c944-44c1-92d1-308acfbe0b07","species","Plantae","Heptapleurum taiwanianum","LC","NLC","corrected_redlistTW"
"0fe87971-413c-4d68-a3a9-a95859f4b092","species","Plantae","Hydrocotyle dichondroides","LC","NLC","corrected_redlistTW"
"d0940231-723b-4266-8c76-d24ebdc9c4b8","species","Plantae","Hydrocotyle leucocephala","NA",NA,"corrected_redlistTW"
"c6f3246c-62ec-40fe-bbe5-42dbded9bb52","species","Plantae","Hydrocotyle setulosa","LC","NLC","corrected_redlistTW"
"c67343c9-442b-4827-afe1-a264e63b1591","species","Plantae","Hydrocotyle verticillata","NA",NA,"corrected_redlistTW"
"cd8e0ebf-9f3d-4b41-92bf-4c626a68af4e","species","Plantae","Dendropanax trifidus","EN","NEN","corrected_redlistTW"
"da7e311b-2ea6-489f-b80d-b8681424f797","species","Plantae","Fatsia polycarpa","LC","NLC","corrected_redlistTW"
"8cce9577-f251-4f4e-a434-1c9f18765e15","species","Plantae","Pentapanax castanopsisicola","NT","NNT","corrected_redlistTW"
"3356de87-233d-40a6-9ab2-77690621c6d7","species","Plantae","Tetrapanax papyriferus","LC","NLC","corrected_redlistTW"
"e423c268-7ee0-4afd-a62b-6c0aefe0bda9","species","Plantae","Peucedanum japonicum","LC","NLC","corrected_redlistTW"
"48197926-8c6f-4296-b1c6-439345fdec00","species","Plantae","Pimpinella diversifolia","NT","NNT","corrected_redlistTW"
"7c2978a4-25a1-4f88-b861-cc595c7c7e4c","species","Plantae","Pimpinella niitakayamensis","LC","NLC","corrected_redlistTW"
"5d7d99ee-77e7-4400-8c4e-c0321fe9480a","species","Plantae","Bupleurum kaoi","EN","NEN","corrected_redlistTW"
"e4633ae2-1795-4b73-bea1-7bbff49dd6df","species","Plantae","Angelica dahurica","VU","NVU","corrected_redlistTW"
"014f9b25-a167-4c79-8896-4453ce44b5af","species","Plantae","Angelica hirsutiflora","VU","NVU","corrected_redlistTW"
"cec068e7-f9da-4951-81b6-5f184146da02","species","Plantae","Angelica tarokoensis","EN","NEN","corrected_redlistTW"
"067138fd-2b7b-4ed9-ba13-435f564e292c","species","Plantae","Sanicula lamelligera","LC","NLC","corrected_redlistTW"
"4b6f09cb-e349-4992-8c48-606e7d899d53","species","Plantae","Sanicula petagnioides","LC","NLC","corrected_redlistTW"
"097285b4-e33e-4642-9fe7-bf5bdfd279c4","species","Plantae","Chaerophyllum involucratum","LC","NLC","corrected_redlistTW"
"60af799c-5004-4673-9801-99f05014601a","species","Plantae","Chaerophyllum nanhuense","EN","NEN","corrected_redlistTW"
"1b062c5e-1c69-427b-a636-5f544fba58ac","species","Plantae","Apium leptophyllum","NA",NA,"corrected_redlistTW"
"8002a025-098e-419e-8f6b-f97486f5114e","species","Plantae","Torilis japonica","LC","NLC","corrected_redlistTW"
"2362776f-1de0-4a6e-b203-757f6cd856ea","species","Plantae","Foeniculum vulgare","NA",NA,"corrected_redlistTW"
"bb4e601a-b5f7-4f9f-8cdb-c77e67a924a7","species","Plantae","Cnidium monnieri","","NLC","corrected_redlistTW"
"70e2915d-aa5b-4f81-b92c-097250df28a6","species","Plantae","Cryptotaenia japonica","LC","NLC","corrected_redlistTW"
"d1c77b2c-9aad-4a7e-81a7-b1e819485186","species","Plantae","Oenanthe pterocaulon","NT","NNT","corrected_redlistTW"
"53dc7bb8-fd96-4a3b-9a2c-a1e5fbadd9e9","species","Plantae","Oenanthe thomsonii","LC","NLC","corrected_redlistTW"
"7c636ef0-525c-4d2b-95ca-3d38d767a157","species","Plantae","Arabis stelleri","","NVU","corrected_redlistTW"
"f0dfa6f9-6990-428e-bbf0-b8d473720a0b","species","Plantae","Morina nepalensis","NE","","corrected_redlistTW"
"21f004ac-abf3-482a-97d5-fcd269d205fd","species","Plantae","Arabidopsis halleri","","NEN","corrected_redlistTW"
"561056b8-745d-4f86-937f-47d6b4bc945b","infraspecies","Plantae","Isoetes taiwanensis kinmenensis","NE","NCR","corrected_redlistTW"
"1a09d6b2-dbca-4134-82d9-e7b08b757721","infraspecies","Plantae","Selaginella doederleinii doederleinii","LC","NLC","corrected_redlistTW"
"6b69656a-3767-47f1-9d23-f60d112cd289","infraspecies","Plantae","Selaginella helvetica pseudonipponica","NT","NNT","corrected_redlistTW"
"29aa597a-12b8-4f8d-acc5-88d560ee1a0f","infraspecies","Plantae","Crepidomanes schmidtianum latifrons","LC","NLC","corrected_redlistTW"
"c23facae-4d3f-45f1-9d7f-d40ab573855e","infraspecies","Plantae","Lindsaea orbiculata orbiculata","LC","NLC","corrected_redlistTW"
"52aa72be-9c41-447a-b1a6-5c6ba3f29484","species","Plantae","Lindsaea javanensis","","NLC","corrected_redlistTW"
"697b5bf6-eddb-46cf-ba1c-95280831e16c","infraspecies","Plantae","Lindsaea orbiculata recedens","LC","NLC","corrected_redlistTW"
"ad367c8c-a652-41f0-b79b-7cdbee81caab","infraspecies","Plantae","Microlepia marginata marginata","LC","NLC","corrected_redlistTW"
"32139021-758a-4753-8cf6-d2f9833ff4f3","infraspecies","Plantae","Pteris cretica cretica","LC","NLC","corrected_redlistTW"
"78265948-7b22-4e33-a3e3-c664fcce0ed7","infraspecies","Plantae","Pteris dimorpha metagrevilleana","CR","NCR","corrected_redlistTW"
"a024b6e4-6f69-46c4-9ab4-86610b911c38","infraspecies","Plantae","Pteris dimorpha prolongata","LC","NLC","corrected_redlistTW"
"1cb97b72-1943-4585-baaa-e2e38c14a4b0","infraspecies","Plantae","Diplazium esculentum esculentum","LC","NLC","corrected_redlistTW"
"8c564065-39b2-425d-b8d8-358a8d13fa3b","infraspecies","Plantae","Diplazium kawakamii subglabratum","","NLC","corrected_redlistTW"
"58f9120c-21e2-42cf-bd2c-14e0eb9ea80b","infraspecies","Plantae","Cyrtomium falcatum falcatum","LC","NLC","corrected_redlistTW"
"3ae40a98-5a85-445f-8634-3395626bffbb","infraspecies","Plantae","Cyrtomium falcatum australe","LC","NLC","corrected_redlistTW"
"eb4ae92b-95a1-49a1-a084-edc1c17db96a","infraspecies","Plantae","Cyrtomium macrophyllum macrophyllum","EN","NEN","corrected_redlistTW"
"44657fe9-55ea-4bf3-8510-3bf047cd2edc","infraspecies","Plantae","Dryopteris enneaphylla enneaphylla","LC","NLC","corrected_redlistTW"
"f0ceb69c-2ff5-4e1f-8720-e50a469db185","infraspecies","Plantae","Dryopteris wallichiana wallichiana","LC","NLC","corrected_redlistTW"
"648abed4-e2bf-4b88-a2bb-63ce55a97a61","infraspecies","Plantae","Pinus armandii mastersiana","LC","NLC","corrected_redlistTW"
"11118108-8b1f-4aa9-bd4d-6063ce37da7b","infraspecies","Plantae","Chamaecyparis obtusa formosana","NT","NNT","corrected_redlistTW"
"e635fcbc-041a-4ea3-ac9a-1fcb48e26ec2","infraspecies","Plantae","Juniperus formosana formosana","LC","NLC","corrected_redlistTW"
"a8a79422-6e4c-4052-b57d-30f917dd3fe3","infraspecies","Plantae","Myristica ceylanica cagayanensis","VU","NVU","corrected_redlistTW"
"61781142-2a06-4f99-aa08-daf623268060","infraspecies","Plantae","Litsea rotundifolia oblongifolia","LC","NLC","corrected_redlistTW"
"9514d58c-3210-4441-a61c-6f1cc9419bcb","infraspecies","Plantae","Neolitsea sericea aurata","EN","NEN","corrected_redlistTW"
"bc24fd19-7aeb-4cdb-88c9-ee49792b7538","infraspecies","Plantae","Arisaema taiwanense taiwanense","LC","NLC","corrected_redlistTW"
"12f7c406-5425-4298-a63c-0fca3b382b76","infraspecies","Plantae","Colocasia esculenta esculenta","NA",NA,"corrected_redlistTW"
"3302d1b1-e28b-4ccb-a9fb-b963e77ae5ce","infraspecies","Plantae","Sagittaria guayanensis lappula","EN","NEN","corrected_redlistTW"
"12bd50f0-d704-402b-8699-673368249140","infraspecies","Plantae","Dioscorea japonica pseudojaponica","LC","NLC","corrected_redlistTW"
"db3c614a-7bc5-46be-b882-63cbfd70af03","infraspecies","Plantae","Paris polyphylla polyphylla","LC","NLC","corrected_redlistTW"
"5278fc3f-cf5b-49a9-a441-8900b52d101f","infraspecies","Plantae","Smilax bracteata bracteata","LC","NLC","corrected_redlistTW"
"4be009c2-633b-42b2-810c-c972994e48f0","infraspecies","Plantae","Lilium speciosum gloriosoides","CR","NCR","corrected_redlistTW"
"b7597a78-6819-4759-bb73-14537a079a71","infraspecies","Plantae","Bulbophyllum albociliatum weiminianum","DD","NVU","corrected_redlistTW"
"00a1ecf8-7c15-4f80-959a-2e92a4c27127","infraspecies","Plantae","Bulbophyllum electrinum sui","VU","NVU","corrected_redlistTW"
"a5f457d3-2b27-44f1-870f-db23994f5684","infraspecies","Plantae","Calanthe davidii davidii","LC","NLC","corrected_redlistTW"
"ef451aae-eb47-44de-8b3c-5be3fe14f830","infraspecies","Plantae","Calanthe davidii matsudae","","NLC","corrected_redlistTW"
"343441cf-6fe4-4a48-a263-b45a36d11ef9","infraspecies","Plantae","Cephalantheropsis obcordata alboflavescens","LC","NNT","corrected_redlistTW"
"e5a07d35-0dd7-4586-ab63-fa9f1a11d790","infraspecies","Plantae","Cheirostylis pusilla simplex","CR","NCR","corrected_redlistTW"
"051f81c9-21e8-4336-841f-dea98a5c6b32","infraspecies","Plantae","Cymbidium lancifolium aspidistrifolium","LC","NLC","corrected_redlistTW"
"6d4bad02-33d1-4bf9-971e-8b5e0ad77053","infraspecies","Plantae","Cymbidium lancifolium syunitianum","NT","NNT","corrected_redlistTW"
"31dd5400-ad2c-47dd-a6c1-ed4a8482acfe","infraspecies","Plantae","Dendrobium xantholeucum tairukounia","","DD","corrected_redlistTW"
"292ba8bc-2c9e-4df0-b727-a5024b4ee0e9","infraspecies","Plantae","Epipactis helleborine helleborine","NT","NNT","corrected_redlistTW"
"f9727063-80bb-473b-a408-1ecaf4e268c4","infraspecies","Plantae","Gastrodia fontinalis fontinalis","CR","NCR","corrected_redlistTW"
"63651b5f-1110-4378-8fb9-03a8b24ff8ed","infraspecies","Plantae","Gastrodia fontinalis suburceolata","VU","NVU","corrected_redlistTW"
"e7964ad5-8011-4e21-90a5-f03d8e32040c","infraspecies","Plantae","Peristylus lacertifer lacertifer","NT","NNT","corrected_redlistTW"
"c7e9dab1-4c63-47cb-bbbf-dea5a05fbaf4","infraspecies","Plantae","Saccolabiopsis viridiflora taiwaniana","EN","NEN","corrected_redlistTW"
"570939b9-1adc-4b7c-85f1-2d4b82408c11","infraspecies","Plantae","Disporopsis fuscopicta arisanensis","LC","NLC","corrected_redlistTW"
"46501820-9c60-41d1-bddd-cce84a1d742d","infraspecies","Plantae","Musa basjoo formosana","LC","NLC","corrected_redlistTW"
"95932c91-37c0-46a6-a869-c19cdebebd48","infraspecies","Plantae","Musa itinerans kavalanensis","CR","NCR","corrected_redlistTW"
"74d793a3-40d0-421e-80c5-895b02e58c1f","infraspecies","Plantae","Alpinia pricei sessiliflora","LC","NLC","corrected_redlistTW"
"4e4d8ea5-288f-4605-b723-a8526a05a3ef","infraspecies","Plantae","Alpinia shimadae kawakamii","LC","NLC","corrected_redlistTW"
"0b7d348b-c89f-4c0b-83b9-f5caf913f210","infraspecies","Plantae","Juncus effusus decipiens","LC","NLC","corrected_redlistTW"
"05df72c5-0915-46b6-92ad-6340227fb54b","infraspecies","Plantae","Bolboschoenus maritimus affinis","LC","NLC","corrected_redlistTW"
"a93e85dd-8367-4428-a2ae-fa68216d4816","infraspecies","Plantae","Carex grallatoria heteroclita","VU","NVU","corrected_redlistTW"
"1735655a-cd37-450f-b7f2-7c0a71ec999c","infraspecies","Plantae","Carex manca takasagoana","LC","NLC","corrected_redlistTW"
"b5fcc002-9d42-4231-a773-a9104e39a41e","infraspecies","Plantae","Carex tristachya pocilliformis","LC","NLC","corrected_redlistTW"
"5fb8474b-ad8b-42a4-a502-f3c2ba944064","infraspecies","Plantae","Cyperus imbricatus imbricatus","LC","NLC","corrected_redlistTW"
"920b4487-db72-42a3-84d2-d5c5b68691c5","infraspecies","Plantae","Cyperus imbricatus elongatus","LC","NLC","corrected_redlistTW"
"38e2cdac-dfa0-4e1c-b8c0-d6583b89356e","infraspecies","Plantae","Cyperus malaccensis malaccensis","LC","NLC","corrected_redlistTW"
"155e6db8-ab8d-45ad-959e-762ee641cc47","infraspecies","Plantae","Cyperus malaccensis monophyllus","LC","NLC","corrected_redlistTW"
"e2e6e4dc-5f4f-40c4-ae3e-adbe2f1d9565","infraspecies","Plantae","Cyperus nutans subprolixus","LC","NLC","corrected_redlistTW"
"ddb257c3-4838-4eeb-98a8-c267493d98e2","infraspecies","Plantae","Eleocharis congesta japonica","LC","NLC","corrected_redlistTW"
"a7e87990-f05b-4028-99c8-3d15a42e52b7","infraspecies","Plantae","Fimbristylis aestivalis aestivalis","LC","NLC","corrected_redlistTW"
"5ee9c2e1-20a6-47af-96ef-b8b466d9b5b2","infraspecies","Plantae","Fimbristylis ferruginea ferruginea","LC","NLC","corrected_redlistTW"
"ee307210-f1a2-461f-a230-f28ac5c44c52","infraspecies","Plantae","Fimbristylis ferruginea anpinensis","LC","NLC","corrected_redlistTW"
"ba64681b-547d-4ca0-bfe8-a3dcf55487e3","infraspecies","Plantae","Fimbristylis littoralis koidzumiana","LC","NLC","corrected_redlistTW"
"04bf0aa7-4eb2-497a-b839-49367b823dbb","infraspecies","Plantae","Agrostis infirma infirma","LC","NLC","corrected_redlistTW"
"9b96bfd7-f8b7-4e0c-839d-7d14a487de1b","infraspecies","Plantae","Agrostis infirma arisan-montana","LC","NLC","corrected_redlistTW"
"5af63d98-d9e7-429b-a145-c18f0cc6d6b7","infraspecies","Plantae","Arrhenatherum elatius variegatum","NA",NA,"corrected_redlistTW"
"06aca014-584b-48b0-84a4-9bbd81349b48","infraspecies","Plantae","Bambusa pachinensis pachinensis","LC","NLC","corrected_redlistTW"
"13367dfb-9e05-4e57-9acd-9b0515b911a7","infraspecies","Plantae","Capillipedium parviflorum spicigerum","LC","NLC","corrected_redlistTW"
"97edc11f-4583-47e3-a3e2-2b9a9a23eb86","infraspecies","Plantae","Chloris divaricata cynodontoides","NA",NA,"corrected_redlistTW"
"6e990001-4d32-48f2-9e42-39403295d14c","infraspecies","Plantae","Digitaria radicosa radicosa","LC","NLC","corrected_redlistTW"
"02596424-09cb-42db-8693-e85fe9d69f72","infraspecies","Plantae","Digitaria radicosa hirsuta","LC","NLC","corrected_redlistTW"
"72bd77d6-2e8e-454a-a2d8-5cf4d2554478","infraspecies","Plantae","Imperata cylindrica major","LC","NLC","corrected_redlistTW"
"fabc7ac0-0dfe-473d-b22e-320f97ceaeab","infraspecies","Plantae","Ischaemum aristatum glaucum","DD","NLC","corrected_redlistTW"
"9923b328-9a53-48fe-bbc9-46c7b1dc8dfe","infraspecies","Plantae","Leptochloa fusca fascicularis","NA",NA,"corrected_redlistTW"
"20a42130-5aaa-4c71-8642-b27dccd147d8","infraspecies","Plantae","Panicum curviflorum suishaense","CR","NCR","corrected_redlistTW"
"c054614e-2d6a-4ab6-99dc-f2139905cead","infraspecies","Plantae","Sporobolus indicus major","LC","NLC","corrected_redlistTW"
"1cd8aef1-ac00-4e8c-865d-38f91d9f1c72","infraspecies","Plantae","Trisetum spicatum formosanum","LC","NLC","corrected_redlistTW"
"236cc3fb-1d9d-4582-b01d-ba5a4f45b243","infraspecies","Plantae","Stephania japonica japonica","LC","NLC","corrected_redlistTW"
"caf237cc-d791-4a24-85a8-1c0c6e582ee0","infraspecies","Plantae","Clematis gouriana lishanensis","LC","NLC","corrected_redlistTW"
"a12f6b9a-7bed-4ace-977f-49b546c5b5df","infraspecies","Plantae","Clematis henryi henryi","LC","NLC","corrected_redlistTW"
"1aaecb7a-8ce6-4590-b276-80e0f69398b7","infraspecies","Plantae","Clematis parviloba bartlettii","NT","NNT","corrected_redlistTW"
"22f9a496-ffc8-4d78-9a5a-553dead379f7","infraspecies","Plantae","Clematis tashiroi tashiroi","LC","NLC","corrected_redlistTW"
"d25e0c39-dc73-49bd-81ac-8e1468d8b83f","infraspecies","Plantae","Clematis terniflora garanbiensis","VU","NVU","corrected_redlistTW"
"89c14b1f-d82b-4bcf-8d9b-de74b09dca49","infraspecies","Plantae","Buxus microphylla sinica","LC","NLC","corrected_redlistTW"
"f5928783-401f-4d70-a741-81c3eed5720f","infraspecies","Plantae","Ampelopsis cantoniensis leecoides","LC","NLC","corrected_redlistTW"
"9c7f2b7a-ce42-4e0b-b9cc-af0040cc4c71","infraspecies","Plantae","Vitis flexuosa parvifolia","NA","NNT","corrected_redlistTW"
"81dbacac-0849-4a41-83ae-d2f8eb6baee4","infraspecies","Plantae","Vitis thunbergii taiwaniana","EN","NEN","corrected_redlistTW"
"89054486-6fe6-4408-ba21-f3e991b800de","infraspecies","Plantae","Aeschynomene americana glandulosa","NA",NA,"corrected_redlistTW"
"bb993813-7755-4518-a800-e3a68327cd29","infraspecies","Plantae","Alysicarpus vaginalis vaginalis","LC","NLC","corrected_redlistTW"
"b33136a0-631c-4e55-8384-b71a34a85d4b","infraspecies","Plantae","Dolichos trilobus kosyunensis","VU","NVU","corrected_redlistTW"
"cd722826-385e-45c6-97d2-8fb065e8c1ab","infraspecies","Plantae","Galactia tenuiflora villosa","LC","NLC","corrected_redlistTW"
"c2d57fe8-9246-40d5-aa70-e400d8d95fdc","infraspecies","Plantae","Hylodesmum podocarpum oxyphyllum","LC","NLC","corrected_redlistTW"
"c4706a97-d3fd-42bf-812f-d9fbdb62702e","infraspecies","Plantae","Lespedeza thunbergii formosa","LC","NLC","corrected_redlistTW"
"03be7af0-96e2-4ddc-9489-371034ee11b9","infraspecies","Plantae","Vicia sativa nigra","NA",NA,"corrected_redlistTW"
"e4c95c33-d2e4-4289-b03b-c78b1824b6fc","infraspecies","Plantae","Vigna minima minor","LC","NLC","corrected_redlistTW"
"c9621ef9-bd8f-49c3-b9c3-5ee64af424d4","infraspecies","Plantae","Vigna unguiculata sesquipedalis","NE",NA,"corrected_redlistTW"
"1c5a3acb-cdda-4924-9414-c606d90dfdc8","infraspecies","Plantae","Vigna vexillata tsusimensis","LC","NLC","corrected_redlistTW"
"ba386bdd-e988-46c5-b03d-285edade94e9","infraspecies","Plantae","Photinia serratifolia serratifolia","LC","NLC","corrected_redlistTW"
"6a31fc42-4dbd-4603-baea-458c14efc9b6","infraspecies","Plantae","Photinia serratifolia daphniphylloides","","NLC","corrected_redlistTW"
"c05f2dcf-7b6b-4bb1-a60f-677dccadcec1","infraspecies","Plantae","Prunus phaeosticta phaeosticta","LC","NLC","corrected_redlistTW"
"79f16c91-309c-484f-b04c-15067f207cd5","infraspecies","Plantae","Prunus phaeosticta ilicifolia","EN","NEN","corrected_redlistTW"
"fca42fc0-35f1-4300-bc3b-64ecb6515402","infraspecies","Plantae","Rhaphiolepis indica shilanensis","LC","NLC","corrected_redlistTW"
"9ce50c1a-dc20-46c0-9751-5579a2a692cc","infraspecies","Plantae","Rhaphiolepis indica tashiroi","LC","NLC","corrected_redlistTW"
"30b0b0ee-6d2f-4715-a666-54b51a85f03a","infraspecies","Plantae","Rubus croceacanthus croceacanthus","LC","NLC","corrected_redlistTW"
"c2ae4b90-21fd-4072-97f2-751aac5e7579","infraspecies","Plantae","Rubus nagasawanus nagasawanus","VU","NVU","corrected_redlistTW"
"6ad7ae9b-7a92-4c3a-99cd-31198ff0630f","infraspecies","Plantae","Rubus pungens pungens","LC","NLC","corrected_redlistTW"
"53b26957-f1e8-4af8-9ca2-646fcc7e5afd","infraspecies","Plantae","Spiraea prunifolia pseudoprunifolia","LC","NLC","corrected_redlistTW"
"dc1ff616-37eb-43fe-95cb-463b061e4e15","infraspecies","Plantae","Rhamnus chingshuiensis chingshuiensis","EN","NEN","corrected_redlistTW"
"33d0e7fc-c97d-4a98-abe5-c0a84fd57507","infraspecies","Plantae","Sageretia thea thea","LC","NLC","corrected_redlistTW"
"f81eb251-6f0f-4f23-af8b-16f351416200","infraspecies","Plantae","Ficus erecta beecheyana","LC","NLC","corrected_redlistTW"
"548be040-659d-475c-812d-b6fed9e75964","infraspecies","Plantae","Ficus fistulosa benguetensis","NA",NA,"corrected_redlistTW"
"649f75a6-2fbc-4c79-aebd-3e8e32c983c6","infraspecies","Plantae","Ficus formosana shimadae","NA",NA,"corrected_redlistTW"
"7ced84fc-55cc-402d-8bd0-a72fd353dca5","infraspecies","Plantae","Ficus microcarpa microcarpa","LC","NLC","corrected_redlistTW"
"5b1b8211-df7f-4c17-8ccb-37185674005b","infraspecies","Plantae","Ficus pedunculosa pedunculosa","VU","NVU","corrected_redlistTW"
"6d8dbb3e-41e3-485f-880f-20245a2341f7","infraspecies","Plantae","Ficus pedunculosa mearnsii","VU","NVU","corrected_redlistTW"
"6ecfff43-3c58-4f9e-a091-7ee543c981e6","infraspecies","Plantae","Ficus pumila awkeotsang","LC","NLC","corrected_redlistTW"
"2ed45ccd-88bd-454e-884d-dceead0cbb29","infraspecies","Plantae","Ficus ruficaulis antaoensis","NT","NNT","corrected_redlistTW"
"b8d17cb7-4550-4ee5-8b69-1ab93c0c41e9","infraspecies","Plantae","Ficus sarmentosa henryi","LC","NLC","corrected_redlistTW"
"ad53cc3f-e067-4b59-b1b4-f8c25e3302b0","infraspecies","Plantae","Ficus trichocarpa obtusa","NT","NNT","corrected_redlistTW"
"e164f7d1-a6ff-4448-94d3-ae09069d122e","infraspecies","Plantae","Gonostegia pentandra hypericifolia","","NVU","corrected_redlistTW"
"f905ab33-410f-47cb-8796-a9a21700c49c","infraspecies","Plantae","Coriaria japonica intermedia","LC","NLC","corrected_redlistTW"
"d4a15c10-bad7-455e-9029-e63504b80eef","infraspecies","Plantae","Elaeocarpus sphaericus hayatae","NT","NNT","corrected_redlistTW"
"5a031ee0-8c3e-418b-b1f1-a80230cd7307","infraspecies","Plantae","Elaeocarpus sylvestris sylvestris","LC","NLC","corrected_redlistTW"
"4e99d231-3721-4e9c-9ed4-adb04db868fd","infraspecies","Plantae","Viola formosana formosana","LC","NLC","corrected_redlistTW"
"dd9b7164-0bd0-425d-af0b-d00d9198b22e","infraspecies","Plantae","Viola formosana stenopetala","LC","NLC","corrected_redlistTW"
"ae8893da-68b3-45c9-83e6-d5a6b3368cd1","infraspecies","Plantae","Salix fulvopubescens doii","LC","NLC","corrected_redlistTW"
"bd6b75cb-d062-4381-926a-6d33789f5a71","infraspecies","Plantae","Salix taiwanalpina taiwanalpina","NT","NNT","corrected_redlistTW"
"26197cd5-f129-41a2-89ee-64737fd96b73","infraspecies","Plantae","Salix taiwanalpina morrisonicola","NT","NNT","corrected_redlistTW"
"cd2acb84-ca7a-4d27-a82a-fc771d3ebfea","infraspecies","Plantae","Acalypha indica indica","NA","NLC","corrected_redlistTW"
"60050ba3-81de-4273-8dea-4120afb8b890","infraspecies","Plantae","Alchornea trewioides formosae","VU","NVU","corrected_redlistTW"
"a37c780c-58a1-431e-81b9-d3d307fb3ce1","infraspecies","Plantae","Mallotus paniculatus formosanus","LC","NLC","corrected_redlistTW"
"4d5ecf1a-1f30-4a1e-b0a8-b125780f0b48","infraspecies","Plantae","Breynia officinalis officinalis","LC","NLC","corrected_redlistTW"
"22969265-de51-4589-9b07-9e5dec4ae92a","infraspecies","Plantae","Breynia officinalis accrescens","LC","NLC","corrected_redlistTW"
"2d131300-3bac-45d2-abcb-4778e41d082f","infraspecies","Plantae","Glochidion zeylanicum zeylanicum","LC","NLC","corrected_redlistTW"
"bfe713e5-c77a-4332-9f9a-6c53ad09c81b","infraspecies","Plantae","Phyllanthus urinaria nudicarpus","LC","NLC","corrected_redlistTW"
"0674fbd7-0e3e-414e-8a64-968145da9da4","infraspecies","Plantae","Geranium nepalense thunbergii","LC","NLC","corrected_redlistTW"
"de6bb8e6-4a9c-4daf-969b-55861b2f0c5a","infraspecies","Plantae","Bredia hirsuta rotundifolia","NT","NNT","corrected_redlistTW"
"b0fc1a85-52ff-4adb-b233-0cbafc943156","infraspecies","Plantae","Bredia hirsuta scandens","LC","NLC","corrected_redlistTW"
"0d28ef52-53b5-4dc3-b1b2-cd5053ebcd9f","infraspecies","Plantae","Sarcopyramis napalensis bodinieri","LC","NLC","corrected_redlistTW"
"bac5a120-2d83-4819-9952-8f9919ec3234","infraspecies","Plantae","Sarcopyramis napalensis delicata","LC","NLC","corrected_redlistTW"
"9d35e43a-e48f-4d9a-9792-3bfe1842d73e","infraspecies","Plantae","Glycosmis parviflora parviflora","NT","NNT","corrected_redlistTW"
"d3068562-44c9-4404-b423-7ef0cd28a60a","infraspecies","Plantae","Phellodendron amurense wilsonii","CR","NCR","corrected_redlistTW"
"e66c6c2c-2638-42a1-84b3-62da74811608","infraspecies","Plantae","Abutilon indicum indicum","LC","NLC","corrected_redlistTW"
"7169a9e0-3519-48d0-892c-bde8bf40ef7e","infraspecies","Plantae","Sida javensis expilosa","","DD","corrected_redlistTW"
"3f065ee0-7831-4b43-a8c8-a6b82b99837c","infraspecies","Plantae","Sida rhombifolia rhombifolia","LC","NLC","corrected_redlistTW"
"9305e0f1-5f41-4f9b-aa1a-130e7c3c4219","infraspecies","Plantae","Capparis sikkimensis formosana","NT","NNT","corrected_redlistTW"
"63cd5f98-92f2-454f-8ee0-4c850f9715e6","infraspecies","Plantae","Arabis alpina formosana","LC","NLC","corrected_redlistTW"
"8a7a2ca2-e26f-49ff-a99b-94d4dfe799b8","infraspecies","Plantae","Taxillus limprichtii limprichtii","VU","NVU","corrected_redlistTW"
"107a8bd0-f0a8-4448-80dd-8914747d32d6","infraspecies","Plantae","Taxillus lonicerifolius longifolius","LC","NLC","corrected_redlistTW"
"4b3787f7-1c2a-40ae-b72f-b64fd33c1380","infraspecies","Plantae","Taxillus lonicerifolius lonicerifolius","LC","NLC","corrected_redlistTW"
"03e907e0-d0a1-40fe-9a98-3e5fec72a2e5","infraspecies","Plantae","Persicaria barbata barbata","LC","NLC","corrected_redlistTW"
"1d5a312e-d88f-4b6c-8405-a4a5dea7b39f","infraspecies","Plantae","Persicaria barbata gracilis","LC","NLC","corrected_redlistTW"
"4b450d8c-a007-40fe-8875-0c1560c1dfc8","infraspecies","Plantae","Rumex crispus crispus","NA",NA,"corrected_redlistTW"
"fc9a071e-c864-4e39-8612-4162300064ac","infraspecies","Plantae","Dianthus superbus taiwanensis","LC","NLC","corrected_redlistTW"
"c9dc39d7-a8df-46db-9af4-79d44c41de29","infraspecies","Plantae","Achyranthes bidentata bidentata","LC","NLC","corrected_redlistTW"
"3a31dc30-3d2d-4a5f-822c-d8a90f499c2c","infraspecies","Plantae","Achyranthes bidentata japonica","LC","NLC","corrected_redlistTW"
"9f5628fc-4830-4d73-ace0-6aad76fb48f0","infraspecies","Plantae","Portulaca pilosa pilosa","NA","NLC","corrected_redlistTW"
"32da5c35-e626-4bf0-99db-66736158f391","infraspecies","Plantae","Cleyera japonica japonica","LC","NLC","corrected_redlistTW"
"4ea79f78-db4c-4656-92b7-8c139b99ccb0","infraspecies","Plantae","Cleyera japonica longicarpa","LC","NLC","corrected_redlistTW"
"d109ae2d-e7d5-4b98-8f82-e8537b94a84c","infraspecies","Plantae","Cleyera japonica taipinensis","LC","NLC","corrected_redlistTW"
"6466c984-66fb-4502-9ed9-bbc73b448215","infraspecies","Plantae","Embelia laeta papilligera","LC","NLC","corrected_redlistTW"
"2b02ccc4-e42d-4acb-b0d5-7f561e84d907","infraspecies","Plantae","Schima superba kankaoensis","LC","NLC","corrected_redlistTW"
"40f7d77d-027f-4c3d-9c63-4903f276a5fd","infraspecies","Plantae","Symplocos cochinchinensis cochinchinensis","LC","NLC","corrected_redlistTW"
"ad9ec200-bf6f-4280-93e8-d2328ae09a03","infraspecies","Plantae","Styrax formosanus formosanus","LC","NLC","corrected_redlistTW"
"4fa3001a-7ffc-4820-9632-6fbd9b458033","infraspecies","Plantae","Lyonia ovalifolia ovalifolia","LC","NLC","corrected_redlistTW"
"6c438b96-d6e2-4da7-ab1b-aadf33a264bd","infraspecies","Plantae","Vaccinium dunalianum caudatifolium","LC","NLC","corrected_redlistTW"
"7bb60bf7-76d3-40e8-9ef2-5d55c9bdf198","infraspecies","Plantae","Vaccinium wrightii wrightii","LC","NLC","corrected_redlistTW"
"11aa2db7-9f87-48b2-a92d-80de4cb8e1ae","infraspecies","Plantae","Rhododendron rubropilosum rubropilosum","LC","NLC","corrected_redlistTW"
"59349f68-a651-4907-8039-a988b02fb360","infraspecies","Plantae","Mussaenda macrophylla brevipilosa","","NNT","corrected_redlistTW"
"6e37bdcf-a959-4166-9e41-aaea5b065299","infraspecies","Plantae","Lasianthus appressihirtus maximus","LC","NLC","corrected_redlistTW"
"be9dbe85-01df-4007-aa7b-6ec9ebc68139","infraspecies","Plantae","Lasianthus japonicus satsumensis","LC","NLC","corrected_redlistTW"
"5960e785-d797-4cc5-9c9d-28d6a7985813","infraspecies","Plantae","Lasianthus obliquinervis obliquinervis","LC","NLC","corrected_redlistTW"
"a170a6aa-7ae8-48e1-b892-9bfdff66847a","infraspecies","Plantae","Uncaria lanosa appendiculata","NT","NNT","corrected_redlistTW"
"93d565ff-124a-4f6b-939d-8eb02de6b417","infraspecies","Plantae","Gentiana scabrida punctulata","LC","NLC","corrected_redlistTW"
"6842cd35-c470-4303-b7eb-1fec362dec6e","infraspecies","Plantae","Ipomoea carnea fistulosa","NA",NA,"corrected_redlistTW"
"8c7032dc-2e15-4141-85a0-fc6b344dd31a","infraspecies","Plantae","Ipomoea pes-caprae brasiliensis","LC","NLC","corrected_redlistTW"
"554e735c-bf41-4e0b-bc49-33f6d7071084","infraspecies","Plantae","Lepistemon binectariferum trichocarpum","NT","NNT","corrected_redlistTW"
"ae455c53-61f9-42d1-b044-91027e6cd2b7","infraspecies","Plantae","Lycopersicon esculentum cerasiforme","NA",NA,"corrected_redlistTW"
"f8963818-4aca-4021-9a37-b71ae7cd6bea","infraspecies","Plantae","Lysionotus pauciflorus ikedae","EN","NEN","corrected_redlistTW"
"ca9f0bdc-2102-427a-b4e3-5d711870da52","infraspecies","Plantae","Rhynchoglossum obliquum hologlossum","LC","NLC","corrected_redlistTW"
"9a468d01-7bf0-4033-8eb5-40fd8d5e38c3","infraspecies","Plantae","Callitriche palustris palustris","NT","NNT","corrected_redlistTW"
"933203d0-9874-4f3b-9971-bbcae76d5bdc","infraspecies","Plantae","Justicia procumbens procumbens","LC","NLC","corrected_redlistTW"
"5a8af401-3578-413b-98fc-44885b5a3c6f","infraspecies","Plantae","Justicia procumbens hayatae","VU","NVU","corrected_redlistTW"
"26c807ec-7f76-409b-b0a2-e7b5a9f4009d","infraspecies","Plantae","Justicia procumbens hirsuta","VU","NVU","corrected_redlistTW"
"7a63e1b3-cfac-4818-b80a-8d6a5f8eabbf","infraspecies","Plantae","Justicia procumbens linearifolia","VU","NVU","corrected_redlistTW"
"74034b1e-97cf-442b-bb80-40ab7e24988d","infraspecies","Plantae","Asystasia gangetica gangetica","NA",NA,"corrected_redlistTW"
"b1231239-682b-439e-a637-372edacffb31","infraspecies","Plantae","Salvia formosana matsudae","LC","NLC","corrected_redlistTW"
"839b7239-1ed6-4398-b26b-2d0ed44c1900","infraspecies","Plantae","Callicarpa formosana formosana","LC","NLC","corrected_redlistTW"
"f75773fa-c098-4646-b37d-5efe65ab7f1f","infraspecies","Plantae","Callicarpa formosana glabrata","LC","NLC","corrected_redlistTW"
"5d70d366-e75b-43d6-8bdd-7f9d9fd603b2","infraspecies","Plantae","Prunella vulgaris asiatica","LC","NLC","corrected_redlistTW"
"82d1c318-3360-4e45-869b-dd4c66850529","infraspecies","Plantae","Clinopodium laxiflorum taiwanianum","NT","NNT","corrected_redlistTW"
"8d561dd5-029b-487c-a703-bd230b361962","infraspecies","Plantae","Euphrasia transmorrisonensis transmorrisonensis","LC","NLC","corrected_redlistTW"
"f3a872c4-2d78-474f-91ee-48ac342406c6","infraspecies","Plantae","Ilex lonicerifolia lonicerifolia","NT","NNT","corrected_redlistTW"
"fce7e6e6-67d4-47f6-9ad2-7af929c658f7","infraspecies","Plantae","Ilex lonicerifolia matsudae","LC","NLC","corrected_redlistTW"
"a0f7501d-f64e-47bb-88f9-cd7d69e4dc2d","infraspecies","Plantae","Ilex sugerokii brevipedunculata","LC","NLC","corrected_redlistTW"
"d94bae32-1c10-4711-b256-06316c202f6a","infraspecies","Plantae","Ilex yunnanensis parvifolia","LC","NLC","corrected_redlistTW"
"ab30291f-7c55-4c9a-876e-daff27e66d44","infraspecies","Plantae","Lobelia alsinoides hancei","LC","NLC","corrected_redlistTW"
"052dd7f1-f1c2-46c0-aad7-7f113b37f3d1","infraspecies","Plantae","Adenophora morrisonensis morrisonensis","LC","NLC","corrected_redlistTW"
"59ab5e1a-20c8-48b5-8b76-c13f0b9ecb22","infraspecies","Plantae","Adenophora morrisonensis uehatae","LC","NLC","corrected_redlistTW"
"52c49cec-4778-4491-9028-dce47d99f2dc","infraspecies","Plantae","Codonopsis javanica japonica","LC","NLC","corrected_redlistTW"
"247bd014-be8d-46d1-84b0-10b435c181af","infraspecies","Plantae","Vernonia cinerea parviflora","LC","NLC","corrected_redlistTW"
"a4c1de23-45d0-44b0-b5b1-9e02e596d229","infraspecies","Plantae","Eupatorium clematideum clematideum","LC","NLC","corrected_redlistTW"
"41c0c5bc-65d2-4479-a0c8-94af6651915c","infraspecies","Plantae","Eupatorium clematideum gracillimum","VU","NVU","corrected_redlistTW"
"0a7c7573-17d1-4f11-b205-5499c0f4f3ae","infraspecies","Plantae","Cirsium japonicum australe","LC","NLC","corrected_redlistTW"
"a6d962fc-9771-4228-90cc-087b6adf0f0a","infraspecies","Plantae","Cirsium japonicum takaoense","LC","NLC","corrected_redlistTW"
"da9e8ce1-be50-45cb-929c-ec103ae36ab9","infraspecies","Plantae","Bidens pilosa minor","LC","NLC","corrected_redlistTW"
"b44154c5-8eac-4505-92b1-3368f500cbc9","infraspecies","Plantae","Aster subulatus subulatus","NA",NA,"corrected_redlistTW"
"8e9c1a64-5dce-47bc-acd8-489cfd94f6f6","infraspecies","Plantae","Gnaphalium hypoleucum hypoleucum","LC","NLC","corrected_redlistTW"
"75cd2112-2908-4a40-8f91-520b7bc26fed","infraspecies","Plantae","Gnaphalium luteoalbum luteoalbum","LC","NLC","corrected_redlistTW"
"d871a51b-e41f-435e-9d81-73de0ef76e0e","infraspecies","Plantae","Adenostemma lavenia lavenia","LC","NLC","corrected_redlistTW"
"1dfc3190-42ab-45fa-bd4d-bac88f76070b","infraspecies","Plantae","Adenostemma lavenia parviflorum","LC","NLC","corrected_redlistTW"
"489d2d8b-e81a-4441-bcca-750bc4e92264","infraspecies","Plantae","Ainsliaea latifolia henryi","LC","NLC","corrected_redlistTW"
"d523f3ba-ba54-43b5-894e-6dbecad73610","infraspecies","Plantae","Farfugium japonicum japonicum","NT","NNT","corrected_redlistTW"
"42a2a876-0bf3-4179-8b78-0c966a1acb72","infraspecies","Plantae","Gynura divaricata formosana","LC","NLC","corrected_redlistTW"
"e34fcb07-6965-4d09-90af-b4dc49a1c105","infraspecies","Plantae","Youngia japonica japonica","LC","NLC","corrected_redlistTW"
"d9d3d902-fb30-4c35-8272-7a0e039c6efd","infraspecies","Plantae","Youngia japonica longiflora","LC","NLC","corrected_redlistTW"
"cd815e4f-a4d7-4df7-a33a-4224e7754cab","infraspecies","Plantae","Viburnum foetidum rectangulatum","LC","NLC","corrected_redlistTW"
"e3e12028-3dde-4020-94e7-c3965bc6a8d5","infraspecies","Plantae","Viburnum plicatum formosanum","NT","NNT","corrected_redlistTW"
"70b44a18-a715-4922-a35a-b726f2b70eff","infraspecies","Plantae","Abelia chinensis ionandra","VU","NVU","corrected_redlistTW"
"ec04f4c7-d941-4281-94fe-c66523076b2a","infraspecies","Plantae","Pittosporum illicioides illicioides","LC","NLC","corrected_redlistTW"
"4a99ca79-3811-4a23-9d4a-5516527b906e","infraspecies","Plantae","Eleutherococcus trifoliatus trifoliatus","LC","NLC","corrected_redlistTW"
"a6480e53-0d59-4c82-ab23-b75bf785df90","infraspecies","Plantae","Eleutherococcus trifoliatus setosus","LC","NLC","corrected_redlistTW"
"a9e13ce9-363c-42ef-ab82-7c9aa7abf274","infraspecies","Plantae","Angelica dahurica formosana","VU","NVU","corrected_redlistTW"
"5aacdf9b-d5da-482b-bc30-9d91635d0322","infraspecies","Plantae","Angelica morrisonicola morrisonicola","LC","NLC","corrected_redlistTW"
"6d18538d-75de-44fb-bc2b-d0fdaa343eaf","infraspecies","Plantae","Arabis stelleri japonica","VU","NVU","corrected_redlistTW"
"e4f91b7e-ea7f-455f-8cee-601693054a1c","infraspecies","Plantae","Lindernia dubia anagallidea","NA",NA,"corrected_redlistTW"
"12c920ac-e8d3-4ba1-bb70-18583a5d278b","species","Animalia","Gekko gecko","NA",NA,"corrected_redlistTW"
"c4257995-939a-41a7-8cd6-1d2e549e7b30","species","Plantae","Hymenachne amplexicaulis","","NEN","corrected_redlistTW"
"25e17bd9-9455-4f45-bde9-ca870ccc7698","infraspecies","Animalia","Horornis canturians borealis","LC","NLC","corrected_redlistTW"
"bde89c9b-d5ab-4435-ab3b-4473db6bea6e","species","Animalia","Belobranchus belobranchus","LC","NLC","corrected_redlistTW"
"3d8ba1a6-bc9e-4a3f-a1b1-95d2fa22837b","species","Animalia","Sicyopterus longifilis","LC","NLC","corrected_redlistTW"
"6aea4758-bc1c-42f0-ae1e-077c13fc989f","infraspecies","Animalia","Anas crecca carolinensis","NT","NNT","corrected_redlistTW"
"c7e5ba9a-a9e4-419d-a51f-7f9366bcec83","infraspecies","Animalia","Charadrius alexandrinus nihonensis","LC","NLC","corrected_redlistTW"
"c74356e2-4bcc-43b0-a5ee-33d3e9820637","infraspecies","Animalia","Motacilla alba personata","LC","NLC","corrected_redlistTW"
"f3bb3294-f26a-4d6c-ab70-23f5b0667481","species","Animalia","Physignathus cocincinus","NA",NA,"corrected_redlistTW"
"30ecc23f-0b29-440d-abe7-85e3ac4881c3","species","Animalia","Chamaeleo calyptratus","NA",NA,"corrected_redlistTW"
"0ac9ccc0-099f-4c10-b84c-5d43b505a764","species","Animalia","Sicyopus auxilimentus","NT","NNT","corrected_redlistTW"
"89d7be27-d836-4ef1-8cfa-2ea202ce995b","species","Animalia","Eleutherodactylus planirostris","NA",NA,"corrected_redlistTW"
"e32c6d37-4d2e-49c2-83a2-38a3e5d7eb4d","species","Animalia","Lycodon capucinus","NA",NA,"corrected_redlistTW"
"7676cf9a-9a80-489e-8271-9d6b92021024","infraspecies","Animalia","Shijimia moorei taiwana","NT","NNT","corrected_redlistTW"
"4927d39c-969e-4f49-8779-012eb539f51a","species","Animalia","Graphium mullah","NT","NNT","corrected_redlistTW"
"a9304a95-7375-4c28-a4cf-d33f0dbf2cdf","species","Animalia","Stiphodon imperiorientis","EN","NEN","corrected_redlistTW"
"02e33fee-9f12-47e9-ad2e-b021fa725f0b","species","Plantae","Aleuritopteris krameri","DD","","corrected_redlistTW"
"8ef80f7a-ad73-4ab5-8e62-88f991f9339d","infraspecies","Animalia","Graphium mullah chungianus","NT","NNT","corrected_redlistTW"
"23a13f43-d602-4dbe-bec5-4d4f5e452433","infraspecies","Animalia","Delias pasithoe pasithoe","","NLC","corrected_redlistTW"
"76f17fcc-1311-4835-a037-05f6126d94af","infraspecies","Animalia","Potanthus confucius confucius","","NLC","corrected_redlistTW"
"a1e4ecc0-5930-43db-9db1-92bd302faf13","infraspecies","Animalia","Telicota colon stinga","NT","NNT","corrected_redlistTW"
"0ac37021-d481-4e4b-a72c-f7b7539a86c4","infraspecies","Animalia","Caltoris bromus bromus","NT","NNT","corrected_redlistTW"
"c9a696f9-7831-4297-a49e-5472af83b6b1","infraspecies","Animalia","Ixias pyrene pyrene","NT","NNT","corrected_redlistTW"
"2d88ff7e-2bb5-46fc-a15a-56c302890a78","infraspecies","Animalia","Graphium mullah mullah","NT","NNT","corrected_redlistTW"
"6d41873c-78de-4ece-8592-5b75c4427903","infraspecies","Animalia","Papilio paris paris","","NLC","corrected_redlistTW"
"1fa90c9b-4d3a-4849-99fb-a591461abc14","infraspecies","Animalia","Colias erate sinensis","NT","NNT","corrected_redlistTW"
"c05b9690-698a-4029-b80c-8d9bab383843","infraspecies","Animalia","Papilio bianor bianor","","NLC","corrected_redlistTW"
"fd7432d3-acd2-47f2-b5c8-442c77742be7","infraspecies","Animalia","Appias albina darada","","NLC","corrected_redlistTW"
"53a64f94-f150-423b-8be6-1aa12fea3a20","infraspecies","Animalia","Hebomoia glaucippe glaucippe","","NLC","corrected_redlistTW"
"eae6bbe2-15e1-43b9-9302-5f1119c01a25","infraspecies","Animalia","Artipe eryx eryx","NT","NNT","corrected_redlistTW"
"15975879-430d-4e24-a3ae-de73aa4e198c","infraspecies","Animalia","Spindasis syama lamuae","LC","NLC","corrected_redlistTW"
"22c80f43-cd3d-4f03-957f-43541a1e0b39","infraspecies","Animalia","Tongeia filicaudis filicaudis","NT","NNT","corrected_redlistTW"
"1d9f9c65-70c0-4a3d-96a0-57847a30e391","infraspecies","Animalia","Taraka hamada isona","","NLC","corrected_redlistTW"
"fc61b96b-871e-4662-a57b-1d40ffb4e0a6","infraspecies","Animalia","Heliophorus ila chinensis","","NLC","corrected_redlistTW"
"84b07d16-3ef3-4254-897f-58786564add7","infraspecies","Animalia","Jamides bochus plato","","NLC","corrected_redlistTW"
"3f23896d-4d6f-4812-9f46-2c31c75ae129","infraspecies","Animalia","Jamides bochus herodicus","","NLC","corrected_redlistTW"
"e35ea0c7-e783-485f-a2a4-b67fdff40e8f","infraspecies","Animalia","Zizeeria maha maha","","NLC","corrected_redlistTW"
"22e95ab8-8a11-4fa8-a68b-cea7317124a9","infraspecies","Animalia","Zizina otis otis","","NLC","corrected_redlistTW"
"5d575722-40d7-43fa-ad82-9ad3774b83cb","infraspecies","Animalia","Acytolepis puspa gisca","","NLC","corrected_redlistTW"
"040233e8-130b-4f91-957b-b7451f9f4922","infraspecies","Animalia","Chilades pandava pandava","","NLC","corrected_redlistTW"
"49395a43-358b-46f8-bf58-2785ead757a1","infraspecies","Plantae","Corydalis pallida pallida","LC","NLC","corrected_redlistTW"
"e6dd3f81-848e-4d8e-b83f-dfed87be2971","infraspecies","Animalia","Catopsilia pomona pomona","LC","NLC","corrected_redlistTW"
"753c6697-dfae-4f68-ab09-06117cb1e772","infraspecies","Animalia","Catopsilia pyranthe pyranthe","LC","NLC","corrected_redlistTW"
"e486dd05-44ac-4fd1-ac24-228e53af0ccb","infraspecies","Plantae","Symplocos formosana taiheizanensis","","NLC","corrected_redlistTW"
"771ae925-cd89-407a-81ba-901f0a9e12e6","species","Plantae","Polystichum mayebarae","DD","","corrected_redlistTW"
"b52698fa-e3b8-4ca8-b58d-4643a2ff8a70","infraspecies","Plantae","Oplismenus compositus intermedius","LC","NLC","corrected_redlistTW"
"ebf99845-3cba-4d53-8dbb-37c056f3d5c4","infraspecies","Plantae","Neolitsea aciculata aciculata","LC","NLC","corrected_redlistTW"
"1d17f804-1f7b-4628-b5bc-5fba5f669ee8","species","Plantae","Citrus × aurantium","VU","DD","corrected_redlistTW"
"84fd49cd-1cde-4b32-85f3-14adf195d515","species","Plantae","Deparia deflexa","","DD","corrected_redlistTW"
"6bacaf64-48f2-45d5-84a9-808b3e4490f4","infraspecies","Animalia","Jamides celeno lydanus","LC","NLC","corrected_redlistTW"
"6fae1aa0-c940-4920-b376-4f87e54819c9","infraspecies","Animalia","Chrysozephyrus mushaellus mushaellus","NT","NNT","corrected_redlistTW"
"1c25cfe1-d61a-4aaa-80ac-84f94aeb5470","species","Animalia","Mahathala ameria","LC","NLC","corrected_redlistTW"
"8c4ad36b-7e08-443b-a095-760dbfaadc75","species","Animalia","Caltoris ranrunna","LC","NLC","corrected_redlistTW"
"9631b29e-360f-4eda-b10f-672b022e668a","species","Plantae","Elatostema cuneatum","VU","","corrected_redlistTW"
"7d39b2fa-545a-4e91-8899-9c92185d177a","species","Plantae","Tetraselmis marina","NE","","corrected_redlistTW"
"0f93f0dc-9737-4431-8b76-d0929617766d","species","Plantae","Talinum fruticosum","NA","","corrected_redlistTW"
"fa429082-a61c-43ae-956b-f1ab64285268","species","Animalia","Fregata andrewsi","NA",NA,"corrected_redlistTW"
"cf1dcb7c-dcc8-4983-a71f-8a8d389c8125","species","Animalia","Orthetrum melania","","NLC","corrected_redlistTW"
"33c34481-e34d-47b6-a3d9-a903ffa90515","species","Animalia","Orthetrum triangulare","","NLC","corrected_redlistTW"
"738a647c-6118-4abb-81ef-658ba8ebed25","species","Plantae","Bidens frondosa","NA","","corrected_redlistTW"
"3d463226-e913-41aa-a1fa-aca2abe82d95","infraspecies","Animalia","Amaurornis phoenicurus leucomelana","LC","NLC","corrected_redlistTW"
"d2a99421-81dd-49d1-94e2-8d49739a7f3c","species","Plantae","Adiantum tenerum","NA","","corrected_redlistTW"
"0dd1e61d-7117-4902-b033-f68198abf550","species","Plantae","Alpinia koshunensis","LC","NLC","corrected_redlistTW"
"147f825e-bf65-43e5-97bc-04df4eb9ea20","species","Plantae","Cassia bakeriana","NE","","corrected_redlistTW"
"f59f7e58-ace4-4ba3-8b41-3c906e526e35","species","Plantae","Senna surattensis","NA",NA,"corrected_redlistTW"
"1ff5c161-9a9a-4ac6-bf30-d399926ed2a9","infraspecies","Plantae","Mucuna macrocarpa oui","LC","NLC","corrected_redlistTW"
"21ecc241-d052-45d5-98f1-d0ea8947d23a","species","Plantae","Euonymus centidens","NE","","corrected_redlistTW"
"842ad359-abc6-44ec-8c63-ddfc3606c98c","species","Plantae","Kurzia borneensis","LC","","corrected_redlistTW"
"ddc86c85-6849-419f-8dab-ad379ec9cfd2","species","Plantae","Apocopis wrightii","NE","","corrected_redlistTW"
"9f5b9fc0-ff69-4202-a2c2-b9867f835a4d","species","Plantae","Pronephrium parishii","LC","NLC","corrected_redlistTW"
"80fcf2c0-895b-4e26-a3d0-03b381c3cf3b","species","Plantae","Vincetoxicum fordii","NE","","corrected_redlistTW"
"b209899e-4b8e-4618-a00f-c5f713ffba41","species","Plantae","Vincetoxicum taiwanense","NT","NNT","corrected_redlistTW"
"dbe9f7d1-d7f0-443c-a444-d9b88857cc46","species","Plantae","Cansjera rheedei","NE","","corrected_redlistTW"
"286b5295-f3fe-4f79-9ece-cb80e189c68e","species","Animalia","Ypthima atra","LC","NLC","corrected_redlistTW"
"5687ee8e-e0c8-4b7f-b784-d5765d2c769a","species","Animalia","Mycalesis mucianus","LC","NLC","corrected_redlistTW"
"56e7c70e-f31e-4cd2-ad02-b0093f03a872","species","Plantae","Amphidium mougeotii","LC","","corrected_redlistTW"
"82fbb532-e181-485c-b991-794910f66852","species","Animalia","Lentipes kijimuna","LC","NLC","corrected_redlistTW"
"6561c727-ff3d-4f71-a5eb-220969211eaa","species","Animalia","Lentipes bunagaya","LC","NLC","corrected_redlistTW"
"34e18970-acfb-40e2-bc99-bf27f653ae3a","species","Plantae","Leptopetalum coreanum","LC","","corrected_redlistTW"
"b6a03451-26a3-410c-866f-fcec8f52b3ca","species","Plantae","Goniophlebium amoenum","LC","","corrected_redlistTW"
"6390e827-5061-4f64-9c70-3f8340509ef9","species","Plantae","Rhus chinensis","LC","","corrected_redlistTW"
"c8827b5e-878e-4f1f-af81-f8a5253f1997","species","Plantae","Heptapleurum ellipticum","LC","NVU","corrected_redlistTW"
"31b3743f-cb9f-4c54-b1eb-13ab35f8ad53","species","Plantae","Plagiogyria pycnophylla","DD","","corrected_redlistTW"
"e82b72a5-469c-4d3f-8b7a-ed9ac8fa4e45","species","Plantae","Dryopteris acutodentata","LC","","corrected_redlistTW"
"5ca9c608-6e20-4103-b09f-876a050409ec","species","Plantae","Dryopteris nyingchiensis","EN","","corrected_redlistTW"
"ec9a6051-2511-4e19-8fd3-6392e8149423","species","Plantae","Urochloa ramosa","NA","","corrected_redlistTW"
"8857db55-cb86-4499-8621-4fa61060871d","species","Plantae","Jacaranda acutifolia","NE","","corrected_redlistTW"
"5fdb3235-ad4a-4fb3-a4d5-e9049f94f167","species","Plantae","Leptopetalum taiwanense","LC","","corrected_redlistTW"
"60b41a55-4c1a-4fb1-ac0e-8149270391e8","infraspecies","Plantae","Aspidistra daibuensis daibuensis","LC","NLC","corrected_redlistTW"
"360b6b89-256f-427f-b635-78e898d5eced","infraspecies","Plantae","Clinopodium laxiflorum laxiflorum","LC",NA,"corrected_redlistTW"
"e9d8724b-6ce1-4345-bd1c-622e71e79eb8","infraspecies","Plantae","Rhus chinensis chinensis","NA","","corrected_redlistTW"
"40e2cf45-c788-41d4-a0b8-25ffd1e1d1e7","infraspecies","Plantae","Spiranthes nivea nivea","NT",NA,"corrected_redlistTW"
"0744db97-40b6-462d-874b-5d3b344e8a0e","species","Animalia","Hemimyzon yushanensis","EN","NEN","corrected_redlistTW"
"469bee12-5639-4543-a284-55480fe9684c","species","Animalia","Limenitis jina","NT","NNT","corrected_redlistTW"
"c9da62be-bf5e-4cdd-b28c-c8f8645fad60","infraspecies","Animalia","Kaniska canace canace","VU","NVU","corrected_redlistTW"
"63886265-d37f-4635-a277-822ec340edfb","infraspecies","Animalia","Neptis hylas hylas","","NLC","corrected_redlistTW"
"2f2773ec-4cdc-4d13-aff6-f176b267207d","infraspecies","Animalia","Parantica aglea melanoides","","NLC","corrected_redlistTW"
"c43e1a7e-e9c5-4748-8447-4dfdf4f5960a","infraspecies","Animalia","Polygonia c-aureum c-aureum","","NLC","corrected_redlistTW"
"ed07fbd1-430a-4546-b1b8-ac94b954df1c","infraspecies","Animalia","Telchinia issoria issoria","NT","NNT","corrected_redlistTW"
"2de40b01-50c6-44b9-a075-788f96e643aa","infraspecies","Animalia","Ypthima esakii esakii","LC","NLC","corrected_redlistTW"
"77c8b891-9498-4e93-9358-d0951170975c","infraspecies","Animalia","Ypthima norma norma","","DD","corrected_redlistTW"
"1d0a213c-c5cc-4fb5-bfde-ff8da1896128","infraspecies","Animalia","Kaniska canace ishima","VU","NVU","corrected_redlistTW"
"017e0475-ada7-40f4-b9c6-8c1c1178a7c2","infraspecies","Animalia","Lethe europa beroe","NT","NNT","corrected_redlistTW"
"28d127e2-83b2-4811-b098-6078ca171b8d","infraspecies","Animalia","Lethe rohria permagnis","","NEN","corrected_redlistTW"
"4b643577-aece-4003-bcbe-bd8e0adecc9d","infraspecies","Animalia","Limenitis jina sauteri","NT","NNT","corrected_redlistTW"
"01922a7a-c364-4a9f-9c1b-8ae7bf10c12f","infraspecies","Animalia","Limenitis sulpitia sulpitia","","NNT","corrected_redlistTW"
"8c7a606b-02e3-460b-bf2d-6d7ad966967c","infraspecies","Animalia","Nacaduba kurava euplea","","NLC","corrected_redlistTW"
"cd500c05-c2a1-4c09-a817-5d59599b174e","infraspecies","Animalia","Neptis soma ominicola","","NLC","corrected_redlistTW"
"0a59b985-8f0c-431b-9fd2-3a8e1e8f9e2c","infraspecies","Animalia","Papilio machaon schantungensis","CR","NCR","corrected_redlistTW"
"05900483-949b-4ce6-b64c-00a57863750a","infraspecies","Animalia","Graphium sarpedon sarpedon","","NLC","corrected_redlistTW"
"9e641b5f-e82c-4e8a-9b91-5315e459dbf6","infraspecies","Animalia","Hypolimnas bolina philippensis","","NLC","corrected_redlistTW"
"d36e746e-03a5-43d6-af9b-1c9a856da2c3","infraspecies","Animalia","Cyrestis thyodamas chinensis","","NLC","corrected_redlistTW"
"301e57fa-0a43-4b53-b621-c47f7b0d8ee0","infraspecies","Animalia","Papilio agenor agenor","","NLC","corrected_redlistTW"
"435e630a-c310-47e3-bc23-d4e9a74cd014","infraspecies","Animalia","Pseudoxenodon stejnegeri stejnegeri","LC","NLC","corrected_redlistTW"
"18dd97ee-d04e-4ed5-ae81-5d8e89b4558a","infraspecies","Animalia","Mauremys mutica mutica","CR","NCR","corrected_redlistTW"
"276ef774-5250-4394-aa20-96abc01a9ee9","infraspecies","Animalia","Takydromus kuehnei kuehnei","LC","NLC","corrected_redlistTW"
"7b45175d-8bb9-464f-a1ba-a33c4a7dbac8","infraspecies","Animalia","Sibynophis chinensis chinensis","LC","NLC","corrected_redlistTW"
"52388e0a-4398-45c2-8512-74c9c7d6e3d5","infraspecies","Animalia","Lycodon ruhstrati ruhstrati","LC","NLC","corrected_redlistTW"
"a520128b-8965-46e0-9044-e9261ec980eb","infraspecies","Animalia","Achalinus formosanus formosanus","LC","NLC","corrected_redlistTW"
"fad8855a-c629-45ac-ba70-b5a7e97922a8","infraspecies","Animalia","Calamaria pavimentata pavimentata","LC","NLC","corrected_redlistTW"
"b8d20e1c-90ed-46c9-97e5-9fa7a47731c9","infraspecies","Animalia","Lycodon rufozonatus rufozonatus","LC","NLC","corrected_redlistTW"
"53dc200d-fcc9-4312-8254-e2e4ed084a16","infraspecies","Animalia","Trimeresurus stejnegeri stejnegeri","LC","NLC","corrected_redlistTW"
"1d99b38a-7163-4b9f-9693-a792660ee115","infraspecies","Animalia","Psammodynastes pulverulentus papenfussi","LC","NLC","corrected_redlistTW"
"84abc7e0-53bf-4733-a52e-871cb611d1f3","infraspecies","Animalia","Sterna hirundo hirundo","LC","NLC","corrected_redlistTW"
"f79832ca-16e6-4af5-aa73-e712e2fea62c","infraspecies","Animalia","Sterna hirundo tibetana","LC","NLC","corrected_redlistTW"
"bedf71e6-7777-4b95-9dc0-336dee8d49c7","infraspecies","Animalia","Sula leucogaster brewsteri","LC","NLC","corrected_redlistTW"
"d3f3ac4d-c594-49b7-b5a4-7485f034affb","infraspecies","Animalia","Synoicus chinensis chinensis","EN","NEN","corrected_redlistTW"
"24586434-f3a7-41d8-874c-f96e9f66e45a","infraspecies","Animalia","Myophonus caeruleus caeruleus","LC","NLC","corrected_redlistTW"
"a61058dc-a648-417c-91f3-dfd53dfbecb8","infraspecies","Animalia","Numenius phaeopus hudsonicus","LC","NLC","corrected_redlistTW"
"73139b05-9f49-4993-9c07-53925833e530","infraspecies","Animalia","Plestiodon chinensis chinensis","LC","NLC","corrected_redlistTW"
"a248e169-d506-41c9-8490-88a703fd733a","infraspecies","Animalia","Phasianus colchicus torquatus","","NCR","corrected_redlistTW"
"48d28537-9f49-4b06-bcc7-2f7b6ba29476","species","Animalia","Sicyopterus macrostetholepis","LC","","corrected_redlistTW"
"977a61ab-7235-4674-b242-47f0a71e0988","species","Animalia","Belobranchus segura","LC","NLC","corrected_redlistTW"
"32df7ca2-38c1-4ce4-9ba7-3f54e82cacd8","infraspecies","Animalia","Prionailurus bengalensis euptilurus","EN","NEN","corrected_redlistTW"
"153d5e0a-cfe6-4674-9ca4-0e88ed87bc1f","species","Animalia","Stiphodon alcedo","LC","NLC","corrected_redlistTW"
"c31735ef-67a2-4213-aa89-d0dea419f1e8","species","Animalia","Distoechodon compressus","VU","NVU","corrected_redlistTW"
"496c6041-b940-47ed-879c-5c3dc0a5aec1","species","Animalia","Microphis retzii","LC","NLC","corrected_redlistTW"
"e209a246-bfa4-482d-ad3c-6246f6f5b931","species","Animalia","Schismatogobius saurii","LC","NLC","corrected_redlistTW"
"36c6d6f2-68d3-4dbd-9091-eb51627a4fb4","species","Plantae","Zingiber chengii","EN","","corrected_redlistTW"
"0aef2287-bfa5-47e9-bbc1-0f9dca8228a5","species","Plantae","Begonia hirtella","NE","","corrected_redlistTW"
"67f01745-188c-43e2-aa65-bca7d6f90721","infraspecies","Animalia","Charaxes eudamippus formosana","LC","NLC","corrected_redlistTW"
"7d0dd940-e215-42bd-b359-02d39268612f","species","Animalia","Nidirana shyhhuangi","CR","NCR","corrected_redlistTW"
"52439ecb-3ecf-432b-983b-623438552dc4","species","Animalia","Indothemis carnatica","","DD","corrected_redlistTW"
"79675667-9178-48ac-bb9c-be5e6a130afb","species","Animalia","Cnephaeus pachyomus","LC","NLC","corrected_redlistTW"
"32d60ae7-441e-42ec-8238-fab4f371c68f","species","Animalia","Lestes decipiens","NT","NNT","corrected_redlistTW"
"863eb5e3-2a76-4692-af58-00493b0f18d7","species","Animalia","Scaphesthes barbatula","NT","NNT","corrected_redlistTW"
"8f1d72ba-c296-45e1-8aa7-503355daa7c8","species","Plantae","Aster kanoi","NT","","corrected_redlistTW"
"7ab7db5b-4955-4223-8dc4-24129825765f","species","Plantae","Dichanthium caricosum","NA","","corrected_redlistTW"
