"new_simple_name","taxon_id","kingdom","class","new_iucn","new_protected","new_redlistTW"
"Equisetum arvense","t0026355","Plantae","Polypodiopsida","LC",NA,NA
"Equisetum ramosissimum","t0026357","Plantae","Polypodiopsida","LC",NA,"NLC"
"Dicranopteris linearis","t0026428","Plantae","Polypodiopsida","LC",NA,"NLC"
"Lygodium microphyllum","t0026439","Plantae","Polypodiopsida","LC",NA,"NVU"
"Cibotium barometz","t0026463","Plantae","Polypodiopsida","LC",NA,"NLC"
"Ceratopteris thalictroides","t0026491","Plantae","Polypodiopsida","LC",NA,"NLC"
"Pteris vittata","t0026528","Plantae","Polypodiopsida","LC",NA,"NLC"
"Leptochilus pteropus","t0026842","Plantae","Polypodiopsida","LC",NA,"NLC"
"Limnophila aromatica","t0027056","Plantae","Magnoliopsida","LC",NA,"NVU"
"Nageia fleuryi","t0027057","Plantae","Pinopsida","NT",NA,NA
"Nageia nagi","t0027058","Plantae","Pinopsida","NT",NA,"NEN"
"Podocarpus costalis","t0027059","Plantae","Pinopsida","EN",NA,"NCR"
"Podocarpus fasciculus","t0027060","Plantae","Pinopsida","VU",NA,"NVU"
"Podocarpus macrophyllus maki","t0027062","Plantae","Pinopsida","NT",NA,"NVU"
"Solanum insanum","t0033491","Plantae","Magnoliopsida","LC",NA,"NVU"
"Eleocharis atropurpurea","t0033509","Plantae","Magnoliopsida","LC",NA,"NEN"
"Acalypha caturus","t0033554","Plantae","Magnoliopsida","LC",NA,"NLC"
"Acalypha suirenbiensis","t0033558","Plantae","Magnoliopsida","VU",NA,"DD"
"Acalypha wilkesiana","t0033559","Plantae","Magnoliopsida","LC",NA,NA
"Acer albopurpurascens","t0033568","Plantae","Magnoliopsida","LC",NA,"NLC"
"Acer kawakamii","t0033569","Plantae","Magnoliopsida","LC",NA,"NLC"
"Acmella paniculata","t0033580","Plantae","Magnoliopsida","LC",NA,"NVU"
"Aeschynomene indica","t0033623","Plantae","Magnoliopsida","LC",NA,NA
"Agave filifera","t0033634","Plantae","Magnoliopsida","LC",NA,NA
"Agave univittata","t0033637","Plantae","Magnoliopsida","LC",NA,NA
"Aglaia odorata","t0033642","Plantae","Magnoliopsida","LC",NA,NA
"Agrostis clavata","t0033652","Plantae","Magnoliopsida","LC",NA,"NLC"
"Alangium chinense","t0033672","Plantae","Magnoliopsida","LC",NA,"NLC"
"Albizia lebbeck","t0033677","Plantae","Magnoliopsida","LC",NA,NA
"Albizia procera","t0033678","Plantae","Magnoliopsida","LC",NA,"NLC"
"Aletris formosana","t0033683","Plantae","Magnoliopsida","LC",NA,"NLC"
"Aleurites moluccanus","t0033686","Plantae","Magnoliopsida","LC",NA,NA
"Allium chinense","t0033693","Plantae","Magnoliopsida","LC",NA,"DD"
"Allium grayi","t0033695","Plantae","Magnoliopsida","LC",NA,"DD"
"Allium thunbergii","t0033698","Plantae","Magnoliopsida","DD",NA,"DD"
"Allium tuberosum","t0033699","Plantae","Magnoliopsida","LC",NA,NA
"Alocasia odora","t0033703","Plantae","Magnoliopsida","LC",NA,"NLC"
"Ammannia multiflora","t0040147","Plantae","Magnoliopsida","LC",NA,"NLC"
"Anneslea fragrans lanceolata","t0040174","Plantae","Magnoliopsida","VU",NA,"NVU"
"Annona reticulata","t0040178","Plantae","Magnoliopsida","LC",NA,NA
"Annona squamosa","t0040179","Plantae","Magnoliopsida","LC",NA,NA
"Antidesma montanum","t0040199","Plantae","Magnoliopsida","LC",NA,"NLC"
"Aralia armata","t0040220","Plantae","Magnoliopsida","LC",NA,"NLC"
"Aralia bipinnata","t0040221","Plantae","Magnoliopsida","LC",NA,"NLC"
"Araucaria columnaris","t0040224","Plantae","Pinopsida","LC",NA,NA
"Archidendron lucidum","t0040225","Plantae","Magnoliopsida","LC",NA,"NLC"
"Ardisia quinquegona","t0040234","Plantae","Magnoliopsida","LC",NA,"NLC"
"Areca catechu","t0040238","Plantae","Magnoliopsida","LC",NA,NA
"Arisaema heterophyllum","t0040250","Plantae","Magnoliopsida","LC",NA,"NLC"
"Artocarpus treculianus","t0040269","Plantae","Magnoliopsida","LC",NA,NA
"Artocarpus xanthocarpus","t0040271","Plantae","Magnoliopsida","VU",NA,"NVU"
"Arundo donax","t0040279","Plantae","Magnoliopsida","LC",NA,"NLC"
"Asparagus cochinchinensis","t0040286","Plantae","Magnoliopsida","DD",NA,"NLC"
"Astronia formosana","t0040305","Plantae","Magnoliopsida","LC",NA,"NLC"
"Barringtonia asiatica","t0040346","Plantae","Magnoliopsida","LC",NA,"NVU"
"Bidens tripartita","t0040378","Plantae","Magnoliopsida","LC",NA,"NVU"
"Bonnaya ciliata","t0040408","Plantae","Magnoliopsida","LC",NA,"NLC"
"Bouea macrophylla","t0040421","Plantae","Magnoliopsida","LC",NA,NA
"Brachiaria mutica","t0040424","Plantae","Magnoliopsida","LC",NA,NA
"Brachiaria subquadripara","t0040425","Plantae","Magnoliopsida","LC",NA,"NLC"
"Brasenia schreberi","t0040442","Plantae","Magnoliopsida","LC",NA,"NVU"
"Brassica oleracea","t0040443","Plantae","Magnoliopsida","DD",NA,NA
"Breynia disticha","t0040448","Plantae","Magnoliopsida","LC",NA,NA
"Bridelia balansae","t0040450","Plantae","Magnoliopsida","LC",NA,"NLC"
"Bridelia tomentosa","t0040451","Plantae","Magnoliopsida","LC",NA,"NLC"
"Brugmansia suaveolens","t0040468","Plantae","Magnoliopsida","EW",NA,NA
"Buchanania arborescens","t0040490","Plantae","Magnoliopsida","LC",NA,"NNT"
"Buddleja curviflora","t0040491","Plantae","Magnoliopsida","CR",NA,"NVU"
"Bulbostylis densa","t0040515","Plantae","Magnoliopsida","LC",NA,"NLC"
"Caesalpinia pulcherrima","t0040529","Plantae","Magnoliopsida","LC",NA,NA
"Camellia caudata","t0040580","Plantae","Magnoliopsida","LC",NA,"NLC"
"Camellia formosensis","t0040581","Plantae","Magnoliopsida","VU",NA,"NNT"
"Camellia japonica","t0040583","Plantae","Magnoliopsida","LC",NA,"NVU"
"Camellia kissi","t0040584","Plantae","Magnoliopsida","LC",NA,"NVU"
"Camellia salicifolia","t0040585","Plantae","Magnoliopsida","LC",NA,"NNT"
"Camellia trichoclada","t0040588","Plantae","Magnoliopsida","VU",NA,"NVU"
"Camphora micrantha","t0040593","Plantae","Magnoliopsida","LC",NA,"NLC"
"Capparis acutifolia","t0040621","Plantae","Magnoliopsida","LC",NA,"NVU"
"Heptapleurum heptaphyllum","t0046127","Plantae","Magnoliopsida","LC",NA,"NLC"
"Limnophila rugosa","t0046156","Plantae","Magnoliopsida","LC",NA,"NVU"
"Sagittaria trifolia","t0046157","Plantae","Magnoliopsida","LC",NA,"NLC"
"Magnolia champaca","t0046174","Plantae","Magnoliopsida","LC",NA,NA
"Ficus ampelos","t0046291","Plantae","Magnoliopsida","LC",NA,"NLC"
"Ficus fistulosa","t0046300","Plantae","Magnoliopsida","LC",NA,"NLC"
"Ficus septica","t0046316","Plantae","Magnoliopsida","LC",NA,"NLC"
"Ficus virgata","t0046322","Plantae","Magnoliopsida","LC",NA,"NLC"
"Vallisneria spiralis","t0049253","Plantae","Magnoliopsida","LC",NA,NA
"Vangueria madagascariensis","t0049255","Plantae","Magnoliopsida","LC",NA,NA
"Vanilla albida","t0049256","Plantae","Magnoliopsida","EN",NA,NA
"Vernicia montana","t0049267","Plantae","Magnoliopsida","LC",NA,NA
"Veronica peregrina","t0049281","Plantae","Magnoliopsida","LC",NA,NA
"Viburnum luzonicum","t0049290","Plantae","Magnoliopsida","LC",NA,"NLC"
"Vitex negundo","t0049330","Plantae","Magnoliopsida","LC",NA,"NLC"
"Waltheria indica","t0049343","Plantae","Magnoliopsida","LC",NA,"NLC"
"Wendlandia luzoniensis","t0049345","Plantae","Magnoliopsida","LC",NA,"NLC"
"Wendlandia uvariifolia","t0049346","Plantae","Magnoliopsida","LC",NA,"NLC"
"Xylosma congesta","t0049356","Plantae","Magnoliopsida","LC",NA,"NLC"
"Xyris indica","t0049358","Plantae","Magnoliopsida","LC",NA,NA
"Yoania japonica","t0049360","Plantae","Magnoliopsida","LC",NA,"NEN"
"Yucca aloifolia","t0049362","Plantae","Magnoliopsida","DD",NA,NA
"Yucca gloriosa","t0049365","Plantae","Magnoliopsida","LC",NA,NA
"Zanthoxylum armatum","t0049372","Plantae","Magnoliopsida","LC",NA,"RE"
"Zea mays","t0049378","Plantae","Magnoliopsida","LC",NA,NA
"Zingiber officinale","t0049394","Plantae","Magnoliopsida","DD",NA,NA
"Zingiber zerumbet","t0049397","Plantae","Magnoliopsida","DD",NA,NA
"Ziziphus mauritiana","t0049402","Plantae","Magnoliopsida","LC",NA,NA
"Zostera japonica","t0049405","Plantae","Magnoliopsida","LC",NA,"NLC"
"Abies kawakamii","t0052518","Plantae","Pinopsida","NT",NA,"NLC"
"Acacia dealbata","t0052524","Plantae","Magnoliopsida","LC",NA,NA
"Acacia farnesiana","t0052525","Plantae","Magnoliopsida","LC",NA,NA
"Acer morrisonense","t0052532","Plantae","Magnoliopsida","LC",NA,"NLC"
"Aegiceras corniculatum","t0052537","Plantae","Magnoliopsida","LC",NA,NA
"Aglaia chittagonga","t0052541","Plantae","Magnoliopsida","VU",NA,"NVU"
"Aglaia elliptifolia","t0052542","Plantae","Magnoliopsida","LC",NA,"NLC"
"Alnus henryi","t0052558","Plantae","Magnoliopsida","CR",NA,NA
"Alnus nepalensis","t0052559","Plantae","Magnoliopsida","LC",NA,NA
"Aloe millotii","t0052564","Plantae","Magnoliopsida","LC",NA,NA
"Amentotaxus formosana","t0052582","Plantae","Pinopsida","EN","1","NEN"
"Ammannia auriculata","t0052584","Plantae","Magnoliopsida","LC",NA,NA
"Anoectochilus koshunensis","t0052598","Plantae","Magnoliopsida","DD",NA,"NLC"
"Ardisia squamulosa","t0052616","Plantae","Magnoliopsida","VU",NA,NA
"Isotrema cucurbitifolium","t0052623","Plantae","Magnoliopsida","VU",NA,"NVU"
"Artocarpus odoratissimus","t0052638","Plantae","Magnoliopsida","NT",NA,NA
"Asparagus officinalis","t0052653","Plantae","Magnoliopsida","LC",NA,NA
"Aster subulatus","t0052666","Plantae","Magnoliopsida","LC",NA,NA
"Atalantia dasycarpa","t0052674","Plantae","Magnoliopsida","LC",NA,NA
"Aucuba chinensis","t0052678","Plantae","Magnoliopsida","LC",NA,"NLC"
"Avicennia marina","t0052682","Plantae","Magnoliopsida","LC",NA,"NLC"
"Bacopa monnieri","t0052683","Plantae","Magnoliopsida","LC",NA,"NLC"
"Berrya ammonilla","t0052727","Plantae","Magnoliopsida","LC",NA,"NEN"
"Boehmeria pilosiuscula","t0052739","Plantae","Magnoliopsida","LC",NA,"NLC"
"Bonnaya antipoda","t0052743","Plantae","Magnoliopsida","LC",NA,"NLC"
"Borreria laevis","t0052744","Plantae","Magnoliopsida","LC",NA,NA
"Buddleja asiatica","t0052755","Plantae","Magnoliopsida","LC",NA,"NLC"
"Caldesia grandis","t0052770","Plantae","Magnoliopsida","LC",NA,"NCR"
"Calocedrus macrolepis formosana","t0052784","Plantae","Pinopsida","EN",NA,"NVU"
"Calophyllum inophyllum","t0052787","Plantae","Magnoliopsida","LC",NA,"NLC"
"Capsicum annuum","t0052799","Plantae","Magnoliopsida","LC",NA,NA
"Carex baccans","t0052812","Plantae","Magnoliopsida","LC",NA,"NLC"
"Carex echinata","t0052827","Plantae","Magnoliopsida","LC",NA,"NNT"
"Carex maculata","t0052839","Plantae","Magnoliopsida","LC",NA,"NLC"
"Carex phacota","t0052850","Plantae","Magnoliopsida","LC",NA,"NLC"
"Carpinus hebestroma","t0052872","Plantae","Magnoliopsida","CR",NA,"NLC"
"Carpinus kawakamii","t0052873","Plantae","Magnoliopsida","LC",NA,"NLC"
"Carpinus rankanensis","t0052874","Plantae","Magnoliopsida","LC",NA,"NLC"
"Caryota mitis","t0052877","Plantae","Magnoliopsida","LC",NA,NA
"Casimiroa edulis","t0052881","Plantae","Magnoliopsida","LC",NA,NA
"Cassia grandis","t0052883","Plantae","Magnoliopsida","LC",NA,NA
"Castanea crenata","t0052885","Plantae","Magnoliopsida","LC",NA,NA
"Castanopsis kawakamii","t0052891","Plantae","Magnoliopsida","NT",NA,"NNT"
"Castanopsis kusanoi","t0052892","Plantae","Magnoliopsida","LC",NA,"NLC"
"Castanospermum australe","t0052893","Plantae","Magnoliopsida","LC",NA,NA
"Celtis biondii","t0052909","Plantae","Magnoliopsida","LC",NA,"NLC"
"Celtis sinensis","t0052914","Plantae","Magnoliopsida","LC",NA,"NLC"
"Pennisetum setaceum","t0052917","Plantae","Magnoliopsida","LC",NA,NA
"Cephalotaxus wilsoniana","t0052928","Plantae","Pinopsida","EN",NA,"NVU"
"Ceratophyllum demersum","t0052933","Plantae","Magnoliopsida","LC",NA,"DD"
"Chamaecyparis formosensis","t0052942","Plantae","Pinopsida","EN",NA,"NNT"
"Chamaecyparis obtusa","t0052943","Plantae","Pinopsida","NT",NA,"NNT"
"Chisocheton patens","t0052977","Plantae","Magnoliopsida","LC",NA,"NVU"
"Ceiba speciosa","t0052988","Plantae","Magnoliopsida","LC",NA,NA
"Cinnamomum austrosinense","t0053003","Plantae","Magnoliopsida","LC",NA,"NEN"
"Cinnamomum kotoense","t0053006","Plantae","Magnoliopsida","CR",NA,"NCR"
"Cinnamomum subavenium","t0053010","Plantae","Magnoliopsida","LC",NA,"NLC"
"Cinnamomum verum","t0053011","Plantae","Magnoliopsida","VU",NA,NA
"Clausena anisum-olens","t0053038","Plantae","Magnoliopsida","LC",NA,"NVU"
"Clausena lansium","t0053040","Plantae","Magnoliopsida","LC",NA,NA
"Clerodendrum chinense","t0053063","Plantae","Magnoliopsida","LC",NA,NA
"Clerodendrum cyrtophyllum","t0053064","Plantae","Magnoliopsida","LC",NA,"NLC"
"Coccoloba uvifera","t0053077","Plantae","Magnoliopsida","LC",NA,NA
"Cocculus laurifolius","t0053078","Plantae","Magnoliopsida","LC",NA,"NVU"
"Commelina diffusa","t0053100","Plantae","Magnoliopsida","LC",NA,"NLC"
"Cordia subcordata","t0053116","Plantae","Magnoliopsida","LC",NA,NA
"Corylopsis pauciflora","t0053134","Plantae","Magnoliopsida","DD",NA,"NNT"
"Crossandra infundibuliformis","t0053157","Plantae","Magnoliopsida","LC",NA,NA
"Crotalaria lanceolata","t0053172","Plantae","Magnoliopsida","LC",NA,NA
"Cryptocarya elliptifolia","t0053190","Plantae","Magnoliopsida","CR",NA,"NCR"
"Cryptomeria japonica","t0053192","Plantae","Pinopsida","NT",NA,NA
"Cucurbita pepo","t0053199","Plantae","Magnoliopsida","LC",NA,NA
"Cunninghamia lanceolata","t0053201","Plantae","Pinopsida","LC",NA,NA
"Curcuma zedoaria","t0053211","Plantae","Magnoliopsida","DD",NA,NA
"Cyperus alternifolius","t0053251","Plantae","Magnoliopsida","LC",NA,NA
"Cyperus compressus","t0053253","Plantae","Magnoliopsida","LC",NA,"NLC"
"Cyperus digitatus","t0053256","Plantae","Magnoliopsida","LC",NA,"NNT"
"Cyperus eragrostis","t0053258","Plantae","Magnoliopsida","LC",NA,NA
"Cyperus haspan","t0053261","Plantae","Magnoliopsida","LC",NA,"NLC"
"Cyperus nipponicus","t0053267","Plantae","Magnoliopsida","LC",NA,"NLC"
"Cyperus pilosus","t0053268","Plantae","Magnoliopsida","LC",NA,"NLC"
"Cyperus rotundus","t0053272","Plantae","Magnoliopsida","LC",NA,"NLC"
"Cyperus serotinus","t0053273","Plantae","Magnoliopsida","LC",NA,"NNT"
"Cyperus stoloniferus","t0053274","Plantae","Magnoliopsida","LC",NA,"NLC"
"Cyperus tenuiculmis","t0053276","Plantae","Magnoliopsida","LC",NA,"NLC"
"Cyperus tenuispica","t0053277","Plantae","Magnoliopsida","LC",NA,"NLC"
"Cypholophus moluccanus","t0053278","Plantae","Magnoliopsida","LC",NA,"NNT"
"Cypripedium debile","t0053280","Plantae","Magnoliopsida","VU",NA,"NNT"
"Cypripedium formosanum","t0053281","Plantae","Magnoliopsida","EN",NA,"NEN"
"Dalbergia benthamii","t0053290","Plantae","Magnoliopsida","LC",NA,"NLC"
"Dalbergia sissoo","t0053292","Plantae","Magnoliopsida","LC",NA,NA
"Decaspermum gracilentum","t0053305","Plantae","Magnoliopsida","LC",NA,"NLC"
"Dehaasia incrassata","t0053308","Plantae","Magnoliopsida","LC",NA,"NCR"
"Delonix regia","t0053309","Plantae","Magnoliopsida","LC",NA,NA
"Dendrobium officinale","t0053312","Plantae","Magnoliopsida","CR",NA,"NVU"
"Dendrobium moniliforme","t0053325","Plantae","Magnoliopsida","EN",NA,"NLC"
"Dendrocnide meyeniana","t0053336","Plantae","Magnoliopsida","LC",NA,"NLC"
"Dendrolobium umbellatum","t0053338","Plantae","Magnoliopsida","LC",NA,"NLC"
"Dendropanax dentiger","t0053339","Plantae","Magnoliopsida","LC",NA,"NLC"
"Dillenia indica","t0053392","Plantae","Magnoliopsida","LC",NA,NA
"Dimocarpus longan","t0053395","Plantae","Magnoliopsida","DD",NA,NA
"Dioscorea persimilis","t0053413","Plantae","Magnoliopsida","NT",NA,"NLC"
"Diospyros ferrea","t0053417","Plantae","Magnoliopsida","VU",NA,"NVU"
"Diospyros japonica","t0053419","Plantae","Magnoliopsida","LC",NA,"NLC"
"Diospyros kaki","t0053420","Plantae","Magnoliopsida","LC",NA,NA
"Diospyros kotoensis","t0053421","Plantae","Magnoliopsida","EN",NA,"NEN"
"Diospyros maritima","t0053422","Plantae","Magnoliopsida","LC",NA,"NLC"
"Diospyros morrisiana","t0053423","Plantae","Magnoliopsida","LC",NA,"NLC"
"Diospyros oldhamii","t0053424","Plantae","Magnoliopsida","LC",NA,"NLC"
"Diospyros vaccinioides","t0053426","Plantae","Magnoliopsida","CR",NA,"DD"
"Distyliopsis dunnii","t0053437","Plantae","Magnoliopsida","LC",NA,"NEN"
"Distylium racemosum","t0053439","Plantae","Magnoliopsida","LC",NA,"NLC"
"Dopatrium junceum","t0053440","Plantae","Magnoliopsida","LC",NA,"NNT"
"Dracaena fragrans","t0053442","Plantae","Magnoliopsida","LC",NA,NA
"Dracaena reflexa","t0053445","Plantae","Magnoliopsida","LC",NA,NA
"Drosera indica","t0053448","Plantae","Magnoliopsida","LC",NA,"NEN"
"Drosera peltata","t0053449","Plantae","Magnoliopsida","LC",NA,"DD"
"Duranta erecta","t0053459","Plantae","Magnoliopsida","LC",NA,NA
"Echinochloa crus-galli","t0053468","Plantae","Magnoliopsida","LC",NA,"NLC"
"Echinochloa frumentacea","t0053469","Plantae","Magnoliopsida","LC",NA,NA
"Eclipta prostrata","t0053472","Plantae","Magnoliopsida","LC",NA,"NLC"
"Ehretia acuminata","t0053475","Plantae","Magnoliopsida","LC",NA,"NLC"
"Ehretia longiflora","t0053477","Plantae","Magnoliopsida","LC",NA,"NLC"
"Elaeagnus conferta","t0053481","Plantae","Magnoliopsida","LC",NA,NA
"Elaeagnus umbellata","t0053491","Plantae","Magnoliopsida","LC",NA,"NLC"
"Elaeocarpus japonicus","t0053495","Plantae","Magnoliopsida","LC",NA,"NLC"
"Eleocharis acicularis","t0053509","Plantae","Magnoliopsida","LC",NA,"NLC"
"Eleocharis geniculata","t0053512","Plantae","Magnoliopsida","LC",NA,"NLC"
"Eleocharis retroflexa","t0053514","Plantae","Magnoliopsida","LC",NA,"NVU"
"Eleusine indica","t0053519","Plantae","Magnoliopsida","LC",NA,"NLC"
"Ensete glaucum","t0053532","Plantae","Magnoliopsida","LC",NA,"NLC"
"Epiphyllum oxypetalum","t0053544","Plantae","Magnoliopsida","LC",NA,NA
"Eragrostis atrovirens","t0053553","Plantae","Magnoliopsida","LC",NA,"NLC"
"Eragrostis japonica","t0053563","Plantae","Magnoliopsida","LC",NA,"NNT"
"Eriocaulon nepalense","t0053589","Plantae","Magnoliopsida","LC",NA,"NCR"
"Erythrorchis altissima","t0053604","Plantae","Magnoliopsida","LC",NA,"NLC"
"Euchlaena mexicana","t0053607","Plantae","Magnoliopsida","LC",NA,NA
"Syzygium aqueum","t0053609","Plantae","Magnoliopsida","LC",NA,NA
"Oeceoclades pulchra","t0053620","Plantae","Magnoliopsida","LC",NA,"NNT"
"Euphorbia heterophylla","t0053642","Plantae","Magnoliopsida","LC",NA,NA
"Euphorbia milii","t0053643","Plantae","Magnoliopsida","LC",NA,NA
"Euphorbia pulcherrima","t0053645","Plantae","Magnoliopsida","LC",NA,NA
"Eurya gnaphalocarpa","t0053656","Plantae","Magnoliopsida","LC",NA,"NLC"
"Eurya rengechiensis","t0053661","Plantae","Magnoliopsida","EN",NA,"NEN"
"Staphylea japonica","t0053665","Plantae","Magnoliopsida","LC",NA,"NLC"
"Excoecaria agallocha","t0053671","Plantae","Magnoliopsida","LC",NA,"NVU"
"Fagraea ceilanica","t0053676","Plantae","Magnoliopsida","LC",NA,"NVU"
"Fagus hayatae","t0053677","Plantae","Magnoliopsida","VU","1","NLC"
"Festuca ovina","t0053685","Plantae","Magnoliopsida","EN",NA,"NLC"
"Ficus carica","t0053689","Plantae","Magnoliopsida","LC",NA,NA
"Ficus lyrata","t0053691","Plantae","Magnoliopsida","LC",NA,NA
"Ficus religiosa","t0053692","Plantae","Magnoliopsida","LC",NA,NA
"Fimbristylis acuminata","t0053695","Plantae","Magnoliopsida","LC",NA,"RE"
"Fimbristylis bisumbellata","t0053697","Plantae","Magnoliopsida","LC",NA,"NLC"
"Fimbristylis complanata","t0053698","Plantae","Magnoliopsida","LC",NA,"NLC"
"Fimbristylis cymosa","t0053699","Plantae","Magnoliopsida","LC",NA,"NLC"
"Fimbristylis dichotoma","t0053700","Plantae","Magnoliopsida","LC",NA,"NLC"
"Fimbristylis littoralis","t0053702","Plantae","Magnoliopsida","LC",NA,"NLC"
"Fimbristylis quinquangularis","t0053706","Plantae","Magnoliopsida","LC",NA,NA
"Fimbristylis alboviridis","t0053711","Plantae","Magnoliopsida","LC",NA,"NLC"
"Fimbristylis tetragona","t0053716","Plantae","Magnoliopsida","LC",NA,"RE"
"Flacourtia inermis","t0053720","Plantae","Magnoliopsida","LC",NA,NA
"Floscopa scandens","t0053728","Plantae","Magnoliopsida","LC",NA,"NNT"
"Fraxinus griffithii","t0053733","Plantae","Magnoliopsida","LC",NA,"NLC"
"Fraxinus insularis","t0053734","Plantae","Magnoliopsida","LC",NA,"NLC"
"Fuirena umbellata","t0053737","Plantae","Magnoliopsida","LC",NA,"NLC"
"Galium trifidum","t0053757","Plantae","Magnoliopsida","LC",NA,"NNT"
"Garcinia dulcis","t0053758","Plantae","Magnoliopsida","LC",NA,NA
"Garcinia linii","t0053760","Plantae","Magnoliopsida","EN",NA,"NNT"
"Garcinia livingstonei","t0053761","Plantae","Magnoliopsida","LC",NA,NA
"Garcinia xanthochymus","t0053765","Plantae","Magnoliopsida","LC",NA,NA
"Gastrodia elata","t0053783","Plantae","Magnoliopsida","VU",NA,"NEN"
"Gleditsia rolfei","t0053821","Plantae","Magnoliopsida","EN",NA,"NVU"
"Gnaphalium polycaulon","t0053834","Plantae","Magnoliopsida","LC",NA,"NLC"
"Gonocaryum calleryanum","t0053842","Plantae","Magnoliopsida","LC",NA,"NEN"
"Grewia abutilifolia","t0053868","Plantae","Magnoliopsida","LC",NA,NA
"Habenaria dentata","t0053885","Plantae","Magnoliopsida","VU",NA,"NLC"
"Haematoxylum campechianum","t0053894","Plantae","Magnoliopsida","LC",NA,NA
"Helianthus annuus","t0053906","Plantae","Magnoliopsida","LC",NA,NA
"Helicia formosana","t0053909","Plantae","Magnoliopsida","LC",NA,"NLC"
"Heliotropium arboreum","t0053912","Plantae","Magnoliopsida","LC",NA,"NLC"
"Hemipilia cordifolia","t0053921","Plantae","Magnoliopsida","EN",NA,"NVU"
"Heritiera littoralis","t0053922","Plantae","Magnoliopsida","LC",NA,"NEN"
"Homonoia riparia","t0053948","Plantae","Magnoliopsida","LC",NA,"NNT"
"Hydrilla verticillata","t0053961","Plantae","Magnoliopsida","LC",NA,"NLC"
"Hydrocharis dubia","t0053962","Plantae","Magnoliopsida","LC",NA,"NNT"
"Hydrocotyle sibthorpioides","t0053971","Plantae","Magnoliopsida","LC",NA,"NLC"
"Hydrocotyle vulgaris","t0053973","Plantae","Magnoliopsida","LC",NA,NA
"Ilex bioritsensis","t0054010","Plantae","Magnoliopsida","LC",NA,"NLC"
"Ilex cochinchinensis","t0054011","Plantae","Magnoliopsida","LC",NA,"NLC"
"Ilex ficoidea","t0054013","Plantae","Magnoliopsida","LC",NA,"NLC"
"Ilex formosana","t0054014","Plantae","Magnoliopsida","LC",NA,"NLC"
"Ilex goshiensis","t0054015","Plantae","Magnoliopsida","LC",NA,"NLC"
"Ilex pedunculosa","t0054022","Plantae","Magnoliopsida","LC",NA,"NLC"
"Ilex rotunda","t0054025","Plantae","Magnoliopsida","LC",NA,"NLC"
"Ilex uraiensis","t0054028","Plantae","Magnoliopsida","EN",NA,"NLC"
"Indigofera pedicellata","t0054044","Plantae","Magnoliopsida","LC",NA,"NEN"
"Indigofera tinctoria","t0054050","Plantae","Magnoliopsida","LC",NA,"NLC"
"Indigofera zollingeriana","t0054053","Plantae","Magnoliopsida","LC",NA,"NVU"
"Ipomoea lacunosa","t0054064","Plantae","Magnoliopsida","LC",NA,NA
"Ipomoea triloba","t0054074","Plantae","Magnoliopsida","LC",NA,NA
"Polytrias indica","t0054091","Plantae","Magnoliopsida","LC",NA,NA
"Ischaemum muticum","t0054092","Plantae","Magnoliopsida","LC",NA,"DD"
"Ischaemum rugosum","t0054093","Plantae","Magnoliopsida","LC",NA,"NVU"
"Ixora philippinensis","t0054107","Plantae","Magnoliopsida","LC",NA,"NEN"
"Juncus bufonius","t0054122","Plantae","Magnoliopsida","LC",NA,NA
"Juncus wallichianus","t0054131","Plantae","Magnoliopsida","LC",NA,"NVU"
"Juniperus squamata","t0054132","Plantae","Pinopsida","LC",NA,"NLC"
"Kalanchoe daigremontiana","t0054141","Plantae","Magnoliopsida","EN",NA,NA
"Kandelia obovata","t0054147","Plantae","Magnoliopsida","LC",NA,"NNT"
"Kleinhovia hospita","t0054148","Plantae","Magnoliopsida","LC",NA,"NLC"
"Lagerstroemia indica","t0054162","Plantae","Magnoliopsida","LC",NA,NA
"Lagerstroemia subcostata","t0054164","Plantae","Magnoliopsida","LC",NA,"NLC"
"Lasia spinosa","t0054171","Plantae","Magnoliopsida","LC",NA,NA
"Lathyrus odoratus","t0054182","Plantae","Magnoliopsida","CR",NA,NA
"Lecythis minor","t0054192","Plantae","Magnoliopsida","LC",NA,NA
"Lecythis zabucajo","t0054193","Plantae","Magnoliopsida","LC",NA,NA
"Leea philippinensis","t0054195","Plantae","Magnoliopsida","NT",NA,"NNT"
"Leersia hexandra","t0054196","Plantae","Magnoliopsida","LC",NA,"NLC"
"Lemna trisulca","t0054198","Plantae","Magnoliopsida","LC",NA,"NCR"
"Ligustrum pricei","t0054232","Plantae","Magnoliopsida","DD",NA,"NLC"
"Lindera megaphylla","t0054246","Plantae","Magnoliopsida","LC",NA,"NLC"
"Lindernia dubia","t0054247","Plantae","Magnoliopsida","LC",NA,NA
"Lindernia procumbens","t0054251","Plantae","Magnoliopsida","LC",NA,"NLC"
"Yamazakia pusilla","t0054252","Plantae","Magnoliopsida","LC",NA,"NLC"
"Yamazakia viscosa","t0054254","Plantae","Magnoliopsida","LC",NA,"NEN"
"Liquidambar formosana","t0054279","Plantae","Magnoliopsida","LC",NA,"NLC"
"Lithocarpus brevicaudatus","t0054285","Plantae","Magnoliopsida","LC",NA,"NLC"
"Lithocarpus hancei","t0054287","Plantae","Magnoliopsida","LC",NA,"NLC"
"Litsea coreana","t0054295","Plantae","Magnoliopsida","LC",NA,"NLC"
"Litsea glutinosa","t0054297","Plantae","Magnoliopsida","LC",NA,NA
"Litsea hypophaea","t0054298","Plantae","Magnoliopsida","LC",NA,"NLC"
"Lobelia heyneana","t0054306","Plantae","Magnoliopsida","LC",NA,NA
"Lobelia zeylanica","t0054310","Plantae","Magnoliopsida","LC",NA,"NLC"
"Pouteria campechiana","t0054325","Plantae","Magnoliopsida","LC",NA,NA
"Ludwigia adscendens","t0054327","Plantae","Magnoliopsida","LC",NA,"NLC"
"Ludwigia hyssopifolia","t0054330","Plantae","Magnoliopsida","LC",NA,"NLC"
"Ludwigia octovalvis","t0054331","Plantae","Magnoliopsida","LC",NA,"NLC"
"Ludwigia palustris","t0054333","Plantae","Magnoliopsida","LC",NA,NA
"Ludwigia perennis","t0054334","Plantae","Magnoliopsida","LC",NA,"NVU"
"Ludwigia repens","t0054335","Plantae","Magnoliopsida","LC",NA,NA
"Lumnitzera racemosa","t0054340","Plantae","Magnoliopsida","LC",NA,"NNT"
"Lupinus angustifolius","t0054341","Plantae","Magnoliopsida","LC",NA,NA
"Machilus konishii","t0054365","Plantae","Magnoliopsida","LC",NA,"NLC"
"Machilus thunbergii","t0054368","Plantae","Magnoliopsida","LC",NA,"NLC"
"Maclura tricuspidata","t0054370","Plantae","Magnoliopsida","LC",NA,NA
"Macrotyloma uniflorum","t0054372","Plantae","Magnoliopsida","LC",NA,"DD"
"Mallotus tiliifolius","t0054384","Plantae","Magnoliopsida","LC",NA,"NVU"
"Malpighia glabra","t0054386","Plantae","Magnoliopsida","LC",NA,NA
"Malpighia mexicana","t0054387","Plantae","Magnoliopsida","LC",NA,NA
"Malvaviscus arboreus","t0054394","Plantae","Magnoliopsida","LC",NA,NA
"Mangifera indica","t0054396","Plantae","Magnoliopsida","DD",NA,NA
"Manilkara zapota","t0054398","Plantae","Magnoliopsida","LC",NA,NA
"Cyperus compactus","t0054402","Plantae","Magnoliopsida","LC",NA,"NNT"
"Melia azedarach","t0054428","Plantae","Magnoliopsida","LC",NA,"NLC"
"Meliosma rigida","t0054434","Plantae","Magnoliopsida","LC",NA,"NLC"
"Meliosma squamulata","t0054435","Plantae","Magnoliopsida","LC",NA,"NLC"
"Memecylon lanceolatum","t0054441","Plantae","Magnoliopsida","NT",NA,"NVU"
"Metasequoia glyptostroboides","t0054449","Plantae","Pinopsida","EN",NA,NA
"Magnolia figo","t0054451","Plantae","Magnoliopsida","LC",NA,NA
"Microtropis fokienensis","t0054465","Plantae","Magnoliopsida","LC",NA,"NLC"
"Microtropis japonica","t0054466","Plantae","Magnoliopsida","LC",NA,"NLC"
"Millettia pachycarpa","t0054470","Plantae","Magnoliopsida","LC",NA,"NLC"
"Mimosa pigra","t0054472","Plantae","Magnoliopsida","LC",NA,NA
"Pontederia vaginalis","t0054489","Plantae","Magnoliopsida","LC",NA,"NLC"
"Morinda citrifolia","t0054496","Plantae","Magnoliopsida","LC",NA,"NLC"
"Murraya euchrestifolia","t0054510","Plantae","Magnoliopsida","LC",NA,"NLC"
"Musa balbisiana","t0054512","Plantae","Magnoliopsida","LC",NA,NA
"Myriophyllum spicatum","t0054526","Plantae","Magnoliopsida","LC",NA,"NLC"
"Myrsine seguinii","t0054529","Plantae","Magnoliopsida","LC",NA,"NLC"
"Najas indica","t0054534","Plantae","Magnoliopsida","LC",NA,"NLC"
"Najas minor","t0054536","Plantae","Magnoliopsida","LC",NA,"NLC"
"Nasturtium officinale","t0054540","Plantae","Magnoliopsida","LC",NA,NA
"Neolitsea acuminatissima","t0054546","Plantae","Magnoliopsida","LC",NA,"NLC"
"Neolitsea buisanensis","t0054547","Plantae","Magnoliopsida","LC",NA,"NLC"
"Neolitsea parvigemma","t0054551","Plantae","Magnoliopsida","LC",NA,"NLC"
"Neolitsea sericea","t0054552","Plantae","Magnoliopsida","LC",NA,"NLC"
"Neolitsea villosa","t0054553","Plantae","Magnoliopsida","LC",NA,"NCR"
"Nothapodytes insularis","t0054590","Plantae","Magnoliopsida","EN",NA,"NNT"
"Nuphar pumila","t0054592","Plantae","Magnoliopsida","LC",NA,"NCR"
"Nymphaea rubra","t0054594","Plantae","Magnoliopsida","LC",NA,NA
"Nymphoides hydrophylla","t0054598","Plantae","Magnoliopsida","LC",NA,"NCR"
"Oplismenus compositus","t0054632","Plantae","Magnoliopsida","LC",NA,"NLC"
"Oryza eichingeri","t0054648","Plantae","Magnoliopsida","LC",NA,NA
"Oryza latifolia","t0054650","Plantae","Magnoliopsida","LC",NA,NA
"Oryza nivara","t0054652","Plantae","Magnoliopsida","LC",NA,NA
"Oryza punctata","t0054654","Plantae","Magnoliopsida","LC",NA,NA
"Oryza rufipogon","t0054655","Plantae","Magnoliopsida","LC",NA,"RE"
"Osmanthus fragrans","t0054660","Plantae","Magnoliopsida","LC",NA,NA
"Osmoxylon pectinatum","t0054664","Plantae","Magnoliopsida","LC",NA,"NNT"
"Pachira aquatica","t0054670","Plantae","Magnoliopsida","LC",NA,NA
"Panicum humile","t0054683","Plantae","Magnoliopsida","LC",NA,"NLC"
"Panicum repens","t0054689","Plantae","Magnoliopsida","LC",NA,"NLC"
"Panicum sumatrense","t0054691","Plantae","Magnoliopsida","LC",NA,"NLC"
"Paris polyphylla","t0054699","Plantae","Magnoliopsida","VU",NA,"NLC"
"Parnassia palustris","t0054701","Plantae","Magnoliopsida","LC",NA,"NLC"
"Paspalidium flavidum","t0054705","Plantae","Magnoliopsida","LC",NA,NA
"Paspalum scrobiculatum","t0054716","Plantae","Magnoliopsida","LC",NA,"NLC"
"Paspalum vaginatum","t0054719","Plantae","Magnoliopsida","LC",NA,"NLC"
"Paulownia fortunei","t0054727","Plantae","Magnoliopsida","LC",NA,"NEN"
"Paulownia kawakamii","t0054728","Plantae","Magnoliopsida","CR",NA,"NVU"
"Pavetta indica","t0054729","Plantae","Magnoliopsida","LC",NA,"NCR"
"Euphorbia tithymaloides","t0054731","Plantae","Magnoliopsida","LC",NA,NA
"Persea americana","t0054753","Plantae","Magnoliopsida","LC",NA,NA
"Persicaria maculosa","t0054755","Plantae","Magnoliopsida","LC",NA,"NLC"
"Phalaris arundinacea","t0054767","Plantae","Magnoliopsida","LC",NA,NA
"Phaseolus vulgaris","t0054770","Plantae","Magnoliopsida","LC",NA,NA
"Phoebe formosana","t0054781","Plantae","Magnoliopsida","LC",NA,"NLC"
"Photinia benthamiana","t0054784","Plantae","Magnoliopsida","LC",NA,NA
"Phragmites australis","t0054788","Plantae","Magnoliopsida","LC",NA,"NLC"
"Phragmites karka","t0054789","Plantae","Magnoliopsida","LC",NA,"NLC"
"Phyla nodiflora","t0054796","Plantae","Magnoliopsida","LC",NA,"NLC"
"Phyllodium pulchellum","t0054808","Plantae","Magnoliopsida","LC",NA,"NLC"
"Physalis pubescens","t0054818","Plantae","Magnoliopsida","LC",NA,NA
"Picea morrisonicola","t0054822","Plantae","Pinopsida","VU",NA,"NLC"
"Pilea melastomoides","t0054827","Plantae","Magnoliopsida","LC",NA,"NLC"
"Pinus taiwanensis","t0054839","Plantae","Pinopsida","LC",NA,"NLC"
"Pipturus arborescens","t0054853","Plantae","Magnoliopsida","LC",NA,"NLC"
"Pisonia aculeata","t0054854","Plantae","Magnoliopsida","LC",NA,"NLC"
"Pistacia chinensis","t0054856","Plantae","Magnoliopsida","LC",NA,"NLC"
"Pittosporum moluccanum","t0054860","Plantae","Magnoliopsida","LC",NA,"NLC"
"Pittosporum pentandrum","t0054861","Plantae","Magnoliopsida","LC",NA,"NLC"
"Planchonella obovata","t0054862","Plantae","Magnoliopsida","LC",NA,"NLC"
"Plantago major","t0054866","Plantae","Magnoliopsida","LC",NA,"NLC"
"Poa annua","t0054890","Plantae","Magnoliopsida","LC",NA,"NLC"
"Poa pratensis","t0054895","Plantae","Magnoliopsida","LC",NA,NA
"Polyalthia liukiuensis","t0054909","Plantae","Magnoliopsida","EN",NA,"NCR"
"Pometia pinnata","t0054925","Plantae","Magnoliopsida","LC",NA,"NLC"
"Portulaca oleracea","t0054931","Plantae","Magnoliopsida","LC",NA,"NLC"
"Portulacaria afra","t0054935","Plantae","Magnoliopsida","LC",NA,NA
"Potamogeton octandrus","t0054941","Plantae","Magnoliopsida","LC",NA,"NLC"
"Pouteria caimito","t0054954","Plantae","Magnoliopsida","LC",NA,NA
"Premna microphylla","t0054957","Plantae","Magnoliopsida","LC",NA,"NLC"
"Premna odorata","t0054959","Plantae","Magnoliopsida","LC",NA,"NLC"
"Prunus avium","t0054967","Plantae","Magnoliopsida","LC",NA,NA
"Prunus pogonostyla","t0054973","Plantae","Magnoliopsida","LC",NA,"NVU"
"Prunus salicina","t0054974","Plantae","Magnoliopsida","LC",NA,NA
"Prunus zippeliana","t0054976","Plantae","Magnoliopsida","LC",NA,"NLC"
"Pseudotsuga wilsoniana","t0054981","Plantae","Pinopsida","VU",NA,"NLC"
"Psychotria manillensis","t0054986","Plantae","Magnoliopsida","LC",NA,"NNT"
"Pterocarpus indica","t0054990","Plantae","Magnoliopsida","EN",NA,NA
"Ptychosperma elegans","t0054994","Plantae","Magnoliopsida","LC",NA,NA
"Ptychosperma macarthurii","t0054995","Plantae","Magnoliopsida","LC",NA,NA
"Cyperus sanguinolentus","t0055003","Plantae","Magnoliopsida","LC",NA,"NLC"
"Cyperus unioloides","t0055004","Plantae","Magnoliopsida","LC",NA,"RE"
"Pyrus calleryana","t0055009","Plantae","Magnoliopsida","LC",NA,"NCR"
"Quercus dentata","t0055013","Plantae","Magnoliopsida","LC",NA,NA
"Quercus morii","t0055016","Plantae","Magnoliopsida","LC",NA,"NLC"
"Quercus myrsinifolia","t0055017","Plantae","Magnoliopsida","LC",NA,"DD"
"Quercus pachyloma","t0055018","Plantae","Magnoliopsida","LC",NA,"NLC"
"Quercus suber","t0055022","Plantae","Magnoliopsida","LC",NA,NA
"Quercus tarokoensis","t0055023","Plantae","Magnoliopsida","DD",NA,"NLC"
"Quercus tatakaensis","t0055024","Plantae","Magnoliopsida","DD",NA,"NLC"
"Radermachera sinica","t0055027","Plantae","Magnoliopsida","LC",NA,"NLC"
"Randia spinosa","t0055029","Plantae","Magnoliopsida","LC",NA,"NLC"
"Randia wallichii","t0055030","Plantae","Magnoliopsida","LC",NA,"NVU"
"Ranunculus sceleratus","t0055040","Plantae","Magnoliopsida","LC",NA,"NLC"
"Rauvolfia tetraphylla","t0055047","Plantae","Magnoliopsida","LC",NA,NA
"Rauvolfia verticillata","t0055048","Plantae","Magnoliopsida","LC",NA,"NLC"
"Rhapis excelsa","t0055064","Plantae","Magnoliopsida","LC",NA,NA
"Rhynchospora alba","t0055094","Plantae","Magnoliopsida","LC",NA,"NEN"
"Rhynchospora colorata","t0055096","Plantae","Magnoliopsida","LC",NA,NA
"Rhynchospora corymbosa","t0055097","Plantae","Magnoliopsida","LC",NA,"NLC"
"Rollinia mucosa","t0055108","Plantae","Magnoliopsida","LC",NA,NA
"Rotala rotundifolia","t0055124","Plantae","Magnoliopsida","LC",NA,"NLC"
"Roystonea regia","t0055129","Plantae","Magnoliopsida","LC",NA,NA
"Saccharum spontaneum","t0055182","Plantae","Magnoliopsida","LC",NA,"NLC"
"Sacciolepis indica","t0055183","Plantae","Magnoliopsida","LC",NA,"NLC"
"Saintpaulia ionantha","t0055192","Plantae","Magnoliopsida","NT",NA,NA
"Salix babylonica","t0055194","Plantae","Magnoliopsida","DD",NA,NA
"Salvia officinalis","t0055209","Plantae","Magnoliopsida","LC",NA,NA
"Sambucus williamsii","t0055216","Plantae","Magnoliopsida","LC",NA,NA
"Samolus valerandi","t0055217","Plantae","Magnoliopsida","LC",NA,NA
"Sarcococca saligna","t0055227","Plantae","Magnoliopsida","LC",NA,"NNT"
"Sassafras randaiense","t0055229","Plantae","Magnoliopsida","NT",NA,"NNT"
"Schima superba","t0055241","Plantae","Magnoliopsida","LC",NA,"NLC"
"Schoenoplectus triqueter","t0055251","Plantae","Magnoliopsida","LC",NA,"NNT"
"Schoenoplectus tabernaemontani","t0055252","Plantae","Magnoliopsida","LC",NA,"NLC"
"Schoenus falcatus","t0055256","Plantae","Magnoliopsida","LC",NA,"RE"
"Schoepfia jasminodora","t0055257","Plantae","Magnoliopsida","LC",NA,"NNT"
"Scleria levis","t0055265","Plantae","Magnoliopsida","LC",NA,"NLC"
"Scleria lithosperma","t0055266","Plantae","Magnoliopsida","LC",NA,"NLC"
"Scleria rugosa","t0055269","Plantae","Magnoliopsida","LC",NA,"NLC"
"Scleria scrobiculata","t0055270","Plantae","Magnoliopsida","LC",NA,"NLC"
"Scleria terrestris","t0055272","Plantae","Magnoliopsida","LC",NA,"NLC"
"Scolopia oldhamii","t0055274","Plantae","Magnoliopsida","LC",NA,"NLC"
"Sesbania cannabina","t0055318","Plantae","Magnoliopsida","LC",NA,NA
"Sesbania grandiflora","t0055319","Plantae","Magnoliopsida","DD",NA,NA
"Sesbania sesban","t0055320","Plantae","Magnoliopsida","LC",NA,NA
"Sesuvium portulacastrum","t0055321","Plantae","Magnoliopsida","LC",NA,"NLC"
"Sium suave","t0055356","Plantae","Magnoliopsida","LC",NA,"NCR"
"Smilax vaginata","t0055378","Plantae","Magnoliopsida","LC",NA,"NLC"
"Solanum nigrum","t0055389","Plantae","Magnoliopsida","LC",NA,"NLC"
"Sporobolus alterniflorus","t0055411","Plantae","Magnoliopsida","LC",NA,NA
"Spergularia marina","t0055416","Plantae","Magnoliopsida","LC",NA,"NNT"
"Spermacoce remota","t0055419","Plantae","Magnoliopsida","LC",NA,NA
"Sphagneticola calendulacea","t0055427","Plantae","Magnoliopsida","LC",NA,"NLC"
"Landoltia punctata","t0055440","Plantae","Magnoliopsida","LC",NA,"NLC"
"Sporobolus virginicus","t0055445","Plantae","Magnoliopsida","LC",NA,NA
"Stachytarpheta jamaicensis","t0055448","Plantae","Magnoliopsida","LC",NA,NA
"Stachyurus himalaicus","t0055450","Plantae","Magnoliopsida","LC",NA,"NLC"
"Sterculia ceramica","t0055464","Plantae","Magnoliopsida","LC",NA,"NLC"
"Stictocardia tiliifolia","t0055467","Plantae","Magnoliopsida","LC",NA,"NLC"
"Styrax suberifolia","t0055481","Plantae","Magnoliopsida","LC",NA,"NLC"
"Suriana maritima","t0055483","Plantae","Magnoliopsida","LC",NA,NA
"Swietenia mahagoni","t0055491","Plantae","Magnoliopsida","NT",NA,NA
"Symplocos shilanensis","t0055512","Plantae","Magnoliopsida","EN",NA,"NVU"
"Symplocos trichoclada","t0055515","Plantae","Magnoliopsida","VU",NA,"NLC"
"Symplocos wikstroemiifolia","t0055516","Plantae","Magnoliopsida","LC",NA,"NLC"
"Synsepalum dulcificum","t0055520","Plantae","Magnoliopsida","LC",NA,NA
"Syzygium acuminatissimum","t0055521","Plantae","Magnoliopsida","LC",NA,"NNT"
"Syzygium buxifolium","t0055522","Plantae","Magnoliopsida","LC",NA,"NLC"
"Syzygium malaccense","t0055528","Plantae","Magnoliopsida","LC",NA,NA
"Syzygium paucivenium","t0055529","Plantae","Magnoliopsida","NT",NA,"NVU"
"Syzygium simile","t0055531","Plantae","Magnoliopsida","NT",NA,"NNT"
"Tabernaemontana pandacaqui","t0055535","Plantae","Magnoliopsida","LC",NA,NA
"Tamarix chinensis","t0055552","Plantae","Magnoliopsida","LC",NA,NA
"Tephrosia vogelii","t0055569","Plantae","Magnoliopsida","LC",NA,NA
"Terminalia mantaly","t0055571","Plantae","Magnoliopsida","LC",NA,NA
"Thalia geniculata","t0055579","Plantae","Magnoliopsida","LC",NA,NA
"Cyperus odoratus","t0055627","Plantae","Magnoliopsida","LC",NA,"NLC"
"Trapa incisa","t0055637","Plantae","Magnoliopsida","LC",NA,"NVU"
"Tribulus terrestris","t0055645","Plantae","Magnoliopsida","LC",NA,"NLC"
"Trichophorum subcapitatum","t0055648","Plantae","Magnoliopsida","LC",NA,"NLC"
"Trifolium pratense","t0055660","Plantae","Magnoliopsida","LC",NA,NA
"Tripsacum laxum","t0055671","Plantae","Magnoliopsida","LC",NA,NA
"Typha angustifolia","t0055699","Plantae","Magnoliopsida","LC",NA,"NLC"
"Urena lobata","t0055710","Plantae","Magnoliopsida","LC",NA,"NLC"
"Utricularia australis","t0055716","Plantae","Magnoliopsida","LC",NA,"NCR"
"Utricularia bifida","t0055717","Plantae","Magnoliopsida","LC",NA,"NEN"
"Utricularia gibba","t0055719","Plantae","Magnoliopsida","LC",NA,"NVU"
"Utricularia livida","t0055723","Plantae","Magnoliopsida","LC",NA,NA
"Utricularia minor","t0055724","Plantae","Magnoliopsida","LC",NA,"DD"
"Utricularia smithiana","t0055726","Plantae","Magnoliopsida","LC",NA,NA
"Utricularia striatula","t0055727","Plantae","Magnoliopsida","LC",NA,"NNT"
"Vaccinium bracteatum","t0055730","Plantae","Magnoliopsida","LC",NA,"NLC"
"Dodonaea viscosa","t0057285","Plantae","Magnoliopsida","LC",NA,"NLC"
"Dysoxylum parasiticum","t0057302","Plantae","Magnoliopsida","LC",NA,"NLC"
"Enkianthus quinqueflorus","t0057321","Plantae","Magnoliopsida","LC",NA,NA
"Euonymus pallidifolia","t0057343","Plantae","Magnoliopsida","CR",NA,"NEN"
"Euphorbia atoto","t0057346","Plantae","Magnoliopsida","EN",NA,"NLC"
"Falcataria falcata","t0057366","Plantae","Magnoliopsida","LC",NA,NA
"Brachiaria reptans","t0057469","Plantae","Magnoliopsida","LC",NA,"NLC"
"Vigna angularis","t0057486","Plantae","Magnoliopsida","LC",NA,"DD"
"Washingtonia filifera","t0057495","Plantae","Magnoliopsida","LC",NA,NA
"Zeuxine odorate","t0057515","Plantae","Magnoliopsida","NT",NA,"NNT"
"Zeuxine strateumatica","t0057516","Plantae","Magnoliopsida","LC",NA,"NLC"
"Geniostoma rupestre","t0057931","Plantae","Magnoliopsida","LC",NA,"NVU"
"Glinus oppositifolius","t0057937","Plantae","Magnoliopsida","LC",NA,"NLC"
"Glochidion philippicum","t0057938","Plantae","Magnoliopsida","LC",NA,"NLC"
"Glochidion acuminatum","t0057940","Plantae","Magnoliopsida","LC",NA,"NLC"
"Glochidion zeylanicum","t0057941","Plantae","Magnoliopsida","LC",NA,"NLC"
"Glochidion zeylanicum tomentosum","t0057943","Plantae","Magnoliopsida","EN",NA,"NLC"
"Halodule uninervis","t0057979","Plantae","Magnoliopsida","LC",NA,"NLC"
"Hemisteptia lyrata","t0057999","Plantae","Magnoliopsida","LC",NA,"NLC"
"Hernandia nymphiifolia","t0058000","Plantae","Magnoliopsida","LC",NA,"NVU"
"Itea oldhamii","t0058090","Plantae","Magnoliopsida","LC",NA,"NLC"
"Keteleeria davidiana formosana","t0058106","Plantae","Pinopsida","EN",NA,"NCR"
"Salacca zalacca","t0058180","Plantae","Magnoliopsida","DD",NA,NA
"Salix kusanoi","t0058183","Plantae","Magnoliopsida","EN",NA,"NEN"
"Schistidium apocarpum","t0058213","Plantae","Bryopsida","VU",NA,NA
"Schoenoplectiella supina lateriflora","t0058221","Plantae","Magnoliopsida","LC",NA,"NNT"
"Selenicereus undatus","t0058239","Plantae","Magnoliopsida","DD",NA,NA
"Senna bicapsularis","t0058246","Plantae","Magnoliopsida","LC",NA,NA
"Setaria parviflora","t0058251","Plantae","Magnoliopsida","LC",NA,NA
"Sinoadina racemosa","t0058257","Plantae","Magnoliopsida","LC",NA,"NNT"
"Sinopanax formosana","t0058260","Plantae","Magnoliopsida","VU",NA,"NVU"
"Cornus macrophylla","t0058315","Plantae","Magnoliopsida","LC",NA,"NLC"
"Symplocos glauca","t0058321","Plantae","Magnoliopsida","LC",NA,"NLC"
"Syzygium tripinnatum","t0058340","Plantae","Magnoliopsida","LC",NA,"NNT"
"Taxodium distichum mexicanum","t0058349","Plantae","Pinopsida","LC",NA,NA
"Taxus sumatrana","t0058350","Plantae","Pinopsida","VU",NA,"NEN"
"Tephrosia purpurea","t0058357","Plantae","Magnoliopsida","EN",NA,"NLC"
"Ternstroemia gymnanthera","t0058359","Plantae","Magnoliopsida","LC",NA,"NLC"
"Thevetia peruviana","t0058379","Plantae","Magnoliopsida","LC",NA,NA
"Toona sinensis","t0058404","Plantae","Magnoliopsida","LC",NA,NA
"Torenia anagallis","t0058405","Plantae","Magnoliopsida","LC",NA,"NLC"
"Trema cannabina","t0058431","Plantae","Magnoliopsida","LC",NA,"NLC"
"Triadica cochinchinensis","t0058436","Plantae","Magnoliopsida","LC",NA,"NLC"
"Lithocarpus harlandii","t0058459","Plantae","Magnoliopsida","LC",NA,"NEN"
"Lithocarpus formosanus","t0058461","Plantae","Magnoliopsida","CR",NA,"NCR"
"Lithocarpus synbalanos","t0058463","Plantae","Magnoliopsida","LC",NA,"NLC"
"Macaranga tanarius","t0058482","Plantae","Magnoliopsida","LC",NA,"NLC"
"Magnolia kachirachirai","t0058498","Plantae","Magnoliopsida","EN",NA,"NVU"
"Mallotus philippensis","t0058502","Plantae","Magnoliopsida","LC",NA,"NLC"
"Malus doumeri","t0058504","Plantae","Magnoliopsida","DD",NA,"NLC"
"Maytenus diversifolia","t0058511","Plantae","Magnoliopsida","LC",NA,"NLC"
"Melicoccus bijugatus","t0058513","Plantae","Magnoliopsida","LC",NA,NA
"Melicope pteleifolia","t0058514","Plantae","Magnoliopsida","LC",NA,"NLC"
"Neolitsea aciculata variabillima","t0058618","Plantae","Magnoliopsida","LC",NA,"NLC"
"Neonotonia wightii","t0058622","Plantae","Magnoliopsida","LC",NA,NA
"Nitella gracilis","t0058628","Plantae","Charophyceae","LC",NA,NA
"Ochna thomasiana","t0058638","Plantae","Magnoliopsida","LC",NA,NA
"Oenanthe javanica","t0058645","Plantae","Magnoliopsida","LC",NA,"NLC"
"Oryza grandiglumis","t0058667","Plantae","Magnoliopsida","LC",NA,NA
"Pandanus odorifer","t0058682","Plantae","Magnoliopsida","LC",NA,"NLC"
"Peltophorum pterocarpum","t0058713","Plantae","Magnoliopsida","LC",NA,NA
"Carissa macrocarpa","t0058732","Plantae","Magnoliopsida","LC",NA,NA
"Castanopsis cuspidata carlesii","t0058734","Plantae","Magnoliopsida","LC",NA,"NLC"
"Castanopsis formosana","t0058735","Plantae","Magnoliopsida","LC",NA,"NLC"
"Castanopsis uraiana","t0058736","Plantae","Magnoliopsida","LC",NA,"NLC"
"Pennisetum purpureum","t0058742","Plantae","Magnoliopsida","LC",NA,NA
"Centella asiatica","t0058743","Plantae","Magnoliopsida","LC",NA,"NLC"
"Cephalanthus tetrandrus","t0058749","Plantae","Magnoliopsida","LC",NA,"NCR"
"Ceriops tagal","t0058755","Plantae","Magnoliopsida","LC",NA,"RE"
"Champereia manillana","t0058771","Plantae","Magnoliopsida","LC",NA,"NLC"
"Chara brachypus","t0058774","Plantae","Charophyceae","DD",NA,NA
"Chara zeylanica","t0058779","Plantae","Charophyceae","LC",NA,NA
"Cinnamomum tenuifolium nervosum","t0058809","Plantae","Magnoliopsida","LC",NA,"NNT"
"Conocarpus erectus","t0058855","Plantae","Magnoliopsida","LC",NA,NA
"Cordyline fruticosa","t0058861","Plantae","Magnoliopsida","LC",NA,NA
"Coscinodon cribosus","t0058869","Plantae","Bryopsida","DD",NA,NA
"Cyanotis axillaris","t0058892","Plantae","Magnoliopsida","LC",NA,"NVU"
"Cyperus albescens","t0058908","Plantae","Magnoliopsida","LC",NA,"NCR"
"Cyperus mindorensis","t0058913","Plantae","Magnoliopsida","LC",NA,"NLC"
"Dentella repens","t0058936","Plantae","Magnoliopsida","LC",NA,"NLC"
"Persicaria hydropiper","t0058953","Plantae","Magnoliopsida","LC",NA,"NNT"
"Persicaria pubescens","t0058966","Plantae","Magnoliopsida","LC",NA,"NLC"
"Persicaria sagittata","t0058969","Plantae","Magnoliopsida","LC",NA,"NVU"
"Photinia serratifolia lasiopetala","t0058991","Plantae","Magnoliopsida","VU",NA,"NLC"
"Planchonella duclitan","t0059032","Plantae","Magnoliopsida","LC",NA,"NEN"
"Pluchea carolinensis","t0059047","Plantae","Magnoliopsida","LC",NA,NA
"Podocarpus macrophyllus macrophyllus","t0059048","Plantae","Pinopsida","LC",NA,"NEN"
"Polyspora axillaris","t0059078","Plantae","Magnoliopsida","LC",NA,"NLC"
"Prunus grisea","t0059100","Plantae","Magnoliopsida","LC",NA,"NEN"
"Pteridium aquilinum japonicum","t0059119","Plantae","Polypodiopsida","LC",NA,"NLC"
"Pyrenaria microcarpa ovalifolia","t0059140","Plantae","Magnoliopsida","CR",NA,"NCR"
"Randia cochinchinensis","t0059166","Plantae","Magnoliopsida","LC",NA,"NLC"
"Rorippa austriaca","t0059196","Plantae","Magnoliopsida","LC",NA,NA
"Rotala rosea","t0059201","Plantae","Magnoliopsida","LC",NA,NA
"Abies firma","t0060760","Plantae","Pinopsida","LC",NA,NA
"Acacia auriculiformis","t0060765","Plantae","Magnoliopsida","LC",NA,NA
"Acacia floribunda","t0060771","Plantae","Magnoliopsida","LC",NA,NA
"Acacia mangium","t0060776","Plantae","Magnoliopsida","LC",NA,NA
"Acacia pycnantha","t0060780","Plantae","Magnoliopsida","LC",NA,NA
"Acer palmatum","t0060792","Plantae","Magnoliopsida","LC",NA,"NLC"
"Acoelorraphe wrightii","t0060797","Plantae","Magnoliopsida","LC",NA,NA
"Adenanthera microsperma","t0060824","Plantae","Magnoliopsida","LC",NA,NA
"Adenanthera pavonina","t0060825","Plantae","Magnoliopsida","LC",NA,NA
"Adenium obesum","t0060826","Plantae","Magnoliopsida","LC",NA,NA
"Aesculus hippocastanum","t0060864","Plantae","Magnoliopsida","VU",NA,NA
"Agathis dammara","t0060868","Plantae","Pinopsida","VU",NA,NA
"Agathis robusta","t0060869","Plantae","Pinopsida","LC",NA,NA
"Agave angustifolia","t0060870","Plantae","Magnoliopsida","LC",NA,NA
"Agave attenuata","t0060872","Plantae","Magnoliopsida","LC",NA,NA
"Agave schidigera","t0060876","Plantae","Magnoliopsida","LC",NA,NA
"Agave victoriae-reginae","t0060877","Plantae","Magnoliopsida","LC",NA,NA
"Ailanthus altissima","t0060885","Plantae","Magnoliopsida","LC",NA,"NLC"
"Aiphanes horrida","t0060888","Plantae","Magnoliopsida","LC",NA,NA
"Albizia amara","t0060891","Plantae","Magnoliopsida","LC",NA,NA
"Albizia chinensis","t0060892","Plantae","Magnoliopsida","LC",NA,NA
"Albizia lucida","t0060895","Plantae","Magnoliopsida","LC",NA,NA
"Alstonia scholaris","t0060916","Plantae","Magnoliopsida","LC",NA,NA
"Annona cherimola","t0060980","Plantae","Magnoliopsida","LC",NA,NA
"Aquilaria malaccensis","t0061012","Plantae","Magnoliopsida","CR",NA,NA
"Archontophoenix alexandrae","t0061023","Plantae","Magnoliopsida","LC",NA,NA
"Arenga pinnata","t0061032","Plantae","Magnoliopsida","LC",NA,NA
"Artocarpus integer","t0061058","Plantae","Magnoliopsida","LC",NA,NA
"Astrophytum capricorne","t0061074","Plantae","Magnoliopsida","LC",NA,NA
"Astrophytum ornatum","t0061076","Plantae","Magnoliopsida","VU",NA,NA
"Cornus controversa","t0069488","Plantae","Magnoliopsida","LC",NA,"NNT"
"Symplocarpus foetidus","t0069495","Plantae","Magnoliopsida","LC",NA,NA
"Symplocos cochinchinensis","t0069498","Plantae","Magnoliopsida","LC",NA,"NLC"
"Syringa vulgaris","t0069506","Plantae","Magnoliopsida","LC",NA,NA
"Syringodium isoetifolium","t0069507","Plantae","Magnoliopsida","LC",NA,NA
"Syzygium elliptifolium","t0069512","Plantae","Magnoliopsida","CR",NA,NA
"Handroanthus chrysanthus","t0069515","Plantae","Magnoliopsida","VU",NA,NA
"Tabebuia obtusifolia","t0069517","Plantae","Magnoliopsida","LC",NA,NA
"Tectona philippinensis","t0069552","Plantae","Magnoliopsida","EN",NA,NA
"Terminalia calamansanai","t0069561","Plantae","Magnoliopsida","LC",NA,NA
"Thelocactus bicolor","t0069615","Plantae","Magnoliopsida","LC",NA,NA
"Thespesia populnea","t0069621","Plantae","Magnoliopsida","LC",NA,"NEN"
"Thuja occidentalis","t0069628","Plantae","Pinopsida","LC",NA,NA
"Tillandsia cyanea","t0069638","Plantae","Magnoliopsida","NT",NA,NA
"Toxicodendron radicans","t0069649","Plantae","Magnoliopsida","LC",NA,NA
"Trema orientalis","t0069669","Plantae","Magnoliopsida","LC",NA,"NLC"
"Tsuga canadensis","t0069708","Plantae","Pinopsida","NT",NA,NA
"Tsuga caroliniana","t0069709","Plantae","Pinopsida","NT",NA,NA
"Tsuga forrestii","t0069710","Plantae","Pinopsida","VU",NA,NA
"Tsuga heterophylla","t0069711","Plantae","Pinopsida","LC",NA,NA
"Turnera ulmifolia","t0069715","Plantae","Magnoliopsida","LC",NA,NA
"Ulmus americana","t0069722","Plantae","Magnoliopsida","EN",NA,NA
"Vaccinium wrightii","t0069748","Plantae","Magnoliopsida","LC",NA,"NLC"
"Xyris complanata","t0069829","Plantae","Magnoliopsida","LC",NA,NA
"Zamia fischeri","t0069835","Plantae","Cycadopsida","EN",NA,NA
"Zanthoxylum bungeanum","t0069842","Plantae","Magnoliopsida","LC",NA,NA
"Zanthoxylum integrifoliolum","t0069843","Plantae","Magnoliopsida","LC",NA,"NVU"
"Ziziphus jujuba","t0069854","Plantae","Magnoliopsida","LC",NA,NA
"Aztekium ritteri","t0072769","Plantae","Magnoliopsida","LC",NA,NA
"Bactris major","t0072772","Plantae","Magnoliopsida","LC",NA,NA
"Bauhinia acuminata","t0072800","Plantae","Magnoliopsida","LC",NA,NA
"Berchemia floribunda","t0072855","Plantae","Magnoliopsida","LC",NA,"NLC"
"Betula chinensis","t0072857","Plantae","Magnoliopsida","LC",NA,NA
"Bougainvillea glabra","t0072885","Plantae","Magnoliopsida","LC",NA,NA
"Breynia fruticosa","t0072911","Plantae","Magnoliopsida","LC",NA,NA
"Bruguiera gymnorhiza","t0072922","Plantae","Magnoliopsida","LC",NA,"RE"
"Bunchosia argentea","t0072944","Plantae","Magnoliopsida","LC",NA,NA
"Bunchosia armeniaca","t0072945","Plantae","Magnoliopsida","LC",NA,NA
"Butea monosperma","t0072947","Plantae","Magnoliopsida","LC",NA,NA
"Calliandra surinamensis","t0072973","Plantae","Magnoliopsida","LC",NA,NA
"Callitris preissii","t0072989","Plantae","Pinopsida","LC",NA,NA
"Callitris rhomboidea","t0072991","Plantae","Pinopsida","LC",NA,NA
"Camellia lutchuensis","t0073017","Plantae","Magnoliopsida","LC",NA,NA
"Canarium album","t0073028","Plantae","Magnoliopsida","LC",NA,NA
"Carex longii","t0073044","Plantae","Magnoliopsida","LC",NA,NA
"Carex tsushimensis","t0073046","Plantae","Magnoliopsida","DD",NA,"NNT"
"Carnegiea gigantea","t0073049","Plantae","Magnoliopsida","LC",NA,NA
"Carya illinoinensis","t0073055","Plantae","Magnoliopsida","LC",NA,NA
"Cassia javanica","t0073061","Plantae","Magnoliopsida","LC",NA,NA
"Castanopsis cuspidata","t0073064","Plantae","Magnoliopsida","LC",NA,"NLC"
"Catalpa ovata","t0073075","Plantae","Magnoliopsida","LC",NA,NA
"Cedrus deodara","t0073104","Plantae","Pinopsida","LC",NA,NA
"Centaurium pulchellum","t0073109","Plantae","Magnoliopsida","LC",NA,"NVU"
"Cephalocereus senilis","t0073113","Plantae","Magnoliopsida","EN",NA,NA
"Cephalotaxus fortunei","t0073115","Plantae","Pinopsida","LC",NA,NA
"Cephalotaxus hainanensis","t0073116","Plantae","Pinopsida","EN",NA,NA
"Cereus repandus","t0073139","Plantae","Magnoliopsida","LC",NA,NA
"Cestrum elegans","t0073141","Plantae","Magnoliopsida","LC",NA,NA
"Chamaecyparis pisifera","t0073153","Plantae","Pinopsida","LC",NA,NA
"Chara hydropitys","t0073164","Plantae","Charophyceae","LC",NA,NA
"Chionanthus coriaceus","t0073197","Plantae","Magnoliopsida","NT",NA,"NCR"
"Cinchona calisaya","t0073247","Plantae","Magnoliopsida","LC",NA,NA
"Cinnamomum tenuifolium","t0073253","Plantae","Magnoliopsida","LC",NA,"NNT"
"Citrus medica","t0073263","Plantae","Magnoliopsida","LC",NA,NA
"Clerodendrum japonicum","t0073297","Plantae","Magnoliopsida","LC",NA,"NLC"
"Clerodendrum quadriloculare","t0073298","Plantae","Magnoliopsida","LC",NA,NA
"Coffea liberica","t0073377","Plantae","Magnoliopsida","LC",NA,NA
"Cololejeunea magnilobula","t0073400","Plantae","Jungermanniopsida","EN",NA,NA
"Conophytum bilobum","t0073440","Plantae","Magnoliopsida","VU",NA,NA
"Copernicia macroglossa","t0073444","Plantae","Magnoliopsida","LC",NA,NA
"Coptis trifolia","t0073445","Plantae","Magnoliopsida","LC",NA,NA
"Cordia aspera","t0073450","Plantae","Magnoliopsida","LC",NA,"NEN"
"Cordyline stricta","t0073451","Plantae","Magnoliopsida","LC",NA,NA
"Eucalyptus maculata citriodora","t0073459","Plantae","Magnoliopsida","LC",NA,NA
"Corynopuntia vilis","t0073460","Plantae","Magnoliopsida","LC",NA,NA
"Corypha umbraculifera","t0073462","Plantae","Magnoliopsida","DD",NA,NA
"Coryphantha elephantidens","t0073465","Plantae","Magnoliopsida","LC",NA,NA
"Costus malortieanus","t0073530","Plantae","Magnoliopsida","LC",NA,NA
"Couroupita guianensis","t0073535","Plantae","Magnoliopsida","LC",NA,NA
"Crateva religiosa","t0073539","Plantae","Magnoliopsida","LC",NA,NA
"Crateva unilocularis","t0073540","Plantae","Magnoliopsida","LC",NA,NA
"Cucurbita foetidissima","t0073574","Plantae","Magnoliopsida","LC",NA,NA
"Cycas media","t0073592","Plantae","Cycadopsida","LC",NA,NA
"Cycas rumphii","t0073593","Plantae","Cycadopsida","NT",NA,NA
"Cyclamen persicum","t0073598","Plantae","Magnoliopsida","LC",NA,NA
"Cyperus imbricatus","t0073609","Plantae","Magnoliopsida","LC",NA,"NLC"
"Cyperus michelianus","t0073610","Plantae","Magnoliopsida","LC",NA,"NLC"
"Dalbergia candenatensis","t0073624","Plantae","Magnoliopsida","LC",NA,NA
"Diospyros dumetorum","t0073710","Plantae","Magnoliopsida","LC",NA,NA
"Dracaena curtisii","t0073744","Plantae","Magnoliopsida","NT",NA,NA
"Drosera rotundifolia","t0073759","Plantae","Magnoliopsida","LC",NA,NA
"Dypsis lastelliana","t0073774","Plantae","Magnoliopsida","LC",NA,NA
"Echinocactus grusonii","t0073783","Plantae","Magnoliopsida","EN",NA,NA
"Echinocereus berlandieri","t0073784","Plantae","Magnoliopsida","LC",NA,NA
"Echinocereus enneacanthus","t0073787","Plantae","Magnoliopsida","LC",NA,NA
"Echinocereus pectinatus","t0073790","Plantae","Magnoliopsida","LC",NA,NA
"Echinocereus pentalophus","t0073791","Plantae","Magnoliopsida","LC",NA,NA
"Echinocereus rigidissimus","t0073792","Plantae","Magnoliopsida","LC",NA,NA
"Echinopsis rhodotricha","t0073800","Plantae","Magnoliopsida","LC",NA,NA
"Eleocharis congesta","t0073822","Plantae","Magnoliopsida","LC",NA,"NLC"
"Eleocharis dulcis","t0073823","Plantae","Magnoliopsida","LC",NA,"NLC"
"Erythrina abyssinica","t0073860","Plantae","Magnoliopsida","LC",NA,NA
"Eucalyptus diversicolor","t0073884","Plantae","Magnoliopsida","LC",NA,NA
"Eucalyptus longifolia","t0073890","Plantae","Magnoliopsida","VU",NA,NA
"Eucalyptus resinifera","t0073899","Plantae","Magnoliopsida","LC",NA,NA
"Ficus hispida","t0073956","Plantae","Magnoliopsida","LC",NA,NA
"Ficus racemosa","t0073960","Plantae","Magnoliopsida","LC",NA,NA
"Ficus stricta","t0073963","Plantae","Magnoliopsida","LC",NA,NA
"Firmiana simplex","t0073967","Plantae","Magnoliopsida","LC",NA,"NLC"
"Frailea schilinzkyana","t0074007","Plantae","Magnoliopsida","VU",NA,NA
"Fraxinus uhdei","t0074011","Plantae","Magnoliopsida","LC",NA,NA
"Frullania jackii","t0074036","Plantae","Jungermanniopsida","VU",NA,NA
"Funtumia elastica","t0074068","Plantae","Magnoliopsida","LC",NA,NA
"Galactia tenuiflora","t0074074","Plantae","Magnoliopsida","LC",NA,"NLC"
"Gmelina chinensis","t0074132","Plantae","Magnoliopsida","LC",NA,NA
"Gmelina philippensis","t0074133","Plantae","Magnoliopsida","LC",NA,NA
"Goniothalamus chinensis","t0074148","Plantae","Magnoliopsida","LC",NA,NA
"Gymnocalycium baldianum","t0074189","Plantae","Magnoliopsida","LC",NA,NA
"Gymnocalycium mihanovichii","t0074191","Plantae","Magnoliopsida","LC",NA,NA
"Haageocereus decumbens","t0074201","Plantae","Magnoliopsida","LC",NA,NA
"Hamelia patens","t0074220","Plantae","Magnoliopsida","LC",NA,NA
"Helianthus tuberosus","t0074250","Plantae","Magnoliopsida","LC",NA,NA
"Euploca procumbens","t0074255","Plantae","Magnoliopsida","LC",NA,NA
"Heptapleurum minutistellatum","t0074263","Plantae","Magnoliopsida","LC",NA,NA
"Hibiscus moscheutos","t0074288","Plantae","Magnoliopsida","LC",NA,NA
"Howea belmoreana","t0074315","Plantae","Magnoliopsida","VU",NA,NA
"Hydrocotyle javanica","t0074327","Plantae","Magnoliopsida","LC",NA,"NLC"
"Hygrophila difformis","t0074334","Plantae","Magnoliopsida","LC",NA,NA
"Hygrophila salicifolia","t0074336","Plantae","Magnoliopsida","LC",NA,"NNT"
"Hymenaea courbaril","t0074340","Plantae","Magnoliopsida","LC",NA,NA
"Hyophorbe verschaffeltii","t0074343","Plantae","Magnoliopsida","CR",NA,NA
"Ilex aquifolium","t0074370","Plantae","Magnoliopsida","LC",NA,NA
"Ilex latifolia","t0074371","Plantae","Magnoliopsida","LC",NA,NA
"Ilex sugerokii","t0074373","Plantae","Magnoliopsida","LC",NA,"NLC"
"Isoetes taiwanensis","t0074390","Plantae","Lycopodiopsida","CR",NA,"NCR"
"Ixora brachiata","t0074397","Plantae","Magnoliopsida","LC",NA,NA
"Juniperus chinensis","t0074435","Plantae","Pinopsida","LC",NA,"NVU"
"Juniperus formosana","t0074436","Plantae","Pinopsida","LC",NA,"NLC"
"Justicia adhatoda","t0074439","Plantae","Magnoliopsida","LC",NA,NA
"Kalanchoe beharensis","t0074441","Plantae","Magnoliopsida","VU",NA,NA
"Keteleeria fortunei","t0074447","Plantae","Pinopsida","NT",NA,NA
"Latania lontaroides","t0074488","Plantae","Magnoliopsida","EN",NA,NA
"Lawsonia inermis","t0074504","Plantae","Magnoliopsida","LC",NA,NA
"Leea indica","t0074507","Plantae","Magnoliopsida","LC",NA,NA
"Leptospermum scoparium","t0074555","Plantae","Magnoliopsida","LC",NA,NA
"Lindernia hyssopioides","t0074593","Plantae","Magnoliopsida","LC",NA,"DD"
"Liquidambar styraciflua","t0074601","Plantae","Magnoliopsida","LC",NA,NA
"Liriodendron tulipifera","t0074603","Plantae","Magnoliopsida","LC",NA,NA
"Litsea acuminata","t0074608","Plantae","Magnoliopsida","LC",NA,"NLC"
"Litsea cubeba","t0074609","Plantae","Magnoliopsida","LC",NA,"NLC"
"Litsea elongata","t0074610","Plantae","Magnoliopsida","LC",NA,"NLC"
"Litsea perrottetii","t0074611","Plantae","Magnoliopsida","NT",NA,NA
"Litsea rotundifolia","t0074612","Plantae","Magnoliopsida","LC",NA,"NLC"
"Livistona chinensis","t0074613","Plantae","Magnoliopsida","LC",NA,"NVU"
"Lupinus albus","t0074652","Plantae","Magnoliopsida","LC",NA,NA
"Lupinus luteus","t0074656","Plantae","Magnoliopsida","LC",NA,NA
"Lupinus micranthus","t0074657","Plantae","Magnoliopsida","LC",NA,NA
"Lupinus nanus","t0074659","Plantae","Magnoliopsida","LC",NA,NA
"Lupinus polyphyllus","t0074660","Plantae","Magnoliopsida","LC",NA,NA
"Machilus obovatifolia","t0074679","Plantae","Magnoliopsida","LC",NA,"NLC"
"Magnolia liliiflora","t0074697","Plantae","Magnoliopsida","DD",NA,NA
"Mallotus paniculatus","t0074700","Plantae","Magnoliopsida","LC",NA,"NLC"
"Mammillaria bocasana","t0074704","Plantae","Magnoliopsida","LC",NA,NA
"Mammillaria columbiana","t0074711","Plantae","Magnoliopsida","LC",NA,NA
"Mammillaria elongata","t0074713","Plantae","Magnoliopsida","LC",NA,NA
"Mammillaria hahniana","t0074715","Plantae","Magnoliopsida","NT",NA,NA
"Mammillaria mazatlanensis","t0074719","Plantae","Magnoliopsida","LC",NA,NA
"Mammillaria parkinsonii","t0074721","Plantae","Magnoliopsida","EN",NA,NA
"Mammillaria plumosa","t0074723","Plantae","Magnoliopsida","NT",NA,NA
"Mammillaria prolifera","t0074724","Plantae","Magnoliopsida","LC",NA,NA
"Mammillaria rhodantha","t0074725","Plantae","Magnoliopsida","LC",NA,NA
"Manihot glaziovii","t0074729","Plantae","Magnoliopsida","LC",NA,NA
"Melaleuca linariifolia","t0074762","Plantae","Magnoliopsida","LC",NA,NA
"Melastoma dodecandrum","t0074764","Plantae","Magnoliopsida","LC",NA,NA
"Millettia pulchra","t0074822","Plantae","Magnoliopsida","LC",NA,"NCR"
"Mimusops elengi","t0074824","Plantae","Magnoliopsida","LC",NA,NA
"Moringa oleifera","t0074849","Plantae","Magnoliopsida","LC",NA,NA
"Musa ornata","t0074864","Plantae","Magnoliopsida","LC",NA,NA
"Mussaenda erythrophylla","t0074867","Plantae","Magnoliopsida","LC",NA,NA
"Myristica fragrans","t0074875","Plantae","Magnoliopsida","DD",NA,NA
"Myroxylon balsamum","t0074876","Plantae","Magnoliopsida","LC",NA,NA
"Myrtillocactus geometrizans","t0074878","Plantae","Magnoliopsida","LC",NA,NA
"Neptunia plena","t0074928","Plantae","Magnoliopsida","LC",NA,NA
"Nitella flexilis","t0074948","Plantae","Charophyceae","LC",NA,NA
"Nitella tenuissima","t0074954","Plantae","Charophyceae","LC",NA,NA
"Nymphaea lotus","t0074968","Plantae","Magnoliopsida","LC",NA,NA
"Nymphaea odorata","t0074970","Plantae","Magnoliopsida","LC",NA,NA
"Ochna serrulata","t0074974","Plantae","Magnoliopsida","LC",NA,NA
"Opuntia elatior","t0075007","Plantae","Magnoliopsida","LC",NA,NA
"Opuntia microdasys","t0075013","Plantae","Magnoliopsida","LC",NA,NA
"Opuntia monacantha","t0075014","Plantae","Magnoliopsida","LC",NA,NA
"Opuntia stricta","t0075015","Plantae","Magnoliopsida","LC",NA,NA
"Pachycereus pringlei","t0075050","Plantae","Magnoliopsida","LC",NA,NA
"Pachypodium geayi","t0075052","Plantae","Magnoliopsida","LC",NA,NA
"Palaquium gutta","t0075059","Plantae","Magnoliopsida","NT",NA,NA
"Panax ginseng","t0075069","Plantae","Magnoliopsida","CR",NA,NA
"Pandanus boninensis","t0075073","Plantae","Magnoliopsida","LC",NA,NA
"Pandanus dubius","t0075074","Plantae","Magnoliopsida","LC",NA,NA
"Paphiopedilum callosum","t0075085","Plantae","Magnoliopsida","EN",NA,NA
"Paphiopedilum ciliolare","t0075086","Plantae","Magnoliopsida","EN",NA,NA
"Paphiopedilum fairrieanum","t0075091","Plantae","Magnoliopsida","CR",NA,NA
"Paphiopedilum godefroyae","t0075093","Plantae","Magnoliopsida","EN",NA,NA
"Paphiopedilum niveum","t0075100","Plantae","Magnoliopsida","EN",NA,NA
"Paphiopedilum philippinense","t0075102","Plantae","Magnoliopsida","NT",NA,NA
"Paphiopedilum spicerianum","t0075106","Plantae","Magnoliopsida","EN",NA,NA
"Paphiopedilum stonei","t0075107","Plantae","Magnoliopsida","CR",NA,NA
"Paphiopedilum sukhakulii","t0075108","Plantae","Magnoliopsida","CR",NA,NA
"Paphiopedilum tonsum","t0075110","Plantae","Magnoliopsida","EN",NA,NA
"Parmentiera cereifera","t0075128","Plantae","Magnoliopsida","LC",NA,NA
"Peniocereus greggii","t0075161","Plantae","Magnoliopsida","LC",NA,NA
"Pereskia aculeata","t0075183","Plantae","Magnoliopsida","LC",NA,NA
"Pereskia grandifolia","t0075184","Plantae","Magnoliopsida","LC",NA,NA
"Persicaria barbata","t0075187","Plantae","Magnoliopsida","LC",NA,"NLC"
"Phaseolus coccineus","t0075233","Plantae","Magnoliopsida","LC",NA,NA
"Philodendron gloriosum","t0075246","Plantae","Magnoliopsida","VU",NA,NA
"Phyllanthus microcarpus","t0075274","Plantae","Magnoliopsida","LC",NA,NA
"Pinus armandii","t0075294","Plantae","Pinopsida","LC",NA,"NLC"
"Pinus attenuata","t0075295","Plantae","Pinopsida","LC",NA,NA
"Pinus banksiana","t0075296","Plantae","Pinopsida","LC",NA,NA
"Pinus canariensis","t0075297","Plantae","Pinopsida","LC",NA,NA
"Pinus clausa","t0075298","Plantae","Pinopsida","LC",NA,NA
"Pinus densata","t0075299","Plantae","Pinopsida","LC",NA,NA
"Pinus echinata","t0075301","Plantae","Pinopsida","LC",NA,NA
"Pinus halepensis","t0075303","Plantae","Pinopsida","LC",NA,NA
"Pinus koraiensis","t0075305","Plantae","Pinopsida","LC",NA,NA
"Pinus massoniana","t0075307","Plantae","Pinopsida","LC",NA,"NLC"
"Pinus merkusii","t0075308","Plantae","Pinopsida","VU",NA,NA
"Pinus oocarpa","t0075310","Plantae","Pinopsida","LC",NA,NA
"Pinus palustris","t0075311","Plantae","Pinopsida","EN",NA,NA
"Pinus radiata","t0075315","Plantae","Pinopsida","EN",NA,NA
"Pinus rigida","t0075316","Plantae","Pinopsida","LC",NA,NA
"Pinus roxburghii","t0075317","Plantae","Pinopsida","LC",NA,NA
"Pinus strobus","t0075318","Plantae","Pinopsida","LC",NA,NA
"Pinus sylvestris","t0075319","Plantae","Pinopsida","LC",NA,NA
"Pinus taeda","t0075320","Plantae","Pinopsida","LC",NA,NA
"Pistacia terebinthus","t0075333","Plantae","Magnoliopsida","LC",NA,NA
"Pithecellobium dulce","t0075337","Plantae","Magnoliopsida","LC",NA,NA
"Plerandra elegantissima","t0075405","Plantae","Magnoliopsida","EN",NA,NA
"Pogostemon stellatus","t0075432","Plantae","Magnoliopsida","LC",NA,"NEN"
"Populus nigra","t0075455","Plantae","Magnoliopsida","DD",NA,NA
"Prunus glandulosa","t0075488","Plantae","Magnoliopsida","DD",NA,NA
"Prunus serrulata","t0075490","Plantae","Magnoliopsida","LC",NA,NA
"Pseudophoenix vinifera","t0075506","Plantae","Magnoliopsida","VU",NA,NA
"Pterospermum acerifolium","t0075529","Plantae","Magnoliopsida","LC",NA,NA
"Quassia amara","t0075564","Plantae","Magnoliopsida","LC",NA,NA
"Quercus glauca","t0075566","Plantae","Magnoliopsida","LC",NA,"NLC"
"Rauvolfia serpentina","t0075610","Plantae","Magnoliopsida","NT",NA,NA
"Rhaphiolepis indica","t0075631","Plantae","Magnoliopsida","LC",NA,"NLC"
"Santalum album","t0075738","Plantae","Magnoliopsida","VU",NA,NA
"Saraca indica","t0075742","Plantae","Magnoliopsida","LC",NA,NA
"Sassafras tzumu","t0075749","Plantae","Magnoliopsida","LC",NA,NA
"Schoenoplectiella supina","t0075837","Plantae","Magnoliopsida","LC",NA,"NNT"
"Scindapsus hederaceus","t0075850","Plantae","Magnoliopsida","LC",NA,NA
"Scleria harlandii","t0075851","Plantae","Magnoliopsida","LC",NA,NA
"Senecio scandens","t0075890","Plantae","Magnoliopsida","LC",NA,"NLC"
"Sequoia sempervirens","t0075894","Plantae","Pinopsida","EN",NA,NA
"Streptocarpus saxorum","t0076040","Plantae","Magnoliopsida","LC",NA,NA
"Daphniphyllum macropodum","t0084595","Plantae","Magnoliopsida","LC",NA,"NLC"
"Acer buergerianum formosanum","t0086587","Plantae","Magnoliopsida","CR",NA,"NCR"
"Acer palmatum pubescens","t0086589","Plantae","Magnoliopsida","LC",NA,"NLC"
"Ailanthus altissima tanakai","t0086603","Plantae","Magnoliopsida","EN",NA,"NLC"
"Myristica elliptica simiarum","t0086904","Plantae","Magnoliopsida","LC",NA,"NEN"
"Cyperus mitis","t0099244","Plantae","Magnoliopsida","LC",NA,NA
"Ipomoea cordatotriloba","t0099248","Plantae","Magnoliopsida","LC",NA,NA
"Melastoma sanguineum","t0099250","Plantae","Magnoliopsida","LC",NA,NA
"Sporobolus indicus","t0099300","Plantae","Magnoliopsida","LC",NA,"NLC"
"Anneslea fragrans","t0099345","Plantae","Magnoliopsida","LC",NA,NA
"Artocarpus rigidus","t0099371","Plantae","Magnoliopsida","LC",NA,NA
"Flacourtia indica","t0099654","Plantae","Magnoliopsida","LC",NA,NA
"Tsuga chinensis","t0099673","Plantae","Pinopsida","LC",NA,"NLC"
"Juncus effusus","t0100339","Plantae","Magnoliopsida","LC",NA,"NLC"
"Keteleeria davidiana","t0100346","Plantae","Pinopsida","LC",NA,"NCR"
"Sagittaria guayanensis","t0100390","Plantae","Magnoliopsida","LC",NA,"NEN"
"Rhynchospora rugosa","t0100408","Plantae","Magnoliopsida","LC",NA,"NVU"
"Trapa natans","t0100527","Plantae","Magnoliopsida","LC",NA,NA
"Lobelia alsinoides","t0100544","Plantae","Magnoliopsida","LC",NA,"NLC"
"Magnolia compressa","t0100565","Plantae","Magnoliopsida","DD",NA,"NLC"
"Melaleuca cajuputi","t0100584","Plantae","Magnoliopsida","LC",NA,NA
"Commelina erecta","t0100765","Plantae","Magnoliopsida","LC",NA,NA
"Cornus kousa","t0100771","Plantae","Magnoliopsida","LC",NA,NA
"Crateva adansonii","t0100779","Plantae","Magnoliopsida","LC",NA,"NLC"
"Cypripedium reginae","t0100805","Plantae","Magnoliopsida","LC",NA,NA
"Daphniphyllum × lanyuense","t0100809","Plantae","Magnoliopsida","LC",NA,"NNT"
"Potentilla supina","t0100900","Plantae","Magnoliopsida","LC",NA,NA
"Ficus trichocarpa","t0101512","Plantae","Magnoliopsida","LC",NA,"NNT"
"Mussaenda albiflora","t0102113","Plantae","Magnoliopsida","VU",NA,"NVU"
"Quercus stenophylloides","t0102122","Plantae","Magnoliopsida","LC",NA,"NLC"
"Daphniphyllum pentandrum","t0103339","Plantae","Magnoliopsida","LC",NA,NA
"Musa basjoo","t0103671","Plantae","Magnoliopsida","LC",NA,"NLC"
"Artocarpus altilis","t0104511","Plantae","Magnoliopsida","DD",NA,"NLC"
"Chimonanthus praecox","t0104553","Plantae","Magnoliopsida","LC",NA,NA
"Elatine triandra","t0105428","Plantae","Magnoliopsida","LC",NA,NA
"Pyrenaria microcarpa","t0105623","Plantae","Magnoliopsida","LC",NA,NA
"Chara fibrosa","t0105937","Plantae","Charophyceae","LC",NA,NA
"Prunus marsupialis","t0106230","Plantae","Magnoliopsida","LC",NA,NA
"Marsilea crenata","t0106299","Plantae","Polypodiopsida","LC",NA,NA
"Boehmeria zollingeriana","t0106930","Plantae","Magnoliopsida","LC",NA,NA
"Stachytarpheta indica","t0107112","Plantae","Magnoliopsida","LC",NA,NA
"Radermachera hainanensis","t0123762","Plantae","Magnoliopsida","LC",NA,NA
"Melaleuca leucadendra","t0123868","Plantae","Magnoliopsida","DD",NA,NA
"Hydrocotyle ranunculoides","t0123936","Plantae","Magnoliopsida","LC",NA,NA
"Schoenoplectus subulatus","t0124002","Plantae","Magnoliopsida","LC",NA,NA
"Fimbristylis ferruginea","t0124079","Plantae","Magnoliopsida","LC",NA,"NLC"
"Cordia dentata","t0124135","Plantae","Magnoliopsida","LC",NA,NA
"Cephalanthus occidentalis","t0124154","Plantae","Magnoliopsida","LC",NA,NA
"Agrostis canina","t0124175","Plantae","Magnoliopsida","LC",NA,NA
"Desmanthus pernambucanus","t0124210","Plantae","Magnoliopsida","LC",NA,NA
"Bacopa floribunda","t0124226","Plantae","Magnoliopsida","LC",NA,NA
"Limnophila erecta","t0124228","Plantae","Magnoliopsida","LC",NA,NA
"Utricularia warburgii","t0124251","Plantae","Magnoliopsida","LC",NA,NA
"Callicarpa tomentosa","t0124876","Plantae","Magnoliopsida","LC",NA,NA
"Phyllanthus androgynus","t0125218","Plantae","Magnoliopsida","LC",NA,NA
"Kaempferia galanga","t0125340","Plantae","Magnoliopsida","DD",NA,NA
"Epilobium nankotaizanense","t0053540","Plantae","Magnoliopsida",NA,"1","NVU"
"Juniperus tsukusiensis taiwanensis","t0058103","Plantae","Pinopsida",NA,"1","NVU"
"Selaginella boninensis","t0026316","Plantae","Lycopodiopsida",NA,NA,"NNT"
"Selaginella delicatula","t0026318","Plantae","Lycopodiopsida",NA,NA,"NLC"
"Selaginella devolii","t0026319","Plantae","Lycopodiopsida",NA,NA,"NNT"
"Selaginella heterostachys","t0026320","Plantae","Lycopodiopsida",NA,NA,"NLC"
"Selaginella involvens","t0026321","Plantae","Lycopodiopsida",NA,NA,"NLC"
"Selaginella lutchuensis","t0026323","Plantae","Lycopodiopsida",NA,NA,"NEN"
"Selaginella moellendorffii","t0026324","Plantae","Lycopodiopsida",NA,NA,"NLC"
"Selaginella nipponica","t0026325","Plantae","Lycopodiopsida",NA,NA,"NEN"
"Selaginella stauntoniana","t0026328","Plantae","Lycopodiopsida",NA,NA,"NLC"
"Huperzia herteriana","t0026332","Plantae","Lycopodiopsida",NA,NA,"DD"
"Huperzia quasipolytrichoides","t0026334","Plantae","Lycopodiopsida",NA,NA,"NLC"
"Huperzia myriophyllifolia","t0026336","Plantae","Lycopodiopsida",NA,NA,"DD"
"Huperzia somae","t0026337","Plantae","Lycopodiopsida",NA,NA,"NLC"
"Phlegmariurus carinatus","t0026338","Plantae","Lycopodiopsida",NA,NA,"NEN"
"Phlegmariurus changii","t0026339","Plantae","Lycopodiopsida",NA,NA,"DD"
"Phlegmariurus cryptomerinus","t0026340","Plantae","Lycopodiopsida",NA,NA,"NNT"
"Phlegmariurus cunninghamioides","t0026341","Plantae","Lycopodiopsida",NA,NA,"NCR"
"Phlegmariurus fargesii","t0026342","Plantae","Lycopodiopsida",NA,NA,"NEN"
"Phlegmariurus fordii","t0026343","Plantae","Lycopodiopsida",NA,NA,"NLC"
"Phlegmariurus salvinioides","t0026345","Plantae","Lycopodiopsida",NA,NA,"NEN"
"Phlegmariurus squarrosus","t0026347","Plantae","Lycopodiopsida",NA,NA,"NEN"
"Lycopodiastrum casuarinoides","t0026349","Plantae","Lycopodiopsida",NA,NA,"NLC"
"Lycopodium complanatum","t0026352","Plantae","Lycopodiopsida",NA,NA,"NLC"
"Lycopodium obscurum","t0026353","Plantae","Lycopodiopsida",NA,NA,"NLC"
"Lycopodium veitchii","t0026354","Plantae","Lycopodiopsida",NA,NA,"NLC"
"Ophioderma pendulum","t0026359","Plantae","Polypodiopsida",NA,NA,"NLC"
"Botrychium lunaria","t0026365","Plantae","Polypodiopsida",NA,NA,"NNT"
"Botrypus virginianus","t0026366","Plantae","Polypodiopsida",NA,NA,"NEN"
"Japanobotrychium lanuginosum","t0026367","Plantae","Polypodiopsida",NA,NA,"NVU"
"Sceptridium formosanum","t0026368","Plantae","Polypodiopsida",NA,NA,"NNT"
"Sceptridium ternatum","t0026369","Plantae","Polypodiopsida",NA,NA,"NEN"
"Angiopteris evecta","t0026370","Plantae","Polypodiopsida",NA,NA,"NVU"
"Ptisana pellucida","t0026374","Plantae","Polypodiopsida",NA,NA,"NCR"
"Claytosmunda claytoniana","t0026375","Plantae","Polypodiopsida",NA,NA,"NVU"
"Osmunda japonica","t0026376","Plantae","Polypodiopsida",NA,NA,"NLC"
"Plenasium banksiifolium","t0026378","Plantae","Polypodiopsida",NA,NA,"NLC"
"Hymenophyllum barbatum","t0026381","Plantae","Polypodiopsida",NA,NA,"NLC"
"Hymenophyllum blandum","t0026382","Plantae","Polypodiopsida",NA,NA,"NVU"
"Hymenophyllum devolii","t0026384","Plantae","Polypodiopsida",NA,NA,"NLC"
"Hymenophyllum digitatum","t0026385","Plantae","Polypodiopsida",NA,NA,"NEN"
"Hymenophyllum fimbriatum","t0026386","Plantae","Polypodiopsida",NA,NA,"NLC"
"Hymenophyllum javanicum","t0026388","Plantae","Polypodiopsida",NA,NA,"NNT"
"Hymenophyllum okadae","t0026390","Plantae","Polypodiopsida",NA,NA,"NLC"
"Hymenophyllum pallidum","t0026392","Plantae","Polypodiopsida",NA,NA,"NVU"
"Hymenophyllum paniculiflorum","t0026394","Plantae","Polypodiopsida",NA,NA,"NLC"
"Hymenophyllum pilosissimum","t0026395","Plantae","Polypodiopsida",NA,NA,"NVU"
"Hymenophyllum productum","t0026396","Plantae","Polypodiopsida",NA,NA,"NCR"
"Hymenophyllum taiwanense","t0026399","Plantae","Polypodiopsida",NA,NA,"NCR"
"Crepidomanes bilabiatum","t0026405","Plantae","Polypodiopsida",NA,NA,"NEN"
"Crepidomanes bipunctatum","t0026406","Plantae","Polypodiopsida",NA,NA,"NCR"
"Crepidomanes kurzii","t0026409","Plantae","Polypodiopsida",NA,NA,"NNT"
"Crepidomanes latealatum","t0026410","Plantae","Polypodiopsida",NA,NA,"NLC"
"Crepidomanes latemarginale","t0026411","Plantae","Polypodiopsida",NA,NA,"NLC"
"Crepidomanes makinoi","t0026412","Plantae","Polypodiopsida",NA,NA,"NLC"
"Crepidomanes minutum","t0026414","Plantae","Polypodiopsida",NA,NA,"NLC"
"Crepidomanes thysanostomum","t0026417","Plantae","Polypodiopsida",NA,NA,"NNT"
"Crepidomanes vitiense","t0026418","Plantae","Polypodiopsida",NA,NA,"NVU"
"Didymoglossum beccarianum","t0026419","Plantae","Polypodiopsida",NA,NA,"NLC"
"Didymoglossum bimarginatum","t0026420","Plantae","Polypodiopsida",NA,NA,"NVU"
"Vandenboschia auriculata","t0026423","Plantae","Polypodiopsida",NA,NA,"NLC"
"Dicranopteris subpectinata","t0026429","Plantae","Polypodiopsida",NA,NA,"DD"
"Dicranopteris taiwanensis","t0026430","Plantae","Polypodiopsida",NA,NA,"NLC"
"Diplopterygium chinensis","t0026433","Plantae","Polypodiopsida",NA,NA,"NLC"
"Diplopterygium glaucum","t0026434","Plantae","Polypodiopsida",NA,NA,"NLC"
"Diplopterygium laevissimum","t0026435","Plantae","Polypodiopsida",NA,NA,"NLC"
"Cheiropleuria integrifolia","t0026436","Plantae","Polypodiopsida",NA,NA,"NLC"
"Lygodium japonicum","t0026438","Plantae","Polypodiopsida",NA,NA,"NLC"
"Actinostachys digitata","t0026440","Plantae","Polypodiopsida",NA,NA,"NVU"
"Plagiogyria adnata","t0026448","Plantae","Polypodiopsida",NA,NA,"NLC"
"Plagiogyria euphlebia","t0026449","Plantae","Polypodiopsida",NA,NA,"NLC"
"Alsophila denticulata","t0026456","Plantae","Polypodiopsida",NA,NA,"NNT"
"Alsophila loheri","t0026458","Plantae","Polypodiopsida",NA,NA,"NNT"
"Alsophila spinulosa","t0026461","Plantae","Polypodiopsida",NA,NA,"NLC"
"Sphaeropteris lepifera","t0026462","Plantae","Polypodiopsida",NA,NA,"NLC"
"Lindsaea bonii","t0026465","Plantae","Polypodiopsida",NA,NA,"NLC"
"Lindsaea cultrata","t0026467","Plantae","Polypodiopsida",NA,NA,"NVU"
"Lindsaea yaeyamensis","t0026473","Plantae","Polypodiopsida",NA,NA,"NLC"
"Lindsaea obtusa","t0026474","Plantae","Polypodiopsida",NA,NA,"NNT"
"Odontosoria chinensis","t0026477","Plantae","Polypodiopsida",NA,NA,"NLC"
"Osmolindsaea odorata","t0026480","Plantae","Polypodiopsida",NA,NA,"NLC"
"Tapeinidium biserratum","t0026482","Plantae","Polypodiopsida",NA,NA,"NVU"
"Coniogramme japonica","t0026486","Plantae","Polypodiopsida",NA,NA,"NLC"
"Cryptogramma brunoniana","t0026488","Plantae","Polypodiopsida",NA,NA,"NLC"
"Onychium lucidum","t0026494","Plantae","Polypodiopsida",NA,NA,"NLC"
"Pteris angustipinna","t0026497","Plantae","Polypodiopsida",NA,NA,"NCR"
"Pteris bella","t0026499","Plantae","Polypodiopsida",NA,NA,"NNT"
"Pteris cretica","t0026502","Plantae","Polypodiopsida",NA,NA,"NLC"
"Pteris deltodon","t0026504","Plantae","Polypodiopsida",NA,NA,"NLC"
"Pteris esquirolii","t0026508","Plantae","Polypodiopsida",NA,NA,"NNT"
"Pteris formosana","t0026509","Plantae","Polypodiopsida",NA,NA,"NLC"
"Pteris incurvata","t0026510","Plantae","Polypodiopsida",NA,NA,"NLC"
"Pteris latipinna","t0026513","Plantae","Polypodiopsida",NA,NA,"NVU"
"Pteris longipinna","t0026515","Plantae","Polypodiopsida",NA,NA,"NLC"
"Pteris multifida","t0026516","Plantae","Polypodiopsida",NA,NA,"NLC"
"Pteris perplexa","t0026519","Plantae","Polypodiopsida",NA,NA,"NLC"
"Pteris scabristipes","t0026522","Plantae","Polypodiopsida",NA,NA,"NLC"
"Pteris setulosocostulata","t0026524","Plantae","Polypodiopsida",NA,NA,"NLC"
"Pteris tokioi","t0026526","Plantae","Polypodiopsida",NA,NA,"NLC"
"Pteris tripartita","t0026527","Plantae","Polypodiopsida",NA,NA,"DD"
"Pteris wulaiensis","t0026530","Plantae","Polypodiopsida",NA,NA,"NCR"
"Aleuritopteris argentea","t0026533","Plantae","Polypodiopsida",NA,NA,"NLC"
"Aleuritopteris formosana","t0026534","Plantae","Polypodiopsida",NA,NA,"NLC"
"Aleuritopteris henryi","t0026535","Plantae","Polypodiopsida",NA,NA,"NLC"
"Aleuritopteris subargentea","t0026537","Plantae","Polypodiopsida",NA,NA,"DD"
"Cheilanthes chusana","t0026538","Plantae","Polypodiopsida",NA,NA,"NLC"
"Cheilanthes nudiuscula","t0026539","Plantae","Polypodiopsida",NA,NA,"NNT"
"Cheilanthes tenuifolia","t0026540","Plantae","Polypodiopsida",NA,NA,"NLC"
"Paragymnopteris vestita","t0026542","Plantae","Polypodiopsida",NA,NA,"NEN"
"Parahemionitis arifolia","t0026543","Plantae","Polypodiopsida",NA,NA,"NVU"
"Adiantum flabellulatum","t0026548","Plantae","Polypodiopsida",NA,NA,"NLC"
"Adiantum formosanum","t0026549","Plantae","Polypodiopsida",NA,NA,"NVU"
"Adiantum malesianum","t0026551","Plantae","Polypodiopsida",NA,NA,"NLC"
"Adiantum menglianense","t0026552","Plantae","Polypodiopsida",NA,NA,"DD"
"Adiantum soboliferum","t0026557","Plantae","Polypodiopsida",NA,NA,"NVU"
"Adiantum taiwanianum","t0026558","Plantae","Polypodiopsida",NA,NA,"NVU"
"Antrophyum henryi","t0026564","Plantae","Polypodiopsida",NA,NA,"NVU"
"Antrophyum immersum","t0026566","Plantae","Polypodiopsida",NA,NA,"NVU"
"Haplopteris elongata","t0026570","Plantae","Polypodiopsida",NA,NA,"NLC"
"Haplopteris mediosora","t0026574","Plantae","Polypodiopsida",NA,NA,"NVU"
"Sitobolium hirsutum","t0026579","Plantae","Polypodiopsida",NA,NA,"NLC"
"Sitobolium zeylanicum","t0026580","Plantae","Polypodiopsida",NA,NA,"NLC"
"Dennstaedtia scandens","t0026581","Plantae","Polypodiopsida",NA,NA,"NLC"
"Microlepia smithii","t0026582","Plantae","Polypodiopsida",NA,NA,"NLC"
"Histiopteris incisa","t0026583","Plantae","Polypodiopsida",NA,NA,"NLC"
"Hypolepis punctata","t0026587","Plantae","Polypodiopsida",NA,NA,"NLC"
"Microlepia hookeriana","t0026590","Plantae","Polypodiopsida",NA,NA,"NLC"
"Microlepia krameri","t0026591","Plantae","Polypodiopsida",NA,NA,"NLC"
"Microlepia nepalensis","t0026593","Plantae","Polypodiopsida",NA,NA,"NLC"
"Microlepia platyphylla","t0026595","Plantae","Polypodiopsida",NA,NA,"NCR"
"Microlepia sinostrigosa","t0026597","Plantae","Polypodiopsida",NA,NA,"DD"
"Microlepia speluncae","t0026598","Plantae","Polypodiopsida",NA,NA,"NLC"
"Microlepia substrigosa","t0026600","Plantae","Polypodiopsida",NA,NA,"NLC"
"Microlepia tenera","t0026601","Plantae","Polypodiopsida",NA,NA,"NLC"
"Microlepia trichocarpa","t0026602","Plantae","Polypodiopsida",NA,NA,"NNT"
"Microlepia trichosora","t0026603","Plantae","Polypodiopsida",NA,NA,"NLC"
"Microlepia × bipinnata","t0026604","Plantae","Polypodiopsida",NA,NA,"NLC"
"Monachosorum henryi","t0026606","Plantae","Polypodiopsida",NA,NA,"NLC"
"Paesia luzonica","t0026608","Plantae","Polypodiopsida",NA,NA,"NCR"
"Leucostegia immersa","t0026611","Plantae","Polypodiopsida",NA,NA,"NLC"
"Bolbitis rhizophylla","t0026615","Plantae","Polypodiopsida",NA,NA,"NNT"
"Bolbitis scalpturata","t0026616","Plantae","Polypodiopsida",NA,NA,"NVU"
"Elaphoglossum commutatum","t0026622","Plantae","Polypodiopsida",NA,NA,"NCR"
"Elaphoglossum luzonicum","t0026623","Plantae","Polypodiopsida",NA,NA,"NVU"
"Elaphoglossum marginatum","t0026624","Plantae","Polypodiopsida",NA,NA,"NLC"
"Elaphoglossum yoshinagae","t0026625","Plantae","Polypodiopsida",NA,NA,"NLC"
"Pleocnemia winitii","t0026627","Plantae","Polypodiopsida",NA,NA,"NLC"
"Arachniodes aristata","t0026628","Plantae","Polypodiopsida",NA,NA,"NLC"
"Arachniodes festina","t0026630","Plantae","Polypodiopsida",NA,NA,"NLC"
"Arachniodes globisora","t0026631","Plantae","Polypodiopsida",NA,NA,"NNT"
"Arachniodes quadripinnata","t0026634","Plantae","Polypodiopsida",NA,NA,"NLC"
"Ctenitis eatonii","t0026635","Plantae","Polypodiopsida",NA,NA,"NLC"
"Ctenitis subglandulosa","t0026636","Plantae","Polypodiopsida",NA,NA,"NLC"
"Cyrtomium caryotideum","t0026638","Plantae","Polypodiopsida",NA,NA,"NLC"
"Cyrtomium devexiscapulae","t0026639","Plantae","Polypodiopsida",NA,NA,"NLC"
"Cyrtomium fortunei","t0026640","Plantae","Polypodiopsida",NA,NA,"NVU"
"Cyrtomium taiwanianum","t0026642","Plantae","Polypodiopsida",NA,NA,"NVU"
"Cyrtomium simadae","t0026643","Plantae","Polypodiopsida",NA,NA,"NEN"
"Dryopteris alpestris","t0026645","Plantae","Polypodiopsida",NA,NA,"NLC"
"Dryopteris apiciflora","t0026646","Plantae","Polypodiopsida",NA,NA,"NLC"
"Dryopteris championii","t0026649","Plantae","Polypodiopsida",NA,NA,"NVU"
"Dryopteris cycadina","t0026651","Plantae","Polypodiopsida",NA,NA,"NLC"
"Dryopteris enneaphylla","t0026655","Plantae","Polypodiopsida",NA,NA,"NLC"
"Dryopteris erythrosora","t0026656","Plantae","Polypodiopsida",NA,NA,"NEN"
"Dryopteris expansa","t0026657","Plantae","Polypodiopsida",NA,NA,"NLC"
"Dryopteris formosana","t0026658","Plantae","Polypodiopsida",NA,NA,"NLC"
"Dryopteris hendersonii","t0026662","Plantae","Polypodiopsida",NA,NA,"NLC"
"Dryopteris indusiata","t0026664","Plantae","Polypodiopsida",NA,NA,"NNT"
"Dryopteris lacera","t0026670","Plantae","Polypodiopsida",NA,NA,"NVU"
"Dryopteris melanocarpa","t0026675","Plantae","Polypodiopsida",NA,NA,"NLC"
"Dryopteris namegatae","t0026676","Plantae","Polypodiopsida",NA,NA,"NVU"
"Dryopteris pseudocaenopteris","t0026681","Plantae","Polypodiopsida",NA,NA,"NVU"
"Dryopteris pseudosieboldii","t0026683","Plantae","Polypodiopsida",NA,NA,"NNT"
"Dryopteris ryo-itoana","t0026686","Plantae","Polypodiopsida",NA,NA,"NVU"
"Dryopteris sparsa","t0026690","Plantae","Polypodiopsida",NA,NA,"NLC"
"Dryopteris subexaltata","t0026694","Plantae","Polypodiopsida",NA,NA,"NLC"
"Dryopteris subtriangularis","t0026696","Plantae","Polypodiopsida",NA,NA,"DD"
"Dryopteris tenuicula","t0026697","Plantae","Polypodiopsida",NA,NA,"NLC"
"Dryopteris transmorrisonensis","t0026700","Plantae","Polypodiopsida",NA,NA,"NLC"
"Dryopteris varia","t0026701","Plantae","Polypodiopsida",NA,NA,"NLC"
"Dryopteris woodsiisora","t0026702","Plantae","Polypodiopsida",NA,NA,"NLC"
"Polystichum acanthophyllum","t0026708","Plantae","Polypodiopsida",NA,NA,"NLC"
"Polystichum attenuatum","t0026711","Plantae","Polypodiopsida",NA,NA,"NCR"
"Polystichum chunii","t0026714","Plantae","Polypodiopsida",NA,NA,"NCR"
"Polystichum pseudodeltodon","t0026715","Plantae","Polypodiopsida",NA,NA,"NLC"
"Polystichum formosanum","t0026716","Plantae","Polypodiopsida",NA,NA,"NLC"
"Polystichum fraxinellum","t0026717","Plantae","Polypodiopsida",NA,NA,"NVU"
"Polystichum glaciale","t0026718","Plantae","Polypodiopsida",NA,NA,"NVU"
"Polystichum herbaceum","t0026722","Plantae","Polypodiopsida",NA,NA,"NCR"
"Polystichum integripinnum","t0026723","Plantae","Polypodiopsida",NA,NA,"NLC"
"Polystichum lepidocaulon","t0026725","Plantae","Polypodiopsida",NA,NA,"NLC"
"Polystichum manmeiense","t0026726","Plantae","Polypodiopsida",NA,NA,"NLC"
"Polystichum mucronifolium","t0026728","Plantae","Polypodiopsida",NA,NA,"NLC"
"Polystichum neolobatum","t0026729","Plantae","Polypodiopsida",NA,NA,"NVU"
"Polystichum nepalense","t0026730","Plantae","Polypodiopsida",NA,NA,"NLC"
"Polystichum parvipinnulum","t0026732","Plantae","Polypodiopsida",NA,NA,"NLC"
"Polystichum piceopaleaceum","t0026733","Plantae","Polypodiopsida",NA,NA,"NLC"
"Polystichum prionolepis","t0026735","Plantae","Polypodiopsida",NA,NA,"NLC"
"Polystichum scariosum","t0026737","Plantae","Polypodiopsida",NA,NA,"NLC"
"Polystichum sinense","t0026738","Plantae","Polypodiopsida",NA,NA,"NLC"
"Polystichum taizhongense","t0026740","Plantae","Polypodiopsida",NA,NA,"NVU"
"Polystichum tsus-simense","t0026743","Plantae","Polypodiopsida",NA,NA,"NLC"
"Lomariopsis boninensis","t0026748","Plantae","Polypodiopsida",NA,NA,"NNT"
"Nephrolepis biserrata","t0026749","Plantae","Polypodiopsida",NA,NA,"NLC"
"Nephrolepis cordifolia","t0026751","Plantae","Polypodiopsida",NA,NA,"NLC"
"Tectaria coadunata","t0026757","Plantae","Polypodiopsida",NA,NA,"NLC"
"Tectaria devexa","t0026759","Plantae","Polypodiopsida",NA,NA,"NLC"
"Tectaria fuscipes","t0026763","Plantae","Polypodiopsida",NA,NA,"NLC"
"Tectaria griffithii","t0026764","Plantae","Polypodiopsida",NA,NA,"NLC"
"Tectaria harlandii","t0026765","Plantae","Polypodiopsida",NA,NA,"NLC"
"Tectaria impressa","t0026766","Plantae","Polypodiopsida",NA,NA,"NLC"
"Tectaria kusukusensis","t0026767","Plantae","Polypodiopsida",NA,NA,"NLC"
"Tectaria phaeocaulis","t0026769","Plantae","Polypodiopsida",NA,NA,"NLC"
"Tectaria polymorpha","t0026770","Plantae","Polypodiopsida",NA,NA,"NLC"
"Tectaria simonsii","t0026771","Plantae","Polypodiopsida",NA,NA,"NLC"
"Tectaria subfuscipes","t0026772","Plantae","Polypodiopsida",NA,NA,"NLC"
"Tectaria sulitii","t0026774","Plantae","Polypodiopsida",NA,NA,"NVU"
"Tectaria zeilanica","t0026775","Plantae","Polypodiopsida",NA,NA,"NLC"
"Oleandra wallichii","t0026776","Plantae","Polypodiopsida",NA,NA,"NLC"
"Davallia hookeri","t0026777","Plantae","Polypodiopsida",NA,NA,"NLC"
"Davallia divaricata","t0026778","Plantae","Polypodiopsida",NA,NA,"NLC"
"Davallia pectinata","t0026780","Plantae","Polypodiopsida",NA,NA,"NEN"
"Davallia repens","t0026781","Plantae","Polypodiopsida",NA,NA,"NNT"
"Davallia trichomanoides","t0026783","Plantae","Polypodiopsida",NA,NA,"NLC"
"Loxogramme biformis","t0026784","Plantae","Polypodiopsida",NA,NA,"NEN"
"Loxogramme grammitoides","t0026787","Plantae","Polypodiopsida",NA,NA,"NNT"
"Loxogramme remotefrondigera","t0026788","Plantae","Polypodiopsida",NA,NA,"NLC"
"Loxogramme salicifolia","t0026789","Plantae","Polypodiopsida",NA,NA,"NLC"
"Drynaria coronans","t0026791","Plantae","Polypodiopsida",NA,NA,"NLC"
"Drynaria meyeniana","t0026792","Plantae","Polypodiopsida",NA,NA,"NNT"
"Drynaria roosii","t0026793","Plantae","Polypodiopsida",NA,NA,"NLC"
"Selliguea falcatopinnata","t0026796","Plantae","Polypodiopsida",NA,NA,"NVU"
"Selliguea hastata","t0026797","Plantae","Polypodiopsida",NA,NA,"NLC"
"Selliguea quasidivaricata","t0026798","Plantae","Polypodiopsida",NA,NA,"NLC"
"Pyrrosia angustissima","t0026802","Plantae","Polypodiopsida",NA,NA,"NVU"
"Pyrrosia matsudae","t0026807","Plantae","Polypodiopsida",NA,NA,"DD"
"Pyrrosia polydactylos","t0026808","Plantae","Polypodiopsida",NA,NA,"NLC"
"Pyrrosia porosa","t0026809","Plantae","Polypodiopsida",NA,NA,"DD"
"Pyrrosia sheareri","t0026810","Plantae","Polypodiopsida",NA,NA,"NLC"
"Goniophlebium fieldingianum","t0026812","Plantae","Polypodiopsida",NA,NA,"NVU"
"Goniophlebium persicifolium","t0026815","Plantae","Polypodiopsida",NA,NA,"DD"
"Goniophlebium raishaense","t0026816","Plantae","Polypodiopsida",NA,NA,"NLC"
"Lemmaphyllum microphyllum","t0026818","Plantae","Polypodiopsida",NA,NA,"NLC"
"Lemmaphyllum rostratum","t0026819","Plantae","Polypodiopsida",NA,NA,"NLC"
"Lepisorus kawakamii","t0026822","Plantae","Polypodiopsida",NA,NA,"NLC"
"Lepisorus kuchenensis","t0026823","Plantae","Polypodiopsida",NA,NA,"DD"
"Lepisorus megasorus","t0026824","Plantae","Polypodiopsida",NA,NA,"NLC"
"Lepisorus morrisonensis","t0026827","Plantae","Polypodiopsida",NA,NA,"NLC"
"Lepisorus obscurevenulosus","t0026829","Plantae","Polypodiopsida",NA,NA,"NLC"
"Lepisorus papakensis","t0026830","Plantae","Polypodiopsida",NA,NA,"NLC"
"Lepisorus suboligolepidus","t0026832","Plantae","Polypodiopsida",NA,NA,"NLC"
"Lepisorus thunbergianus","t0026833","Plantae","Polypodiopsida",NA,NA,"NLC"
"Leptochilus hemionitideus","t0026837","Plantae","Polypodiopsida",NA,NA,"NLC"
"Microsorum insigne","t0026839","Plantae","Polypodiopsida",NA,NA,"NLC"
"Leptochilus longissimus","t0026840","Plantae","Polypodiopsida",NA,NA,"NEN"
"Leptochilus wrightii","t0026843","Plantae","Polypodiopsida",NA,NA,"NLC"
"Bosmania membranacea","t0026845","Plantae","Polypodiopsida",NA,NA,"NLC"
"Microsorum scolopendria","t0026847","Plantae","Polypodiopsida",NA,NA,"NLC"
"Neolepisorus ensatus","t0026849","Plantae","Polypodiopsida",NA,NA,"NLC"
"Neolepisorus fortunei","t0026850","Plantae","Polypodiopsida",NA,NA,"NLC"
"Calymmodon gracilis","t0026852","Plantae","Polypodiopsida",NA,NA,"NLC"
"Calymmodon ordinatus","t0026854","Plantae","Polypodiopsida",NA,NA,"NVU"
"Grammitis glandulosa","t0026855","Plantae","Polypodiopsida",NA,NA,"NEN"
"Micropolypodium okuboi","t0026857","Plantae","Polypodiopsida",NA,NA,"NLC"
"Oreogrammitis adspersa","t0026858","Plantae","Polypodiopsida",NA,NA,"NVU"
"Oreogrammitis beddomeana","t0026859","Plantae","Polypodiopsida",NA,NA,"NNT"
"Oreogrammitis curtisii","t0026860","Plantae","Polypodiopsida",NA,NA,"NLC"
"Oreogrammitis caespitosa","t0026861","Plantae","Polypodiopsida",NA,NA,"NEN"
"Oreogrammitis ilanensis","t0026862","Plantae","Polypodiopsida",NA,NA,"NCR"
"Oreogrammitis moorei","t0026864","Plantae","Polypodiopsida",NA,NA,"NCR"
"Oreogrammitis setigera","t0026867","Plantae","Polypodiopsida",NA,NA,"NVU"
"Glabrigrammitis subevenosa","t0026868","Plantae","Polypodiopsida",NA,NA,"NEN"
"Oreogrammitis subnervosa","t0026869","Plantae","Polypodiopsida",NA,NA,"NVU"
"Oreogrammitis taiwanensis","t0026870","Plantae","Polypodiopsida",NA,NA,"NVU"
"Oreogrammitis tenuisecta","t0026871","Plantae","Polypodiopsida",NA,NA,"NVU"
"Prosaptia contigua","t0026873","Plantae","Polypodiopsida",NA,NA,"NLC"
"Prosaptia formosana","t0026874","Plantae","Polypodiopsida",NA,NA,"NLC"
"Prosaptia nutans","t0026875","Plantae","Polypodiopsida",NA,NA,"NEN"
"Prosaptia pectinata","t0026877","Plantae","Polypodiopsida",NA,NA,"NCR"
"Scleroglossum sulcatum","t0026879","Plantae","Polypodiopsida",NA,NA,"NVU"
"Xiphopterella devolii","t0026881","Plantae","Polypodiopsida",NA,NA,"NCR"
"Gymnocarpium remotepinnatum","t0026887","Plantae","Polypodiopsida",NA,NA,"NLC"
"Asplenium adiantum-nigrum","t0026890","Plantae","Polypodiopsida",NA,NA,"NLC"
"Asplenium antiquum","t0026891","Plantae","Polypodiopsida",NA,NA,"NLC"
"Asplenium capillipes","t0026893","Plantae","Polypodiopsida",NA,NA,"NLC"
"Asplenium crinicaule","t0026894","Plantae","Polypodiopsida",NA,NA,"NCR"
"Asplenium cuneatiforme","t0026895","Plantae","Polypodiopsida",NA,NA,"NLC"
"Asplenium ensiforme","t0026896","Plantae","Polypodiopsida",NA,NA,"NLC"
"Asplenium exiguum","t0026897","Plantae","Polypodiopsida",NA,NA,"DD"
"Asplenium gueinzianum","t0026900","Plantae","Polypodiopsida",NA,NA,"NLC"
"Asplenium matsumurae","t0026902","Plantae","Polypodiopsida",NA,NA,"NNT"
"Asplenium nidus","t0026903","Plantae","Polypodiopsida",NA,NA,"NLC"
"Asplenium pekinense","t0026905","Plantae","Polypodiopsida",NA,NA,"DD"
"Asplenium pseudolaserpitiifolium","t0026909","Plantae","Polypodiopsida",NA,NA,"DD"
"Asplenium pulcherrimum","t0026910","Plantae","Polypodiopsida",NA,NA,"NNT"
"Asplenium ruta-muraria","t0026912","Plantae","Polypodiopsida",NA,NA,"NVU"
"Asplenium septentrionale","t0026913","Plantae","Polypodiopsida",NA,NA,"NNT"
"Asplenium setoi","t0026914","Plantae","Polypodiopsida",NA,NA,"NLC"
"Asplenium tenuicaule","t0026919","Plantae","Polypodiopsida",NA,NA,"NLC"
"Asplenium tenuifolium","t0026920","Plantae","Polypodiopsida",NA,NA,"NLC"
"Asplenium wrightii","t0026924","Plantae","Polypodiopsida",NA,NA,"NLC"
"Asplenium yoshinagae","t0026925","Plantae","Polypodiopsida",NA,NA,"NLC"
"Hymenasplenium excisum","t0026931","Plantae","Polypodiopsida",NA,NA,"NLC"
"Hymenasplenium obliquissimum","t0026933","Plantae","Polypodiopsida",NA,NA,"NLC"
"Hymenasplenium pseudobscurum","t0026935","Plantae","Polypodiopsida",NA,NA,"NNT"
"Phegopteris decursivepinnata","t0026940","Plantae","Polypodiopsida",NA,NA,"NLC"
"Pseudophegopteris hirtirachis","t0026941","Plantae","Polypodiopsida",NA,NA,"NLC"
"Pseudophegopteris levingei","t0026942","Plantae","Polypodiopsida",NA,NA,"NVU"
"Amauropelta beddomei","t0026945","Plantae","Polypodiopsida",NA,NA,"NLC"
"Amauropelta glanduligera","t0026946","Plantae","Polypodiopsida",NA,NA,"NLC"
"Ampelopteris prolifera","t0026947","Plantae","Polypodiopsida",NA,NA,"NLC"
"Christella acuminata","t0026948","Plantae","Polypodiopsida",NA,NA,"NLC"
"Christella arida","t0026949","Plantae","Polypodiopsida",NA,NA,"NLC"
"Christella dentata","t0026950","Plantae","Polypodiopsida",NA,NA,"NLC"
"Christella ensifera","t0026951","Plantae","Polypodiopsida",NA,NA,"DD"
"Christella jaculosa","t0026952","Plantae","Polypodiopsida",NA,NA,"NLC"
"Christella latipinna","t0026953","Plantae","Polypodiopsida",NA,NA,"NLC"
"Christella papilio","t0026954","Plantae","Polypodiopsida",NA,NA,"NNT"
"Christella parasitica","t0026955","Plantae","Polypodiopsida",NA,NA,"NLC"
"Coryphopteris angulariloba","t0026958","Plantae","Polypodiopsida",NA,NA,"NLC"
"Leptogramma tottoides","t0026965","Plantae","Polypodiopsida",NA,NA,"NLC"
"Metathelypteris adscendens","t0026966","Plantae","Polypodiopsida",NA,NA,"NLC"
"Metathelypteris gracilescens","t0026968","Plantae","Polypodiopsida",NA,NA,"NLC"
"Metathelypteris uraiensis","t0026970","Plantae","Polypodiopsida",NA,NA,"NLC"
"Pneumatopteris truncata","t0026971","Plantae","Polypodiopsida",NA,NA,"NLC"
"Pronephrium gymnopteridifrons","t0026972","Plantae","Polypodiopsida",NA,NA,"NLC"
"Pronephrium longipetiolatum","t0026973","Plantae","Polypodiopsida",NA,NA,"NVU"
"Grypothrix ramosii","t0026976","Plantae","Polypodiopsida",NA,NA,"NLC"
"Pronephrium simplex","t0026977","Plantae","Polypodiopsida",NA,NA,"NLC"
"Pronephrium triphyllum","t0026978","Plantae","Polypodiopsida",NA,NA,"NLC"
"Pseudocyclosorus esquirolii","t0026980","Plantae","Polypodiopsida",NA,NA,"NLC"
"Sphaerostephanos productus","t0026982","Plantae","Polypodiopsida",NA,NA,"NLC"
"Sphaerostephanos taiwanensis","t0026983","Plantae","Polypodiopsida",NA,NA,"NLC"
"Woodsia okamotoi","t0026988","Plantae","Polypodiopsida",NA,NA,"NCR"
"Woodsia polystichoides","t0026989","Plantae","Polypodiopsida",NA,NA,"NLC"
"Athyrium anisopterum","t0026990","Plantae","Polypodiopsida",NA,NA,"NLC"
"Athyrium atkinsonii","t0026992","Plantae","Polypodiopsida",NA,NA,"NLC"
"Athyrium auriculatum","t0026993","Plantae","Polypodiopsida",NA,NA,"NVU"
"Athyrium cryptogrammoides","t0026994","Plantae","Polypodiopsida",NA,NA,"NLC"
"Athyrium cumingianum","t0026995","Plantae","Polypodiopsida",NA,NA,"NNT"
"Athyrium banajaoense","t0026998","Plantae","Polypodiopsida",NA,NA,"NLC"
"Athyrium niponicum","t0027003","Plantae","Polypodiopsida",NA,NA,"NNT"
"Athyrium opacum","t0027004","Plantae","Polypodiopsida",NA,NA,"NLC"
"Athyrium otophorum","t0027005","Plantae","Polypodiopsida",NA,NA,"NNT"
"Athyrium puncticaule","t0027008","Plantae","Polypodiopsida",NA,NA,"NVU"
"Athyrium silvicola","t0027011","Plantae","Polypodiopsida",NA,NA,"NLC"
"Athyrium tozanense","t0027013","Plantae","Polypodiopsida",NA,NA,"NLC"
"Athyrium tripinnatum","t0027014","Plantae","Polypodiopsida",NA,NA,"NLC"
"Athyrium vidalii","t0027015","Plantae","Polypodiopsida",NA,NA,"NLC"
"Deparia formosana","t0027017","Plantae","Polypodiopsida",NA,NA,"NLC"
"Deparia jiulungensis","t0027018","Plantae","Polypodiopsida",NA,NA,"NLC"
"Diplazium chioui","t0027025","Plantae","Polypodiopsida",NA,NA,"NNT"
"Diplazium doederleinii","t0027028","Plantae","Polypodiopsida",NA,NA,"NLC"
"Diplazium ketagalaniorum","t0027031","Plantae","Polypodiopsida",NA,NA,"NVU"
"Diplazium mettenianum","t0027036","Plantae","Polypodiopsida",NA,NA,"NLC"
"Diplazium okudairae","t0027038","Plantae","Polypodiopsida",NA,NA,"DD"
"Diplazium petrii","t0027039","Plantae","Polypodiopsida",NA,NA,"NLC"
"Diplazium viridissimum","t0027042","Plantae","Polypodiopsida",NA,NA,"NLC"
"Pentarhizidium orientale","t0027044","Plantae","Polypodiopsida",NA,NA,"NCR"
"Woodwardia harlandii","t0027045","Plantae","Polypodiopsida",NA,NA,"NNT"
"Woodwardia prolifera","t0027048","Plantae","Polypodiopsida",NA,NA,"NLC"
"Woodwardia unigemmata","t0027049","Plantae","Polypodiopsida",NA,NA,"NLC"
"Blechnopsis orientalis","t0027051","Plantae","Polypodiopsida",NA,NA,"NLC"
"Diploblechnum fraseri","t0027054","Plantae","Polypodiopsida",NA,NA,"NCR"
"Spicantopsis hancockii","t0027055","Plantae","Polypodiopsida",NA,NA,"NLC"
"Deutzia taiwanensis","t0027067","Plantae","Magnoliopsida",NA,NA,"NLC"
"Pericampylus formosanus","t0031721","Plantae","Magnoliopsida",NA,NA,"NLC"
"Solanum peikuoense","t0033495","Plantae","Magnoliopsida",NA,NA,"NLC"
"Solanum retrorsum","t0033499","Plantae","Magnoliopsida",NA,NA,"NCR"
"Bulbophyllum albociliatum remotifolium","t0033500","Plantae","Magnoliopsida",NA,NA,"DD"
"Bulbophyllum kuanwuensis","t0033502","Plantae","Magnoliopsida",NA,NA,"NEN"
"Fimbristylis diphylloides","t0033503","Plantae","Magnoliopsida",NA,NA,"NLC"
"Fimbristylis tomentosa","t0033512","Plantae","Magnoliopsida",NA,NA,"NLC"
"Nymphoides coreana","t0033519","Plantae","Magnoliopsida",NA,NA,"NVU"
"Acacia caesia","t0033548","Plantae","Magnoliopsida",NA,NA,"NLC"
"Acalypha angatensis","t0033550","Plantae","Magnoliopsida",NA,NA,"NLC"
"Acalypha brachystachya","t0033553","Plantae","Magnoliopsida",NA,NA,"NVU"
"Acalypha indica minima","t0033555","Plantae","Magnoliopsida",NA,NA,"NLC"
"Acampe praemorsa longepedunculata","t0033560","Plantae","Magnoliopsida",NA,NA,"NLC"
"Acanthophippium striatum","t0033561","Plantae","Magnoliopsida",NA,NA,"NLC"
"Acanthophippium sylhetense","t0033562","Plantae","Magnoliopsida",NA,NA,"NLC"
"Achyranthes aspera indica","t0033575","Plantae","Magnoliopsida",NA,NA,"NLC"
"Achyranthes longifolia","t0033576","Plantae","Magnoliopsida",NA,NA,"NLC"
"Actinidia callosa discolor","t0033592","Plantae","Magnoliopsida",NA,NA,"NLC"
"Actinidia rufa","t0033594","Plantae","Magnoliopsida",NA,NA,"NLC"
"Actinidia setosa","t0033595","Plantae","Magnoliopsida",NA,NA,"NLC"
"Adenia heterophylla","t0033604","Plantae","Magnoliopsida",NA,NA,"DD"
"Adiantum capillus-veneris capillus-veneris","t0033608","Plantae","Polypodiopsida",NA,NA,"NLC"
"Adinandra formosana formosana","t0033609","Plantae","Magnoliopsida",NA,NA,"NLC"
"Aerva sanguinolenta","t0033620","Plantae","Magnoliopsida",NA,NA,"NLC"
"Agrimonia pilosa","t0033647","Plantae","Magnoliopsida",NA,NA,"NLC"
"Agropyron formosanum","t0033650","Plantae","Magnoliopsida",NA,NA,"NLC"
"Agrostis infirma formosana","t0033654","Plantae","Magnoliopsida",NA,NA,"NLC"
"Agrostis infirma fukuyamae","t0033655","Plantae","Magnoliopsida",NA,NA,"NLC"
"Agrostophyllum formosanum","t0033658","Plantae","Magnoliopsida",NA,NA,"NCR"
"Ainsliaea fragrans","t0033660","Plantae","Magnoliopsida",NA,NA,"NLC"
"Ainsliaea macroclinidioides","t0033662","Plantae","Magnoliopsida",NA,NA,"NLC"
"Ajuga taiwanensis","t0033664","Plantae","Magnoliopsida",NA,NA,"NLC"
"Akebia trifoliata australis","t0033671","Plantae","Magnoliopsida",NA,NA,"NNT"
"Albizia julibrissin","t0033675","Plantae","Magnoliopsida",NA,NA,"NLC"
"Alisma canaliculatum","t0033690","Plantae","Magnoliopsida",NA,NA,"NVU"
"Alloteropsis semialata","t0033700","Plantae","Magnoliopsida",NA,NA,"NEN"
"Alocasia cucullata","t0033701","Plantae","Magnoliopsida",NA,NA,"NNT"
"Alocasia macrorrhizos","t0033702","Plantae","Magnoliopsida",NA,NA,"NLC"
"Alpinia flabellata","t0033714","Plantae","Magnoliopsida",NA,NA,"NLC"
"Alpinia japonica","t0033718","Plantae","Magnoliopsida",NA,NA,"NLC"
"Alpinia shimadae","t0033722","Plantae","Magnoliopsida",NA,NA,"NLC"
"Alysicarpus vaginalis","t0040135","Plantae","Magnoliopsida",NA,NA,"NLC"
"Amischotolype hispida","t0040144","Plantae","Magnoliopsida",NA,NA,"NLC"
"Amitostigma gracile","t0040145","Plantae","Magnoliopsida",NA,NA,"NNT"
"Amorphophallus henryi","t0040148","Plantae","Magnoliopsida",NA,NA,"NLC"
"Anaphalis morrisonicola","t0040158","Plantae","Magnoliopsida",NA,NA,"NLC"
"Anaphalis royleana","t0040160","Plantae","Magnoliopsida",NA,NA,"NLC"
"Androcorys pusillus","t0040164","Plantae","Magnoliopsida",NA,NA,"NLC"
"Androsace umbellata","t0040165","Plantae","Magnoliopsida",NA,NA,"NLC"
"Anemone stolonifera","t0040167","Plantae","Magnoliopsida",NA,NA,"NVU"
"Angelica morii","t0040169","Plantae","Magnoliopsida",NA,NA,"NLC"
"Aniselytron treutleri","t0040170","Plantae","Magnoliopsida",NA,NA,"DD"
"Anisomeles indica","t0040171","Plantae","Magnoliopsida",NA,NA,"NLC"
"Anodendron affine","t0040181","Plantae","Magnoliopsida",NA,NA,"NLC"
"Anodendron benthamianum","t0040182","Plantae","Magnoliopsida",NA,NA,"NLC"
"Anthoxanthum horsfieldii formosanum","t0040195","Plantae","Magnoliopsida",NA,NA,"NNT"
"Antidesma japonicum acutisepalum","t0040198","Plantae","Magnoliopsida",NA,NA,"DD"
"Aphyllorchis montana","t0040206","Plantae","Magnoliopsida",NA,NA,"NLC"
"Appendicula fenixii","t0040209","Plantae","Magnoliopsida",NA,NA,"NNT"
"Appendicula reflexa","t0040210","Plantae","Magnoliopsida",NA,NA,"NLC"
"Arabis serrata","t0040212","Plantae","Magnoliopsida",NA,NA,"NNT"
"Arachniodes amabilis amabilis","t0040217","Plantae","Polypodiopsida",NA,NA,"NLC"
"Aralia cordata","t0040222","Plantae","Magnoliopsida",NA,NA,"NNT"
"Ardisia chinensis","t0040229","Plantae","Magnoliopsida",NA,NA,"NLC"
"Ardisia crenata","t0040230","Plantae","Magnoliopsida",NA,NA,"NLC"
"Ardisia maclurei","t0040233","Plantae","Magnoliopsida",NA,NA,"NVU"
"Ardisia villosa","t0040236","Plantae","Magnoliopsida",NA,NA,"NVU"
"Arenaria subpilosa","t0040239","Plantae","Magnoliopsida",NA,NA,"NLC"
"Arenaria takasagomontana","t0040240","Plantae","Magnoliopsida",NA,NA,"NLC"
"Arisaema consanguineum","t0040247","Plantae","Magnoliopsida",NA,NA,"NLC"
"Arisaema grapsospadix","t0040249","Plantae","Magnoliopsida",NA,NA,"NLC"
"Arisaema matsudae","t0040251","Plantae","Magnoliopsida",NA,NA,"NVU"
"Aristolochia zollingeriana","t0040254","Plantae","Magnoliopsida",NA,NA,"NNT"
"Artemisia morrisonensis","t0040263","Plantae","Magnoliopsida",NA,NA,"NLC"
"Artemisia somai somai","t0040264","Plantae","Magnoliopsida",NA,NA,"NLC"
"Arundina graminifolia","t0040272","Plantae","Magnoliopsida",NA,NA,"NCR"
"Arundinella hirta","t0040276","Plantae","Magnoliopsida",NA,NA,"NNT"
"Arundinella setosa","t0040278","Plantae","Magnoliopsida",NA,NA,"NLC"
"Asarum hypogynum","t0040282","Plantae","Magnoliopsida",NA,NA,"NVU"
"Asarum macranthum","t0040283","Plantae","Magnoliopsida",NA,NA,"NLC"
"Asplenium adiantoides","t0040289","Plantae","Polypodiopsida",NA,NA,"NLC"
"Asplenium scolopendrium","t0040291","Plantae","Polypodiopsida",NA,NA,"NVU"
"Asplenium scolopendrium japonicum","t0040292","Plantae","Polypodiopsida",NA,NA,"NVU"
"Aster ageratoides","t0040294","Plantae","Magnoliopsida",NA,NA,"NLC"
"Aster hispidus","t0040296","Plantae","Magnoliopsida",NA,NA,"NLC"
"Astilbe longicarpa","t0040303","Plantae","Magnoliopsida",NA,NA,"NLC"
"Mackaya neesiana","t0040306","Plantae","Magnoliopsida",NA,NA,"NVU"
"Athyrium decurrenti-alatum","t0040307","Plantae","Polypodiopsida",NA,NA,"NLC"
"Athyrium delavayi subrigescens","t0040308","Plantae","Polypodiopsida",NA,NA,"NLC"
"Athyrium iseanum","t0040309","Plantae","Polypodiopsida",NA,NA,"NLC"
"Athyrium oppositipennum oppositipennum","t0040310","Plantae","Polypodiopsida",NA,NA,"NLC"
"Athyrium oppositipennum pubescens","t0040311","Plantae","Polypodiopsida",NA,NA,"NLC"
"Balanophora harlandii","t0040325","Plantae","Magnoliopsida",NA,NA,"NLC"
"Balanophora laxiflora","t0040326","Plantae","Magnoliopsida",NA,NA,"NLC"
"Bambusa pachinensis hirsutissima","t0040331","Plantae","Magnoliopsida",NA,NA,"NNT"
"Barbarea orthoceras","t0040336","Plantae","Magnoliopsida",NA,NA,"NLC"
"Begonia fenicis","t0040359","Plantae","Magnoliopsida",NA,NA,"NNT"
"Begonia formosana","t0040360","Plantae","Magnoliopsida",NA,NA,"NLC"
"Begonia palmata","t0040361","Plantae","Magnoliopsida",NA,NA,"NLC"
"Begonia longifolia","t0040362","Plantae","Magnoliopsida",NA,NA,"NLC"
"Belosynapsis ciliata","t0040367","Plantae","Magnoliopsida",NA,NA,"NLC"
"Belosynapsis kawakamii","t0040368","Plantae","Magnoliopsida",NA,NA,"NNT"
"Berberis mingetsuensis","t0040371","Plantae","Magnoliopsida",NA,NA,"NCR"
"Bidens bipinnata","t0040375","Plantae","Magnoliopsida",NA,NA,"NLC"
"Blastus cochinchinensis","t0040383","Plantae","Magnoliopsida",NA,NA,"NLC"
"Liparis grossa","t0040386","Plantae","Magnoliopsida",NA,NA,"NNT"
"Bletilla formosana","t0040387","Plantae","Magnoliopsida",NA,NA,"NLC"
"Blumea lacera","t0040390","Plantae","Magnoliopsida",NA,NA,"NLC"
"Blumea laciniata","t0040391","Plantae","Magnoliopsida",NA,NA,"NLC"
"Blumea lanceolaria","t0040392","Plantae","Magnoliopsida",NA,NA,"NLC"
"Blyxa echinosperma","t0040394","Plantae","Magnoliopsida",NA,NA,"NNT"
"Boehmeria formosana","t0040398","Plantae","Magnoliopsida",NA,NA,"NLC"
"Boehmeria zollingeriana blinii","t0040399","Plantae","Magnoliopsida",NA,NA,"NLC"
"Boerhavia glabrata","t0040401","Plantae","Magnoliopsida",NA,NA,"NLC"
"Bothriospermum zeylanicum","t0040420","Plantae","Magnoliopsida",NA,NA,"NLC"
"Brachycorythis galeandra","t0040427","Plantae","Magnoliopsida",NA,NA,"NCR"
"Bredia gibba","t0040445","Plantae","Magnoliopsida",NA,NA,"NLC"
"Bredia hirsuta","t0040446","Plantae","Magnoliopsida",NA,NA,"NLC"
"Bredia laisherana","t0040447","Plantae","Magnoliopsida",NA,NA,"NCR"
"Bulbophyllum affine","t0040492","Plantae","Magnoliopsida",NA,NA,"NLC"
"Bulbophyllum albociliatum","t0040493","Plantae","Magnoliopsida",NA,NA,"NLC"
"Bulbophyllum aureolabellum","t0040495","Plantae","Magnoliopsida",NA,NA,"NLC"
"Bulbophyllum macraei","t0040498","Plantae","Magnoliopsida",NA,NA,"NLC"
"Bulbophyllum griffithii","t0040499","Plantae","Magnoliopsida",NA,NA,"NEN"
"Bulbophyllum hirundinis","t0040502","Plantae","Magnoliopsida",NA,NA,"NLC"
"Bulbophyllum pectinatum","t0040506","Plantae","Magnoliopsida",NA,NA,"NLC"
"Bulbophyllum retusiusculum","t0040508","Plantae","Magnoliopsida",NA,NA,"NLC"
"Sunipia andersonii","t0040510","Plantae","Magnoliopsida",NA,NA,"NLC"
"Bulbophyllum setaceum setaceum","t0040511","Plantae","Magnoliopsida",NA,NA,"NNT"
"Bulbostylis barbata","t0040513","Plantae","Magnoliopsida",NA,NA,"NLC"
"Bulbostylis barbata pulchella","t0040514","Plantae","Magnoliopsida",NA,NA,"NLC"
"Bulbostylis densa afromontana","t0040516","Plantae","Magnoliopsida",NA,NA,"NLC"
"Burmannia championii","t0040517","Plantae","Magnoliopsida",NA,NA,"NEN"
"Burmannia liukiuensis","t0040520","Plantae","Magnoliopsida",NA,NA,"NVU"
"Caesalpinia minax","t0040528","Plantae","Magnoliopsida",NA,NA,"NVU"
"Calanthe alismifolia","t0040538","Plantae","Magnoliopsida",NA,NA,"NLC"
"Calanthe arcuata","t0040540","Plantae","Magnoliopsida",NA,NA,"NLC"
"Calanthe clavata","t0040543","Plantae","Magnoliopsida",NA,NA,"DD"
"Calanthe puberula","t0040546","Plantae","Magnoliopsida",NA,NA,"NLC"
"Calanthe masuca","t0040548","Plantae","Magnoliopsida",NA,NA,"NLC"
"Callicarpa pilosissima","t0040557","Plantae","Magnoliopsida",NA,NA,"NLC"
"Calystegia soldanella","t0040578","Plantae","Magnoliopsida",NA,NA,"NNT"
"Distimake vitifolius","t0040590","Plantae","Magnoliopsida",NA,NA,"NEN"
"Campanula dimorphantha","t0040591","Plantae","Magnoliopsida",NA,NA,"NNT"
"Campylotropis giraldii","t0040609","Plantae","Magnoliopsida",NA,NA,"NLC"
"Canavalia cathartica","t0040610","Plantae","Magnoliopsida",NA,NA,"NLC"
"Capillipedium kwashotensis","t0040619","Plantae","Magnoliopsida",NA,NA,"NNT"
"Capillipedium parviflorum","t0040620","Plantae","Magnoliopsida",NA,NA,"NLC"
"Capparis micracantha henryi","t0040622","Plantae","Magnoliopsida",NA,NA,"NLC"
"Cardamine circaeoides","t0040625","Plantae","Magnoliopsida",NA,NA,"NLC"
"Cardamine occulta","t0040626","Plantae","Magnoliopsida",NA,NA,"NLC"
"Vincetoxicum atratum","t0046066","Plantae","Magnoliopsida",NA,NA,"NEN"
"Vincetoxicum chinense","t0046067","Plantae","Magnoliopsida",NA,NA,"NNT"
"Vincetoxicum hirsutum","t0046068","Plantae","Magnoliopsida",NA,NA,"NLC"
"Vincetoxicum lui","t0046070","Plantae","Magnoliopsida",NA,NA,"NLC"
"Vincetoxicum oshimae","t0046071","Plantae","Magnoliopsida",NA,NA,"NLC"
"Vincetoxicum sui","t0046072","Plantae","Magnoliopsida",NA,NA,"NLC"
"Limnophila aromaticoides","t0046082","Plantae","Magnoliopsida",NA,NA,"NNT"
"Pedicularis refracta transmorrisonensis","t0046101","Plantae","Magnoliopsida",NA,NA,"NLC"
"Entada phaseoloides","t0046110","Plantae","Magnoliopsida",NA,NA,"NLC"
"Entada tonkinensis","t0046111","Plantae","Magnoliopsida",NA,NA,"NLC"
"Entada rheedei","t0046112","Plantae","Magnoliopsida",NA,NA,"NLC"
"Melastoma malabathricum","t0046118","Plantae","Magnoliopsida",NA,NA,"DD"
"Melastoma septemnervium","t0046119","Plantae","Magnoliopsida",NA,NA,"NLC"
"Otanthera scaberrima","t0046120","Plantae","Magnoliopsida",NA,NA,"NLC"
"Medinilla taiwaniana","t0046121","Plantae","Magnoliopsida",NA,NA,"NLC"
"Helwingia japonica taiwaniana","t0046123","Plantae","Magnoliopsida",NA,NA,"NLC"
"Heptapleurum arboricola","t0046124","Plantae","Magnoliopsida",NA,NA,"NLC"
"Epithema ceylanicum","t0046144","Plantae","Magnoliopsida",NA,NA,"NVU"
"Hemigraphis reptans","t0046167","Plantae","Magnoliopsida",NA,NA,"NVU"
"Staurogyne concinnula","t0046168","Plantae","Magnoliopsida",NA,NA,"NLC"
"Lysimachia arvensis","t0046172","Plantae","Magnoliopsida",NA,NA,"NLC"
"Mnesithea laevis chenii","t0046219","Plantae","Magnoliopsida",NA,NA,"NVU"
"Fatoua pilosa","t0046289","Plantae","Magnoliopsida",NA,NA,"NLC"
"Ficus aurantiacea parvifolia","t0046292","Plantae","Magnoliopsida",NA,NA,"NLC"
"Ficus cumingii terminalifolia","t0046295","Plantae","Magnoliopsida",NA,NA,"NLC"
"Ficus esquiroliana","t0046299","Plantae","Magnoliopsida",NA,NA,"NVU"
"Ficus formosana","t0046302","Plantae","Magnoliopsida",NA,NA,"NLC"
"Ficus pubinervis","t0046310","Plantae","Magnoliopsida",NA,NA,"NNT"
"Ficus pumila","t0046311","Plantae","Magnoliopsida",NA,NA,"NLC"
"Ficus sarmentosa nipponica","t0046315","Plantae","Magnoliopsida",NA,NA,"NLC"
"Ficus superba japonica","t0046317","Plantae","Magnoliopsida",NA,NA,"NLC"
"Ficus vaccinioides","t0046320","Plantae","Magnoliopsida",NA,NA,"NLC"
"Ficus variegata garciae","t0046321","Plantae","Magnoliopsida",NA,NA,"NLC"
"Humulus scandens","t0046323","Plantae","Magnoliopsida",NA,NA,"NLC"
"Malaisia scandens","t0046325","Plantae","Magnoliopsida",NA,NA,"NLC"
"Vanda lamellata","t0049254","Plantae","Magnoliopsida",NA,NA,"NVU"
"Vanoverberghia sasakiana","t0049258","Plantae","Magnoliopsida",NA,NA,"NVU"
"Ventilago leiocarpa","t0049260","Plantae","Magnoliopsida",NA,NA,"NLC"
"Veratrum formosanum","t0049261","Plantae","Magnoliopsida",NA,NA,"NLC"
"Vernonia patula","t0049273","Plantae","Magnoliopsida",NA,NA,"NLC"
"Veronica didyma","t0049275","Plantae","Magnoliopsida",NA,NA,"NLC"
"Veronica linariifolia","t0049278","Plantae","Magnoliopsida",NA,NA,"NLC"
"Veronica taiwanica","t0049283","Plantae","Magnoliopsida",NA,NA,"NLC"
"Veronica undulata","t0049284","Plantae","Magnoliopsida",NA,NA,"NLC"
"Veronicastrum loshanense","t0049285","Plantae","Magnoliopsida",NA,NA,"NCR"
"Viburnum erosum","t0049288","Plantae","Magnoliopsida",NA,NA,"NLC"
"Viburnum parvifolium","t0049292","Plantae","Magnoliopsida",NA,NA,"NLC"
"Viburnum sphaerocarpum","t0049295","Plantae","Magnoliopsida",NA,NA,"DD"
"Viburnum taitoense","t0049297","Plantae","Magnoliopsida",NA,NA,"NLC"
"Vigna radiata sublobata","t0049308","Plantae","Magnoliopsida",NA,NA,"NLC"
"Viola arcuata","t0049311","Plantae","Magnoliopsida",NA,NA,"NLC"
"Viola confusa","t0049315","Plantae","Magnoliopsida",NA,NA,"NLC"
"Viola diffusa","t0049316","Plantae","Magnoliopsida",NA,NA,"NLC"
"Viola formosana","t0049317","Plantae","Magnoliopsida",NA,NA,"NLC"
"Viola grypoceras","t0049318","Plantae","Magnoliopsida",NA,NA,"NLC"
"Viola tenuis","t0049324","Plantae","Magnoliopsida",NA,NA,"NLC"
"Viscum angulatum","t0049327","Plantae","Magnoliopsida",NA,NA,"NNT"
"Viscum multinerve","t0049329","Plantae","Magnoliopsida",NA,NA,"NNT"
"Vitex rotundifolia","t0049331","Plantae","Magnoliopsida",NA,NA,"NLC"
"Vitis kelungensis","t0049335","Plantae","Magnoliopsida",NA,NA,"NNT"
"Vrydagzynea nuda","t0049340","Plantae","Magnoliopsida",NA,NA,"NLC"
"Wahlenbergia marginata","t0049342","Plantae","Magnoliopsida",NA,NA,"NLC"
"Wikstroemia mononectaria","t0049348","Plantae","Magnoliopsida",NA,NA,"NVU"
"Xyris formosana","t0049357","Plantae","Magnoliopsida",NA,NA,"NCR"
"Zanthoxylum pistaciiflorum","t0049373","Plantae","Magnoliopsida",NA,NA,"NEN"
"Zanthoxylum wutaiense","t0049377","Plantae","Magnoliopsida",NA,NA,"NEN"
"Zehneria mucronata","t0049379","Plantae","Magnoliopsida",NA,NA,"NLC"
"Zeuxine flava","t0049383","Plantae","Magnoliopsida",NA,NA,"NLC"
"Zeuxine agyokuana","t0049384","Plantae","Magnoliopsida",NA,NA,"NLC"
"Zeuxine integrilabella","t0049386","Plantae","Magnoliopsida",NA,NA,"NVU"
"Zeuxine kantokeiense","t0049387","Plantae","Magnoliopsida",NA,NA,"DD"
"Zeuxine philippinensis","t0049390","Plantae","Magnoliopsida",NA,NA,"NCR"
"Zeuxine tenuifolia","t0049393","Plantae","Magnoliopsida",NA,NA,"NLC"
"Zingiber oligophyllum","t0049395","Plantae","Magnoliopsida",NA,NA,"NEN"
"Zingiber pleiostachyum","t0049396","Plantae","Magnoliopsida",NA,NA,"NLC"
"Zornia intecta","t0049404","Plantae","Magnoliopsida",NA,NA,"NVU"
"Zoysia pacifica","t0049408","Plantae","Magnoliopsida",NA,NA,"NNT"
"Abelia chinensis","t0052515","Plantae","Magnoliopsida",NA,NA,"NVU"
"Abutilon indicum","t0052522","Plantae","Magnoliopsida",NA,NA,"NLC"
"Achyranthes aspera rubro-fusca","t0052533","Plantae","Magnoliopsida",NA,NA,"NLC"
"Aeschynanthus acuminatus","t0052539","Plantae","Magnoliopsida",NA,NA,"NLC"
"Agrostis dimorpholemma","t0052544","Plantae","Magnoliopsida",NA,NA,"NEN"
"Ajuga dictyocarpa","t0052549","Plantae","Magnoliopsida",NA,NA,"NVU"
"Alpinia nantoensis","t0052569","Plantae","Magnoliopsida",NA,NA,"DD"
"Alpinia oui","t0052570","Plantae","Magnoliopsida",NA,NA,"NLC"
"Alpinia uraiensis","t0052572","Plantae","Magnoliopsida",NA,NA,"NLC"
"Alyxia monticola","t0052574","Plantae","Magnoliopsida",NA,NA,"NNT"
"Amitostigma alpestre","t0052583","Plantae","Magnoliopsida",NA,NA,"NLC"
"Amorphophallus hirtus","t0052587","Plantae","Magnoliopsida",NA,NA,"NLC"
"Ampelopsis glandulosa glandulosa","t0052590","Plantae","Magnoliopsida",NA,NA,"NLC"
"Anaphalis horaimontana","t0052592","Plantae","Magnoliopsida",NA,NA,"NLC"
"Aphyllorchis simplex","t0052603","Plantae","Magnoliopsida",NA,NA,"DD"
"Arabidopsis halleri gemmifera","t0052608","Plantae","Magnoliopsida",NA,NA,"NEN"
"Aralia decaisneana","t0052610","Plantae","Magnoliopsida",NA,NA,"NLC"
"Ardisia japonica","t0052614","Plantae","Magnoliopsida",NA,NA,"NLC"
"Ardisia virens","t0052617","Plantae","Magnoliopsida",NA,NA,"NLC"
"Argyreia akoensis","t0052619","Plantae","Magnoliopsida",NA,NA,"NCR"
"Arisaema nanjenense","t0052621","Plantae","Magnoliopsida",NA,NA,"NVU"
"Artemisia oligocarpa","t0052633","Plantae","Magnoliopsida",NA,NA,"NLC"
"Arthraxon pauciflorus","t0052635","Plantae","Magnoliopsida",NA,NA,"DD"
"Asarum crassisepalum","t0052644","Plantae","Magnoliopsida",NA,NA,"NVU"
"Asarum epigynum","t0052645","Plantae","Magnoliopsida",NA,NA,"NVU"
"Asarum satsumense","t0052647","Plantae","Magnoliopsida",NA,NA,"NEN"
"Asarum villisepalum","t0052650","Plantae","Magnoliopsida",NA,NA,"NEN"
"Asarum yaeyamense","t0052651","Plantae","Magnoliopsida",NA,NA,"NEN"
"Aster altaicus","t0052656","Plantae","Magnoliopsida",NA,NA,"NEN"
"Aster indicus","t0052659","Plantae","Magnoliopsida",NA,NA,"NLC"
"Aster lasiocladus","t0052661","Plantae","Magnoliopsida",NA,NA,"NLC"
"Aster oldhamii","t0052663","Plantae","Magnoliopsida",NA,NA,"NLC"
"Aster ovalifolius","t0052664","Plantae","Magnoliopsida",NA,NA,"NEN"
"Atriplex nummularia","t0052677","Plantae","Magnoliopsida",NA,NA,"DD"
"Aucuba japonica","t0052679","Plantae","Magnoliopsida",NA,NA,"NLC"
"Balanophora fungosa","t0052685","Plantae","Magnoliopsida",NA,NA,"NVU"
"Balanophora japonica","t0052686","Plantae","Magnoliopsida",NA,NA,"NCR"
"Balanophora wrightii","t0052687","Plantae","Magnoliopsida",NA,NA,"NVU"
"Balanophora yakushimensis","t0052688","Plantae","Magnoliopsida",NA,NA,"NEN"
"Bambusa dolichoclada","t0052690","Plantae","Magnoliopsida",NA,NA,"NLC"
"Bambusa dolichomerithalla","t0052691","Plantae","Magnoliopsida",NA,NA,"NLC"
"Barbarea taiwaniana","t0052695","Plantae","Magnoliopsida",NA,NA,"NEN"
"Phanera championii","t0052696","Plantae","Magnoliopsida",NA,NA,"NLC"
"Begonia bouffordii","t0052698","Plantae","Magnoliopsida",NA,NA,"NEN"
"Begonia chitoensis","t0052699","Plantae","Magnoliopsida",NA,NA,"NLC"
"Begonia chuyunshanensis","t0052700","Plantae","Magnoliopsida",NA,NA,"NVU"
"Begonia nantoensis","t0052706","Plantae","Magnoliopsida",NA,NA,"NLC"
"Begonia ravenii","t0052708","Plantae","Magnoliopsida",NA,NA,"NNT"
"Begonia wutaiana","t0052711","Plantae","Magnoliopsida",NA,NA,"NVU"
"Berberis aristatoserrulata","t0052712","Plantae","Magnoliopsida",NA,NA,"DD"
"Berberis chingshuiensis","t0052714","Plantae","Magnoliopsida",NA,NA,"NCR"
"Berberis hayatana","t0052715","Plantae","Magnoliopsida",NA,NA,"NNT"
"Berberis nantoensis","t0052717","Plantae","Magnoliopsida",NA,NA,"NVU"
"Berberis pengii","t0052718","Plantae","Magnoliopsida",NA,NA,"NNT"
"Berberis tarokoensis","t0052721","Plantae","Magnoliopsida",NA,NA,"NCR"
"Berchemia formosana","t0052724","Plantae","Magnoliopsida",NA,NA,"NLC"
"Blumea formosana","t0052730","Plantae","Magnoliopsida",NA,NA,"NLC"
"Boehmeria pilushanensis","t0052740","Plantae","Magnoliopsida",NA,NA,"NVU"
"Bothriochloa glabra","t0052746","Plantae","Magnoliopsida",NA,NA,"NLC"
"Bulbophyllum albociliatum brevipedunculatum","t0052756","Plantae","Magnoliopsida",NA,NA,"NVU"
"Bulbophyllum ciliisepalum","t0052757","Plantae","Magnoliopsida",NA,NA,"NEN"
"Bulbophyllum confragosum","t0052758","Plantae","Magnoliopsida",NA,NA,"DD"
"Bulbophyllum fimbriperianthium","t0052759","Plantae","Magnoliopsida",NA,NA,"NCR"
"Bulbophyllum hymenanthum","t0052760","Plantae","Magnoliopsida",NA,NA,"NNT"
"Bulbophyllum omerandrum","t0052761","Plantae","Magnoliopsida",NA,NA,"NLC"
"Calamagrostis arundinacea","t0052765","Plantae","Magnoliopsida",NA,NA,"NLC"
"Calamus beccarii","t0052766","Plantae","Magnoliopsida",NA,NA,"NLC"
"Callicarpa hypoleucophylla","t0052772","Plantae","Magnoliopsida",NA,NA,"NVU"
"Callicarpa japonica","t0052773","Plantae","Magnoliopsida",NA,NA,"NLC"
"Callicarpa randaiensis","t0052776","Plantae","Magnoliopsida",NA,NA,"NLC"
"Callicarpa remotiflora","t0052777","Plantae","Magnoliopsida",NA,NA,"NNT"
"Callicarpa remotiserrulata","t0052778","Plantae","Magnoliopsida",NA,NA,"NLC"
"Capparis sabiifolia","t0052798","Plantae","Magnoliopsida",NA,NA,"NLC"
"Cardamine agyokumontana","t0052801","Plantae","Magnoliopsida",NA,NA,"DD"
"Cardamine impatiens","t0052803","Plantae","Magnoliopsida",NA,NA,"NLC"
"Cardamine nipponica","t0052804","Plantae","Magnoliopsida",NA,NA,"DD"
"Carex alliiformis","t0052807","Plantae","Magnoliopsida",NA,NA,"NNT"
"Carex alopecuroides","t0052808","Plantae","Magnoliopsida",NA,NA,"NLC"
"Carex alterniflora","t0052809","Plantae","Magnoliopsida",NA,NA,"NLC"
"Carex atrata","t0052811","Plantae","Magnoliopsida",NA,NA,"NLC"
"Carex brachyanthera","t0052814","Plantae","Magnoliopsida",NA,NA,"NLC"
"Carex brevicuspis","t0052816","Plantae","Magnoliopsida",NA,NA,"NNT"
"Carex capillacea","t0052820","Plantae","Magnoliopsida",NA,NA,"NNT"
"Carex chrysolepis","t0052822","Plantae","Magnoliopsida",NA,NA,"NLC"
"Carex daxinensis","t0052824","Plantae","Magnoliopsida",NA,NA,"DD"
"Carex formosensis","t0052830","Plantae","Magnoliopsida",NA,NA,"NLC"
"Carex kiotensis","t0052833","Plantae","Magnoliopsida",NA,NA,"NLC"
"Carex liui","t0052836","Plantae","Magnoliopsida",NA,NA,"NLC"
"Carex longistipes","t0052837","Plantae","Magnoliopsida",NA,NA,"NLC"
"Carex macrandrolepis","t0052838","Plantae","Magnoliopsida",NA,NA,"NLC"
"Carex metallica","t0052842","Plantae","Magnoliopsida",NA,NA,"RE"
"Carex mollicula","t0052843","Plantae","Magnoliopsida",NA,NA,"NNT"
"Carex morii","t0052844","Plantae","Magnoliopsida",NA,NA,"NLC"
"Carex nemostachys","t0052845","Plantae","Magnoliopsida",NA,NA,"NNT"
"Carex nubigena","t0052846","Plantae","Magnoliopsida",NA,NA,"NLC"
"Carex perakensis","t0052849","Plantae","Magnoliopsida",NA,NA,"NLC"
"Carex pumila","t0052851","Plantae","Magnoliopsida",NA,NA,"NLC"
"Carex purpureotincta","t0052852","Plantae","Magnoliopsida",NA,NA,"NVU"
"Carex rhynchachaenium","t0052854","Plantae","Magnoliopsida",NA,NA,"NLC"
"Carex scabrifolia","t0052855","Plantae","Magnoliopsida",NA,NA,"RE"
"Carex subfilicinoides","t0052859","Plantae","Magnoliopsida",NA,NA,"DD"
"Carex truncatigluma","t0052862","Plantae","Magnoliopsida",NA,NA,"NLC"
"Carex urelytra","t0052863","Plantae","Magnoliopsida",NA,NA,"NLC"
"Carex wahuensis","t0052864","Plantae","Magnoliopsida",NA,NA,"NLC"
"Carpesium minus","t0052870","Plantae","Magnoliopsida",NA,NA,"NLC"
"Carpesium nepalense","t0052871","Plantae","Magnoliopsida",NA,NA,"NLC"
"Caryopteris incana","t0052876","Plantae","Magnoliopsida",NA,NA,"NLC"
"Casearia membranacea","t0052880","Plantae","Magnoliopsida",NA,NA,"NLC"
"Cayratia japonica","t0052897","Plantae","Magnoliopsida",NA,NA,"NLC"
"Cayratia maritima","t0052898","Plantae","Magnoliopsida",NA,NA,"NNT"
"Celastrus hindsii","t0052901","Plantae","Magnoliopsida",NA,NA,"NLC"
"Celastrus kusanoi","t0052902","Plantae","Magnoliopsida",NA,NA,"NLC"
"Celastrus paniculatus","t0052903","Plantae","Magnoliopsida",NA,NA,"NLC"
"Celosia taitoensis","t0052908","Plantae","Magnoliopsida",NA,NA,"DD"
"Celtis nervosa","t0052912","Plantae","Magnoliopsida",NA,NA,"NNT"
"Cephalanthera longifolia","t0052923","Plantae","Magnoliopsida",NA,NA,"NLC"
"Calanthe kooshunensis","t0052925","Plantae","Magnoliopsida",NA,NA,"NEN"
"Calanthe longipes","t0052926","Plantae","Magnoliopsida",NA,NA,"NNT"
"Calanthe obcordata","t0052927","Plantae","Magnoliopsida",NA,NA,"NLC"
"Cerastium fontanum angustifolium","t0052931","Plantae","Magnoliopsida",NA,NA,"NLC"
"Stellaria monosperma japonica","t0052932","Plantae","Magnoliopsida",NA,NA,"NLC"
"Ceratophyllum kossinskyi","t0052934","Plantae","Magnoliopsida",NA,NA,"DD"
"Euphorbia prostrata","t0052950","Plantae","Magnoliopsida",NA,NA,"NLC"
"Euphorbia taihsiensis","t0052952","Plantae","Magnoliopsida",NA,NA,"NLC"
"Cheirostylis chinensis","t0052954","Plantae","Magnoliopsida",NA,NA,"NLC"
"Cheirostylis cochinchinensis clibborndyeri","t0052955","Plantae","Magnoliopsida",NA,NA,"DD"
"Cheirostylis cochinchinensis","t0052956","Plantae","Magnoliopsida",NA,NA,"NLC"
"Cheirostylis liukiuensis","t0052957","Plantae","Magnoliopsida",NA,NA,"NLC"
"Cheirostylis rubrifolius","t0052960","Plantae","Magnoliopsida",NA,NA,"DD"
"Cheirostylis chinensis takeoi","t0052961","Plantae","Magnoliopsida",NA,NA,"NLC"
"Cheirostylis tortilacinia","t0052962","Plantae","Magnoliopsida",NA,NA,"NNT"
"Chenopodium formosanum","t0052964","Plantae","Magnoliopsida",NA,NA,"DD"
"Chenopodium glaucum","t0052965","Plantae","Magnoliopsida",NA,NA,"NLC"
"Chikusichloa mutica","t0052968","Plantae","Magnoliopsida",NA,NA,"NCR"
"Chimaphila japonica","t0052970","Plantae","Magnoliopsida",NA,NA,"NLC"
"Chimaphila monticola","t0052971","Plantae","Magnoliopsida",NA,NA,"DD"
"Chionanthus retusus","t0052975","Plantae","Magnoliopsida",NA,NA,"NEN"
"Henckelia anachoreta","t0052976","Plantae","Magnoliopsida",NA,NA,"NVU"
"Chloranthus henryi","t0052978","Plantae","Magnoliopsida",NA,NA,"NLC"
"Chloris barbata","t0052980","Plantae","Magnoliopsida",NA,NA,"NLC"
"Chrysoglossum ornatum","t0052996","Plantae","Magnoliopsida",NA,NA,"NLC"
"Chrysosplenium hebetatum","t0053000","Plantae","Magnoliopsida",NA,NA,"NLC"
"Cinnamomum insulari-montanum","t0053005","Plantae","Magnoliopsida",NA,NA,"NLC"
"Circaea cordata","t0053012","Plantae","Magnoliopsida",NA,NA,"NLC"
"Circaea erubescens","t0053013","Plantae","Magnoliopsida",NA,NA,"NLC"
"Circaea glabrescens","t0053014","Plantae","Magnoliopsida",NA,NA,"RE"
"Cirsium arisanense","t0053016","Plantae","Magnoliopsida",NA,NA,"NLC"
"Cirsium ferum","t0053018","Plantae","Magnoliopsida",NA,NA,"NLC"
"Cirsium kawakamii","t0053021","Plantae","Magnoliopsida",NA,NA,"NLC"
"Cirsium morii","t0053023","Plantae","Magnoliopsida",NA,NA,"NLC"
"Cladium jamaicense","t0053036","Plantae","Magnoliopsida",NA,NA,"NEN"
"Claoxylon brachyandrum","t0053037","Plantae","Magnoliopsida",NA,NA,"NNT"
"Cleisostoma paniculatum","t0053041","Plantae","Magnoliopsida",NA,NA,"NLC"
"Cleisostoma uraiensis","t0053042","Plantae","Magnoliopsida",NA,NA,"NEN"
"Clematis akoensis","t0053043","Plantae","Magnoliopsida",NA,NA,"NNT"
"Clematis crassifolia","t0053044","Plantae","Magnoliopsida",NA,NA,"NLC"
"Clematis henryi","t0053047","Plantae","Magnoliopsida",NA,NA,"NLC"
"Clematis leschenaultiana","t0053049","Plantae","Magnoliopsida",NA,NA,"NLC"
"Clematis meyeniana","t0053050","Plantae","Magnoliopsida",NA,NA,"NLC"
"Clematis montana","t0053051","Plantae","Magnoliopsida",NA,NA,"NLC"
"Clematis pseudootophora","t0053053","Plantae","Magnoliopsida",NA,NA,"NNT"
"Clematis tsugetorum","t0053056","Plantae","Magnoliopsida",NA,NA,"NVU"
"Clerodendrum canescens","t0053062","Plantae","Magnoliopsida",NA,NA,"NLC"
"Clerodendrum inerme","t0053065","Plantae","Magnoliopsida",NA,NA,"NLC"
"Clerodendrum ohwi","t0053066","Plantae","Magnoliopsida",NA,NA,"DD"
"Clinopodium chinense","t0053072","Plantae","Magnoliopsida",NA,NA,"NLC"
"Clinopodium laxiflorum","t0053073","Plantae","Magnoliopsida",NA,NA,"NLC"
"Commelina communis","t0053099","Plantae","Magnoliopsida",NA,NA,"NLC"
"Commelina paludosa","t0053101","Plantae","Magnoliopsida",NA,NA,"NLC"
"Conandron ramondioides","t0053102","Plantae","Magnoliopsida",NA,NA,"NNT"
"Conioselinum morrisonense","t0053104","Plantae","Magnoliopsida",NA,NA,"NLC"
"Connarus subinaequifolius","t0053105","Plantae","Magnoliopsida",NA,NA,"DD"
"Conyza japonica","t0053109","Plantae","Magnoliopsida",NA,NA,"NLC"
"Corchorus aestuans","t0053112","Plantae","Magnoliopsida",NA,NA,"NLC"
"Corydalis decumbens","t0053126","Plantae","Magnoliopsida",NA,NA,"NLC"
"Corydalis incisa","t0053127","Plantae","Magnoliopsida",NA,NA,"NLC"
"Corydalis koidzumiana","t0053128","Plantae","Magnoliopsida",NA,NA,"NLC"
"Corydalis ochotensis","t0053129","Plantae","Magnoliopsida",NA,NA,"NLC"
"Corydalis ophiocarpa","t0053130","Plantae","Magnoliopsida",NA,NA,"NLC"
"Corydalis pallida","t0053131","Plantae","Magnoliopsida",NA,NA,"NLC"
"Cotoneaster apiculatus","t0053140","Plantae","Magnoliopsida",NA,NA,"NNT"
"Cotoneaster bullatus","t0053141","Plantae","Magnoliopsida",NA,NA,"NEN"
"Cotoneaster horizontalis","t0053143","Plantae","Magnoliopsida",NA,NA,"NNT"
"Cotoneaster rokujodaisanensis","t0053146","Plantae","Magnoliopsida",NA,NA,"NLC"
"Cotoneaster rosiflorus","t0053147","Plantae","Magnoliopsida",NA,NA,"NNT"
"Crateva adansonii formosensis","t0053153","Plantae","Magnoliopsida",NA,NA,"NLC"
"Crepidiastrum lanceolatum","t0053154","Plantae","Magnoliopsida",NA,NA,"NLC"
"Crepidiastrum taiwanianum","t0053155","Plantae","Magnoliopsida",NA,NA,"NNT"
"Crinum asiaticum","t0053156","Plantae","Magnoliopsida",NA,NA,"NLC"
"Crotalaria acicularis","t0053160","Plantae","Magnoliopsida",NA,NA,"NLC"
"Crotalaria ferruginea","t0053168","Plantae","Magnoliopsida",NA,NA,"NLC"
"Crotalaria similis","t0053179","Plantae","Magnoliopsida",NA,NA,"NEN"
"Crotalaria triquetra","t0053181","Plantae","Magnoliopsida",NA,NA,"NLC"
"Cryptolepis sinensis","t0053191","Plantae","Magnoliopsida",NA,NA,"NLC"
"Cryptostylis taiwaniana","t0053194","Plantae","Magnoliopsida",NA,NA,"NLC"
"Cucubalus baccifer","t0053196","Plantae","Magnoliopsida",NA,NA,"NLC"
"Molineria capitulata","t0053205","Plantae","Magnoliopsida",NA,NA,"NLC"
"Curculigo orchioides","t0053206","Plantae","Magnoliopsida",NA,NA,"NLC"
"Cuscuta australis","t0053212","Plantae","Magnoliopsida",NA,NA,"DD"
"Cuscuta campestris","t0053213","Plantae","Magnoliopsida",NA,NA,"DD"
"Cuscuta japonica","t0053216","Plantae","Magnoliopsida",NA,NA,"NLC"
"Cuscuta japonica formosana","t0053217","Plantae","Magnoliopsida",NA,NA,"NLC"
"Cyanotis arachnoidea","t0053219","Plantae","Magnoliopsida",NA,NA,"NLC"
"Cyathula prostrata","t0053220","Plantae","Magnoliopsida",NA,NA,"NLC"
"Cyclocodon lancifolius","t0053223","Plantae","Magnoliopsida",NA,NA,"NLC"
"Cymbidium floribundum","t0053230","Plantae","Magnoliopsida",NA,NA,"NLC"
"Cymbidium kanran","t0053233","Plantae","Magnoliopsida",NA,NA,"NVU"
"Cymbidium sinense","t0053236","Plantae","Magnoliopsida",NA,NA,"NNT"
"Cymbopogon tortilis","t0053239","Plantae","Magnoliopsida",NA,NA,"NLC"
"Cynanchum boudieri","t0053241","Plantae","Magnoliopsida",NA,NA,"NLC"
"Cynanchum formosanum","t0053242","Plantae","Magnoliopsida",NA,NA,"NLC"
"Cynanchum lanhsuense","t0053243","Plantae","Magnoliopsida",NA,NA,"NNT"
"Cynodon radiatus","t0053247","Plantae","Magnoliopsida",NA,NA,"NLC"
"Cynoglossum furcatum","t0053249","Plantae","Magnoliopsida",NA,NA,"NLC"
"Cynoglossum lanceolatum","t0053250","Plantae","Magnoliopsida",NA,NA,"NLC"
"Cyperus leptocarpus","t0053264","Plantae","Magnoliopsida",NA,NA,"NCR"
"Cyperus malaccensis","t0053265","Plantae","Magnoliopsida",NA,NA,"NLC"
"Cyrtococcum patens","t0053284","Plantae","Magnoliopsida",NA,NA,"NLC"
"Dactyloctenium aegyptium","t0053288","Plantae","Magnoliopsida",NA,NA,"NLC"
"Dactylorhiza viridis","t0053289","Plantae","Magnoliopsida",NA,NA,"NLC"
"Damnacanthus angustifolius","t0053293","Plantae","Magnoliopsida",NA,NA,"NLC"
"Damnacanthus indicus","t0053294","Plantae","Magnoliopsida",NA,NA,"NLC"
"Daphne genkwa","t0053296","Plantae","Magnoliopsida",NA,NA,"NVU"
"Debregeasia orientalis","t0053304","Plantae","Magnoliopsida",NA,NA,"NLC"
"Deeringia amaranthoides","t0053306","Plantae","Magnoliopsida",NA,NA,"NLC"
"Dendranthema indicum","t0053310","Plantae","Magnoliopsida",NA,NA,"NLC"
"Dendranthema morii","t0053311","Plantae","Magnoliopsida",NA,NA,"NNT"
"Dendrobium falconeri","t0053317","Plantae","Magnoliopsida",NA,NA,"NNT"
"Dendrobium fargesii","t0053318","Plantae","Magnoliopsida",NA,NA,"NLC"
"Dendrobium goldschmidtianum","t0053320","Plantae","Magnoliopsida",NA,NA,"NNT"
"Dendrobium parietiforme","t0053328","Plantae","Magnoliopsida",NA,NA,"DD"
"Dendrobium somae","t0053329","Plantae","Magnoliopsida",NA,NA,"NVU"
"Dendrobium xantholeucum","t0053330","Plantae","Magnoliopsida",NA,NA,"NNT"
"Derris oblonga","t0053341","Plantae","Magnoliopsida",NA,NA,"NEN"
"Deschampsia atropurpurea","t0053343","Plantae","Magnoliopsida",NA,NA,"NVU"
"Sohmaea diffusa","t0053346","Plantae","Magnoliopsida",NA,NA,"NLC"
"Sohmaea gracillima","t0053347","Plantae","Magnoliopsida",NA,NA,"NVU"
"Grona heterocarpa","t0053348","Plantae","Magnoliopsida",NA,NA,"NLC"
"Grona heterophylla","t0053349","Plantae","Magnoliopsida",NA,NA,"NLC"
"Sohmaea laxiflora","t0053351","Plantae","Magnoliopsida",NA,NA,"DD"
"Leptodesmia microphylla","t0053352","Plantae","Magnoliopsida",NA,NA,"NLC"
"Huangtcia renifolia","t0053354","Plantae","Magnoliopsida",NA,NA,"NEN"
"Puhuaea sequax","t0053355","Plantae","Magnoliopsida",NA,NA,"NLC"
"Grona triflora","t0053357","Plantae","Magnoliopsida",NA,NA,"NLC"
"Polhillides velutina","t0053359","Plantae","Magnoliopsida",NA,NA,"NLC"
"Sohmaea zonata","t0053360","Plantae","Magnoliopsida",NA,NA,"NLC"
"Deyeuxia suizanensis","t0053362","Plantae","Magnoliopsida",NA,NA,"NNT"
"Dianthus longicalyx","t0053364","Plantae","Magnoliopsida",NA,NA,"NLC"
"Dianthus palinensis","t0053365","Plantae","Magnoliopsida",NA,NA,"NVU"
"Dianthus pygmaeus","t0053366","Plantae","Magnoliopsida",NA,NA,"NVU"
"Dicliptera chinensis","t0053371","Plantae","Magnoliopsida",NA,NA,"NLC"
"Didymoplexiella siamensis","t0053373","Plantae","Magnoliopsida",NA,NA,"NNT"
"Digitaria ciliaris","t0053380","Plantae","Magnoliopsida",NA,NA,"NLC"
"Digitaria fauriei","t0053383","Plantae","Magnoliopsida",NA,NA,"NNT"
"Digitaria heterantha","t0053385","Plantae","Magnoliopsida",NA,NA,"NEN"
"Digitaria longiflora","t0053387","Plantae","Magnoliopsida",NA,NA,"NLC"
"Digitaria mollicoma","t0053388","Plantae","Magnoliopsida",NA,NA,"DD"
"Digitaria setigera","t0053390","Plantae","Magnoliopsida",NA,NA,"NLC"
"Dimeria falcata","t0053393","Plantae","Magnoliopsida",NA,NA,"DD"
"Dioscorea alata","t0053399","Plantae","Magnoliopsida",NA,NA,"NLC"
"Dioscorea batatas","t0053400","Plantae","Magnoliopsida",NA,NA,"NLC"
"Dioscorea benthamii","t0053401","Plantae","Magnoliopsida",NA,NA,"NLC"
"Dioscorea cumingii","t0053405","Plantae","Magnoliopsida",NA,NA,"NVU"
"Dioscorea hispida","t0053410","Plantae","Magnoliopsida",NA,NA,"NLC"
"Dioscorea matsudae","t0053412","Plantae","Magnoliopsida",NA,NA,"NLC"
"Diploprora championii","t0053430","Plantae","Magnoliopsida",NA,NA,"NLC"
"Dischidia formosana","t0053431","Plantae","Magnoliopsida",NA,NA,"NLC"
"Disperis neilgherrensis","t0053432","Plantae","Magnoliopsida",NA,NA,"NEN"
"Disporum kawakamii","t0053434","Plantae","Magnoliopsida",NA,NA,"NLC"
"Disporum sessile intermedium","t0053435","Plantae","Magnoliopsida",NA,NA,"DD"
"Draba sekiyana","t0053441","Plantae","Magnoliopsida",NA,NA,"NEN"
"Droguetia iners urticoides","t0053447","Plantae","Magnoliopsida",NA,NA,"NNT"
"Drosera spatulata","t0053450","Plantae","Magnoliopsida",NA,NA,"NLC"
"Dunbaria villosa","t0053458","Plantae","Magnoliopsida",NA,NA,"NLC"
"Dysosma pleiantha","t0053462","Plantae","Magnoliopsida",NA,NA,"NNT"
"Eccoilopus cotulifer","t0053466","Plantae","Magnoliopsida",NA,NA,"NLC"
"Echinops grijsii","t0053470","Plantae","Magnoliopsida",NA,NA,"NCR"
"Elaeagnus grandifolia","t0053485","Plantae","Magnoliopsida",NA,NA,"NLC"
"Elaeagnus thunbergii","t0053490","Plantae","Magnoliopsida",NA,NA,"NLC"
"Elatostema acuteserratum","t0053499","Plantae","Magnoliopsida",NA,NA,"NVU"
"Elatostema edule","t0053500","Plantae","Magnoliopsida",NA,NA,"NNT"
"Elatostema platyphylloides","t0053504","Plantae","Magnoliopsida",NA,NA,"NLC"
"Elatostema strigillosum","t0053506","Plantae","Magnoliopsida",NA,NA,"NVU"
"Elatostema subcoriaceum","t0053507","Plantae","Magnoliopsida",NA,NA,"NNT"
"Eleocharis attenuata","t0053511","Plantae","Magnoliopsida",NA,NA,"NVU"
"Eleutherococcus trifoliatus","t0053521","Plantae","Magnoliopsida",NA,NA,"NLC"
"Elymus ciliaris","t0053524","Plantae","Magnoliopsida",NA,NA,"NLC"
"Elymus tsukushiensis","t0053525","Plantae","Magnoliopsida",NA,NA,"NLC"
"Embelia rudis","t0053527","Plantae","Magnoliopsida",NA,NA,"NLC"
"Enteropogon dolichostachyus","t0053533","Plantae","Magnoliopsida",NA,NA,"NLC"
"Epaltes australis","t0053535","Plantae","Magnoliopsida",NA,NA,"NEN"
"Epilobium brevifolium trichoneurum","t0053538","Plantae","Magnoliopsida",NA,NA,"NLC"
"Epilobium pengii","t0053541","Plantae","Magnoliopsida",NA,NA,"NVU"
"Epilobium taiwanianum","t0053543","Plantae","Magnoliopsida",NA,NA,"NVU"
"Epipogium aphyllum","t0053545","Plantae","Magnoliopsida",NA,NA,"NNT"
"Epipogium roseum","t0053547","Plantae","Magnoliopsida",NA,NA,"NLC"
"Epipremnum formosanum","t0053548","Plantae","Magnoliopsida",NA,NA,"DD"
"Epipremnum pinnatum","t0053549","Plantae","Magnoliopsida",NA,NA,"NLC"
"Eragrostis amabilis","t0053552","Plantae","Magnoliopsida",NA,NA,"NLC"
"Eragrostis brownii","t0053555","Plantae","Magnoliopsida",NA,NA,"NLC"
"Eragrostis bulbillifera","t0053558","Plantae","Magnoliopsida",NA,NA,"NLC"
"Eragrostis multicaulis","t0053565","Plantae","Magnoliopsida",NA,NA,"NLC"
"Eragrostis nevinii","t0053566","Plantae","Magnoliopsida",NA,NA,"NCR"
"Eragrostis nutans","t0053567","Plantae","Magnoliopsida",NA,NA,"DD"
"Eragrostis pilosissima","t0053569","Plantae","Magnoliopsida",NA,NA,"NCR"
"Eria corneri","t0053578","Plantae","Magnoliopsida",NA,NA,"NLC"
"Pinalia formosana","t0053579","Plantae","Magnoliopsida",NA,NA,"NLC"
"Eria gagnepainii","t0053580","Plantae","Magnoliopsida",NA,NA,"NCR"
"Eria javanica","t0053581","Plantae","Magnoliopsida",NA,NA,"NCR"
"Eriocaulon buergerianum","t0053586","Plantae","Magnoliopsida",NA,NA,"NLC"
"Erycibe henryi","t0053598","Plantae","Magnoliopsida",NA,NA,"NLC"
"Erythrodes chinensis triantherae","t0053603","Plantae","Magnoliopsida",NA,NA,"NEN"
"Euchresta formosana","t0053608","Plantae","Magnoliopsida",NA,NA,"NLC"
"Eulophia bicallosa","t0053617","Plantae","Magnoliopsida",NA,NA,"DD"
"Oeceoclades pulchra pelorica","t0053619","Plantae","Magnoliopsida",NA,NA,"DD"
"Euonymus huangii","t0053626","Plantae","Magnoliopsida",NA,NA,"NCR"
"Euonymus oxyphyllus","t0053629","Plantae","Magnoliopsida",NA,NA,"NNT"
"Euonymus trichocarpus","t0053632","Plantae","Magnoliopsida",NA,NA,"DD"
"Eupatorium formosanum","t0053634","Plantae","Magnoliopsida",NA,NA,"NLC"
"Euphorbia formosana","t0053639","Plantae","Magnoliopsida",NA,NA,"NNT"
"Euphorbia shouanensis","t0053646","Plantae","Magnoliopsida",NA,NA,"NEN"
"Euphorbia tarokoensis","t0053647","Plantae","Magnoliopsida",NA,NA,"NEN"
"Euphrasia nankotaizanensis","t0053649","Plantae","Magnoliopsida",NA,NA,"NNT"
"Eurya loquaiana","t0053651","Plantae","Magnoliopsida",NA,NA,"NLC"
"Eurya chinensis","t0053652","Plantae","Magnoliopsida",NA,NA,"NLC"
"Eurya crenatifolia","t0053653","Plantae","Magnoliopsida",NA,NA,"NLC"
"Eurya glaberrima","t0053655","Plantae","Magnoliopsida",NA,NA,"NLC"
"Eurya hayatae","t0053657","Plantae","Magnoliopsida",NA,NA,"NLC"
"Eurya japonica","t0053658","Plantae","Magnoliopsida",NA,NA,"NNT"
"Eurya septata","t0053662","Plantae","Magnoliopsida",NA,NA,"NLC"
"Excoecaria kawakamii","t0053673","Plantae","Magnoliopsida",NA,NA,"NVU"
"Farfugium japonicum","t0053678","Plantae","Magnoliopsida",NA,NA,"NLC"
"Festuca japonica","t0053683","Plantae","Magnoliopsida",NA,NA,"NEN"
"Festuca leptopogon","t0053684","Plantae","Magnoliopsida",NA,NA,"NLC"
"Filipendula kiraishiensis","t0053694","Plantae","Magnoliopsida",NA,NA,"NVU"
"Fimbristylis griffithii","t0053701","Plantae","Magnoliopsida",NA,NA,"NNT"
"Fimbristylis stolonifera","t0053714","Plantae","Magnoliopsida",NA,NA,"NNT"
"Fimbristylis thomsonii","t0053717","Plantae","Magnoliopsida",NA,NA,"NLC"
"Fissistigma oldhamii","t0053719","Plantae","Magnoliopsida",NA,NA,"NLC"
"Flemingia prostrata","t0053726","Plantae","Magnoliopsida",NA,NA,"NLC"
"Dendrobium comatum","t0053727","Plantae","Magnoliopsida",NA,NA,"NNT"
"Flueggea suffruticosa","t0053729","Plantae","Magnoliopsida",NA,NA,"NLC"
"Fragaria hayatai","t0053732","Plantae","Magnoliopsida",NA,NA,"NLC"
"Galactia tashiroi","t0053743","Plantae","Magnoliopsida",NA,NA,"NLC"
"Cyrtosia falconeri","t0053744","Plantae","Magnoliopsida",NA,NA,"NLC"
"Cyrtosia lindleyana","t0053745","Plantae","Magnoliopsida",NA,NA,"NLC"
"Galium echinocarpum","t0053748","Plantae","Magnoliopsida",NA,NA,"NLC"
"Galium fukuyamae","t0053750","Plantae","Magnoliopsida",NA,NA,"NVU"
"Galium morii","t0053751","Plantae","Magnoliopsida",NA,NA,"NVU"
"Galium nankotaizanum","t0053752","Plantae","Magnoliopsida",NA,NA,"NEN"
"Galium paradoxum","t0053753","Plantae","Magnoliopsida",NA,NA,"NNT"
"Galium taiwanense","t0053755","Plantae","Magnoliopsida",NA,NA,"NLC"
"Galium tarokoense","t0053756","Plantae","Magnoliopsida",NA,NA,"NEN"
"Gardneria multiflora","t0053767","Plantae","Magnoliopsida",NA,NA,"NLC"
"Garnotia acutigluma","t0053769","Plantae","Magnoliopsida",NA,NA,"DD"
"Gastrochilus ciliaris","t0053770","Plantae","Magnoliopsida",NA,NA,"NNT"
"Gastrochilus matsudae hoi","t0053773","Plantae","Magnoliopsida",NA,NA,"NLC"
"Gastrochilus rantabunensis","t0053775","Plantae","Magnoliopsida",NA,NA,"NVU"
"Gastrochilus raraensis","t0053776","Plantae","Magnoliopsida",NA,NA,"NNT"
"Gastrodia albida","t0053777","Plantae","Magnoliopsida",NA,NA,"NNT"
"Gastrodia clausa","t0053780","Plantae","Magnoliopsida",NA,NA,"NLC"
"Gastrodia confusoides","t0053782","Plantae","Magnoliopsida",NA,NA,"NLC"
"Gastrodia flabilabella","t0053784","Plantae","Magnoliopsida",NA,NA,"NVU"
"Gastrodia flexistyla","t0053785","Plantae","Magnoliopsida",NA,NA,"NCR"
"Gastrodia javanica","t0053787","Plantae","Magnoliopsida",NA,NA,"NEN"
"Gastrodia peichatieniana","t0053789","Plantae","Magnoliopsida",NA,NA,"NLC"
"Gastrodia sui","t0053792","Plantae","Magnoliopsida",NA,NA,"NCR"
"Gastrodia theana","t0053793","Plantae","Magnoliopsida",NA,NA,"NNT"
"Gaultheria cumingiana","t0053795","Plantae","Magnoliopsida",NA,NA,"NLC"
"Gentiana horaimontana","t0053800","Plantae","Magnoliopsida",NA,NA,"NEN"
"Gentiana tarokoensis","t0053804","Plantae","Magnoliopsida",NA,NA,"NCR"
"Geodorum densiflorum","t0053807","Plantae","Magnoliopsida",NA,NA,"NLC"
"Geranium robertianum","t0053813","Plantae","Magnoliopsida",NA,NA,"NLC"
"Geranium wilfordii","t0053815","Plantae","Magnoliopsida",NA,NA,"NNT"
"Glossocardia bidens","t0053824","Plantae","Magnoliopsida",NA,NA,"NVU"
"Glycine tabacina","t0053828","Plantae","Magnoliopsida",NA,NA,"NVU"
"Glycine tomentella","t0053829","Plantae","Magnoliopsida",NA,NA,"NLC"
"Gnaphalium japonicum","t0053832","Plantae","Magnoliopsida",NA,NA,"NLC"
"Goodyera nantoensis arisanense","t0053844","Plantae","Magnoliopsida",NA,NA,"NEN"
"Goodyera biflora","t0053845","Plantae","Magnoliopsida",NA,NA,"NEN"
"Goodyera brachiorhynchos","t0053846","Plantae","Magnoliopsida",NA,NA,"NVU"
"Goodyera daibuzanensis","t0053847","Plantae","Magnoliopsida",NA,NA,"NLC"
"Goodyera foliosa","t0053848","Plantae","Magnoliopsida",NA,NA,"NLC"
"Goodyera rubicunda","t0053850","Plantae","Magnoliopsida",NA,NA,"NLC"
"Goodyera schlechtendaliana","t0053852","Plantae","Magnoliopsida",NA,NA,"NLC"
"Goodyera hachijoensis matsumurana","t0053853","Plantae","Magnoliopsida",NA,NA,"NNT"
"Goodyera pendula","t0053855","Plantae","Magnoliopsida",NA,NA,"NVU"
"Goodyera nantoensis","t0053858","Plantae","Magnoliopsida",NA,NA,"NEN"
"Goodyera similis","t0053860","Plantae","Magnoliopsida",NA,NA,"NLC"
"Goodyera viridiflora","t0053861","Plantae","Magnoliopsida",NA,NA,"NLC"
"Goodyera yamiana","t0053862","Plantae","Magnoliopsida",NA,NA,"NVU"
"Grewia piscatorum","t0053871","Plantae","Magnoliopsida",NA,NA,"NLC"
"Gynostemma pentaphyllum","t0053879","Plantae","Magnoliopsida",NA,NA,"NLC"
"Habenaria ciliolaris","t0053884","Plantae","Magnoliopsida",NA,NA,"NLC"
"Habenaria longiracema","t0053887","Plantae","Magnoliopsida",NA,NA,"NLC"
"Habenaria pantlingiana","t0053888","Plantae","Magnoliopsida",NA,NA,"NLC"
"Habenaria petelotii","t0053889","Plantae","Magnoliopsida",NA,NA,"NLC"
"Habenaria tsaiana","t0053892","Plantae","Magnoliopsida",NA,NA,"DD"
"Hancockia uniflora","t0053899","Plantae","Magnoliopsida",NA,NA,"NCR"
"Hedyotis butensis","t0053904","Plantae","Magnoliopsida",NA,NA,"DD"
"Hedyotis uncinella","t0053905","Plantae","Magnoliopsida",NA,NA,"NLC"
"Euploca formosana","t0053913","Plantae","Magnoliopsida",NA,NA,"NLC"
"Heliotropium indicum","t0053914","Plantae","Magnoliopsida",NA,NA,"NLC"
"Hemerocallis fulva aurantiaca","t0053917","Plantae","Magnoliopsida",NA,NA,"DD"
"Hemerocallis fulva","t0053918","Plantae","Magnoliopsida",NA,NA,"DD"
"Herminium lanceum","t0053923","Plantae","Magnoliopsida",NA,NA,"NLC"
"Hetaeria anomala","t0053924","Plantae","Magnoliopsida",NA,NA,"NLC"
"Heterostemma brownii","t0053927","Plantae","Magnoliopsida",NA,NA,"NLC"
"Hibiscus makinoi","t0053931","Plantae","Magnoliopsida",NA,NA,"NLC"
"Hibiscus surattensis","t0053935","Plantae","Magnoliopsida",NA,NA,"NEN"
"Hieracium morii","t0053939","Plantae","Magnoliopsida",NA,NA,"NLC"
"Homalomena kelungensis","t0053946","Plantae","Magnoliopsida",NA,NA,"DD"
"Homalomena philippinensis","t0053947","Plantae","Magnoliopsida",NA,NA,"NNT"
"Hydrangea anomala","t0053953","Plantae","Magnoliopsida",NA,NA,"NLC"
"Hydrangea longifolia","t0053957","Plantae","Magnoliopsida",NA,NA,"NLC"
"Hydrocotyle batrachium","t0053964","Plantae","Magnoliopsida",NA,NA,"NLC"
"Hydrocotyle benguetensis","t0053965","Plantae","Magnoliopsida",NA,NA,"NLC"
"Hydrocotyle sibthorpioides tuberifera","t0053967","Plantae","Magnoliopsida",NA,NA,"NNT"
"Hygrophila pogonocalyx","t0053975","Plantae","Magnoliopsida",NA,NA,"NEN"
"Hygroryza aristata","t0053977","Plantae","Magnoliopsida",NA,NA,"RE"
"Hylodesmum podocarpum","t0053978","Plantae","Magnoliopsida",NA,NA,"NLC"
"Hypericum erectum","t0053984","Plantae","Magnoliopsida",NA,NA,"DD"
"Hypericum formosanum","t0053985","Plantae","Magnoliopsida",NA,NA,"NNT"
"Hypericum gramineum","t0053987","Plantae","Magnoliopsida",NA,NA,"DD"
"Hypericum japonicum","t0053988","Plantae","Magnoliopsida",NA,NA,"NLC"
"Hypericum nagasawae","t0053990","Plantae","Magnoliopsida",NA,NA,"NLC"
"Hypericum sampsonii","t0053993","Plantae","Magnoliopsida",NA,NA,"NLC"
"Hypericum subalatum","t0053994","Plantae","Magnoliopsida",NA,NA,"NVU"
"Hypericum taihezanense","t0053995","Plantae","Magnoliopsida",NA,NA,"NLC"
"Hypoestes cumingiana","t0053999","Plantae","Magnoliopsida",NA,NA,"NLC"
"Hypolytrum nemorum","t0054000","Plantae","Magnoliopsida",NA,NA,"NLC"
"Hyptis spicigera","t0054005","Plantae","Magnoliopsida",NA,NA,"NLC"
"Idesia polycarpa","t0054007","Plantae","Magnoliopsida",NA,NA,"NLC"
"Ilex crenata","t0054012","Plantae","Magnoliopsida",NA,NA,"NNT"
"Ilex hayataiana","t0054016","Plantae","Magnoliopsida",NA,NA,"NLC"
"Ilex integra","t0054017","Plantae","Magnoliopsida",NA,NA,"NVU"
"Ilex kusanoi","t0054018","Plantae","Magnoliopsida",NA,NA,"NNT"
"Ilex maximowicziana","t0054020","Plantae","Magnoliopsida",NA,NA,"NLC"
"Indigofera byobiensis","t0054039","Plantae","Magnoliopsida",NA,NA,"NCR"
"Indigofera glandulifera","t0054041","Plantae","Magnoliopsida",NA,NA,"DD"
"Indigofera hirsuta","t0054042","Plantae","Magnoliopsida",NA,NA,"NLC"
"Indigofera nigrescens","t0054043","Plantae","Magnoliopsida",NA,NA,"NLC"
"Indigofera trifoliata","t0054051","Plantae","Magnoliopsida",NA,NA,"NLC"
"Ipomoea imperati","t0054062","Plantae","Magnoliopsida",NA,NA,"NVU"
"Ipomoea polymorpha","t0054070","Plantae","Magnoliopsida",NA,NA,"NVU"
"Ipomoea sumatrana","t0054073","Plantae","Magnoliopsida",NA,NA,"NEN"
"Ipomoea violacea","t0054075","Plantae","Magnoliopsida",NA,NA,"NNT"
"Iris formosana","t0054078","Plantae","Magnoliopsida",NA,NA,"NLC"
"Iris nantouensis","t0054080","Plantae","Magnoliopsida",NA,NA,"DD"
"Isachne beneckei","t0054084","Plantae","Magnoliopsida",NA,NA,"NLC"
"Isachne kunthiana","t0054087","Plantae","Magnoliopsida",NA,NA,"NLC"
"Isachne miliacea","t0054088","Plantae","Magnoliopsida",NA,NA,"DD"
"Isachne myosotis","t0054089","Plantae","Magnoliopsida",NA,NA,"NLC"
"Ischaemum setaceum","t0054095","Plantae","Magnoliopsida",NA,NA,"NNT"
"Ischaemum timorense","t0054096","Plantae","Magnoliopsida",NA,NA,"NLC"
"Ixeridium laevigatum","t0054099","Plantae","Magnoliopsida",NA,NA,"NLC"
"Ixeridium transnokoense","t0054100","Plantae","Magnoliopsida",NA,NA,"NLC"
"Ixeris debilis","t0054101","Plantae","Magnoliopsida",NA,NA,"NLC"
"Ixeris tamagawaensis","t0054103","Plantae","Magnoliopsida",NA,NA,"NLC"
"Ixeris polycephala","t0054104","Plantae","Magnoliopsida",NA,NA,"NLC"
"Ixeris repens","t0054105","Plantae","Magnoliopsida",NA,NA,"NNT"
"Juncus tobdeniorum","t0054129","Plantae","Magnoliopsida",NA,NA,"NVU"
"Juncus triflorus","t0054130","Plantae","Magnoliopsida",NA,NA,"NLC"
"Kadsura japonica","t0054137","Plantae","Magnoliopsida",NA,NA,"NLC"
"Kadsura philippinensis","t0054139","Plantae","Magnoliopsida",NA,NA,"NNT"
"Kalanchoe gracilis","t0054144","Plantae","Magnoliopsida",NA,NA,"DD"
"Koelreuteria henryi","t0054151","Plantae","Magnoliopsida",NA,NA,"NLC"
"Kummerowia striata","t0054153","Plantae","Magnoliopsida",NA,NA,"NLC"
"Pterocypsela indica","t0054156","Plantae","Magnoliopsida",NA,NA,"NLC"
"Lagenophora lanata","t0054160","Plantae","Magnoliopsida",NA,NA,"NEN"
"Lamium amplexicaule","t0054165","Plantae","Magnoliopsida",NA,NA,"NCR"
"Lasianthus fordii","t0054173","Plantae","Magnoliopsida",NA,NA,"NLC"
"Lasianthus formosensis","t0054174","Plantae","Magnoliopsida",NA,NA,"NLC"
"Lasianthus cyanocarpus","t0054176","Plantae","Magnoliopsida",NA,NA,"NLC"
"Lasianthus microstachys","t0054178","Plantae","Magnoliopsida",NA,NA,"NLC"
"Lasianthus wallichii","t0054180","Plantae","Magnoliopsida",NA,NA,"NLC"
"Lathraea purpurea","t0054181","Plantae","Magnoliopsida",NA,NA,"NNT"
"Lecanorchis cerina","t0054186","Plantae","Magnoliopsida",NA,NA,"NNT"
"Lecanorchis latens","t0054187","Plantae","Magnoliopsida",NA,NA,"DD"
"Lecanorchis thalassica","t0054188","Plantae","Magnoliopsida",NA,NA,"NEN"
"Lecanorchis purpurea","t0054189","Plantae","Magnoliopsida",NA,NA,"NNT"
"Lecanorchis virella","t0054191","Plantae","Magnoliopsida",NA,NA,"NCR"
"Leea guineensis","t0054194","Plantae","Magnoliopsida",NA,NA,"NLC"
"Leontopodium microphyllum","t0054199","Plantae","Magnoliopsida",NA,NA,"NLC"
"Leonurus japonicus","t0054200","Plantae","Magnoliopsida",NA,NA,"NLC"
"Lepidagathis inaequalis","t0054202","Plantae","Magnoliopsida",NA,NA,"NLC"
"Lepidagathis stenophylla","t0054204","Plantae","Magnoliopsida",NA,NA,"NNT"
"Leptaspis banksii","t0054210","Plantae","Magnoliopsida",NA,NA,"NCR"
"Lepturus repens","t0054216","Plantae","Magnoliopsida",NA,NA,"NLC"
"Lespedeza virgata","t0054220","Plantae","Magnoliopsida",NA,NA,"NLC"
"Ligularia japonica","t0054225","Plantae","Magnoliopsida",NA,NA,"NVU"
"Ligustrum liukiuense","t0054229","Plantae","Magnoliopsida",NA,NA,"NLC"
"Limonium sinense","t0054238","Plantae","Magnoliopsida",NA,NA,"NLC"
"Liparis barbata","t0054257","Plantae","Magnoliopsida",NA,NA,"NNT"
"Liparis bootanensis","t0054258","Plantae","Magnoliopsida",NA,NA,"NLC"
"Liparis elliptica","t0054261","Plantae","Magnoliopsida",NA,NA,"NLC"
"Liparis ferruginea","t0054262","Plantae","Magnoliopsida",NA,NA,"RE"
"Liparis henryi","t0054265","Plantae","Magnoliopsida",NA,NA,"NLC"
"Liparis laurisilvatica","t0054267","Plantae","Magnoliopsida",NA,NA,"NLC"
"Liparis mannii","t0054268","Plantae","Magnoliopsida",NA,NA,"DD"
"Liparis nakaharae","t0054269","Plantae","Magnoliopsida",NA,NA,"NLC"
"Liparis nervosa","t0054270","Plantae","Magnoliopsida",NA,NA,"NLC"
"Liparis odorata","t0054272","Plantae","Magnoliopsida",NA,NA,"DD"
"Liparis monoceros","t0054273","Plantae","Magnoliopsida",NA,NA,"NVU"
"Liparis somai","t0054276","Plantae","Magnoliopsida",NA,NA,"NEN"
"Liparis sootenzanensis","t0054277","Plantae","Magnoliopsida",NA,NA,"NLC"
"Liriope minor","t0054280","Plantae","Magnoliopsida",NA,NA,"NLC"
"Litsea lii","t0054299","Plantae","Magnoliopsida",NA,NA,"NLC"
"Lobelia chinensis","t0054303","Plantae","Magnoliopsida",NA,NA,"NLC"
"Lobelia nummularia","t0054307","Plantae","Magnoliopsida",NA,NA,"NLC"
"Lobelia seguinii","t0054308","Plantae","Magnoliopsida",NA,NA,"NLC"
"Lomatogonium chilaiensis","t0054313","Plantae","Magnoliopsida",NA,NA,"NCR"
"Lonicera apodantha","t0054315","Plantae","Magnoliopsida",NA,NA,"NNT"
"Lonicera hypoglauca","t0054316","Plantae","Magnoliopsida",NA,NA,"NLC"
"Lonicera oiwakensis","t0054320","Plantae","Magnoliopsida",NA,NA,"NVU"
"Lophatherum gracile","t0054321","Plantae","Magnoliopsida",NA,NA,"NLC"
"Loranthus delavayi","t0054322","Plantae","Magnoliopsida",NA,NA,"NLC"
"Lotus taitungensis","t0054324","Plantae","Magnoliopsida",NA,NA,"NVU"
"Ludwigia epilobioides","t0054328","Plantae","Magnoliopsida",NA,NA,"NLC"
"Ludwigia ovalis","t0054332","Plantae","Magnoliopsida",NA,NA,"NVU"
"Luisia cordata","t0054336","Plantae","Magnoliopsida",NA,NA,"NVU"
"Luisia lui","t0054337","Plantae","Magnoliopsida",NA,NA,"DD"
"Luisia teres","t0054339","Plantae","Magnoliopsida",NA,NA,"NLC"
"Luzula plumosa","t0054344","Plantae","Magnoliopsida",NA,NA,"NLC"
"Luzula taiwaniana","t0054345","Plantae","Magnoliopsida",NA,NA,"NLC"
"Lysimachia simulans","t0054351","Plantae","Magnoliopsida",NA,NA,"NLC"
"Lysimachia candida","t0054352","Plantae","Magnoliopsida",NA,NA,"RE"
"Lysimachia capillipes","t0054353","Plantae","Magnoliopsida",NA,NA,"NLC"
"Lysimachia japonica","t0054358","Plantae","Magnoliopsida",NA,NA,"NLC"
"Lysimachia mauritiana","t0054360","Plantae","Magnoliopsida",NA,NA,"NLC"
"Lysimachia remota","t0054362","Plantae","Magnoliopsida",NA,NA,"NLC"
"Machilus japonica kusanoi","t0054366","Plantae","Magnoliopsida",NA,NA,"NLC"
"Machilus zuihoensis mushaensis","t0054367","Plantae","Magnoliopsida",NA,NA,"NLC"
"Mahonia morrisonensis","t0054377","Plantae","Magnoliopsida",NA,NA,"DD"
"Malaxis monophyllos","t0054383","Plantae","Magnoliopsida",NA,NA,"NLC"
"Maytenus emarginata","t0054409","Plantae","Magnoliopsida",NA,NA,"NNT"
"Mazus alpinus","t0054410","Plantae","Magnoliopsida",NA,NA,"NLC"
"Mazus miquelii","t0054413","Plantae","Magnoliopsida",NA,NA,"NLC"
"Mazus tainanensis","t0054414","Plantae","Magnoliopsida",NA,NA,"DD"
"Medinilla formosana","t0054420","Plantae","Magnoliopsida",NA,NA,"NVU"
"Medinilla hayatana","t0054421","Plantae","Magnoliopsida",NA,NA,"NEN"
"Melampyrum roseum","t0054424","Plantae","Magnoliopsida",NA,NA,"NEN"
"Melastoma kudoi","t0054427","Plantae","Magnoliopsida",NA,NA,"NVU"
"Melica onoei","t0054429","Plantae","Magnoliopsida",NA,NA,"NNT"
"Meliosma callicarpifolia","t0054432","Plantae","Magnoliopsida",NA,NA,"NLC"
"Memecylon pendulum","t0054442","Plantae","Magnoliopsida",NA,NA,"NEN"
"Decalobanthus distillatorius","t0054446","Plantae","Magnoliopsida",NA,NA,"NCR"
"Microglossa pyrifolia","t0054454","Plantae","Magnoliopsida",NA,NA,"NLC"
"Microstegium dilatatum","t0054456","Plantae","Magnoliopsida",NA,NA,"NLC"
"Microstegium eucnemis","t0054457","Plantae","Magnoliopsida",NA,NA,"NLC"
"Microstegium fauriei","t0054459","Plantae","Magnoliopsida",NA,NA,"NLC"
"Microstegium glaberrimum","t0054460","Plantae","Magnoliopsida",NA,NA,"NLC"
"Microstegium somai","t0054462","Plantae","Magnoliopsida",NA,NA,"NLC"
"Microstegium vimineum","t0054463","Plantae","Magnoliopsida",NA,NA,"NLC"
"Milium effusum","t0054469","Plantae","Magnoliopsida",NA,NA,"NLC"
"Mitella formosana","t0054479","Plantae","Magnoliopsida",NA,NA,"NLC"
"Mitrasacme indica","t0054481","Plantae","Magnoliopsida",NA,NA,"DD"
"Moehringia trinervia","t0054484","Plantae","Magnoliopsida",NA,NA,"NLC"
"Monotropa uniflora","t0054491","Plantae","Magnoliopsida",NA,NA,"DD"
"Cheilotheca humilis","t0054492","Plantae","Magnoliopsida",NA,NA,"NLC"
"Cheilotheca macrocarpa","t0054493","Plantae","Magnoliopsida",NA,NA,"NLC"
"Mosla chinensis","t0054500","Plantae","Magnoliopsida",NA,NA,"NLC"
"Murdannia edulis","t0054506","Plantae","Magnoliopsida",NA,NA,"NLC"
"Murraya crenulata","t0054509","Plantae","Magnoliopsida",NA,NA,"NEN"
"Mussaenda parviflora","t0054518","Plantae","Magnoliopsida",NA,NA,"NLC"
"Myriactis humilis","t0054521","Plantae","Magnoliopsida",NA,NA,"NLC"
"Myrica adenophora","t0054522","Plantae","Magnoliopsida",NA,NA,"NEN"
"Myriophyllum dicoccum","t0054525","Plantae","Magnoliopsida",NA,NA,"DD"
"Nanocnide japonica","t0054538","Plantae","Magnoliopsida",NA,NA,"NLC"
"Neottia wardii","t0054556","Plantae","Magnoliopsida",NA,NA,"NNT"
"Neottia kuanshanensis","t0054559","Plantae","Magnoliopsida",NA,NA,"NEN"
"Neottia morrisonicola","t0054561","Plantae","Magnoliopsida",NA,NA,"NLC"
"Neottia nankomontana","t0054562","Plantae","Magnoliopsida",NA,NA,"NVU"
"Neottia piluchiensis","t0054563","Plantae","Magnoliopsida",NA,NA,"NNT"
"Neottia suzukii","t0054565","Plantae","Magnoliopsida",NA,NA,"NLC"
"Neottia taizanensis","t0054566","Plantae","Magnoliopsida",NA,NA,"NVU"
"Nertera nigricarpa","t0054572","Plantae","Magnoliopsida",NA,NA,"NLC"
"Nervilia alishanensis","t0054573","Plantae","Magnoliopsida",NA,NA,"NNT"
"Nervilia concolor","t0054574","Plantae","Magnoliopsida",NA,NA,"NLC"
"Nervilia crociformis","t0054575","Plantae","Magnoliopsida",NA,NA,"NNT"
"Nervilia lanyuensis","t0054576","Plantae","Magnoliopsida",NA,NA,"NNT"
"Nervilia taitoensis","t0054578","Plantae","Magnoliopsida",NA,NA,"DD"
"Nervilia taiwaniana ratis","t0054580","Plantae","Magnoliopsida",NA,NA,"DD"
"Neyraudia arundinacea","t0054584","Plantae","Magnoliopsida",NA,NA,"NNT"
"Nymphaea stellata","t0054595","Plantae","Magnoliopsida",NA,NA,"DD"
"Nymphoides lungtanensis","t0054600","Plantae","Magnoliopsida",NA,NA,"EW"
"Oberonia formosana","t0054601","Plantae","Magnoliopsida",NA,NA,"NLC"
"Oberonia costeriana","t0054603","Plantae","Magnoliopsida",NA,NA,"NEN"
"Oberonia linguae","t0054606","Plantae","Magnoliopsida",NA,NA,"DD"
"Oberonia rosea","t0054607","Plantae","Magnoliopsida",NA,NA,"NEN"
"Oberonia segawae","t0054608","Plantae","Magnoliopsida",NA,NA,"NEN"
"Oberonia seidenfadenii","t0054609","Plantae","Magnoliopsida",NA,NA,"NEN"
"Odontochilus brevistylus","t0054613","Plantae","Magnoliopsida",NA,NA,"NLC"
"Odontochilus elwesii","t0054614","Plantae","Magnoliopsida",NA,NA,"NCR"
"Odontochilus nanlingensis","t0054616","Plantae","Magnoliopsida",NA,NA,"NNT"
"Odontochilus poilanei","t0054617","Plantae","Magnoliopsida",NA,NA,"NCR"
"Oldenlandia corymbosa","t0054621","Plantae","Magnoliopsida",NA,NA,"NLC"
"Operculina turpethum","t0054623","Plantae","Magnoliopsida",NA,NA,"NLC"
"Ophiopogon intermedius","t0054626","Plantae","Magnoliopsida",NA,NA,"NLC"
"Ophiorrhiza kuroiwae","t0054630","Plantae","Magnoliopsida",NA,NA,"NLC"
"Ophiorrhiza pumila","t0054631","Plantae","Magnoliopsida",NA,NA,"NLC"
"Oreorchis bilamellata","t0054636","Plantae","Magnoliopsida",NA,NA,"NVU"
"Oreorchis patens","t0054639","Plantae","Magnoliopsida",NA,NA,"NNT"
"Ormocarpum cochinchinensis","t0054641","Plantae","Magnoliopsida",NA,NA,"NVU"
"Ormosia formosana","t0054642","Plantae","Magnoliopsida",NA,NA,"NVU"
"Osmanthus enervius","t0054659","Plantae","Magnoliopsida",NA,NA,"NLC"
"Osmanthus heterophyllus","t0054661","Plantae","Magnoliopsida",NA,NA,"NLC"
"Osmanthus lanceolatus","t0054662","Plantae","Magnoliopsida",NA,NA,"NLC"
"Osmanthus matsumuranus","t0054663","Plantae","Magnoliopsida",NA,NA,"NLC"
"Osteomeles schwerinae","t0054665","Plantae","Magnoliopsida",NA,NA,"NCR"
"Ottochloa nodosa","t0054667","Plantae","Magnoliopsida",NA,NA,"NLC"
"Oxalis corniculata","t0054668","Plantae","Magnoliopsida",NA,NA,"NLC"
"Pachystoma pubescens","t0054673","Plantae","Magnoliopsida",NA,NA,"NCR"
"Paederia cavaleriei","t0054674","Plantae","Magnoliopsida",NA,NA,"NLC"
"Paliurus ramosissimus","t0054677","Plantae","Magnoliopsida",NA,NA,"NEN"
"Panicum bisulcatum","t0054679","Plantae","Magnoliopsida",NA,NA,"NLC"
"Panicum brevifolium","t0054680","Plantae","Magnoliopsida",NA,NA,"NLC"
"Panicum notatum","t0054687","Plantae","Magnoliopsida",NA,NA,"NLC"
"Panicum paludosum","t0054688","Plantae","Magnoliopsida",NA,NA,"NLC"
"Panicum sarmentosum","t0054690","Plantae","Magnoliopsida",NA,NA,"NLC"
"Paraphlomis tomentoso-capitata","t0054696","Plantae","Magnoliopsida",NA,NA,"NLC"
"Parasenecio morrisonensis","t0054697","Plantae","Magnoliopsida",NA,NA,"NVU"
"Parsonsia alboflavescens","t0054702","Plantae","Magnoliopsida",NA,NA,"NLC"
"Paspalum orbiculare","t0054713","Plantae","Magnoliopsida",NA,NA,"NLC"
"Patrinia scabiosifolia","t0054726","Plantae","Magnoliopsida",NA,NA,"NLC"
"Peliosanthes macrostegia","t0054732","Plantae","Magnoliopsida",NA,NA,"NLC"
"Pellionia scabra","t0054734","Plantae","Magnoliopsida",NA,NA,"NLC"
"Peperomia japonica","t0054739","Plantae","Magnoliopsida",NA,NA,"NLC"
"Peperomia rubrivenosa","t0054743","Plantae","Magnoliopsida",NA,NA,"NLC"
"Peristylus formosanus","t0054746","Plantae","Magnoliopsida",NA,NA,"NLC"
"Peristylus gracilis","t0054748","Plantae","Magnoliopsida",NA,NA,"NEN"
"Perotis indica","t0054750","Plantae","Magnoliopsida",NA,NA,"DD"
"Perotis rara","t0054751","Plantae","Magnoliopsida",NA,NA,"DD"
"Pertya simozawai","t0054757","Plantae","Magnoliopsida",NA,NA,"NEN"
"Petrosavia sakuraii","t0054759","Plantae","Magnoliopsida",NA,NA,"DD"
"Peucedanum formosanum","t0054760","Plantae","Magnoliopsida",NA,NA,"NLC"
"Phaenosperma globosum","t0054764","Plantae","Magnoliopsida",NA,NA,"NEN"
"Calanthe mishmensis","t0054765","Plantae","Magnoliopsida",NA,NA,"NLC"
"Philydrum lanuginosum","t0054778","Plantae","Magnoliopsida",NA,NA,"NNT"
"Pholidota cantonensis","t0054783","Plantae","Magnoliopsida",NA,NA,"NLC"
"Phreatia morii","t0054792","Plantae","Magnoliopsida",NA,NA,"NLC"
"Phryma leptostachya","t0054794","Plantae","Magnoliopsida",NA,NA,"NVU"
"Phtheirospermum japonicum","t0054795","Plantae","Magnoliopsida",NA,NA,"NNT"
"Phyllanthus hookeri","t0054801","Plantae","Magnoliopsida",NA,NA,"NLC"
"Phyllanthus urinaria","t0054806","Plantae","Magnoliopsida",NA,NA,"NLC"
"Phyllostachys makinoi","t0054811","Plantae","Magnoliopsida",NA,NA,"NLC"
"Phytolacca japonica","t0054819","Plantae","Magnoliopsida",NA,NA,"NLC"
"Pilea pumila","t0054830","Plantae","Magnoliopsida",NA,NA,"NLC"
"Pilea swinglei","t0054831","Plantae","Magnoliopsida",NA,NA,"DD"
"Pinellia ternata","t0054837","Plantae","Magnoliopsida",NA,NA,"NLC"
"Piper kawakamii","t0054846","Plantae","Magnoliopsida",NA,NA,"NLC"
"Piper kwashoense","t0054847","Plantae","Magnoliopsida",NA,NA,"NLC"
"Piper taiwanense","t0054850","Plantae","Magnoliopsida",NA,NA,"NLC"
"Piper umbellatum","t0054851","Plantae","Magnoliopsida",NA,NA,"NLC"
"Oryzopsis obtusa","t0054852","Plantae","Magnoliopsida",NA,NA,"NCR"
"Plantago asiatica","t0054863","Plantae","Magnoliopsida",NA,NA,"NLC"
"Platanthera devolii","t0054869","Plantae","Magnoliopsida",NA,NA,"NLC"
"Platanthera longicalcarata","t0054870","Plantae","Magnoliopsida",NA,NA,"NVU"
"Platanthera pachyglossa","t0054871","Plantae","Magnoliopsida",NA,NA,"NLC"
"Platanthera ophrydioides","t0054874","Plantae","Magnoliopsida",NA,NA,"DD"
"Platanthera sachalinensis","t0054875","Plantae","Magnoliopsida",NA,NA,"NLC"
"Platanthera sonoharae","t0054876","Plantae","Magnoliopsida",NA,NA,"NEN"
"Platycarya strobilacea","t0054880","Plantae","Magnoliopsida",NA,NA,"NLC"
"Pluchea pteropoda","t0054884","Plantae","Magnoliopsida",NA,NA,"NVU"
"Poa tenuicula","t0054899","Plantae","Magnoliopsida",NA,NA,"NNT"
"Pogonia minor","t0054903","Plantae","Magnoliopsida",NA,NA,"NEN"
"Pogostemon auricularia","t0054904","Plantae","Magnoliopsida",NA,NA,"NLC"
"Pollia japonica","t0054908","Plantae","Magnoliopsida",NA,NA,"NLC"
"Heterosamara arcuata","t0054912","Plantae","Magnoliopsida",NA,NA,"NVU"
"Polygala japonica","t0054914","Plantae","Magnoliopsida",NA,NA,"NLC"
"Heterosamara tatarinowii","t0054917","Plantae","Magnoliopsida",NA,NA,"NLC"
"Polygonatum chingshuishanianum","t0054918","Plantae","Magnoliopsida",NA,NA,"DD"
"Koenigia filicaulis","t0054921","Plantae","Magnoliopsida",NA,NA,"NNT"
"Ponerorchis kiraishiensis","t0054927","Plantae","Magnoliopsida",NA,NA,"NLC"
"Ponerorchis taiwanensis","t0054928","Plantae","Magnoliopsida",NA,NA,"NNT"
"Ponerorchis tominagae","t0054929","Plantae","Magnoliopsida",NA,NA,"NVU"
"Portulaca psammotropha","t0054933","Plantae","Magnoliopsida",NA,NA,"NNT"
"Portulaca quadrifida","t0054934","Plantae","Magnoliopsida",NA,NA,"NLC"
"Potamogeton malaianus","t0054940","Plantae","Magnoliopsida",NA,NA,"NLC"
"Potamogeton oxyphyllus","t0054942","Plantae","Magnoliopsida",NA,NA,"NVU"
"Potentilla discolor","t0054946","Plantae","Magnoliopsida",NA,NA,"NNT"
"Potentilla leuconota","t0054947","Plantae","Magnoliopsida",NA,NA,"NLC"
"Potentilla matsumurae","t0054948","Plantae","Magnoliopsida",NA,NA,"NLC"
"Pothoidium lobbianum","t0054950","Plantae","Magnoliopsida",NA,NA,"NNT"
"Pothos chinensis","t0054951","Plantae","Magnoliopsida",NA,NA,"NLC"
"Photinia lucida","t0054953","Plantae","Magnoliopsida",NA,NA,"NLC"
"Primula miyabeana","t0054963","Plantae","Magnoliopsida",NA,NA,"NLC"
"Prinsepia scandens","t0054964","Plantae","Magnoliopsida",NA,NA,"NLC"
"Procris laevigata","t0054965","Plantae","Magnoliopsida",NA,NA,"NLC"
"Prunus obtusata","t0054971","Plantae","Magnoliopsida",NA,NA,"NEN"
"Prunus spinulosa","t0054975","Plantae","Magnoliopsida",NA,NA,"NLC"
"Pseudoraphis brunoniana","t0054979","Plantae","Magnoliopsida",NA,NA,"NEN"
"Psychotria serpens","t0054988","Plantae","Magnoliopsida",NA,NA,"NLC"
"Pueraria montana","t0054996","Plantae","Magnoliopsida",NA,NA,"NLC"
"Pycnospora lutescens","t0055000","Plantae","Magnoliopsida",NA,NA,"NLC"
"Pyrola japonica","t0055006","Plantae","Magnoliopsida",NA,NA,"NLC"
"Randia canthioides","t0055028","Plantae","Magnoliopsida",NA,NA,"NVU"
"Ranunculus cantoniensis","t0055032","Plantae","Magnoliopsida",NA,NA,"NLC"
"Ranunculus cheirophyllus","t0055033","Plantae","Magnoliopsida",NA,NA,"NNT"
"Ranunculus chinensis","t0055034","Plantae","Magnoliopsida",NA,NA,"NVU"
"Ranunculus formosa-montanus","t0055035","Plantae","Magnoliopsida",NA,NA,"NLC"
"Ranunculus japonicus","t0055036","Plantae","Magnoliopsida",NA,NA,"NNT"
"Ranunculus sieboldii","t0055041","Plantae","Magnoliopsida",NA,NA,"NLC"
"Ranunculus silerifolius","t0055042","Plantae","Magnoliopsida",NA,NA,"NLC"
"Ranunculus taisanensis","t0055043","Plantae","Magnoliopsida",NA,NA,"NLC"
"Ranunculus ternatus","t0055044","Plantae","Magnoliopsida",NA,NA,"NVU"
"Raphanus raphanistrum sativus","t0055045","Plantae","Magnoliopsida",NA,NA,"NLC"
"Reevesia formosana","t0055050","Plantae","Magnoliopsida",NA,NA,"NNT"
"Remusatia vivipara","t0055052","Plantae","Magnoliopsida",NA,NA,"NVU"
"Remusatia yunnanensis","t0055053","Plantae","Magnoliopsida",NA,NA,"NVU"
"Rhamnus formosana","t0055057","Plantae","Magnoliopsida",NA,NA,"NLC"
"Rhamnus parvifolia","t0055058","Plantae","Magnoliopsida",NA,NA,"NLC"
"Rhaphidophora hongkongensis","t0055061","Plantae","Magnoliopsida",NA,NA,"NLC"
"Rhaphidophora liukiuensis","t0055062","Plantae","Magnoliopsida",NA,NA,"NVU"
"Rhododendron breviperulatum","t0055068","Plantae","Magnoliopsida",NA,NA,"NLC"
"Rhododendron chilanshanense","t0055069","Plantae","Magnoliopsida",NA,NA,"NVU"
"Rhododendron farrerae","t0055070","Plantae","Magnoliopsida",NA,NA,"NNT"
"Rhododendron formosanum","t0055071","Plantae","Magnoliopsida",NA,NA,"NLC"
"Rhododendron hyperythrum","t0055072","Plantae","Magnoliopsida",NA,NA,"NLC"
"Rhododendron kawakamii","t0055074","Plantae","Magnoliopsida",NA,NA,"NNT"
"Rhododendron leptosanthum","t0055075","Plantae","Magnoliopsida",NA,NA,"NLC"
"Rhododendron oldhamii","t0055079","Plantae","Magnoliopsida",NA,NA,"NLC"
"Rhomboda yakusimensis","t0055084","Plantae","Magnoliopsida",NA,NA,"NLC"
"Rhynchospermum verticillatum","t0055093","Plantae","Magnoliopsida",NA,NA,"NLC"
"Rhynchospora chinensis","t0055095","Plantae","Magnoliopsida",NA,NA,"RE"
"Rhynchospora malasica","t0055098","Plantae","Magnoliopsida",NA,NA,"NCR"
"Rhynchospora rubra","t0055099","Plantae","Magnoliopsida",NA,NA,"NLC"
"Rhynchospora rugosa brownii","t0055100","Plantae","Magnoliopsida",NA,NA,"NVU"
"Rhynchotechum brevipedunculatum","t0055101","Plantae","Magnoliopsida",NA,NA,"NLC"
"Rhynchotechum formosanum","t0055102","Plantae","Magnoliopsida",NA,NA,"NNT"
"Rosa laevigata","t0055114","Plantae","Magnoliopsida",NA,NA,"NEN"
"Rosa pricei","t0055115","Plantae","Magnoliopsida",NA,NA,"DD"
"Rosa transmorrisonensis","t0055119","Plantae","Magnoliopsida",NA,NA,"NLC"
"Rotala hippuris","t0055121","Plantae","Magnoliopsida",NA,NA,"NCR"
"Rubia lanceolata","t0055130","Plantae","Magnoliopsida",NA,NA,"NLC"
"Rubia linii","t0055131","Plantae","Magnoliopsida",NA,NA,"NLC"
"Rubus alceifolius","t0055132","Plantae","Magnoliopsida",NA,NA,"NLC"
"Rubus fraxinifolius","t0055133","Plantae","Magnoliopsida",NA,NA,"NNT"
"Rubus flagelliflorus","t0055137","Plantae","Magnoliopsida",NA,NA,"NCR"
"Rubus formosensis","t0055138","Plantae","Magnoliopsida",NA,NA,"NLC"
"Rubus croceacanthus","t0055140","Plantae","Magnoliopsida",NA,NA,"NLC"
"Rubus puyumaensis","t0055141","Plantae","Magnoliopsida",NA,NA,"DD"
"Rubus lambertianus","t0055144","Plantae","Magnoliopsida",NA,NA,"NLC"
"Rubus rosifolius","t0055145","Plantae","Magnoliopsida",NA,NA,"NLC"
"Rubus morii","t0055148","Plantae","Magnoliopsida",NA,NA,"NLC"
"Rubus incanus","t0055149","Plantae","Magnoliopsida",NA,NA,"NLC"
"Rubus pectinellus","t0055150","Plantae","Magnoliopsida",NA,NA,"NLC"
"Rubus pungens oldhamii","t0055152","Plantae","Magnoliopsida",NA,NA,"NLC"
"Rubus ritozanensis","t0055153","Plantae","Magnoliopsida",NA,NA,"NLC"
"Rubus rolfei","t0055154","Plantae","Magnoliopsida",NA,NA,"NNT"
"Rubus rufus","t0055155","Plantae","Magnoliopsida",NA,NA,"NNT"
"Rubus sumatranus","t0055156","Plantae","Magnoliopsida",NA,NA,"NEN"
"Rubus swinhoei","t0055157","Plantae","Magnoliopsida",NA,NA,"NLC"
"Rubus trianthus","t0055160","Plantae","Magnoliopsida",NA,NA,"NLC"
"Rubus wallichianus","t0055161","Plantae","Magnoliopsida",NA,NA,"NLC"
"Rumex acetosa","t0055166","Plantae","Magnoliopsida",NA,NA,"NLC"
"Rumex nipponicus","t0055171","Plantae","Magnoliopsida",NA,NA,"NLC"
"Sabia swinhoei","t0055176","Plantae","Magnoliopsida",NA,NA,"NLC"
"Saccolabiopsis viridiflora","t0055184","Plantae","Magnoliopsida",NA,NA,"NEN"
"Sageretia randaiensis","t0055185","Plantae","Magnoliopsida",NA,NA,"NLC"
"Salomonia ciliata","t0055197","Plantae","Magnoliopsida",NA,NA,"NEN"
"Salvia arisanensis","t0055198","Plantae","Magnoliopsida",NA,NA,"NLC"
"Salvia formosana","t0055202","Plantae","Magnoliopsida",NA,NA,"DD"
"Salvia hayatae","t0055203","Plantae","Magnoliopsida",NA,NA,"NVU"
"Salvia japonica","t0055204","Plantae","Magnoliopsida",NA,NA,"NLC"
"Salvia plebeia","t0055210","Plantae","Magnoliopsida",NA,NA,"NLC"
"Salvia tashiroi","t0055213","Plantae","Magnoliopsida",NA,NA,"NEN"
"Sambucus chinensis","t0055215","Plantae","Magnoliopsida",NA,NA,"NLC"
"Saussurea glandulosa","t0055231","Plantae","Magnoliopsida",NA,NA,"NVU"
"Saussurea kiraisiensis","t0055234","Plantae","Magnoliopsida",NA,NA,"NVU"
"Scabiosa lacerifolia","t0055237","Plantae","Magnoliopsida",NA,NA,"NLC"
"Schizachyrium fragile","t0055245","Plantae","Magnoliopsida",NA,NA,"DD"
"Schoenoplectiella juncoides","t0055250","Plantae","Magnoliopsida",NA,NA,"NLC"
"Schoenorchis vanoverberghii","t0055254","Plantae","Magnoliopsida",NA,NA,"NVU"
"Schoenus apogon","t0055255","Plantae","Magnoliopsida",NA,NA,"DD"
"Sciaphila maculata","t0055259","Plantae","Magnoliopsida",NA,NA,"NEN"
"Scirpus hainanensis","t0055262","Plantae","Magnoliopsida",NA,NA,"NVU"
"Scirpus ternatanus","t0055263","Plantae","Magnoliopsida",NA,NA,"NLC"
"Scutellaria hsiehii","t0055279","Plantae","Magnoliopsida",NA,NA,"NNT"
"Scutellaria indica","t0055280","Plantae","Magnoliopsida",NA,NA,"NLC"
"Sedum actinocarpum","t0055286","Plantae","Magnoliopsida",NA,NA,"NLC"
"Sedum cryptomerioides","t0055288","Plantae","Magnoliopsida",NA,NA,"DD"
"Sedum drymarioides","t0055289","Plantae","Magnoliopsida",NA,NA,"NVU"
"Sedum erythrospermum","t0055291","Plantae","Magnoliopsida",NA,NA,"NLC"
"Sedum formosanum","t0055292","Plantae","Magnoliopsida",NA,NA,"NLC"
"Sedum microsepalum","t0055295","Plantae","Magnoliopsida",NA,NA,"NVU"
"Sedum morrisonense","t0055296","Plantae","Magnoliopsida",NA,NA,"NLC"
"Sedum nokoense","t0055297","Plantae","Magnoliopsida",NA,NA,"NEN"
"Sedum parvisepalum","t0055298","Plantae","Magnoliopsida",NA,NA,"DD"
"Sedum sekiteiense","t0055300","Plantae","Magnoliopsida",NA,NA,"NVU"
"Sedum stellariifolium","t0055301","Plantae","Magnoliopsida",NA,NA,"NLC"
"Sedum japonicum oryzifolium","t0055303","Plantae","Magnoliopsida",NA,NA,"NNT"
"Semecarpus gigantifolia","t0055305","Plantae","Magnoliopsida",NA,NA,"NNT"
"Senecio kuanshanensis","t0055310","Plantae","Magnoliopsida",NA,NA,"NEN"
"Buchozia japonica","t0055316","Plantae","Magnoliopsida",NA,NA,"NNT"
"Setaria faberi","t0055323","Plantae","Magnoliopsida",NA,NA,"NNT"
"Setaria palmifolia","t0055325","Plantae","Magnoliopsida",NA,NA,"NLC"
"Setaria plicata","t0055326","Plantae","Magnoliopsida",NA,NA,"NLC"
"Setaria pumila","t0055327","Plantae","Magnoliopsida",NA,NA,"NLC"
"Setaria viridis","t0055330","Plantae","Magnoliopsida",NA,NA,"NLC"
"Sida cordifolia","t0055335","Plantae","Magnoliopsida",NA,NA,"NLC"
"Sida javensis","t0055336","Plantae","Magnoliopsida",NA,NA,"DD"
"Sida mysorensis","t0055337","Plantae","Magnoliopsida",NA,NA,"NLC"
"Sida rhombifolia","t0055338","Plantae","Magnoliopsida",NA,NA,"NLC"
"Silene morrisonmontana","t0055347","Plantae","Magnoliopsida",NA,NA,"NVU"
"Silene morrisonmontana glabella","t0055348","Plantae","Magnoliopsida",NA,NA,"NVU"
"Siphonostegia chinensis","t0055350","Plantae","Magnoliopsida",NA,NA,"NEN"
"Skimmia arisanensis","t0055357","Plantae","Magnoliopsida",NA,NA,"NLC"
"Sloanea formosana","t0055358","Plantae","Magnoliopsida",NA,NA,"NLC"
"Smilax bockii","t0055361","Plantae","Magnoliopsida",NA,NA,"DD"
"Smilax lanceifolia","t0055369","Plantae","Magnoliopsida",NA,NA,"NLC"
"Smilax luei","t0055370","Plantae","Magnoliopsida",NA,NA,"NVU"
"Smilax menispermoidea","t0055371","Plantae","Magnoliopsida",NA,NA,"NLC"
"Smilax nantoensis","t0055372","Plantae","Magnoliopsida",NA,NA,"NLC"
"Smilax ocreata","t0055374","Plantae","Magnoliopsida",NA,NA,"NLC"
"Smilax bracteata verruculosa","t0055375","Plantae","Magnoliopsida",NA,NA,"NLC"
"Smilax sieboldii","t0055377","Plantae","Magnoliopsida",NA,NA,"NLC"
"Solanum lyratum","t0055385","Plantae","Magnoliopsida",NA,NA,"NLC"
"Solidago decurrens","t0055397","Plantae","Magnoliopsida",NA,NA,"NLC"
"Spathoglottis plicata","t0055414","Plantae","Magnoliopsida",NA,NA,"NCR"
"Spermacoce pusilla","t0055423","Plantae","Magnoliopsida",NA,NA,"NLC"
"Spermacoce verticillata","t0055424","Plantae","Magnoliopsida",NA,NA,"NLC"
"Spinifex littoreus","t0055430","Plantae","Magnoliopsida",NA,NA,"NLC"
"Spiraea formosana","t0055432","Plantae","Magnoliopsida",NA,NA,"NLC"
"Spiraea tarokoensis","t0055435","Plantae","Magnoliopsida",NA,NA,"NVU"
"Spiranthes nivea","t0055437","Plantae","Magnoliopsida",NA,NA,"NNT"
"Sporobolus hancei","t0055443","Plantae","Magnoliopsida",NA,NA,"NVU"
"Stauntonia obovatifoliola","t0055452","Plantae","Magnoliopsida",NA,NA,"NLC"
"Nubelaria arisanensis","t0055456","Plantae","Magnoliopsida",NA,NA,"NLC"
"Stellaria media","t0055457","Plantae","Magnoliopsida",NA,NA,"NLC"
"Stemona tuberosa","t0055459","Plantae","Magnoliopsida",NA,NA,"NLC"
"Stereosandra javanica","t0055465","Plantae","Magnoliopsida",NA,NA,"NEN"
"Stimpsonia chamaedryoides","t0055468","Plantae","Magnoliopsida",NA,NA,"NEN"
"Strobilanthes lanyuensis","t0055473","Plantae","Magnoliopsida",NA,NA,"NEN"
"Strobilanthes rankanensis","t0055474","Plantae","Magnoliopsida",NA,NA,"NLC"
"Strobilanthes wallichii","t0055475","Plantae","Magnoliopsida",NA,NA,"NLC"
"Suzukia shikikunensis","t0055485","Plantae","Magnoliopsida",NA,NA,"NLC"
"Swertia arisanensis","t0055486","Plantae","Magnoliopsida",NA,NA,"NVU"
"Swertia shintenensis","t0055488","Plantae","Magnoliopsida",NA,NA,"NNT"
"Swertia tozanensis","t0055489","Plantae","Magnoliopsida",NA,NA,"NVU"
"Symplocos arisanensis","t0055494","Plantae","Magnoliopsida",NA,NA,"NLC"
"Symplocos caudata","t0055495","Plantae","Magnoliopsida",NA,NA,"NLC"
"Symplocos congesta","t0055496","Plantae","Magnoliopsida",NA,NA,"NLC"
"Symplocos eriostroma","t0055498","Plantae","Magnoliopsida",NA,NA,"NLC"
"Symplocos konishii","t0055502","Plantae","Magnoliopsida",NA,NA,"NLC"
"Symplocos koshunensis","t0055503","Plantae","Magnoliopsida",NA,NA,"NEN"
"Symplocos migoi","t0055504","Plantae","Magnoliopsida",NA,NA,"NLC"
"Symplocos macrostroma","t0055505","Plantae","Magnoliopsida",NA,NA,"DD"
"Symplocos modesta","t0055507","Plantae","Magnoliopsida",NA,NA,"NLC"
"Symplocos morrisonicola","t0055508","Plantae","Magnoliopsida",NA,NA,"NLC"
"Symplocos nokoensis","t0055509","Plantae","Magnoliopsida",NA,NA,"NVU"
"Symplocos sasakii","t0055510","Plantae","Magnoliopsida",NA,NA,"NVU"
"Syzygium euphlebium","t0055524","Plantae","Magnoliopsida",NA,NA,"DD"
"Syzygium formosanum","t0055525","Plantae","Magnoliopsida",NA,NA,"NLC"
"Syzygium taiwanicum","t0055532","Plantae","Magnoliopsida",NA,NA,"NVU"
"Tabernaemontana subglobosa","t0055536","Plantae","Magnoliopsida",NA,NA,"NNT"
"Taeniophyllum complanatum","t0055538","Plantae","Magnoliopsida",NA,NA,"NNT"
"Taeniophyllum taiwanense","t0055540","Plantae","Magnoliopsida",NA,NA,"DD"
"Tainia hualienia","t0055546","Plantae","Magnoliopsida",NA,NA,"DD"
"Ania penangiana","t0055548","Plantae","Magnoliopsida",NA,NA,"NNT"
"Taraxacum formosanum","t0055553","Plantae","Magnoliopsida",NA,NA,"NEN"
"Taxillus tsaii","t0055558","Plantae","Magnoliopsida",NA,NA,"NLC"
"Telosma pallida","t0055563","Plantae","Magnoliopsida",NA,NA,"NCR"
"Tephrosia obovata","t0055568","Plantae","Magnoliopsida",NA,NA,"NLC"
"Tetrastigma alatum","t0055573","Plantae","Magnoliopsida",NA,NA,"NLC"
"Tetrastigma formosanum","t0055574","Plantae","Magnoliopsida",NA,NA,"NLC"
"Teucrium taiwanianum","t0055576","Plantae","Magnoliopsida",NA,NA,"NVU"
"Teucrium viscidum","t0055577","Plantae","Magnoliopsida",NA,NA,"NLC"
"Thalictrum urbaini urbaini","t0055580","Plantae","Magnoliopsida",NA,NA,"NLC"
"Thalictrum myriophyllum","t0055581","Plantae","Magnoliopsida",NA,NA,"NVU"
"Thalictrum rubescens","t0055583","Plantae","Magnoliopsida",NA,NA,"NVU"
"Thalictrum urbaini","t0055585","Plantae","Magnoliopsida",NA,NA,"NLC"
"Mnesithea laevis cochinchinensis","t0055586","Plantae","Magnoliopsida",NA,NA,"NLC"
"Thelasis pygmaea","t0055587","Plantae","Magnoliopsida",NA,NA,"NEN"
"Thesium chinense","t0055590","Plantae","Magnoliopsida",NA,NA,"NVU"
"Thismia huangii","t0055591","Plantae","Magnoliopsida",NA,NA,"NNT"
"Thladiantha nudiflora","t0055593","Plantae","Magnoliopsida",NA,NA,"NLC"
"Thrixspermum fantasticum","t0055598","Plantae","Magnoliopsida",NA,NA,"NNT"
"Thrixspermum formosanum","t0055599","Plantae","Magnoliopsida",NA,NA,"NLC"
"Thrixspermum pygmaeum","t0055600","Plantae","Magnoliopsida",NA,NA,"NNT"
"Thrixspermum merguense","t0055601","Plantae","Magnoliopsida",NA,NA,"NEN"
"Thrixspermum pensile","t0055602","Plantae","Magnoliopsida",NA,NA,"NVU"
"Thyrocarpus sampsonii","t0055610","Plantae","Magnoliopsida",NA,NA,"NLC"
"Thysanolaena latifolia","t0055612","Plantae","Magnoliopsida",NA,NA,"NLC"
"Thysanotus chinensis","t0055613","Plantae","Magnoliopsida",NA,NA,"NCR"
"Tiarella polyphylla","t0055614","Plantae","Magnoliopsida",NA,NA,"NVU"
"Tipularia cunninghamii","t0055617","Plantae","Magnoliopsida",NA,NA,"NNT"
"Titanotrichum oldhamii","t0055619","Plantae","Magnoliopsida",NA,NA,"NLC"
"Toddalia asiatica","t0055620","Plantae","Magnoliopsida",NA,NA,"NLC"
"Torenia benthamiana","t0055621","Plantae","Magnoliopsida",NA,NA,"NVU"
"Torenia concolor","t0055622","Plantae","Magnoliopsida",NA,NA,"NLC"
"Torenia flava","t0055623","Plantae","Magnoliopsida",NA,NA,"NLC"
"Torilis scabra","t0055626","Plantae","Magnoliopsida",NA,NA,"NLC"
"Trachelospermum jasminoides","t0055629","Plantae","Magnoliopsida",NA,NA,"NLC"
"Trachelospermum lanyuense","t0055631","Plantae","Magnoliopsida",NA,NA,"NLC"
"Trachelospermum gracilipes","t0055632","Plantae","Magnoliopsida",NA,NA,"NLC"
"Trapa natans bispinosa","t0055638","Plantae","Magnoliopsida",NA,NA,"DD"
"Trapa natans japonica","t0055639","Plantae","Magnoliopsida",NA,NA,"DD"
"Trichodesma calycosum","t0055646","Plantae","Magnoliopsida",NA,NA,"NLC"
"Trichoglottis rosea","t0055647","Plantae","Magnoliopsida",NA,NA,"NNT"
"Trichosanthes homophylla","t0055650","Plantae","Magnoliopsida",NA,NA,"NLC"
"Trichosanthes laceribractea","t0055652","Plantae","Magnoliopsida",NA,NA,"NLC"
"Tricyrtis ravenii","t0055655","Plantae","Magnoliopsida",NA,NA,"NLC"
"Trigonotis formosana","t0055663","Plantae","Magnoliopsida",NA,NA,"NLC"
"Triplostegia glandulifera","t0055668","Plantae","Magnoliopsida",NA,NA,"NLC"
"Tripterospermum cordifolium","t0055672","Plantae","Magnoliopsida",NA,NA,"NVU"
"Tripterospermum hualienense","t0055673","Plantae","Magnoliopsida",NA,NA,"NVU"
"Tripterospermum microphyllum","t0055674","Plantae","Magnoliopsida",NA,NA,"NNT"
"Triumfetta rhomboidea","t0055680","Plantae","Magnoliopsida",NA,NA,"NLC"
"Triumfetta pilosa","t0055681","Plantae","Magnoliopsida",NA,NA,"NLC"
"Triumfetta tomentosa","t0055683","Plantae","Magnoliopsida",NA,NA,"NLC"
"Tropidia angulosa","t0055687","Plantae","Magnoliopsida",NA,NA,"NLC"
"Tropidia nipponica","t0055688","Plantae","Magnoliopsida",NA,NA,"NLC"
"Tropidia curculigoides","t0055689","Plantae","Magnoliopsida",NA,NA,"NLC"
"Tropidia namasiae","t0055690","Plantae","Magnoliopsida",NA,NA,"NCR"
"Tropidia formosana","t0055691","Plantae","Magnoliopsida",NA,NA,"NVU"
"Tsuga chinensis formosana","t0055692","Plantae","Pinopsida",NA,NA,"NLC"
"Tuberolabium kotoense","t0055693","Plantae","Magnoliopsida",NA,NA,"NVU"
"Staphylea formosana","t0055696","Plantae","Magnoliopsida",NA,NA,"NLC"
"Staphylea ovalifolia","t0055697","Plantae","Magnoliopsida",NA,NA,"NNT"
"Staphylea ternata","t0055698","Plantae","Magnoliopsida",NA,NA,"NLC"
"Uraria crinita","t0055706","Plantae","Magnoliopsida",NA,NA,"NLC"
"Uraria lagopodioides","t0055707","Plantae","Magnoliopsida",NA,NA,"NLC"
"Uraria neglecta","t0055708","Plantae","Magnoliopsida",NA,NA,"NEN"
"Urochloa glumaris","t0055712","Plantae","Magnoliopsida",NA,NA,"NNT"
"Utricularia caerulea","t0055718","Plantae","Magnoliopsida",NA,NA,"NCR"
"Valeriana flaccidissima","t0055735","Plantae","Magnoliopsida",NA,NA,"NLC"
"Dichrocephala integrifolia","t0057214","Plantae","Magnoliopsida",NA,NA,"NLC"
"Didymoplexis pallens pallens","t0057245","Plantae","Magnoliopsida",NA,NA,"NLC"
"Crepidium ophrydis","t0057246","Plantae","Magnoliopsida",NA,NA,"NLC"
"Dioscorea esculenta","t0057249","Plantae","Magnoliopsida",NA,NA,"NLC"
"Dioscorea esculenta spinosa","t0057250","Plantae","Magnoliopsida",NA,NA,"NLC"
"Dioscorea japonica japonica","t0057251","Plantae","Magnoliopsida",NA,NA,"NLC"
"Diospyros blancoi","t0057252","Plantae","Magnoliopsida",NA,NA,"NNT"
"Diplazium donianum aphanoneuron","t0057256","Plantae","Polypodiopsida",NA,NA,"NLC"
"Diplazium donianum donianum","t0057257","Plantae","Polypodiopsida",NA,NA,"NLC"
"Diplazium kawakamii kawakamii","t0057260","Plantae","Polypodiopsida",NA,NA,"NLC"
"Diplazium virescens conterminum","t0057261","Plantae","Polypodiopsida",NA,NA,"NLC"
"Diplazium virescens taiwanense","t0057262","Plantae","Polypodiopsida",NA,NA,"NLC"
"Distimake quinatus","t0057279","Plantae","Magnoliopsida",NA,NA,"DD"
"Dracaena angustifolia","t0057287","Plantae","Magnoliopsida",NA,NA,"NVU"
"Dryopteris decipiens diplazioides","t0057290","Plantae","Polypodiopsida",NA,NA,"NVU"
"Dryopteris wallichiana pachyphylla","t0057292","Plantae","Polypodiopsida",NA,NA,"NLC"
"Duchesnea chrysantha","t0057296","Plantae","Magnoliopsida",NA,NA,"NLC"
"Dysolobium pilosum","t0057300","Plantae","Magnoliopsida",NA,NA,"NNT"
"Elatostema cyrtandrifolium","t0057311","Plantae","Magnoliopsida",NA,NA,"NLC"
"Elatostema trilobulatum","t0057313","Plantae","Magnoliopsida",NA,NA,"NLC"
"Epipactis ohwii","t0057330","Plantae","Magnoliopsida",NA,NA,"NLC"
"Erythrodes aggregata","t0057335","Plantae","Magnoliopsida",NA,NA,"DD"
"Eupatorium shimadai","t0057345","Plantae","Magnoliopsida",NA,NA,"NLC"
"Euphorbia makinoi","t0057351","Plantae","Magnoliopsida",NA,NA,"NLC"
"Fimbristylis aestivalis esquarrosa","t0057374","Plantae","Magnoliopsida",NA,NA,"NLC"
"Fimbristylis littoralis littoralis","t0057378","Plantae","Magnoliopsida",NA,NA,"NLC"
"Fimbristylis tainanensis","t0057379","Plantae","Magnoliopsida",NA,NA,"NLC"
"Fimbristylis tristachya subbispicata","t0057381","Plantae","Magnoliopsida",NA,NA,"NLC"
"Galactia tenuiflora tenuiflora","t0057443","Plantae","Magnoliopsida",NA,NA,"NLC"
"Galium gracilens","t0057446","Plantae","Magnoliopsida",NA,NA,"NLC"
"Uncaria rhynchophylla","t0057465","Plantae","Magnoliopsida",NA,NA,"NVU"
"Urceola micrantha","t0057467","Plantae","Magnoliopsida",NA,NA,"NLC"
"Vaccinium japonicum lasiostemon","t0057471","Plantae","Magnoliopsida",NA,NA,"NLC"
"Vaccinium wrightii formosanum","t0057472","Plantae","Magnoliopsida",NA,NA,"DD"
"Veratrum shuehshanarum","t0057476","Plantae","Magnoliopsida",NA,NA,"DD"
"Vernonia cinerea cinerea","t0057477","Plantae","Magnoliopsida",NA,NA,"NLC"
"Viburnum arboricolum","t0057482","Plantae","Magnoliopsida",NA,NA,"NLC"
"Viola inconspicua nagasakiensis","t0057491","Plantae","Magnoliopsida",NA,NA,"NLC"
"Vitis thunbergii thunbergii","t0057493","Plantae","Magnoliopsida",NA,NA,"NNT"
"Whytockia sasakii","t0057501","Plantae","Magnoliopsida",NA,NA,"NLC"
"Wollastonia dentata","t0057507","Plantae","Magnoliopsida",NA,NA,"NLC"
"Xenostegia tridentata","t0057510","Plantae","Magnoliopsida",NA,NA,"NLC"
"Zanthoxylum ailanthoides ailanthoides","t0057513","Plantae","Magnoliopsida",NA,NA,"NLC"
"Zeuxine strateumatica strateumatica","t0057517","Plantae","Magnoliopsida",NA,NA,"NLC"
"Gastrodia nipponica","t0057924","Plantae","Magnoliopsida",NA,NA,"NNT"
"Gentiana davidii formosana","t0057932","Plantae","Magnoliopsida",NA,NA,"NLC"
"Gentiana scabrida scabrida","t0057933","Plantae","Magnoliopsida",NA,NA,"NLC"
"Gerbera anandria","t0057935","Plantae","Magnoliopsida",NA,NA,"NCR"
"Glehnia littoralis","t0057936","Plantae","Magnoliopsida",NA,NA,"NLC"
"Glochidion puberum","t0057939","Plantae","Magnoliopsida",NA,NA,"NVU"
"Glochidion zeylanicum lanceolatum","t0057942","Plantae","Magnoliopsida",NA,NA,"NLC"
"Gnaphalium luteoalbum affine","t0057950","Plantae","Magnoliopsida",NA,NA,"NLC"
"Goniophlebium amoenum arisanense","t0057958","Plantae","Polypodiopsida",NA,NA,"NLC"
"Goodyera seikoomontana","t0057960","Plantae","Magnoliopsida",NA,NA,"NLC"
"Hayata tabiyahanensis","t0057986","Plantae","Magnoliopsida",NA,NA,"NNT"
"Hedera rhombea formosana","t0057987","Plantae","Magnoliopsida",NA,NA,"NLC"
"Helicteres augustifolia","t0057993","Plantae","Magnoliopsida",NA,NA,"NLC"
"Helonias umbellata","t0057997","Plantae","Magnoliopsida",NA,NA,"NLC"
"Heteropolygonatum altelobatum","t0058007","Plantae","Magnoliopsida",NA,NA,"NLC"
"Holcoglossum pumilum","t0058013","Plantae","Magnoliopsida",NA,NA,"NLC"
"Huperzia javanica","t0058031","Plantae","Lycopodiopsida",NA,NA,"DD"
"Hybanthus enneaspermus","t0058033","Plantae","Magnoliopsida",NA,NA,"NNT"
"Hydrangea densifolia","t0058034","Plantae","Magnoliopsida",NA,NA,"NLC"
"Hydrangea fauriei","t0058035","Plantae","Magnoliopsida",NA,NA,"NLC"
"Hydrangea viburnoides","t0058036","Plantae","Magnoliopsida",NA,NA,"NLC"
"Hylodesmum laterale","t0058041","Plantae","Magnoliopsida",NA,NA,"NLC"
"Hylotelephium subcapitatum","t0058044","Plantae","Magnoliopsida",NA,NA,"NLC"
"Hypericum geminiflorum geminiflorum","t0058050","Plantae","Magnoliopsida",NA,NA,"NLC"
"Hypericum geminiflorum simplicistylum","t0058051","Plantae","Magnoliopsida",NA,NA,"NLC"
"Hypericum nakamurai","t0058052","Plantae","Magnoliopsida",NA,NA,"NVU"
"Hypodematium shingii","t0058063","Plantae","Polypodiopsida",NA,NA,"NLC"
"Ichnanthus pallens major","t0058068","Plantae","Magnoliopsida",NA,NA,"NLC"
"Indocypraea montana","t0058073","Plantae","Magnoliopsida",NA,NA,"DD"
"Ipomoea pes-tigridis","t0058076","Plantae","Magnoliopsida",NA,NA,"NLC"
"Ischaemum akoense","t0058079","Plantae","Magnoliopsida",NA,NA,"DD"
"Ixeris chinensis","t0058092","Plantae","Magnoliopsida",NA,NA,"NLC"
"Jacquemontia paniculata","t0058095","Plantae","Magnoliopsida",NA,NA,"NLC"
"Jasminanthes mucronata","t0058101","Plantae","Magnoliopsida",NA,NA,"NVU"
"Jasminum lanceolarium","t0058102","Plantae","Magnoliopsida",NA,NA,"NLC"
"Justicia quadrifaria","t0058104","Plantae","Magnoliopsida",NA,NA,"NVU"
"Pterocypsela formosana","t0058113","Plantae","Magnoliopsida",NA,NA,"NLC"
"Lapsanastrum takasei","t0058118","Plantae","Magnoliopsida",NA,NA,"NLC"
"Lasianthus biflorus","t0058119","Plantae","Magnoliopsida",NA,NA,"NLC"
"Lasianthus japonicus japonicus","t0058123","Plantae","Magnoliopsida",NA,NA,"NLC"
"Lasianthus obliquinervis taitoensis","t0058124","Plantae","Magnoliopsida",NA,NA,"NLC"
"Lecanorchis multiflora bihuensis","t0058130","Plantae","Magnoliopsida",NA,NA,"DD"
"Lecanorchis multiflora subpelorica","t0058131","Plantae","Magnoliopsida",NA,NA,"DD"
"Lecanthus peduncularis","t0058133","Plantae","Magnoliopsida",NA,NA,"NLC"
"Legazpia polygonoides","t0058134","Plantae","Magnoliopsida",NA,NA,"NVU"
"Leptatherum boreale","t0058139","Plantae","Magnoliopsida",NA,NA,"NLC"
"Lilium callosum flaviflorum","t0058169","Plantae","Magnoliopsida",NA,NA,"DD"
"Lindera aggregata aggregata","t0058173","Plantae","Magnoliopsida",NA,NA,"NLC"
"Liodendron formosanum","t0058175","Plantae","Magnoliopsida",NA,NA,"NNT"
"Erianthus formosanus","t0058177","Plantae","Magnoliopsida",NA,NA,"NNT"
"Sageretia thea taiwaniana","t0058178","Plantae","Magnoliopsida",NA,NA,"NLC"
"Salix fulvopubescens fulvopubescens","t0058182","Plantae","Magnoliopsida",NA,NA,"NLC"
"Sanguisorba officinalis longifolia","t0058184","Plantae","Magnoliopsida",NA,NA,"NCR"
"Saurauia oldhamii","t0058200","Plantae","Magnoliopsida",NA,NA,"NLC"
"Saussurea deltoidea","t0058201","Plantae","Magnoliopsida",NA,NA,"NLC"
"Schima superba superba","t0058211","Plantae","Magnoliopsida",NA,NA,"NLC"
"Schoenoplectiella mucronata robusta","t0058220","Plantae","Magnoliopsida",NA,NA,"NLC"
"Barnardia japonica","t0058224","Plantae","Magnoliopsida",NA,NA,"NVU"
"Scleromitrion brachypodum","t0058226","Plantae","Magnoliopsida",NA,NA,"NLC"
"Scleromitrion pinifolium","t0058228","Plantae","Magnoliopsida",NA,NA,"DD"
"Scleromitrion verticillatum","t0058229","Plantae","Magnoliopsida",NA,NA,"NNT"
"Scutellaria playfairii","t0058234","Plantae","Magnoliopsida",NA,NA,"NVU"
"Senecio scandens incisus","t0058243","Plantae","Magnoliopsida",NA,NA,"NLC"
"Senecio scandens scandens","t0058244","Plantae","Magnoliopsida",NA,NA,"NLC"
"Cassia sophera","t0058250","Plantae","Magnoliopsida",NA,NA,"NVU"
"Silene fissipetala fissipetala","t0058255","Plantae","Magnoliopsida",NA,NA,"NLC"
"Sinomenium acutum","t0058259","Plantae","Magnoliopsida",NA,NA,"NEN"
"Smilax seisuiensis","t0058264","Plantae","Magnoliopsida",NA,NA,"NLC"
"Sorbus randaiensis","t0058271","Plantae","Magnoliopsida",NA,NA,"NLC"
"Stigmatodactylus shikokianus","t0058303","Plantae","Magnoliopsida",NA,NA,"NVU"
"Strobilanthes cusia","t0058304","Plantae","Magnoliopsida",NA,NA,"NLC"
"Styloglossum actinomorphum","t0058307","Plantae","Magnoliopsida",NA,NA,"DD"
"Calanthe lyroglossa","t0058310","Plantae","Magnoliopsida",NA,NA,"NLC"
"Styrax faberi","t0058312","Plantae","Magnoliopsida",NA,NA,"NVU"
"Swertia macrosperma","t0058314","Plantae","Magnoliopsida",NA,NA,"NLC"
"Symplocos cochinchinensis philippinensis","t0058320","Plantae","Magnoliopsida",NA,NA,"NLC"
"Syneilesis hayatae","t0058327","Plantae","Magnoliopsida",NA,NA,"NCR"
"Syneilesis subglabrata","t0058328","Plantae","Magnoliopsida",NA,NA,"NNT"
"Sauropus bacciformis","t0058329","Plantae","Magnoliopsida",NA,NA,"NLC"
"Tadehagi triquetrum pseudotriquetrum","t0058341","Plantae","Magnoliopsida",NA,NA,"NLC"
"Tarenna gracilipes","t0058343","Plantae","Magnoliopsida",NA,NA,"NLC"
"Taxillus theifer","t0058345","Plantae","Magnoliopsida",NA,NA,"DD"
"Teramnus labialis","t0058358","Plantae","Magnoliopsida",NA,NA,"NLC"
"Tetradium glabrifolium","t0058360","Plantae","Magnoliopsida",NA,NA,"NLC"
"Trema tomentosa","t0058432","Plantae","Magnoliopsida",NA,NA,"NLC"
"Triadenum breviflorum","t0058435","Plantae","Magnoliopsida",NA,NA,"DD"
"Tricyrtis lasiocarpa ovatifolia","t0058449","Plantae","Magnoliopsida",NA,NA,"NLC"
"Tricyrtis formosana","t0058450","Plantae","Magnoliopsida",NA,NA,"NLC"
"Trigonotis elevatovenosa","t0058452","Plantae","Magnoliopsida",NA,NA,"NLC"
"Tripterospermum lanceolatum","t0058453","Plantae","Magnoliopsida",NA,NA,"NLC"
"Tripterospermum luzonense","t0058454","Plantae","Magnoliopsida",NA,NA,"NLC"
"Liparis caespitosa","t0058456","Plantae","Magnoliopsida",NA,NA,"NEN"
"Litsea akoensis sasakii","t0058465","Plantae","Magnoliopsida",NA,NA,"NNT"
"Litsea elongata mushaensis","t0058466","Plantae","Magnoliopsida",NA,NA,"NLC"
"Livistona chinensis subglobosa","t0058468","Plantae","Magnoliopsida",NA,NA,"NVU"
"Lycianthes lysimachioides","t0058474","Plantae","Magnoliopsida",NA,NA,"NLC"
"Lycoris aurea","t0058475","Plantae","Magnoliopsida",NA,NA,"NEN"
"Lyonia ovalifolia lanceolata","t0058476","Plantae","Magnoliopsida",NA,NA,"DD"
"Machilus obovatifolia obovatifolia","t0058483","Plantae","Magnoliopsida",NA,NA,"NLC"
"Machilus japonica japonica","t0058484","Plantae","Magnoliopsida",NA,NA,"NLC"
"Magnolia compressa lanyuensis","t0058497","Plantae","Magnoliopsida",NA,NA,"NLC"
"Mallotus paniculatus paniculatus","t0058501","Plantae","Magnoliopsida",NA,NA,"NLC"
"Melissa axillaris","t0058519","Plantae","Magnoliopsida",NA,NA,"NLC"
"Merremia hirta","t0058521","Plantae","Magnoliopsida",NA,NA,"NVU"
"Microstegium glabratum","t0058545","Plantae","Magnoliopsida",NA,NA,"NLC"
"Microstegium spectabile","t0058546","Plantae","Magnoliopsida",NA,NA,"NLC"
"Mikania cordata","t0058549","Plantae","Magnoliopsida",NA,NA,"NLC"
"Mitrastemon yamamotoi yamamotoi","t0058552","Plantae","Magnoliopsida",NA,NA,"NVU"
"Mukia maderaspatana","t0058579","Plantae","Magnoliopsida",NA,NA,"NLC"
"Murraya paniculata","t0058583","Plantae","Magnoliopsida",NA,NA,"NLC"
"Mussaenda pubescens","t0058585","Plantae","Magnoliopsida",NA,NA,"NLC"
"Myoporum bontioides","t0058586","Plantae","Magnoliopsida",NA,NA,"NEN"
"Neanotis formosana","t0058603","Plantae","Magnoliopsida",NA,NA,"NLC"
"Neanotis hirsuta","t0058604","Plantae","Magnoliopsida",NA,NA,"NLC"
"Nemosenecio formosanus","t0058612","Plantae","Magnoliopsida",NA,NA,"NVU"
"Neolitsea sericea sericea","t0058619","Plantae","Magnoliopsida",NA,NA,"NLC"
"Notoseris formosana","t0058635","Plantae","Magnoliopsida",NA,NA,"NLC"
"Oberonioides pusillus","t0058636","Plantae","Magnoliopsida",NA,NA,"NVU"
"Odontochilus inabai","t0058641","Plantae","Magnoliopsida",NA,NA,"NLC"
"Odontochilus integrus","t0058642","Plantae","Magnoliopsida",NA,NA,"NVU"
"Oreogrammitis congener","t0058661","Plantae","Polypodiopsida",NA,NA,"NLC"
"Osmorhiza aristata","t0058669","Plantae","Magnoliopsida",NA,NA,"NLC"
"Osteomeles anthyllidifolia subrotunda","t0058670","Plantae","Magnoliopsida",NA,NA,"NCR"
"Calanthe woodfordii","t0058689","Plantae","Magnoliopsida",NA,NA,"NLC"
"Calanthe takeoi","t0058690","Plantae","Magnoliopsida",NA,NA,"NEN"
"Paraphlomis javanica","t0058692","Plantae","Magnoliopsida",NA,NA,"NLC"
"Paraprenanthes sororia","t0058693","Plantae","Magnoliopsida",NA,NA,"NLC"
"Paris lancifolia","t0058696","Plantae","Magnoliopsida",NA,NA,"NLC"
"Patrinia villosa","t0058701","Plantae","Magnoliopsida",NA,NA,"NLC"
"Peliosanthes kaoi","t0058711","Plantae","Magnoliopsida",NA,NA,"NLC"
"Peristrophe japonica","t0058717","Plantae","Magnoliopsida",NA,NA,"NLC"
"Peristylus lacertifer","t0058718","Plantae","Magnoliopsida",NA,NA,"NNT"
"Carex cruciata argocarpus","t0058725","Plantae","Magnoliopsida",NA,NA,"NLC"
"Carex finitima attenuata","t0058726","Plantae","Magnoliopsida",NA,NA,"NLC"
"Carex ligulata glabriutriculata","t0058728","Plantae","Magnoliopsida",NA,NA,"NLC"
"Carex rochebrunei","t0058729","Plantae","Magnoliopsida",NA,NA,"NLC"
"Carex satzumensis","t0058730","Plantae","Magnoliopsida",NA,NA,"NLC"
"Ehretia microphylla","t0058733","Plantae","Magnoliopsida",NA,NA,"NLC"
"Calanthe dolichopoda","t0058747","Plantae","Magnoliopsida",NA,NA,"NLC"
"Chamaecrista garambiensis","t0058768","Plantae","Magnoliopsida",NA,NA,"NVU"
"Chamaecrista nomame","t0058770","Plantae","Magnoliopsida",NA,NA,"DD"
"Cheirostylis liukiuensis derchiensis","t0058780","Plantae","Magnoliopsida",NA,NA,"DD"
"Chiloschista segawae","t0058782","Plantae","Magnoliopsida",NA,NA,"NNT"
"Chrysosplenium japonicum","t0058807","Plantae","Magnoliopsida",NA,NA,"NVU"
"Chrysosplenium lanuginosum formosanum","t0058808","Plantae","Magnoliopsida",NA,NA,"NLC"
"Cissus assamica","t0058812","Plantae","Magnoliopsida",NA,NA,"NNT"
"Clematis chinensis chinensis","t0058830","Plantae","Magnoliopsida",NA,NA,"NLC"
"Clematis uncinata okinawensis","t0058832","Plantae","Magnoliopsida",NA,NA,"NCR"
"Clematis uncinata uncinata","t0058833","Plantae","Magnoliopsida",NA,NA,"NLC"
"Clerodendrum japonicum japonicum","t0058834","Plantae","Magnoliopsida",NA,NA,"NLC"
"Clinopodium gracile","t0058836","Plantae","Magnoliopsida",NA,NA,"NLC"
"Codonacanthus pauciflorus","t0058846","Plantae","Magnoliopsida",NA,NA,"NLC"
"Collinsonia macrobracteata","t0058850","Plantae","Magnoliopsida",NA,NA,"NVU"
"Conyza aegyptiaca","t0058856","Plantae","Magnoliopsida",NA,NA,"NEN"
"Conyza leucantha","t0058857","Plantae","Magnoliopsida",NA,NA,"NNT"
"Corydalis pallida sparsimamma","t0058865","Plantae","Magnoliopsida",NA,NA,"NLC"
"Crepidium bancanoides","t0058874","Plantae","Magnoliopsida",NA,NA,"NLC"
"Crepidium purpureum","t0058876","Plantae","Magnoliopsida",NA,NA,"NVU"
"Cymbidium formosanum","t0058902","Plantae","Magnoliopsida",NA,NA,"NLC"
"Cyperus sesquiflorus cylindricus","t0058911","Plantae","Magnoliopsida",NA,NA,"NLC"
"Cypripedium taiwanalpinum","t0058914","Plantae","Magnoliopsida",NA,NA,"NEN"
"Cyrtomium falcatum","t0058916","Plantae","Polypodiopsida",NA,NA,"NLC"
"Cyrtosia taiwanica","t0058917","Plantae","Magnoliopsida",NA,NA,"NEN"
"Dendrobium nobile formosanum","t0058930","Plantae","Magnoliopsida",NA,NA,"DD"
"Dendrocnide kotoensis","t0058932","Plantae","Magnoliopsida",NA,NA,"NNT"
"Dendrolobium triangulare","t0058934","Plantae","Magnoliopsida",NA,NA,"NLC"
"Deparia petersenii petersenii","t0058938","Plantae","Polypodiopsida",NA,NA,"NLC"
"Pleurolobus gangeticus","t0058943","Plantae","Magnoliopsida",NA,NA,"NLC"
"Persicaria chinensis","t0058947","Plantae","Magnoliopsida",NA,NA,"NLC"
"Persicaria erectominor trigonocarpa","t0058949","Plantae","Magnoliopsida",NA,NA,"NLC"
"Persicaria foliosa","t0058950","Plantae","Magnoliopsida",NA,NA,"DD"
"Persicaria japonica","t0058954","Plantae","Magnoliopsida",NA,NA,"NNT"
"Persicaria kawagoeana","t0058955","Plantae","Magnoliopsida",NA,NA,"NLC"
"Persicaria scabra","t0058956","Plantae","Magnoliopsida",NA,NA,"NLC"
"Persicaria lanata","t0058957","Plantae","Magnoliopsida",NA,NA,"NLC"
"Persicaria orientalis","t0058961","Plantae","Magnoliopsida",NA,NA,"NLC"
"Polygonum pilushanense","t0058963","Plantae","Magnoliopsida",NA,NA,"NLC"
"Persicaria senticosa","t0058970","Plantae","Magnoliopsida",NA,NA,"NLC"
"Persicaria viscosa","t0058972","Plantae","Magnoliopsida",NA,NA,"NVU"
"Calanthe tankervilleae","t0058978","Plantae","Magnoliopsida",NA,NA,"NNT"
"Photinia serratifolia ardisiifolia","t0058989","Plantae","Magnoliopsida",NA,NA,"NLC"
"Pilea angulata","t0059003","Plantae","Magnoliopsida",NA,NA,"NLC"
"Pilea aquarum brevicornuta","t0059004","Plantae","Magnoliopsida",NA,NA,"NLC"
"Pilea matsudae","t0059005","Plantae","Magnoliopsida",NA,NA,"NLC"
"Pilea plataniflora","t0059006","Plantae","Magnoliopsida",NA,NA,"NLC"
"Pilea somae","t0059008","Plantae","Magnoliopsida",NA,NA,"NLC"
"Pollia miranda","t0059071","Plantae","Magnoliopsida",NA,NA,"NLC"
"Polygonatum odoratum pluriflorum","t0059074","Plantae","Magnoliopsida",NA,NA,"NLC"
"Pomatocalpa acuminatum","t0059086","Plantae","Magnoliopsida",NA,NA,"NNT"
"Ponerorchis takasago-montana","t0059087","Plantae","Magnoliopsida",NA,NA,"NVU"
"Photinia beauverdiana","t0059094","Plantae","Magnoliopsida",NA,NA,"NLC"
"Photinia beauverdiana notabilis","t0059095","Plantae","Magnoliopsida",NA,NA,"NLC"
"Photinia chingshuiensis","t0059096","Plantae","Magnoliopsida",NA,NA,"DD"
"Photinia parvifolia","t0059097","Plantae","Magnoliopsida",NA,NA,"NLC"
"Prunus takasagomontana","t0059105","Plantae","Magnoliopsida",NA,NA,"NLC"
"Crepidium ramosii","t0059113","Plantae","Magnoliopsida",NA,NA,"NVU"
"Pseudosasa usawai","t0059116","Plantae","Magnoliopsida",NA,NA,"NLC"
"Pteridium aquilinum wightianum","t0059120","Plantae","Polypodiopsida",NA,NA,"NLC"
"Pteris minor","t0059122","Plantae","Polypodiopsida",NA,NA,"NLC"
"Pteris excelsa","t0059123","Plantae","Polypodiopsida",NA,NA,"NLC"
"Pueraria montana lobata","t0059136","Plantae","Magnoliopsida",NA,NA,"NLC"
"Pyrola albo-reticulata","t0059141","Plantae","Magnoliopsida",NA,NA,"NLC"
"Pyrola morrisonensis","t0059142","Plantae","Magnoliopsida",NA,NA,"NLC"
"Quercus glandulifera brevipetiolata","t0059148","Plantae","Magnoliopsida",NA,NA,"NEN"
"Quercus glauca glauca","t0059149","Plantae","Magnoliopsida",NA,NA,"NLC"
"Quercus globosa","t0059150","Plantae","Magnoliopsida",NA,NA,"NLC"
"Quercus longinux kuoi","t0059151","Plantae","Magnoliopsida",NA,NA,"DD"
"Quercus longinux longinux","t0059152","Plantae","Magnoliopsida",NA,NA,"NLC"
"Quercus repandifolia","t0059153","Plantae","Magnoliopsida",NA,NA,"NVU"
"Randia sinensis","t0059167","Plantae","Magnoliopsida",NA,NA,"NLC"
"Rhamnus kanagusuki","t0059174","Plantae","Magnoliopsida",NA,NA,"NLC"
"Rhaphiolepis indica umbellata","t0059175","Plantae","Magnoliopsida",NA,NA,"NNT"
"Rhynchosia minima nuda","t0059189","Plantae","Magnoliopsida",NA,NA,"NLC"
"Rhynchotechum discolor","t0059192","Plantae","Magnoliopsida",NA,NA,"NLC"
"Rohdea fargesii watanabei","t0059195","Plantae","Magnoliopsida",NA,NA,"NVU"
"Rorippa globosa","t0059198","Plantae","Magnoliopsida",NA,NA,"NNT"
"Rosa bracteata scabricaulis","t0059199","Plantae","Magnoliopsida",NA,NA,"DD"
"Rosa sericea morrisonensis","t0059200","Plantae","Magnoliopsida",NA,NA,"NLC"
"Rubia akane erecta","t0059202","Plantae","Magnoliopsida",NA,NA,"NLC"
"Rubus nagasawanus arachnoideus","t0059205","Plantae","Magnoliopsida",NA,NA,"NVU"
"Rubus parvifolius","t0059207","Plantae","Magnoliopsida",NA,NA,"NLC"
"Rubus parvifolius parvifolius","t0059208","Plantae","Magnoliopsida",NA,NA,"NLC"
"Rubus pyrifolius","t0059210","Plantae","Magnoliopsida",NA,NA,"NLC"
"Rubus swinhoei swinhoei","t0059211","Plantae","Magnoliopsida",NA,NA,"NLC"
"Acanthophippium pictum","t0060785","Plantae","Magnoliopsida",NA,NA,"NEN"
"Aconitum fukutomei","t0060798","Plantae","Magnoliopsida",NA,NA,"NNT"
"Adenophora morrisonensis","t0060828","Plantae","Magnoliopsida",NA,NA,"NLC"
"Adinandra formosana","t0060830","Plantae","Magnoliopsida",NA,NA,"NLC"
"Akebia trifoliata","t0060889","Plantae","Magnoliopsida",NA,NA,"NNT"
"Allophylus timoriensis","t0060905","Plantae","Magnoliopsida",NA,NA,"NLC"
"Ampelopsis brevipedunculata","t0060933","Plantae","Magnoliopsida",NA,NA,"NLC"
"Amphicarpaea bracteata","t0060935","Plantae","Magnoliopsida",NA,NA,"NLC"
"Angelica morrisonicola","t0060968","Plantae","Magnoliopsida",NA,NA,"NLC"
"Anoectochilus semiresupinata","t0060981","Plantae","Magnoliopsida",NA,NA,"NLC"
"Anthoxanthum horsfieldii","t0060986","Plantae","Magnoliopsida",NA,NA,"NNT"
"Antidesma hiiranense","t0060996","Plantae","Magnoliopsida",NA,NA,"NNT"
"Appendicula lucbanensis","t0061007","Plantae","Magnoliopsida",NA,NA,"NCR"
"Ardisia miaoliensis","t0061028","Plantae","Magnoliopsida",NA,NA,"NLC"
"Isotrema yujungianum","t0061043","Plantae","Magnoliopsida",NA,NA,"NCR"
"Artemisia somai","t0061052","Plantae","Magnoliopsida",NA,NA,"NLC"
"Arthrostylidium naibunensis","t0061056","Plantae","Magnoliopsida",NA,NA,"DD"
"Aspidistra attenuata","t0061063","Plantae","Magnoliopsida",NA,NA,"NLC"
"Aster shimadai","t0061066","Plantae","Magnoliopsida",NA,NA,"NVU"
"Aster takasagomontanus","t0061068","Plantae","Magnoliopsida",NA,NA,"NNT"
"Athyrium oppositipennum","t0061080","Plantae","Polypodiopsida",NA,NA,"NLC"
"Styloglossum pseudodensiflorum","t0069485","Plantae","Magnoliopsida",NA,NA,"DD"
"Symplocos chinensis","t0069497","Plantae","Magnoliopsida",NA,NA,"NLC"
"Taxillus limprichtii","t0069534","Plantae","Magnoliopsida",NA,NA,"NVU"
"Taxillus lonicerifolius","t0069535","Plantae","Magnoliopsida",NA,NA,"NLC"
"Tetrastigma umbellatum","t0069600","Plantae","Magnoliopsida",NA,NA,"NLC"
"Trapa natans complana","t0069662","Plantae","Magnoliopsida",NA,NA,"DD"
"Tripterospermum lilungshanensis","t0069694","Plantae","Magnoliopsida",NA,NA,"NCR"
"Veronicastrum kitamurae","t0069779","Plantae","Magnoliopsida",NA,NA,"NEN"
"Viburnum integrifolium","t0069783","Plantae","Magnoliopsida",NA,NA,"NLC"
"Vigna minima","t0069787","Plantae","Magnoliopsida",NA,NA,"NLC"
"Vigna vexillata","t0069788","Plantae","Magnoliopsida",NA,NA,"NLC"
"Viola nagasawai","t0069792","Plantae","Magnoliopsida",NA,NA,"NLC"
"Wollastonia biflora","t0069822","Plantae","Magnoliopsida",NA,NA,"NLC"
"Youngia japonica","t0069832","Plantae","Magnoliopsida",NA,NA,"NLC"
"Zeuxine flava pingtungensis","t0069849","Plantae","Magnoliopsida",NA,NA,"DD"
"Zingiber shuanglongense","t0069852","Plantae","Magnoliopsida",NA,NA,"NLC"
"Boerhavia hualienensis","t0072874","Plantae","Magnoliopsida",NA,NA,"NLC"
"Breynia officinalis","t0072912","Plantae","Magnoliopsida",NA,NA,"NLC"
"Bulbophyllum flaviflorum","t0072941","Plantae","Magnoliopsida",NA,NA,"NLC"
"Bulbophyllum setaceum","t0072943","Plantae","Magnoliopsida",NA,NA,"NNT"
"Buxus liukiuensis","t0072950","Plantae","Magnoliopsida",NA,NA,"NNT"
"Callicarpa formosana","t0072975","Plantae","Magnoliopsida",NA,NA,"NLC"
"Carex cruciata","t0073043","Plantae","Magnoliopsida",NA,NA,"NLC"
"Carex taiwanensis","t0073045","Plantae","Magnoliopsida",NA,NA,"NLC"
"Castanopsis fabri","t0073065","Plantae","Magnoliopsida",NA,NA,"NLC"
"Cerastium fontanum","t0073129","Plantae","Magnoliopsida",NA,NA,"NLC"
"Cerastium morrisonense","t0073130","Plantae","Magnoliopsida",NA,NA,"DD"
"Chaerophyllum taiwanianum","t0073144","Plantae","Magnoliopsida",NA,NA,"NVU"
"Chenopodium acuminatum","t0073189","Plantae","Magnoliopsida",NA,NA,"NLC"
"Chrysosplenium lanuginosum","t0073241","Plantae","Magnoliopsida",NA,NA,"NLC"
"Circaea alpina","t0073254","Plantae","Magnoliopsida",NA,NA,"NLC"
"Citrus tachibana","t0073270","Plantae","Magnoliopsida",NA,NA,"DD"
"Clematis chinensis","t0073293","Plantae","Magnoliopsida",NA,NA,"NLC"
"Cocculus orbiculatus","t0073343","Plantae","Magnoliopsida",NA,NA,"NLC"
"Coriaria japonica","t0073454","Plantae","Magnoliopsida",NA,NA,"NLC"
"Cotoneaster chingshuiensis","t0073531","Plantae","Magnoliopsida",NA,NA,"NCR"
"Crepidium roohutuensis","t0073543","Plantae","Magnoliopsida",NA,NA,"NLC"
"Daphne kiusiana","t0073626","Plantae","Magnoliopsida",NA,NA,"NLC"
"Deinostema violaceum","t0073633","Plantae","Magnoliopsida",NA,NA,"DD"
"Dendrobium nobile","t0073644","Plantae","Magnoliopsida",NA,NA,"DD"
"Dianthus superbus","t0073662","Plantae","Magnoliopsida",NA,NA,"NLC"
"Digitaria sericea","t0073704","Plantae","Magnoliopsida",NA,NA,"NLC"
"Dioscorea japonica","t0073709","Plantae","Magnoliopsida",NA,NA,"NLC"
"Diplazium kawakamii","t0073717","Plantae","Polypodiopsida",NA,NA,"NLC"
"Dregea volubilis","t0073748","Plantae","Magnoliopsida",NA,NA,"NLC"
"Dryopteris decipiens","t0073760","Plantae","Polypodiopsida",NA,NA,"NVU"
"Dryopteris huangshanensis","t0073762","Plantae","Polypodiopsida",NA,NA,"DD"
"Elaeocarpus sphaericus","t0073815","Plantae","Magnoliopsida",NA,NA,"NNT"
"Elatostema hirtellipedunculatum","t0073819","Plantae","Magnoliopsida",NA,NA,"NLC"
"Elymus formosanus","t0073826","Plantae","Magnoliopsida",NA,NA,"NLC"
"Embelia laeta","t0073828","Plantae","Magnoliopsida",NA,NA,"NLC"
"Enkianthus perulatus","t0073831","Plantae","Magnoliopsida",NA,NA,"NVU"
"Epipactis helleborine","t0073846","Plantae","Magnoliopsida",NA,NA,"NNT"
"Epipogium kentingensis","t0073849","Plantae","Magnoliopsida",NA,NA,"DD"
"Epipogium taiwanense","t0073851","Plantae","Magnoliopsida",NA,NA,"NNT"
"Goodyera viridiflora hengchunensis","t0073909","Plantae","Magnoliopsida",NA,NA,"NVU"
"Eupatorium chinense","t0073920","Plantae","Magnoliopsida",NA,NA,"NLC"
"Eupatorium clematideum","t0073921","Plantae","Magnoliopsida",NA,NA,"NLC"
"Eupatorium kiirunense","t0073922","Plantae","Magnoliopsida",NA,NA,"NLC"
"Euphorbia jolkini","t0073924","Plantae","Magnoliopsida",NA,NA,"NVU"
"Euphrasia transmorrisonensis","t0073931","Plantae","Magnoliopsida",NA,NA,"NLC"
"Fimbristylis aestivalis","t0073965","Plantae","Magnoliopsida",NA,NA,"NLC"
"Gastrodia leucochila","t0074091","Plantae","Magnoliopsida",NA,NA,"DD"
"Gentiana davidii","t0074098","Plantae","Magnoliopsida",NA,NA,"NLC"
"Gentiana scabrida","t0074102","Plantae","Magnoliopsida",NA,NA,"NLC"
"Geranium nepalense","t0074104","Plantae","Magnoliopsida",NA,NA,"NLC"
"Glechoma hederacea","t0074111","Plantae","Magnoliopsida",NA,NA,"NLC"
"Glochidion kusukusense","t0074114","Plantae","Magnoliopsida",NA,NA,"NLC"
"Glochidion ovalifolium","t0074115","Plantae","Magnoliopsida",NA,NA,"NNT"
"Gnaphalium hypoleucum","t0074134","Plantae","Magnoliopsida",NA,NA,"NLC"
"Gnaphalium luteoalbum","t0074136","Plantae","Magnoliopsida",NA,NA,"NLC"
"Gymnema sylvestre","t0074187","Plantae","Magnoliopsida",NA,NA,"NLC"
"Gynura divaricata","t0074199","Plantae","Magnoliopsida",NA,NA,"NLC"
"Haloragis micrantha","t0074215","Plantae","Magnoliopsida",NA,NA,"NLC"
"Hedera rhombea","t0074246","Plantae","Magnoliopsida",NA,NA,"NLC"
"Hemigraphis primulifolia","t0074260","Plantae","Magnoliopsida",NA,NA,"NVU"
"Hoya carnosa","t0074317","Plantae","Magnoliopsida",NA,NA,"NLC"
"Koenigia delicatula","t0074465","Plantae","Magnoliopsida",NA,NA,"NNT"
"Lasianthus obliquinervis","t0074486","Plantae","Magnoliopsida",NA,NA,"NLC"
"Lecanorchis multiflora","t0074505","Plantae","Magnoliopsida",NA,NA,"NEN"
"Lecanorchis suginoana","t0074506","Plantae","Magnoliopsida",NA,NA,"NNT"
"Lilium longiflorum","t0074590","Plantae","Magnoliopsida",NA,NA,"DD"
"Loranthus kaoi","t0074644","Plantae","Magnoliopsida",NA,NA,"NNT"
"Mitrastemon kanehirai","t0074828","Plantae","Magnoliopsida",NA,NA,"NEN"
"Mitrastemon yamamotoi","t0074829","Plantae","Magnoliopsida",NA,NA,"NVU"
"Mucuna gigantea","t0074852","Plantae","Magnoliopsida",NA,NA,"NCR"
"Mussaenda parviflora formosana","t0074868","Plantae","Magnoliopsida",NA,NA,"NLC"
"Neottia atayalica","t0074915","Plantae","Magnoliopsida",NA,NA,"NLC"
"Neottia shenlengiana","t0074919","Plantae","Magnoliopsida",NA,NA,"NNT"
"Nervilia hungii","t0074930","Plantae","Magnoliopsida",NA,NA,"NCR"
"Nervilia purpureotincta","t0074931","Plantae","Magnoliopsida",NA,NA,"NNT"
"Odontochilus yakushimensis","t0074979","Plantae","Magnoliopsida",NA,NA,"NLC"
"Papilionanthe pseudotaiwaniana","t0075113","Plantae","Magnoliopsida",NA,NA,"DD"
"Paraboea swinhoii","t0075117","Plantae","Magnoliopsida",NA,NA,"NLC"
"Persicaria longiseta","t0075193","Plantae","Magnoliopsida",NA,NA,"NLC"
"Pieris taiwanensis","t0075281","Plantae","Magnoliopsida",NA,NA,"NLC"
"Pilea aquarum","t0075282","Plantae","Magnoliopsida",NA,NA,"NLC"
"Pilea elliptifolia","t0075283","Plantae","Magnoliopsida",NA,NA,"NVU"
"Pilea peploides","t0075286","Plantae","Magnoliopsida",NA,NA,"NLC"
"Piper interruptum","t0075324","Plantae","Magnoliopsida",NA,NA,"DD"
"Pittosporum daphniphylloides","t0075338","Plantae","Magnoliopsida",NA,NA,"NLC"
"Pittosporum tobira","t0075339","Plantae","Magnoliopsida",NA,NA,"NLC"
"Plantago macronipponica","t0075396","Plantae","Magnoliopsida",NA,NA,"NLC"
"Platostoma hispidum","t0075398","Plantae","Magnoliopsida",NA,NA,"NCR"
"Poikilospermum acuminata","t0075435","Plantae","Magnoliopsida",NA,NA,"NEN"
"Polygonatum odoratum","t0075441","Plantae","Magnoliopsida",NA,NA,"NLC"
"Premna hengchunensis","t0075482","Plantae","Magnoliopsida",NA,NA,"NNT"
"Pteris grevilleana","t0075518","Plantae","Polypodiopsida",NA,NA,"NLC"
"Rhynchoglossum obliquum","t0075656","Plantae","Magnoliopsida",NA,NA,"NLC"
"Rosa luciae","t0075693","Plantae","Magnoliopsida",NA,NA,"DD"
"Rosa sericea","t0075696","Plantae","Magnoliopsida",NA,NA,"NLC"
"Rubia akane","t0075700","Plantae","Magnoliopsida",NA,NA,"NLC"
"Salix okamotoana","t0075725","Plantae","Magnoliopsida",NA,NA,"NEN"
"Salvia nipponica","t0075728","Plantae","Magnoliopsida",NA,NA,"NLC"
"Schoenus nitens","t0075838","Plantae","Magnoliopsida",NA,NA,"DD"
"Selaginella helvetica","t0075868","Plantae","Lycopodiopsida",NA,NA,"NNT"
"Senecio nemorensis","t0075887","Plantae","Magnoliopsida",NA,NA,"NLC"
"Shortia rotundifolia","t0075901","Plantae","Magnoliopsida",NA,NA,"NNT"
"Silene fissipetala","t0075909","Plantae","Magnoliopsida",NA,NA,"NLC"
"Skimmia japonica","t0075921","Plantae","Magnoliopsida",NA,NA,"DD"
"Smilax bracteata","t0075922","Plantae","Magnoliopsida",NA,NA,"NLC"
"Spiraea prunifolia","t0075959","Plantae","Magnoliopsida",NA,NA,"NLC"
"Spiraea tatakaensis","t0075960","Plantae","Magnoliopsida",NA,NA,"NVU"
"Stachys arvensis","t0075974","Plantae","Magnoliopsida",NA,NA,"NLC"
"Stellaria vestita","t0076021","Plantae","Magnoliopsida",NA,NA,"NLC"
"Strobilanthes penstemonoides","t0076044","Plantae","Magnoliopsida",NA,NA,"NLC"
"Ardisia cornudentata cornudentata","t0084578","Plantae","Magnoliopsida",NA,NA,"NLC"
"Chenopodium acuminatum virgatum","t0084589","Plantae","Magnoliopsida",NA,NA,"NLC"
"Circaea alpina imaicola","t0084590","Plantae","Magnoliopsida",NA,NA,"NLC"
"Cordia aspera kanehirae","t0084591","Plantae","Magnoliopsida",NA,NA,"NEN"
"Daphniphyllum glaucescens oldhamii","t0084594","Plantae","Magnoliopsida",NA,NA,"NLC"
"Dumasia villosa bicolor","t0084596","Plantae","Magnoliopsida",NA,NA,"NLC"
"Glycine max formosana","t0084597","Plantae","Magnoliopsida",NA,NA,"NVU"
"Ludwigia epilobioides greatrexii","t0084601","Plantae","Magnoliopsida",NA,NA,"NLC"
"Melilotus suaveolens","t0084605","Plantae","Magnoliopsida",NA,NA,"NLC"
"Mucuna gigantea tashiroi","t0084608","Plantae","Magnoliopsida",NA,NA,"NCR"
"Oxalis griffithii taimonii","t0084612","Plantae","Magnoliopsida",NA,NA,"NVU"
"Picris hieracioides morrisonensis","t0084613","Plantae","Magnoliopsida",NA,NA,"NLC"
"Picris hieracioides ohwiana","t0084614","Plantae","Magnoliopsida",NA,NA,"NLC"
"Rubus pseudoacer flexuosus","t0084623","Plantae","Magnoliopsida",NA,NA,"DD"
"Selaginella doederleinii trachyphylla","t0084628","Plantae","Lycopodiopsida",NA,NA,"DD"
"Sida rhombifolia insularis","t0084631","Plantae","Magnoliopsida",NA,NA,"NLC"
"Youngia japonica formosana","t0084635","Plantae","Magnoliopsida",NA,NA,"NLC"
"Arabidopsis lyrata kamchatica","t0085089","Plantae","Magnoliopsida",NA,NA,"NLC"
"Arisaema thunbergii autumnale","t0085090","Plantae","Magnoliopsida",NA,NA,"NNT"
"Cornus kousa chinensis","t0085095","Plantae","Magnoliopsida",NA,NA,"DD"
"Lotus corniculatus japonicus","t0085099","Plantae","Magnoliopsida",NA,NA,"NLC"
"Phalaenopsis formosana","t0085100","Plantae","Magnoliopsida",NA,NA,"NCR"
"Platanthera formosana","t0085102","Plantae","Magnoliopsida",NA,NA,"NNT"
"Maesa perlaria formosana","t0086524","Plantae","Magnoliopsida",NA,NA,"NLC"
"Magnolia compressa formosana","t0086525","Plantae","Magnoliopsida",NA,NA,"NLC"
"Oberonia insularis rotundum","t0086527","Plantae","Magnoliopsida",NA,NA,"DD"
"Oreogrammitis congener congener","t0086529","Plantae","Polypodiopsida",NA,NA,"NLC"
"Pteris terminalis fauriei","t0086536","Plantae","Polypodiopsida",NA,NA,"NLC"
"Gentiana flavomaculata flavomaculata","t0086538","Plantae","Magnoliopsida",NA,NA,"NLC"
"Lecanorchis nigricans yakushimensis","t0086545","Plantae","Magnoliopsida",NA,NA,"NNT"
"Lilium longiflorum scabrum","t0086546","Plantae","Magnoliopsida",NA,NA,"DD"
"Styrax japonicus kotoensis","t0086549","Plantae","Magnoliopsida",NA,NA,"NVU"
"Thalictrum urbaini majus","t0086553","Plantae","Magnoliopsida",NA,NA,"NVU"
"Themeda caudata matsudai","t0086554","Plantae","Magnoliopsida",NA,NA,"NCR"
"Viola nagasawai nagasawai","t0086556","Plantae","Magnoliopsida",NA,NA,"NLC"
"Wollastonia biflora ryukyuensis","t0086557","Plantae","Magnoliopsida",NA,NA,"NLC"
"Grona heterocarpa heterocarpa strigosa","t0086563","Plantae","Magnoliopsida",NA,NA,"NLC"
"Isoetes taiwanensis taiwanensis","t0086564","Plantae","Lycopodiopsida",NA,NA,"NCR"
"Ceratopteris gaudichaudii vulgaris","t0086567","Plantae","Polypodiopsida",NA,NA,"NLC"
"Pteris dimorpha dimorpha","t0086568","Plantae","Polypodiopsida",NA,NA,"NLC"
"Arachniodes amabilis fimbriata","t0086571","Plantae","Polypodiopsida",NA,NA,"NLC"
"Oreogrammitis congener polytricha","t0086572","Plantae","Polypodiopsida",NA,NA,"NEN"
"Asplenium wilfordii densum","t0086573","Plantae","Polypodiopsida",NA,NA,"NLC"
"Athyrium decurrentialatum pilosellum","t0086574","Plantae","Polypodiopsida",NA,NA,"NLC"
"Athyrium iseanum angustisectum","t0086576","Plantae","Polypodiopsida",NA,NA,"NLC"
"Diplazium donianum lobatum","t0086577","Plantae","Polypodiopsida",NA,NA,"NNT"
"Diplazium esculentum pubescens","t0086578","Plantae","Polypodiopsida",NA,NA,"NLC"
"Abutilon indicum guineense","t0086585","Plantae","Magnoliopsida",NA,NA,"NLC"
"Aconitum fukutomei formosanum","t0086592","Plantae","Magnoliopsida",NA,NA,"NVU"
"Aconitum fukutomei fukutomei","t0086593","Plantae","Magnoliopsida",NA,NA,"NNT"
"Adinandra formosana obtusissima","t0086601","Plantae","Magnoliopsida",NA,NA,"DD"
"Allium bakeri morrisonense","t0086604","Plantae","Magnoliopsida",NA,NA,"DD"
"Alopecurus aequalis amurensis","t0086607","Plantae","Magnoliopsida",NA,NA,"NLC"
"Alysicarpus vaginalis taiwanensis","t0086608","Plantae","Magnoliopsida",NA,NA,"DD"
"Ampelopsis brevipedunculata hancei","t0086610","Plantae","Magnoliopsida",NA,NA,"NLC"
"Ampelopsis cantoniensis cantoniensis","t0086611","Plantae","Magnoliopsida",NA,NA,"NLC"
"Amphicarpaea bracteata edgeworthii japonica","t0086613","Plantae","Magnoliopsida",NA,NA,"NLC"
"Anemone vitifolia matsudae","t0086616","Plantae","Magnoliopsida",NA,NA,"NLC"
"Antidesma japonicum densiflorum","t0086625","Plantae","Magnoliopsida",NA,NA,"NLC"
"Artemisia somai batakensis","t0086629","Plantae","Magnoliopsida",NA,NA,"NNT"
"Aucuba chinensis fongfangshanensis","t0086636","Plantae","Magnoliopsida",NA,NA,"NLC"
"Boehmeria nivea tenacissima","t0086646","Plantae","Magnoliopsida",NA,NA,"NLC"
"Bulbophyllum setaceum pilusiense","t0086659","Plantae","Magnoliopsida",NA,NA,"NNT"
"Callicarpa formosana longifolia","t0086663","Plantae","Magnoliopsida",NA,NA,"NVU"
"Callitriche palustris oryzetorum","t0086664","Plantae","Magnoliopsida",NA,NA,"DD"
"Cassia sophera penghuana","t0086669","Plantae","Magnoliopsida",NA,NA,"NVU"
"Centaurium pulchellum altaicum","t0086672","Plantae","Magnoliopsida",NA,NA,"NVU"
"Camphora officinarum nominale","t0086685","Plantae","Magnoliopsida",NA,NA,"NLC"
"Cissampelos pareira hirsuta","t0086686","Plantae","Magnoliopsida",NA,NA,"NCR"
"Clematis henryi morii","t0086692","Plantae","Magnoliopsida",NA,NA,"NNT"
"Clerodendrum japonicum album","t0086694","Plantae","Magnoliopsida",NA,NA,"NNT"
"Cleyera japonica morii","t0086698","Plantae","Magnoliopsida",NA,NA,"NLC"
"Cnidium monnieri formosanum","t0086719","Plantae","Magnoliopsida",NA,NA,"NLC"
"Corchorus aestuans aestuans","t0086728","Plantae","Magnoliopsida",NA,NA,"NLC"
"Corchorus aestuans brevicaulis","t0086729","Plantae","Magnoliopsida",NA,NA,"NLC"
"Cymbopogon tortilis goeringii","t0086764","Plantae","Magnoliopsida",NA,NA,"NLC"
"Daphne kiusiana atrocaulis","t0086766","Plantae","Magnoliopsida",NA,NA,"NLC"
"Dendranthema lavandulifolium tomentellum","t0086767","Plantae","Magnoliopsida",NA,NA,"NEN"
"Eleocharis dulcis dulcis","t0086790","Plantae","Magnoliopsida",NA,NA,"NLC"
"Emilia sonchifolia javanica","t0086791","Plantae","Magnoliopsida",NA,NA,"NLC"
"Erigeron morrisonensis fukuyamae","t0086793","Plantae","Magnoliopsida",NA,NA,"NLC"
"Erigeron morrisonensis morrisonensis","t0086794","Plantae","Magnoliopsida",NA,NA,"NLC"
"Eupatorium chinense tozanense","t0086804","Plantae","Magnoliopsida",NA,NA,"NLC"
"Euphrasia transmorrisonensis durietziana","t0086806","Plantae","Magnoliopsida",NA,NA,"NNT"
"Eurya nitida nitida","t0086808","Plantae","Magnoliopsida",NA,NA,"NNT"
"Evolvulus alsinoides decumbens","t0086809","Plantae","Magnoliopsida",NA,NA,"NLC"
"Farfugium japonicum formosanum","t0086810","Plantae","Magnoliopsida",NA,NA,"NLC"
"Ficus pumila pumila","t0086814","Plantae","Magnoliopsida",NA,NA,"NLC"
"Galium spurium vaillantii","t0086827","Plantae","Magnoliopsida",NA,NA,"NLC"
"Glechoma hederacea grandis","t0086831","Plantae","Magnoliopsida",NA,NA,"NLC"
"Glycosmis parviflora erythrocarpa","t0086832","Plantae","Magnoliopsida",NA,NA,"NLC"
"Gnaphalium hypoleucum amoyense","t0086834","Plantae","Magnoliopsida",NA,NA,"NLC"
"Gnaphalium involucratum ramosum","t0086836","Plantae","Magnoliopsida",NA,NA,"NLC"
"Gnaphalium involucratum simplex","t0086837","Plantae","Magnoliopsida",NA,NA,"NLC"
"Goodyera similis albonervosa","t0086843","Plantae","Magnoliopsida",NA,NA,"DD"
"Ischaemum aristatum aristatum","t0086858","Plantae","Magnoliopsida",NA,NA,"NLC"
"Ischaemum aristatum momiyamai","t0086860","Plantae","Magnoliopsida",NA,NA,"DD"
"Ischaemum barbatum gibbum","t0086861","Plantae","Magnoliopsida",NA,NA,"NLC"
"Lasianthus obliquinervis simizui","t0086876","Plantae","Magnoliopsida",NA,NA,"NEN"
"Liriope minor angustissima","t0086886","Plantae","Magnoliopsida",NA,NA,"NLC"
"Litsea akoensis akoensis","t0086887","Plantae","Magnoliopsida",NA,NA,"NLC"
"Litsea lii lii","t0086888","Plantae","Magnoliopsida",NA,NA,"NLC"
"Litsea lii nunkao-tahangensis","t0086889","Plantae","Magnoliopsida",NA,NA,"NLC"
"Lysionotus pauciflorus pauciflorus","t0086892","Plantae","Magnoliopsida",NA,NA,"NLC"
"Machilus obovatifolia taiwuensis","t0086893","Plantae","Magnoliopsida",NA,NA,"NLC"
"Millettia pulchra microphylla","t0086899","Plantae","Magnoliopsida",NA,NA,"NCR"
"Murraya omphalocarpa","t0086901","Plantae","Magnoliopsida",NA,NA,"NNT"
"Pilea peploides major","t0086947","Plantae","Magnoliopsida",NA,NA,"NLC"
"Pilea peploides peploides","t0086948","Plantae","Magnoliopsida",NA,NA,"NLC"
"Piper interruptum multinervum","t0086950","Plantae","Magnoliopsida",NA,NA,"DD"
"Pittosporum illicioides angustifolium","t0086951","Plantae","Magnoliopsida",NA,NA,"NVU"
"Pteris grevilleana grevilleana","t0086963","Plantae","Polypodiopsida",NA,NA,"NLC"
"Quercus longinux lativiolacifolia","t0086968","Plantae","Magnoliopsida",NA,NA,"DD"
"Rhododendron ovatum lamprophyllum","t0086971","Plantae","Magnoliopsida",NA,NA,"NNT"
"Rhododendron rubropilosum taiwanalpinum","t0086974","Plantae","Magnoliopsida",NA,NA,"NLC"
"Rhus chinensis roxburghii","t0086975","Plantae","Magnoliopsida",NA,NA,"NLC"
"Rhus succedanea succedanea","t0086976","Plantae","Magnoliopsida",NA,NA,"NLC"
"Rosa bracteata bracteata","t0086980","Plantae","Magnoliopsida",NA,NA,"NVU"
"Rubia akane akane","t0086985","Plantae","Magnoliopsida",NA,NA,"NLC"
"Rubus lambertianus lambertianus","t0086986","Plantae","Magnoliopsida",NA,NA,"NLC"
"Salix fulvopubescens tagawana","t0086988","Plantae","Magnoliopsida",NA,NA,"NLC"
"Salix taiwanalpina takasagoalpina","t0086991","Plantae","Magnoliopsida",NA,NA,"NLC"
"Salvia nipponica formosana","t0086993","Plantae","Magnoliopsida",NA,NA,"NLC"
"Senecio nemorensis dentatus","t0087039","Plantae","Magnoliopsida",NA,NA,"NLC"
"Shortia rotundifolia ritoensis","t0087040","Plantae","Magnoliopsida",NA,NA,"DD"
"Shortia rotundifolia subcordata","t0087041","Plantae","Magnoliopsida",NA,NA,"DD"
"Shortia rotundifolia transalpina","t0087042","Plantae","Magnoliopsida",NA,NA,"NNT"
"Silene fissipetala kiruniinsularis","t0087044","Plantae","Magnoliopsida",NA,NA,"NEN"
"Stephania japonica hispidula","t0087062","Plantae","Magnoliopsida",NA,NA,"NLC"
"Styrax hayataianus","t0087064","Plantae","Magnoliopsida",NA,NA,"DD"
"Taxillus limprichtii longiflorus","t0087068","Plantae","Magnoliopsida",NA,NA,"NVU"
"Veronicastrum axillare simadai","t0087102","Plantae","Magnoliopsida",NA,NA,"NVU"
"Viburnum luzonicum morrisonense","t0087103","Plantae","Magnoliopsida",NA,NA,"NLC"
"Viburnum luzonicum oblongum","t0087104","Plantae","Magnoliopsida",NA,NA,"NLC"
"Viola adenothrix adenothrix","t0087107","Plantae","Magnoliopsida",NA,NA,"NLC"
"Viola adenothrix tsugitakaensis","t0087108","Plantae","Magnoliopsida",NA,NA,"NLC"
"Viola nagasawai pricei","t0087110","Plantae","Magnoliopsida",NA,NA,"NLC"
"Wollastonia biflora biflora","t0087113","Plantae","Magnoliopsida",NA,NA,"NLC"
"Yoania amagiensis squamipes","t0087114","Plantae","Magnoliopsida",NA,NA,"NCR"
"Viola obtusa tsuifengensis","t0087347","Plantae","Magnoliopsida",NA,NA,"NVU"
"Arisaema taiwanense brevipedunculatum","t0087351","Plantae","Magnoliopsida",NA,NA,"NVU"
"Blumea riparia megacephala","t0087352","Plantae","Magnoliopsida",NA,NA,"NLC"
"Bulbophyllum hirundinis calvum","t0087355","Plantae","Magnoliopsida",NA,NA,"DD"
"Buxus microphylla sinica tarokoensis","t0087357","Plantae","Magnoliopsida",NA,NA,"NVU"
"Callicarpa japonica luxurians","t0087359","Plantae","Magnoliopsida",NA,NA,"NLC"
"Carex gentilis nakaharae","t0087360","Plantae","Magnoliopsida",NA,NA,"DD"
"Carex mitrata aristata","t0087361","Plantae","Magnoliopsida",NA,NA,"DD"
"Clematis chinensis tatushanensis","t0087366","Plantae","Magnoliopsida",NA,NA,"NNT"
"Clematis tashiroi huangii","t0087367","Plantae","Magnoliopsida",NA,NA,"NVU"
"Dioscorea japonica oldhamii","t0087368","Plantae","Magnoliopsida",NA,NA,"NLC"
"Elaeocarpus decipiens changii","t0087369","Plantae","Magnoliopsida",NA,NA,"NVU"
"Elatostema lineolatum majus","t0087370","Plantae","Magnoliopsida",NA,NA,"NLC"
"Eurya nanjenshanensis","t0087371","Plantae","Magnoliopsida",NA,NA,"NNT"
"Ficus microcarpa fuyuensis","t0087372","Plantae","Magnoliopsida",NA,NA,"DD"
"Ficus microcarpa oluangpiensis","t0087373","Plantae","Magnoliopsida",NA,NA,"DD"
"Ficus microcarpa pusillifolia","t0087374","Plantae","Magnoliopsida",NA,NA,"DD"
"Gentiana flavomaculata yuanyanghuensis","t0087375","Plantae","Magnoliopsida",NA,NA,"NLC"
"Litsea akoensis chitouchiaoensis","t0087381","Plantae","Magnoliopsida",NA,NA,"NLC"
"Musa itinerans chiumei","t0087385","Plantae","Magnoliopsida",NA,NA,"NCR"
"Prunella vulgaris asiatica nanhutashanensis","t0087388","Plantae","Magnoliopsida",NA,NA,"NVU"
"Rhamnus chingshuiensis tashanensis","t0087389","Plantae","Magnoliopsida",NA,NA,"NLC"
"Syzygium densinervium","t0087394","Plantae","Magnoliopsida",NA,NA,"NNT"
"Thalictrum javanicum puberulum","t0087396","Plantae","Magnoliopsida",NA,NA,"DD"
"Pteris grevilleana ornata","t0087608","Plantae","Polypodiopsida",NA,NA,"NVU"
"Asplenium normale scythiforme","t0087627","Plantae","Polypodiopsida",NA,NA,"NLC"
"Cheirostylis octodactyla cymbiformes","t0087632","Plantae","Magnoliopsida",NA,NA,"NLC"
"Neolitsea buisanensis buisanensis","t0087656","Plantae","Magnoliopsida",NA,NA,"NLC"
"Scabiosa lacerifolia leucantha","t0087661","Plantae","Magnoliopsida",NA,NA,"NLC"
"Stauntonia obovata obovata","t0087667","Plantae","Magnoliopsida",NA,NA,"NLC"
"Chrinephrium insulare","t0095924","Plantae","Polypodiopsida",NA,NA,"DD"
"Arabis alpina","t0099359","Plantae","Magnoliopsida",NA,NA,"NLC"
"Ardisia cornudentata morrisonensis stenosepala","t0099363","Plantae","Magnoliopsida",NA,NA,"NLC"
"Arisaema thunbergii","t0099367","Plantae","Magnoliopsida",NA,NA,"NNT"
"Blumea riparia","t0099418","Plantae","Magnoliopsida",NA,NA,"NLC"
"Bulbophyllum electrinum","t0099462","Plantae","Magnoliopsida",NA,NA,"DD"
"Leptopetalum strigulosum","t0099490","Plantae","Magnoliopsida",NA,NA,"NLC"
"Elatostema lineolatum","t0099569","Plantae","Magnoliopsida",NA,NA,"NLC"
"Excoecaria formosana","t0099628","Plantae","Magnoliopsida",NA,NA,"NLC"
"Ficus aurantiacea","t0099640","Plantae","Magnoliopsida",NA,NA,"NLC"
"Helwingia japonica","t0100277","Plantae","Magnoliopsida",NA,NA,"NLC"
"Lilium speciosum","t0100387","Plantae","Magnoliopsida",NA,NA,"NCR"
"Skimmia japonica distincte-venulosa orthoclada","t0100438","Plantae","Magnoliopsida",NA,NA,"DD"
"Lotus corniculatus","t0100551","Plantae","Magnoliopsida",NA,NA,"NLC"
"Deparia petersenii","t0100553","Plantae","Polypodiopsida",NA,NA,"NLC"
"Carex gentilis","t0100695","Plantae","Magnoliopsida",NA,NA,"DD"
"Carex mitrata","t0100701","Plantae","Magnoliopsida",NA,NA,"DD"
"Clematis gouriana","t0100757","Plantae","Magnoliopsida",NA,NA,"NLC"
"Philoxerus wrightii","t0100830","Plantae","Magnoliopsida",NA,NA,"NVU"
"Raphanus raphanistrum","t0100936","Plantae","Magnoliopsida",NA,NA,"NLC"
"Rubus parviaraliifolius","t0100962","Plantae","Magnoliopsida",NA,NA,"NLC"
"Oxalis griffithii formosana","t0101126","Plantae","Magnoliopsida",NA,NA,"NLC"
"Pueraria montana montana","t0101141","Plantae","Magnoliopsida",NA,NA,"NLC"
"Cassytha filiformis duripraticola","t0101149","Plantae","Magnoliopsida",NA,NA,"NLC"
"Ficus fistulosa fistulosa","t0101160","Plantae","Magnoliopsida",NA,NA,"NLC"
"Ficus formosana formosana","t0101161","Plantae","Magnoliopsida",NA,NA,"NLC"
"Ficus tannoensis tannoensis","t0101162","Plantae","Magnoliopsida",NA,NA,"NLC"
"Crepidomanes minutum minutum","t0101196","Plantae","Polypodiopsida",NA,NA,"NLC"
"Pteris fauriei fauriei","t0101197","Plantae","Polypodiopsida",NA,NA,"NLC"
"Dryopteris decipiens decipiens","t0101199","Plantae","Polypodiopsida",NA,NA,"NVU"
"Asplenium wilfordii wilfordii","t0101200","Plantae","Polypodiopsida",NA,NA,"NLC"
"Diplazium virescens virescens","t0101201","Plantae","Polypodiopsida",NA,NA,"NLC"
"Asplenium normale normale","t0101204","Plantae","Polypodiopsida",NA,NA,"NLC"
"Rubus nagasawanus","t0101464","Plantae","Magnoliopsida",NA,NA,"NVU"
"Arundinella pubescens","t0101568","Plantae","Magnoliopsida",NA,NA,"NLC"
"Mazus delavayi","t0101582","Plantae","Magnoliopsida",NA,NA,"NLC"
"Entada koshunensis","t0101620","Plantae","Magnoliopsida",NA,NA,"NEN"
"Dicranopteris linearis montana","t0101879","Plantae","Polypodiopsida",NA,NA,"NLC"
"Aspidistra longkiauensis","t0102012","Plantae","Magnoliopsida",NA,NA,"NLC"
"Glycosmis citrifolia","t0102044","Plantae","Magnoliopsida",NA,NA,"NLC"
"Lasianthus appressihirtus appressihirtus","t0102046","Plantae","Magnoliopsida",NA,NA,"NLC"
"Peristylus calcaratus","t0102048","Plantae","Magnoliopsida",NA,NA,"NLC"
"Rubus fraxinifoliolus","t0102051","Plantae","Magnoliopsida",NA,NA,"NLC"
"Rubus alnifoliolatus","t0102052","Plantae","Magnoliopsida",NA,NA,"NLC"
"Rubus lanyuensis","t0102053","Plantae","Magnoliopsida",NA,NA,"NNT"
"Acorus gramineus gramineus","t0102073","Plantae","Magnoliopsida",NA,NA,"NLC"
"Acorus gramineus macrospadiceus","t0102074","Plantae","Magnoliopsida",NA,NA,"DD"
"Alpinia pricei pricei","t0102077","Plantae","Magnoliopsida",NA,NA,"NLC"
"Alpinia shimadae shimadae","t0102078","Plantae","Magnoliopsida",NA,NA,"NLC"
"Bredia hirsuta hirsuta","t0102083","Plantae","Magnoliopsida",NA,NA,"NLC"
"Calamus siphonospathus sublaevis","t0102084","Plantae","Magnoliopsida",NA,NA,"NNT"
"Carex morrisonicola","t0102087","Plantae","Magnoliopsida",NA,NA,"NLC"
"Carex daibuensis","t0102088","Plantae","Magnoliopsida",NA,NA,"NLC"
"Chrysoglossum formosanum","t0102090","Plantae","Magnoliopsida",NA,NA,"NLC"
"Cymbidium lancifolium lancifolium","t0102093","Plantae","Magnoliopsida",NA,NA,"NLC"
"Grona heterocarpa heterocarpa","t0102096","Plantae","Magnoliopsida",NA,NA,"NLC"
"Agropyron mayebaranum","t0102098","Plantae","Magnoliopsida",NA,NA,"NLC"
"Flemingia macrophylla macrophylla","t0102100","Plantae","Magnoliopsida",NA,NA,"NLC"
"Hylodesmum podocarpum podocarpum","t0102103","Plantae","Magnoliopsida",NA,NA,"NVU"
"Juniperus formosana concolor","t0102105","Plantae","Pinopsida",NA,NA,"DD"
"Litsea linii","t0102109","Plantae","Magnoliopsida",NA,NA,"NLC"
"Machilus zuihoensis zuihoensis","t0102110","Plantae","Magnoliopsida",NA,NA,"NLC"
"Potentilla matsumurae pilosa","t0102120","Plantae","Magnoliopsida",NA,NA,"NLC"
"Quercus glauca kuyuensis","t0102121","Plantae","Magnoliopsida",NA,NA,"DD"
"Rubus croceacanthus glaber","t0102126","Plantae","Magnoliopsida",NA,NA,"NLC"
"Rubus yuliensis","t0102127","Plantae","Magnoliopsida",NA,NA,"DD"
"Rubus taitoensis taitoensis","t0102128","Plantae","Magnoliopsida",NA,NA,"NLC"
"Rubus taitoensis aculeatiflorus","t0102129","Plantae","Magnoliopsida",NA,NA,"NLC"
"Lindernia mollis","t0102139","Plantae","Magnoliopsida",NA,NA,"DD"
"Hymenasplenium cataractarum","t0102144","Plantae","Polypodiopsida",NA,NA,"NLC"
"Hymenasplenium filipes","t0102145","Plantae","Polypodiopsida",NA,NA,"NLC"
"Hymenasplenium unilaterale","t0102146","Plantae","Polypodiopsida",NA,NA,"NLC"
"Cyrtomium nervosum","t0102155","Plantae","Polypodiopsida",NA,NA,"DD"
"Dryopteris hendersoni","t0102157","Plantae","Polypodiopsida",NA,NA,"NLC"
"Goniophlebium argutum","t0102170","Plantae","Polypodiopsida",NA,NA,"NLC"
"Leptochilus pothifolius","t0102171","Plantae","Polypodiopsida",NA,NA,"NLC"
"Pyrrosia adnascens","t0102177","Plantae","Polypodiopsida",NA,NA,"NLC"
"Pyrrosia transmorrisonensis","t0102178","Plantae","Polypodiopsida",NA,NA,"DD"
"Peristrophe roxburghiana","t0102212","Plantae","Magnoliopsida",NA,NA,"NLC"
"Parasenecio hwangshanica","t0102225","Plantae","Magnoliopsida",NA,NA,"NVU"
"Cardamine scutata rotundiloba","t0102229","Plantae","Magnoliopsida",NA,NA,"NLC"
"Stellaria alsine undulata","t0102240","Plantae","Magnoliopsida",NA,NA,"NLC"
"Eleocharis congesta thermalis","t0102247","Plantae","Magnoliopsida",NA,NA,"NVU"
"Daphniphyllum glaucescens oldhamii kengii","t0102248","Plantae","Magnoliopsida",NA,NA,"DD"
"Vigna minima minima","t0102258","Plantae","Magnoliopsida",NA,NA,"NLC"
"Lindera thunbergii","t0102270","Plantae","Magnoliopsida",NA,NA,"NLC"
"Gastrodia confusoides confusoides","t0102284","Plantae","Magnoliopsida",NA,NA,"NLC"
"Odontochilus drymoglossifolius","t0102290","Plantae","Magnoliopsida",NA,NA,"NLC"
"Taeniophyllum aphyllum","t0102294","Plantae","Magnoliopsida",NA,NA,"NLC"
"Zeuxine strateumatica rupicola","t0102295","Plantae","Magnoliopsida",NA,NA,"DD"
"Poa sphondylodes kelungensis","t0102303","Plantae","Magnoliopsida",NA,NA,"NNT"
"Cimicifuga simplex","t0102308","Plantae","Magnoliopsida",NA,NA,"NNT"
"Rosa luciae luciae","t0102310","Plantae","Magnoliopsida",NA,NA,"DD"
"Hedyotis tenelliflora","t0102313","Plantae","Magnoliopsida",NA,NA,"NLC"
"Elatostema multicanaliculatum","t0102319","Plantae","Magnoliopsida",NA,NA,"NCR"
"Tapeinidium pinnatum pinnatum","t0102549","Plantae","Polypodiopsida",NA,NA,"NLC"
"Pronephrium triphyllum triphyllum","t0102551","Plantae","Polypodiopsida",NA,NA,"NLC"
"Microlepia calvescens calvescens","t0102568","Plantae","Polypodiopsida",NA,NA,"NLC"
"Aspidistra mushaensis","t0102658","Plantae","Magnoliopsida",NA,NA,"NVU"
"Entada phaseoloides phaseoloides","t0102665","Plantae","Magnoliopsida",NA,NA,"NLC"
"Diplazium agyokuense","t0102670","Plantae","Polypodiopsida",NA,NA,"DD"
"Wisteriopsis reticulata","t0103179","Plantae","Magnoliopsida",NA,NA,"NLC"
"Arenga engleri","t0103230","Plantae","Magnoliopsida",NA,NA,"NLC"
"Rubus pungens","t0103290","Plantae","Magnoliopsida",NA,NA,"NLC"
"Asplenium boreale","t0103324","Plantae","Polypodiopsida",NA,NA,"NVU"
"Hylodesmum leptopus","t0103353","Plantae","Magnoliopsida",NA,NA,"NLC"
"Lecanorchis nigricans","t0103359","Plantae","Magnoliopsida",NA,NA,"NNT"
"Machilus japonica","t0103364","Plantae","Magnoliopsida",NA,NA,"NLC"
"Polystichum subapiciflorum","t0103460","Plantae","Polypodiopsida",NA,NA,"NLC"
"Polystichum subobliquum","t0103461","Plantae","Polypodiopsida",NA,NA,"NVU"
"Equisetum ramosissimum debile","t0103465","Plantae","Polypodiopsida",NA,NA,"NLC"
"Davallia vestita","t0103468","Plantae","Polypodiopsida",NA,NA,"DD"
"Lycopodium yueshanense","t0103470","Plantae","Lycopodiopsida",NA,NA,"DD"
"Selaginella tama-montana","t0103471","Plantae","Lycopodiopsida",NA,NA,"DD"
"Asplenium yoshinagae indicum","t0103474","Plantae","Polypodiopsida",NA,NA,"NLC"
"Davallia chrysanthemifolia","t0103485","Plantae","Polypodiopsida",NA,NA,"NNT"
"Loxogramme confertifolia","t0103500","Plantae","Polypodiopsida",NA,NA,"DD"
"Selliguea okamotoi","t0103504","Plantae","Polypodiopsida",NA,NA,"DD"
"Rottboellia cochinchinensis","t0103584","Plantae","Magnoliopsida",NA,NA,"NLC"
"Actinidia callosa","t0103669","Plantae","Magnoliopsida",NA,NA,"NLC"
"Stauntonia obovata angustata","t0103677","Plantae","Magnoliopsida",NA,NA,"NLC"
"Goodyera similis similoides","t0104433","Plantae","Magnoliopsida",NA,NA,"NLC"
"Callerya nitida nitida","t0105385","Plantae","Magnoliopsida",NA,NA,"NVU"
"Rosa taiwanensis","t0105406","Plantae","Magnoliopsida",NA,NA,"NLC"
"Asplenium normale boreale","t0105424","Plantae","Polypodiopsida",NA,NA,"NLC"
"Tricyrtis lasiocarpa lasiocarpa","t0105443","Plantae","Magnoliopsida",NA,NA,"NLC"
"Symplocos sonoharae sonoharae","t0105507","Plantae","Magnoliopsida",NA,NA,"NLC"
"Symplocos congesta congesta","t0105512","Plantae","Magnoliopsida",NA,NA,"NLC"
"Symplocos congesta theifolia","t0105513","Plantae","Magnoliopsida",NA,NA,"NLC"
"Aucuba chinensis chinensis","t0105534","Plantae","Magnoliopsida",NA,NA,"NLC"
"Symplocos formosana formosana","t0105539","Plantae","Magnoliopsida",NA,NA,"NLC"
"Evolvulus alsinoides alsinoides","t0105540","Plantae","Magnoliopsida",NA,NA,"NLC"
"Camellia brevistyla brevistyla","t0105590","Plantae","Magnoliopsida",NA,NA,"NLC"
"Equisetum ramosissimum ramosissimum","t0105591","Plantae","Polypodiopsida",NA,NA,"NLC"
"Trigonotis formosana formosana","t0105593","Plantae","Magnoliopsida",NA,NA,"NLC"
"Dicranopteris linearis linearis","t0105603","Plantae","Polypodiopsida",NA,NA,"NLC"
"Hetaeria oblongifolia","t0105691","Plantae","Magnoliopsida",NA,NA,"NVU"
"Corybas taiwanensis","t0105692","Plantae","Magnoliopsida",NA,NA,"NEN"
"Corybas shanlinshiensis hsinchui","t0105693","Plantae","Magnoliopsida",NA,NA,"NEN"
"Liparis amabilis","t0105694","Plantae","Magnoliopsida",NA,NA,"NCR"
"Indigofera spicata","t0105697","Plantae","Magnoliopsida",NA,NA,"NLC"
"Mucuna macrocarpa macrocarpa","t0105985","Plantae","Magnoliopsida",NA,NA,"NLC"
"Huperzia serrata","t0105986","Plantae","Lycopodiopsida",NA,NA,"DD"
"Prunus transarisanensis transarisanensis","t0106244","Plantae","Magnoliopsida",NA,NA,"NNT"
"Prunus transarisanensis taiheiensis","t0106245","Plantae","Magnoliopsida",NA,NA,"NNT"
"Tectaria subtriphylla subtriphylla","t0106309","Plantae","Polypodiopsida",NA,NA,"NLC"
"Quercus aliena aliena","t0106431","Plantae","Magnoliopsida",NA,NA,"NCR"
"Quercus aliena acutiserrata","t0106432","Plantae","Magnoliopsida",NA,NA,"NCR"
"Achyranthes bidentata","t0106573","Plantae","Magnoliopsida",NA,NA,"NLC"
"Dianthus pygmaeus pygmaeus","t0106577","Plantae","Magnoliopsida",NA,NA,"NVU"
"Panicum curviflorum","t0106929","Plantae","Magnoliopsida",NA,NA,"NCR"
"Rubus niveus","t0106951","Plantae","Magnoliopsida",NA,NA,"NLC"
"Zeuxine affinis","t0106973","Plantae","Magnoliopsida",NA,NA,"NLC"
"Cirsium japonicum","t0124338","Plantae","Magnoliopsida",NA,NA,"NLC"
