"taxonUUID","taxonRank","kingdom","simplifiedScientificName","current_iucn","suggested_iucn","source_process"
"cf9de620-d771-41d9-9987-8ead00e78603","species","Animalia","Herennia tsoi","暫無危機（LC, Least Concern）","","corrected_iucn"
"2fb10219-4fab-46c0-a6e4-ddf032eb4e22","species","Animalia","Nupalirus japonica","暫無危機（LC, Least Concern）","","corrected_iucn"
"aa2b568b-221d-4575-9962-24cc60f358d2","species","Animalia","Galearctus lipkei","暫無危機（LC, Least Concern）","","corrected_iucn"
"4d30cd6d-8686-445e-a682-16df63cfde0f","species","Animalia","Chelarctus virgosus","暫無危機（LC, Least Concern）","","corrected_iucn"
"e5f3eed0-bd07-4693-9c26-a44775d7a991","species","Animalia","Scyllarus martensii","暫無危機（LC, Least Concern）","","corrected_iucn"
"2333e7c2-f552-4b15-b0b2-dafaa910c6ad","species","Animalia","Scyllarus timidus","暫無危機（LC, Least Concern）","","corrected_iucn"
"0bb5ab9c-6e4b-44ab-9699-a7b5d3741a9f","species","Animalia","Ocypode ceratophthalmus","","暫無危機（LC, Least Concern）","corrected_iucn"
"563b79d3-bedf-4f2f-882b-ad357d7257a0","species","Animalia","Chelonodon patoca","暫無危機（LC, Least Concern）","","corrected_iucn"
"50dfdd87-e823-4585-9b54-bc8ce631e45c","species","Animalia","Ostracion immaculatus","暫無危機（LC, Least Concern）","","corrected_iucn"
"3613863b-c841-4366-b5b6-ae1ec7fd58b2","species","Animalia","Neocentropogon japonicus","","暫無危機（LC, Least Concern）","corrected_iucn"
"798bf694-2dd0-4925-a1e6-d481071ae777","species","Animalia","Ocosia fasciata","","暫無危機（LC, Least Concern）","corrected_iucn"
"299a51cd-9953-4061-97ba-d9e3c2e71ad8","species","Animalia","Ocosia spinosa","","暫無危機（LC, Least Concern）","corrected_iucn"
"53e2b8e1-2772-4453-b437-216fd701761e","species","Animalia","Ocosia vespa","","暫無危機（LC, Least Concern）","corrected_iucn"
"e39ed9e9-ab43-4173-8a7f-cc8b8ba7d7be","species","Animalia","Pontinus tentacularis","暫無危機（LC, Least Concern）","","corrected_iucn"
"099437ed-0e63-40c6-84c4-843e8907e670","species","Animalia","Snyderina yamanokami","","暫無危機（LC, Least Concern）","corrected_iucn"
"9ed22968-5619-415a-9e41-39087499ede8","species","Animalia","Suggrundus meerdervoortii","暫無危機（LC, Least Concern）","","corrected_iucn"
"12f34bc3-c415-49bb-845a-b8fe3f561c28","species","Animalia","Hemiramphus lutkei","暫無危機（LC, Least Concern）","","corrected_iucn"
"d830acf3-d9e1-448d-ac03-868257e9191b","species","Animalia","Chromis acares","暫無危機（LC, Least Concern）","","corrected_iucn"
"aeaff0ee-601a-4e44-8345-a57d096ed533","species","Animalia","Chromis lepidolepis","暫無危機（LC, Least Concern）","","corrected_iucn"
"f2a988df-ca3b-457e-9c92-a984b78d5436","species","Animalia","Chromis leucura","暫無危機（LC, Least Concern）","","corrected_iucn"
"e59aa7c6-c856-449c-bd62-aea117a1f9b6","species","Animalia","Chromis margaritifer","暫無危機（LC, Least Concern）","","corrected_iucn"
"df3106df-ebb8-4d4e-a52d-08a5b710d6b7","species","Animalia","Chromis ovatiformes","暫無危機（LC, Least Concern）","","corrected_iucn"
"92db088d-02ee-4178-a9dd-4491bf9a4447","species","Animalia","Chromis retrofasciata","暫無危機（LC, Least Concern）","","corrected_iucn"
"29cc85cf-64e8-4a4a-a79b-53dbaa9cdf4a","species","Animalia","Chrysiptera tricincta","暫無危機（LC, Least Concern）","","corrected_iucn"
"7f69b7ac-b1dc-4741-b724-566b731e40fc","species","Animalia","Stegastes aureus","暫無危機（LC, Least Concern）","","corrected_iucn"
"5f8fc28d-cd75-497d-9b16-8cca3ea375c9","species","Animalia","Stegastes fasciolatus","暫無危機（LC, Least Concern）","","corrected_iucn"
"cca0b6b1-55e1-474c-baa6-af6f5c67970f","species","Animalia","Stegastes insularis","暫無危機（LC, Least Concern）","","corrected_iucn"
"21673bac-ae4c-42d9-a750-42412f3aba04","species","Animalia","Stegastes obreptus","暫無危機（LC, Least Concern）","","corrected_iucn"
"0d74acec-920a-426b-bb43-e6ca66bdcefb","species","Animalia","Acentrogobius viganensis","暫無危機（LC, Least Concern）","","corrected_iucn"
"e972f332-cbc1-4b03-982a-9234ed7fd415","species","Animalia","Amblychaeturichthys hexanema","","暫無危機（LC, Least Concern）","corrected_iucn"
"94e71240-ffcd-4a45-aa63-14a247d75aa4","species","Animalia","Amoya caninus","暫無危機（LC, Least Concern）","","corrected_iucn"
"f6c358d8-e362-4c63-b7cb-6faecc3db0e2","species","Animalia","Amoya moloanus","暫無危機（LC, Least Concern）","","corrected_iucn"
"c4114309-8bd3-46dc-b735-5b11d6167684","species","Animalia","Callogobius nigromarginatus","","資料缺乏（DD, Data Deficient）","corrected_iucn"
"fbf9c452-c96c-4627-b39a-2b3fcea17759","species","Animalia","Callogobius snelliusi","","資料缺乏（DD, Data Deficient）","corrected_iucn"
"c727b077-4e8d-4926-b449-d1049c9b4cb6","species","Animalia","Callogobius tanegasimae","","暫無危機（LC, Least Concern）","corrected_iucn"
"1882c95c-fc9b-4493-8da1-4d90e7388034","species","Animalia","Callogobius sheni","","暫無危機（LC, Least Concern）","corrected_iucn"
"75004994-b51d-4f23-a0e9-3eb88a84a422","species","Animalia","Callogobius liolepis","暫無危機（LC, Least Concern）","","corrected_iucn"
"40bc588b-b102-4165-9871-ade7e3627f4f","species","Animalia","Chaeturichthys stigmatias","","暫無危機（LC, Least Concern）","corrected_iucn"
"c3fd9c6f-6e6b-4d79-b18f-0bfdeedce27c","species","Animalia","Clariger taiwanensis","","資料缺乏（DD, Data Deficient）","corrected_iucn"
"1557af60-b048-482c-aec3-6933808b8d3c","species","Animalia","Egglestonichthys patriciae","","資料缺乏（DD, Data Deficient）","corrected_iucn"
"b9111455-6a20-4cde-8a84-af8929dc45f1","species","Animalia","Istigobius campbelli","","暫無危機（LC, Least Concern）","corrected_iucn"
"8ab5123a-a354-4d14-8683-25e4c6d1125f","species","Animalia","Mugilogobius fontinalis","暫無危機（LC, Least Concern）","","corrected_iucn"
"35ce34fc-91bc-4424-9dbb-8d884b50a8c6","species","Animalia","Mugilogobius flavomaculatus","","資料缺乏（DD, Data Deficient）","corrected_iucn"
"95698e22-937d-4fb0-ae40-7110a6d6366d","species","Animalia","Oxyurichthys visayanus","暫無危機（LC, Least Concern）","","corrected_iucn"
"c5b48782-140b-4243-a693-36e6e3fd75f6","species","Animalia","Priolepis latifascima","","暫無危機（LC, Least Concern）","corrected_iucn"
"ecbad055-a7cb-4e58-b043-584821ae06ad","species","Animalia","Schismatogobius roxasi","瀕危（EN, Endangered）","","corrected_iucn"
"41454905-0463-4913-a226-7a022ac149aa","species","Animalia","Taenioides cirratus","資料缺乏（DD, Data Deficient）","暫無危機（LC, Least Concern）","corrected_iucn"
"b05acff6-d483-4636-8c7c-54c1a6da718f","species","Animalia","Taenioides limicola","暫無危機（LC, Least Concern）","","corrected_iucn"
"06952e63-0738-42e1-8a2f-81c449390d49","species","Animalia","Tridentiger barbatus","","暫無危機（LC, Least Concern）","corrected_iucn"
"d7e7407f-9153-46c8-b500-66e2f94a9168","species","Animalia","Tryssogobius porosus","","暫無危機（LC, Least Concern）","corrected_iucn"
"2255f576-1068-4998-8960-95ebab6563a2","species","Animalia","Wuhanlinigobius polylepis","","暫無危機（LC, Least Concern）","corrected_iucn"
"b25b107a-562c-4e57-8dff-7e258bdf3f72","species","Animalia","Anyperodon leucogrammicus","暫無危機（LC, Least Concern）","","corrected_iucn"
"d14e34ba-7a07-43bf-a29d-fc954c27e1ce","species","Animalia","Epinephelus poecilonotus","暫無危機（LC, Least Concern）","","corrected_iucn"
"5abb93cc-0e53-4fe5-aadb-0455fa388d2e","species","Animalia","Epinephelus radiatus","暫無危機（LC, Least Concern）","","corrected_iucn"
"c81bfeae-286f-4a31-aa97-fb855fbdd0b7","species","Animalia","Gracila albomarginata","易危（VU, Vulnerable）","","corrected_iucn"
"b6f8077f-e4c8-4e26-9949-d7934f960734","species","Animalia","Saloptia powelli","暫無危機（LC, Least Concern）","","corrected_iucn"
"d4349da9-c965-4d09-8870-f86189e1f5ae","species","Animalia","Praealticus margaritarius","","資料缺乏（DD, Data Deficient）","corrected_iucn"
"2c15881a-0b07-46fe-b639-9f6b7bdef442","species","Animalia","Fowleria punctulata","暫無危機（LC, Least Concern）","","corrected_iucn"
"1b7664b4-67a8-4e5d-b9eb-e239c46a8ccb","species","Animalia","Jaydia albomarginatus","暫無危機（LC, Least Concern）","","corrected_iucn"
"a1ee17a7-b8ee-46f7-86a2-0fb78bae2e2e","species","Animalia","Ostorhinchus taeniophorus","暫無危機（LC, Least Concern）","","corrected_iucn"
"71c19a13-ab57-494d-afa1-84e52a9b77b1","species","Animalia","Cypho zaps","","暫無危機（LC, Least Concern）","corrected_iucn"
"24bd0a4a-57c0-41a0-ac13-80f8d48bd73d","species","Animalia","Pseudochromis striatus","","暫無危機（LC, Least Concern）","corrected_iucn"
"65253829-bc37-43ba-9033-3722241e9fbf","species","Animalia","Coris aygula","易危（VU, Vulnerable）","暫無危機（LC, Least Concern）","corrected_iucn"
"2de0ebc5-18bd-4c39-b4f2-1e1c2a9ff5ee","species","Animalia","Novaculops woodi","暫無危機（LC, Least Concern）","","corrected_iucn"
"ebfcc31e-088c-4cff-a36c-527ef1c347e6","species","Animalia","Aspasmichthys ciconiae","","暫無危機（LC, Least Concern）","corrected_iucn"
"45ed0daf-9658-4852-8c1a-ad378fc7a1f7","species","Animalia","Conidens laticephalus","","暫無危機（LC, Least Concern）","corrected_iucn"
"61eeb37b-48f7-4e55-b836-e56a5bb9ef0f","species","Animalia","Nuchequula mannusella","暫無危機（LC, Least Concern）","","corrected_iucn"
"21ed2a0c-947f-4193-a77c-095883dde0a0","species","Animalia","Synchiropus lateralis","暫無危機（LC, Least Concern）","","corrected_iucn"
"8d334bad-1634-482a-a9cf-928305db2c81","species","Animalia","Trichiurus japonicus","暫無危機（LC, Least Concern）","","corrected_iucn"
"480bf3c9-7513-4815-97f2-300e8d65fba8","species","Animalia","Ophiocara porocephala","暫無危機（LC, Least Concern）","","corrected_iucn"
"c254413a-ba32-4391-80cb-dcbba984ad1a","species","Animalia","Branchiostegus albus","","接近受脅（NT, Near Threatened）","corrected_iucn"
"d96fe417-c503-453c-adf8-032ca36a0741","species","Animalia","Branchiostegus argentatus","","接近受脅（NT, Near Threatened）","corrected_iucn"
"c8dbca43-4644-40d9-8041-2b4b306559eb","species","Animalia","Branchiostegus auratus","","接近受脅（NT, Near Threatened）","corrected_iucn"
"47f6df67-916f-4c25-994a-f0eca21957e4","species","Animalia","Enneapterygius philippinus","暫無危機（LC, Least Concern）","資料缺乏（DD, Data Deficient）","corrected_iucn"
"a2c9ba99-b0e5-48fe-ad32-756a7369682b","species","Animalia","Heteropriacanthus carolinus","暫無危機（LC, Least Concern）","","corrected_iucn"
"5ef4ba29-846f-45b0-9624-fda4a3a8521a","species","Animalia","Parapristipoma trilineatum","","暫無危機（LC, Least Concern）","corrected_iucn"
"d74de62d-e47e-4882-88dc-014e69df0380","species","Animalia","Parioglossus dotui","","暫無危機（LC, Least Concern）","corrected_iucn"
"9dd5623b-4fea-4ca7-b2c4-dbe669fce021","species","Animalia","Opistognathus hongkongiensis","","暫無危機（LC, Least Concern）","corrected_iucn"
"f0834a18-6e84-4817-8deb-e213a528a127","species","Animalia","Opistognathus hopkinsi","","暫無危機（LC, Least Concern）","corrected_iucn"
"128c80b2-0077-46cb-92b6-60200bab729d","species","Animalia","Stalix sheni","","資料缺乏（DD, Data Deficient）","corrected_iucn"
"536e0737-b8da-4d5a-99b9-56630fae1fbc","species","Animalia","Schindleria pietschmanni","","暫無危機（LC, Least Concern）","corrected_iucn"
"28141c05-0ec8-415d-93e1-fd0675bdcc20","species","Animalia","Acentronura breviperula","暫無危機（LC, Least Concern）","","corrected_iucn"
"4d741193-b2ac-49db-8caf-d0f9c192bbd4","species","Animalia","Acrossocheilus paradoxus","資料缺乏（DD, Data Deficient）","","corrected_iucn"
"d11b18eb-ae8f-460b-985b-ac9042602183","species","Animalia","Puntius semifasciolatus","暫無危機（LC, Least Concern）","","corrected_iucn"
"a1579625-eac7-4aa8-957e-058481f36fbb","species","Animalia","Brachirus annularis","暫無危機（LC, Least Concern）","","corrected_iucn"
"1e51c82e-fc90-4a45-b915-52125a2e9838","species","Animalia","Laeops kitaharae","暫無危機（LC, Least Concern）","","corrected_iucn"
"d43560b2-867b-4444-aaa4-e2d2da331a86","species","Animalia","Chlorophthalmus borealis","暫無危機（LC, Least Concern）","","corrected_iucn"
"8c1a5a08-a1c4-4da4-b11b-948171fa3174","species","Animalia","Lestidium orientale","資料缺乏（DD, Data Deficient）","","corrected_iucn"
"c44d0baf-4a3e-46f5-9e49-76672b5ba0c9","species","Animalia","Scolecenchelys iredalei","暫無危機（LC, Least Concern）","","corrected_iucn"
"20cd0a70-ca5f-4dc8-a670-4c83d75a6a56","species","Animalia","Antennarius nummifer","暫無危機（LC, Least Concern）","","corrected_iucn"
"03038133-2b6e-4a7f-af30-926ba1b36831","species","Animalia","Antennatus commerson","暫無危機（LC, Least Concern）","","corrected_iucn"
"7a9de987-24d3-43eb-96bf-63695739fb64","species","Animalia","Antennatus dorehensis","暫無危機（LC, Least Concern）","","corrected_iucn"
"eec7d174-8172-42c5-b352-94308a290b8a","species","Animalia","Antennatus coccineus","暫無危機（LC, Least Concern）","","corrected_iucn"
"52a051ca-7301-4fcb-810b-7a3b2c54658b","species","Animalia","Fowlerichthys scriptissimus","暫無危機（LC, Least Concern）","","corrected_iucn"
"f1eca308-dd59-42d5-80d7-6eeb7817e131","species","Animalia","Nezumia proxima","暫無危機（LC, Least Concern）","","corrected_iucn"
"a9c52449-a5ed-4790-a902-9fa4af76de89","species","Animalia","Diplophos vicinia","暫無危機（LC, Least Concern）","","corrected_iucn"
"0171e722-0e91-4ee4-8b0b-d07266a8cbc3","species","Animalia","Atherinomorus insularum","暫無危機（LC, Least Concern）","","corrected_iucn"
"ee4fcf69-253b-4a33-9535-06ae58658fb6","species","Animalia","Hypoatherina woodwardi","資料缺乏（DD, Data Deficient）","","corrected_iucn"
"3eec974b-09fd-4580-b8cd-92d21cb87c52","species","Animalia","Crenimugil crenilabis","暫無危機（LC, Least Concern）","","corrected_iucn"
"376c61a8-ca87-450c-af58-8bb9fe2111dc","species","Animalia","Moolgarda cunnesius","暫無危機（LC, Least Concern）","","corrected_iucn"
"16cb5354-9ae4-41d0-a055-dd358f33a01a","species","Animalia","Moolgarda perusii","暫無危機（LC, Least Concern）","","corrected_iucn"
"41685903-0c6d-4ced-8d3f-5690d5358d26","species","Animalia","Oncorhynchus masou","暫無危機（LC, Least Concern）","極危（CR, Critically Endangered）","corrected_iucn"
"9948f41b-fc69-4e6f-849e-e8c2dacd825f","species","Animalia","Carpodacus formosanus","暫無危機（LC, Least Concern）","接近受脅（NT, Near Threatened）","corrected_iucn"
"8b4b1b08-5329-4d14-ba12-c60fed02e413","species","Animalia","Trochalopteron morrisonianum","暫無危機（LC, Least Concern）","接近受脅（NT, Near Threatened）","corrected_iucn"
"c04eb7ce-0b9b-4dfd-9e7d-74c5df6d7067","species","Animalia","Emberiza rustica","易危（VU, Vulnerable）","接近受脅（NT, Near Threatened）","corrected_iucn"
"6522d339-ae75-4202-8bfa-a09b94dcd662","species","Animalia","Helopsaltes pleskei","易危（VU, Vulnerable）","暫無危機（LC, Least Concern）","corrected_iucn"
"07691bf1-5775-4255-9ce1-0cef40dd558d","species","Animalia","Parus minor","","暫無危機（LC, Least Concern）","corrected_iucn"
"67a2a21f-c7f5-438c-ad50-95ae5450f8c7","species","Animalia","Artamus leucorynchus","暫無危機（LC, Least Concern）","","corrected_iucn"
"328bac2e-fb9a-4f2f-b2aa-b9b74e6e78ea","species","Animalia","Psittacula krameri","暫無危機（LC, Least Concern）","","corrected_iucn"
"e486a442-46fe-47b3-a92a-d80d7c72b5e4","species","Animalia","Anas luzonica","易危（VU, Vulnerable）","暫無危機（LC, Least Concern）","corrected_iucn"
"c58e4ac1-5b9f-48bb-a38b-cf32ba7d5b95","species","Animalia","Porphyrio poliocephalus","","暫無危機（LC, Least Concern）","corrected_iucn"
"bb7055f0-26e8-4bf2-a460-c5ba0c77a44d","species","Animalia","Ixobrychus eurhythmus","暫無危機（LC, Least Concern）","接近受脅（NT, Near Threatened）","corrected_iucn"
"b57094d5-b88c-4997-9748-41d2357e0f4b","species","Animalia","Ceyx erithaca","暫無危機（LC, Least Concern）","接近受脅（NT, Near Threatened）","corrected_iucn"
"634de9d3-0592-4573-b730-a6fcc9a24e8a","species","Animalia","Rhabdophis formosanus","暫無危機（LC, Least Concern）","","corrected_iucn"
"9ceb18ee-2e88-40c6-84aa-079de58c2c6c","species","Animalia","Chelonia mydas","瀕危（EN, Endangered）","暫無危機（LC, Least Concern）","corrected_iucn"
"a390b1a1-2241-4525-b002-681e36354f5d","species","Animalia","Mobula tarapacana","瀕危（EN, Endangered）","極危（CR, Critically Endangered）","corrected_iucn"
"d30e83f8-1e07-4549-8c5f-8e98fe9982a7","species","Animalia","Mobula japanica","瀕危（EN, Endangered）","","corrected_iucn"
"a1b6d19f-75b7-4388-ad4c-001cb1c634cb","species","Animalia","Mobula thurstoni","瀕危（EN, Endangered）","極危（CR, Critically Endangered）","corrected_iucn"
"02751597-aa53-4e53-a842-e262344e149e","species","Animalia","Hemitrygon bennettii","易危（VU, Vulnerable）","","corrected_iucn"
"34b8e4bb-e743-4a9c-8df2-714d91af0170","species","Animalia","Dasyatis ushiei","易危（VU, Vulnerable）","","corrected_iucn"
"7cdddfd3-376a-4b33-a5f1-2c5fbe4c4f68","species","Animalia","Scyliorhinus tokubee","暫無危機（LC, Least Concern）","","corrected_iucn"
"5458281a-8e2f-48a2-b6f7-f1430e212e6c","species","Animalia","Hemipristis elongata","易危（VU, Vulnerable）","瀕危（EN, Endangered）","corrected_iucn"
"9e8d166a-c077-43fc-b599-d360e3629209","species","Animalia","Rhinobatos formosensis","極危（CR, Critically Endangered）","","corrected_iucn"
"938f6f5c-1b89-4256-a029-cf86e2a21a12","species","Animalia","Torpedo formosa","接近受脅（NT, Near Threatened）","","corrected_iucn"
"0f0a2b6b-2f97-47b3-95a1-a470d88da78b","species","Animalia","Torpedo tokionis","暫無危機（LC, Least Concern）","","corrected_iucn"
"ca178842-256f-4d8d-9a4b-e9d0895b0333","species","Animalia","Centrophorus lusitanicus","瀕危（EN, Endangered）","","corrected_iucn"
"85c35039-dc6d-4070-9890-33dafc7fdf3f","species","Animalia","Deania calcea","接近受脅（NT, Near Threatened）","","corrected_iucn"
"a0f1bbc5-82ba-4330-9ec7-6772b05f8eac","species","Animalia","Etmopterus brachyurus","資料缺乏（DD, Data Deficient）","暫無危機（LC, Least Concern）","corrected_iucn"
"4b366713-e73a-4da9-a691-d42d85365a11","species","Animalia","Stegostoma fasciatum","瀕危（EN, Endangered）","","corrected_iucn"
"ab026aab-7ef7-4c35-880a-7e0d530da4e0","species","Animalia","Belomys pearsonii","資料缺乏（DD, Data Deficient）","暫無危機（LC, Least Concern）","corrected_iucn"
"76cf5e03-c6eb-43fb-ae8a-7322635f22f9","species","Animalia","Myotis formosus","資料缺乏（DD, Data Deficient）","接近受脅（NT, Near Threatened）","corrected_iucn"
"3293542b-82c4-4173-98a7-1a7a8079a8e1","species","Animalia","Delphinus capensis","暫無危機（LC, Least Concern）","","corrected_iucn"
"ff912a9f-c4d4-4b83-aed2-1da3c462b9b2","species","Animalia","Aquarana catesbeiana","暫無危機（LC, Least Concern）","","corrected_iucn"
"ec4aa8bc-6ef6-484e-80e5-a45d74566395","species","Animalia","Eptatretus fernholmi","資料缺乏（DD, Data Deficient）","易危（VU, Vulnerable）","corrected_iucn"
"138c639a-799e-4d13-8361-3259ec5ea52d","species","Animalia","Solen fonesi","暫無危機（LC, Least Concern）","","corrected_iucn"
"23ea6cbf-93c3-4e48-80aa-dc3cbb392c4d","species","Animalia","Anodonta woodiana","暫無危機（LC, Least Concern）","","corrected_iucn"
"0f986d60-e7cb-41a3-b697-956d71bd025b","species","Animalia","Cristaria discoidea","暫無危機（LC, Least Concern）","","corrected_iucn"
"4172b6a1-fcf4-4c9c-80fb-204afd9b225b","species","Animalia","Nodularia douglasiae","","暫無危機（LC, Least Concern）","corrected_iucn"
"a03c8545-c1a6-4875-85ea-4fa0455822dc","species","Animalia","Uroteuthis duvaucelii","資料缺乏（DD, Data Deficient）","","corrected_iucn"
"b95efb13-61c3-4cb9-8ff2-e99898568e18","species","Animalia","Sepia omani","暫無危機（LC, Least Concern）","","corrected_iucn"
"f0875a99-8456-407e-b3af-78d59c3ee514","species","Animalia","Sepia prionota","暫無危機（LC, Least Concern）","","corrected_iucn"
"508972e7-3bab-4e4f-b08f-2db9175b500c","species","Animalia","Hebra horrida","暫無危機（LC, Least Concern）","","corrected_iucn"
"753e5e65-e61b-4f35-93ed-9a82ac052a0b","species","Animalia","Cymbiola nobilis","滅絕（EX, Extinct）","","corrected_iucn"
"a69b7d33-395e-4a8d-9ed2-d906a1e7ad19","species","Animalia","Conus comatosa","暫無危機（LC, Least Concern）","","corrected_iucn"
"09eac846-c128-4af5-aaf1-15d3adaffcd4","species","Animalia","Conus fulgetrum","暫無危機（LC, Least Concern）","","corrected_iucn"
"59a7f492-c642-444c-9ffc-491422fe6127","species","Animalia","Conus ichinoseana","暫無危機（LC, Least Concern）","","corrected_iucn"
"ff361a53-7662-4860-aacf-3525e4458848","species","Animalia","Conus ione","暫無危機（LC, Least Concern）","","corrected_iucn"
"94d802db-55e3-4bbb-9123-cc25d52d0461","species","Animalia","Conus kimioi","暫無危機（LC, Least Concern）","","corrected_iucn"
"06ab0003-22d9-442f-b0ee-28afdbe6d597","species","Animalia","Conus longurionis","暫無危機（LC, Least Concern）","","corrected_iucn"
"56479045-103a-4252-96e2-b21ba39fd6a7","species","Animalia","Conus luridus","接近受脅（NT, Near Threatened）","","corrected_iucn"
"9ca9c5d4-0bf5-4443-ae75-8e74592ef487","species","Animalia","Conus luteus","暫無危機（LC, Least Concern）","資料缺乏（DD, Data Deficient）","corrected_iucn"
"8c13d807-2dca-4e0d-aed1-b4c05409d7f5","species","Animalia","Conus memiae","暫無危機（LC, Least Concern）","","corrected_iucn"
"cc029fe5-3c5b-4f55-8604-c49ccf162a05","species","Animalia","Conus orbignyi","暫無危機（LC, Least Concern）","","corrected_iucn"
"a44d59fb-3ea2-4d0c-89bd-7a5bdd97b8bc","species","Animalia","Conus pseudorbignyi","資料缺乏（DD, Data Deficient）","","corrected_iucn"
"bccb33b7-982e-44b8-9b0a-a6ebd5e1e39e","species","Animalia","Conus sieboldii","暫無危機（LC, Least Concern）","","corrected_iucn"
"7bcc13f7-8413-4d0f-84a3-90b33b907794","species","Animalia","Conus tuberculosus","資料缺乏（DD, Data Deficient）","","corrected_iucn"
"01a3859d-1939-453e-a835-a12307aec2c5","species","Animalia","Conus urashimanus","暫無危機（LC, Least Concern）","","corrected_iucn"
"4690a313-2afc-45aa-89c8-8b8948b0b3bf","species","Animalia","Conus wakayamaensis","暫無危機（LC, Least Concern）","","corrected_iucn"
"a77f0df2-0fc7-4458-a731-fa6d3978af53","species","Animalia","Conus aculeiformis","資料缺乏（DD, Data Deficient）","","corrected_iucn"
"101a910d-5460-4c56-b4ac-d9f0f8fbe9e2","species","Animalia","Assiminea latericea","","暫無危機（LC, Least Concern）","corrected_iucn"
"52ea4615-426d-4039-8f48-7e87369696a0","species","Animalia","Merelina solida","暫無危機（LC, Least Concern）","","corrected_iucn"
"c9f7a226-9819-4556-bb4d-c22416aa4552","species","Animalia","Stenomelania torulosa","暫無危機（LC, Least Concern）","","corrected_iucn"
"46f27400-6128-4836-9755-8f598e671e2b","species","Animalia","Thiara scabra","暫無危機（LC, Least Concern）","","corrected_iucn"
"3d63fcbe-69c9-41da-87d5-2fea8b9ef1bb","species","Animalia","Stenothyra chilkaensis","暫無危機（LC, Least Concern）","","corrected_iucn"
"4262c887-f8e7-4df6-a64d-ea3ded193543","species","Animalia","Clithon chlorostoma","暫無危機（LC, Least Concern）","","corrected_iucn"
"12ea8760-0a34-47e0-a13c-dc3f7850dcc9","species","Animalia","Clithon sowerbianus","暫無危機（LC, Least Concern）","","corrected_iucn"
"8853503c-5094-403f-836e-b379ce9e3c8c","species","Animalia","Nerita bensoni","暫無危機（LC, Least Concern）","","corrected_iucn"
"80f16c18-59a8-4a65-a534-dfab6f9aa073","species","Animalia","Neritina auriculata","暫無危機（LC, Least Concern）","","corrected_iucn"
"bc69999c-97ff-4214-a668-8445e3f53589","species","Animalia","Haliotis dohrniana","暫無危機（LC, Least Concern）","","corrected_iucn"
"7de75a09-4178-42f3-b6de-fdd3e360a810","species","Animalia","Haliotis venusta","暫無危機（LC, Least Concern）","","corrected_iucn"
"0693c391-ccc7-4322-b3cc-4d3e36432ba7","species","Animalia","Haliotis crebrisculpta","資料缺乏（DD, Data Deficient）","","corrected_iucn"
"d7b46817-5e43-48a8-a6ff-2e9cb7db3f74","species","Animalia","Austropeplea ollula","暫無危機（LC, Least Concern）","","corrected_iucn"
"b0011705-aec4-4bbe-acca-83d7f753f33e","species","Animalia","Fossaria truncatula","暫無危機（LC, Least Concern）","","corrected_iucn"
"4b0f38c1-b6f8-471e-9d7e-8e510ec6ef42","species","Animalia","Millepora murrayi","瀕危（EN, Endangered）","","corrected_iucn"
"bea6763c-4ff3-4f59-9a41-971bcd1543ff","species","Animalia","Acanthastrea hillae","暫無危機（LC, Least Concern）","","corrected_iucn"
"b74a5885-a88d-43b5-9a93-07787cc1f700","species","Animalia","Acropora danai","瀕危（EN, Endangered）","","corrected_iucn"
"876d481d-b826-416a-9742-fd7a8c39ad29","species","Animalia","Acropora rosaria","瀕危（EN, Endangered）","","corrected_iucn"
"8b359ae4-558a-4de4-a2e7-c234c985899e","species","Animalia","Euphyllia paraancora","暫無危機（LC, Least Concern）","","corrected_iucn"
"f2600c6e-51ea-42cc-bd45-ae6d12541783","species","Animalia","Lophelia pertusa","易危（VU, Vulnerable）","","corrected_iucn"
"85b70451-5757-43ef-a847-b133021d6bb3","species","Animalia","Echinopora pacificus","暫無危機（LC, Least Concern）","","corrected_iucn"
"ffce4c0d-8d11-4224-9a98-e462d4972b4d","species","Animalia","Favia veroni","暫無危機（LC, Least Concern）","","corrected_iucn"
"6efb91ff-211f-4f5d-9583-2655a818f6dd","species","Animalia","Dipsastraea maxima","暫無危機（LC, Least Concern）","","corrected_iucn"
"0074916f-967b-4013-bce2-0f311419a18e","species","Animalia","Goniastrea australensis","暫無危機（LC, Least Concern）","","corrected_iucn"
"eba24958-99f6-49fa-91a2-ac4218215c50","species","Animalia","Fungia moluccensis","暫無危機（LC, Least Concern）","","corrected_iucn"
"287455ed-e310-45f1-a1cb-953d5a97cb48","species","Animalia","Fungia taiwanensis","暫無危機（LC, Least Concern）","","corrected_iucn"
"1a8e3611-c591-47e8-b6f3-cd58d8e7c12b","species","Animalia","Fungia tenuis","暫無危機（LC, Least Concern）","","corrected_iucn"
"2bd5fe17-048c-40c0-ad0b-9f6f18eccbfb","species","Animalia","Lithophyllon mokai","暫無危機（LC, Least Concern）","","corrected_iucn"
"b11c74a5-6fef-4db1-8ae6-847016e2ebea","species","Animalia","Psammocora haimeana","暫無危機（LC, Least Concern）","","corrected_iucn"
"5ea3fec7-18e7-4838-8b57-b5d41d7fe2a0","species","Animalia","Goniopora minor","接近受脅（NT, Near Threatened）","暫無危機（LC, Least Concern）","corrected_iucn"
"e70c1993-ec4e-4f50-a3bf-e8e199ba1fa8","species","Animalia","Scapophyllia cylindrica","暫無危機（LC, Least Concern）","","corrected_iucn"
"edd10b57-6483-412c-927c-86ff4c88599d","species","Animalia","Stichopus variegatus","資料缺乏（DD, Data Deficient）","","corrected_iucn"
"cb24d801-ac9f-42f4-9f94-ba8042400506","infraspecies","Animalia","Tylosurus acus melanotus","","暫無危機（LC, Least Concern）","corrected_iucn"
"b9af0d4d-76a2-4352-bf58-1003f2f2a47c","infraspecies","Animalia","Carassius auratus auratus","","暫無危機（LC, Least Concern）","corrected_iucn"
"1d3ea5e8-66ae-42db-8d80-a20f84ad82e8","infraspecies","Animalia","Rhodeus ocellatus ocellatus","","資料缺乏（DD, Data Deficient）","corrected_iucn"
"3f507d1c-8ff3-453e-8ce2-1b6637b5767e","infraspecies","Animalia","Scopelogadus mizolepis mizolepis","","暫無危機（LC, Least Concern）","corrected_iucn"
"ca2b07d8-03bc-42b2-b824-6f8bcae73e8c","infraspecies","Animalia","Plecoglossus altivelis altivelis","","資料缺乏（DD, Data Deficient）","corrected_iucn"
"aadd267f-ab0c-49b8-a44b-3b6edfe5c95e","infraspecies","Animalia","Carpodacus erythrinus grebnitskii","","暫無危機（LC, Least Concern）","corrected_iucn"
"fbad454c-8781-4a8c-84a2-2b2e2471d666","infraspecies","Animalia","Carpodacus roseus roseus","","暫無危機（LC, Least Concern）","corrected_iucn"
"7f8fd728-66a2-4db0-9b68-d800afb161f0","infraspecies","Animalia","Coccothraustes coccothraustes japonicus","","暫無危機（LC, Least Concern）","corrected_iucn"
"03b42dc5-83f9-43fa-bd64-984da7636797","infraspecies","Animalia","Eophona migratoria migratoria","","暫無危機（LC, Least Concern）","corrected_iucn"
"6b7d2fc7-7a6c-44c8-a5da-ce38d891d894","infraspecies","Animalia","Eophona personata personata","","暫無危機（LC, Least Concern）","corrected_iucn"
"9fcacb86-3180-45e8-a673-b3750570a5ea","infraspecies","Animalia","Eophona personata magnirostris","","暫無危機（LC, Least Concern）","corrected_iucn"
"018d7267-88f1-402f-830b-4630eb607d0e","infraspecies","Animalia","Pyrrhula nipalensis uchidai","","暫無危機（LC, Least Concern）","corrected_iucn"
"6776d8b1-65dd-4d21-b2ff-eb4c0f187440","infraspecies","Animalia","Pyrrhula pyrrhula griseiventris","","暫無危機（LC, Least Concern）","corrected_iucn"
"07d00afd-5120-4bf1-9baa-7a2f019b05e6","infraspecies","Animalia","Chloris sinica kawarahiba","","暫無危機（LC, Least Concern）","corrected_iucn"
"3c1a7e15-85f9-4e3c-8c64-f0b647715d7a","infraspecies","Animalia","Chloris sinica sinica","","暫無危機（LC, Least Concern）","corrected_iucn"
"25535de6-8e38-4b6d-abec-df7c96767537","infraspecies","Animalia","Acridotheres cristatellus formosanus","","暫無危機（LC, Least Concern）","corrected_iucn"
"74b1b544-85c2-44cc-ac1d-463ac1c1a3f2","infraspecies","Animalia","Acridotheres cristatellus cristatellus","","暫無危機（LC, Least Concern）","corrected_iucn"
"0ee58031-c8a4-4a19-b86b-289b52c26a3a","infraspecies","Animalia","Acridotheres tristis tristis","","暫無危機（LC, Least Concern）","corrected_iucn"
"20cec283-49cb-4f0b-9516-e15b823c9bf1","infraspecies","Animalia","Sturnus vulgaris poltaratskyi","","暫無危機（LC, Least Concern）","corrected_iucn"
"e0b4b35f-f0c8-4d5d-8e40-bc307837dc8e","infraspecies","Animalia","Arundinax aedon rufescens","","暫無危機（LC, Least Concern）","corrected_iucn"
"a0d2fed4-7813-491e-9bd4-f11609948a95","infraspecies","Animalia","Garrulax canorus canorus","","暫無危機（LC, Least Concern）","corrected_iucn"
"da672855-46d2-48fb-a808-0d69bea75af1","infraspecies","Animalia","Alauda arvensis intermedia","","暫無危機（LC, Least Concern）","corrected_iucn"
"d69e3872-b695-4ffc-a91d-0b9c2a77343e","infraspecies","Animalia","Alauda gulgula wattersi","","暫無危機（LC, Least Concern）","corrected_iucn"
"9472d259-7d45-491b-9cdf-a71df39b5fb1","infraspecies","Animalia","Alauda gulgula coelivox","","暫無危機（LC, Least Concern）","corrected_iucn"
"cf1e99de-2561-42a8-bc6e-311f42d5fbeb","infraspecies","Animalia","Anthus gustavi gustavi","","暫無危機（LC, Least Concern）","corrected_iucn"
"888cfe35-ff7a-42b5-82a6-85da821b2c09","infraspecies","Animalia","Anthus hodgsoni hodgsoni","","暫無危機（LC, Least Concern）","corrected_iucn"
"53ed2593-30f2-4b5d-9abd-4500007cfb08","infraspecies","Animalia","Anthus hodgsoni yunnanensis","","暫無危機（LC, Least Concern）","corrected_iucn"
"51b9a226-1276-49d2-af6c-f86d56bc78cb","infraspecies","Animalia","Anthus richardi ussuriensis","","暫無危機（LC, Least Concern）","corrected_iucn"
"c461a06a-d54d-4b6c-8ca1-8d7727826985","infraspecies","Animalia","Anthus rubescens japonicus","","暫無危機（LC, Least Concern）","corrected_iucn"
"a3081e79-b4e5-4ad7-a9e8-079d8ff3fd96","infraspecies","Animalia","Anthus spinoletta blakistoni","","暫無危機（LC, Least Concern）","corrected_iucn"
"245c4d29-02bd-43f1-ae86-b0ad137f1fec","infraspecies","Animalia","Anthus trivialis trivialis","","暫無危機（LC, Least Concern）","corrected_iucn"
"4c55ba23-9205-47ed-a9e2-868a312c96bc","infraspecies","Animalia","Motacilla alba lugens","","暫無危機（LC, Least Concern）","corrected_iucn"
"07a3a833-0a34-45f4-895f-8b20884c129f","infraspecies","Animalia","Motacilla alba leucopsis","","暫無危機（LC, Least Concern）","corrected_iucn"
"e483cb27-8ee7-4c45-8788-48a5947f1363","infraspecies","Animalia","Motacilla alba ocularis","","暫無危機（LC, Least Concern）","corrected_iucn"
"08f25909-8a0a-4ec7-810f-eb1db1ac4184","infraspecies","Animalia","Motacilla alba baicalensis","","暫無危機（LC, Least Concern）","corrected_iucn"
"a1100897-c944-4066-a88d-3d086a21b1f0","infraspecies","Animalia","Motacilla alba dukhunensis","","暫無危機（LC, Least Concern）","corrected_iucn"
"b5496d69-bc9c-4930-861f-8b7bd9d1e993","infraspecies","Animalia","Motacilla cinerea cinerea","","暫無危機（LC, Least Concern）","corrected_iucn"
"5595f8ed-6f48-49e7-ae2b-f56603633648","infraspecies","Animalia","Motacilla citreola citreola","","暫無危機（LC, Least Concern）","corrected_iucn"
"b0aeff40-5a65-4bfc-b9d5-3a62101a3dda","infraspecies","Animalia","Motacilla tschutschensis tschutschensis","","暫無危機（LC, Least Concern）","corrected_iucn"
"e5ab17fb-88e9-42d8-b6b0-08591e8520b7","infraspecies","Animalia","Motacilla tschutschensis macronyx","","暫無危機（LC, Least Concern）","corrected_iucn"
"abcc8154-653d-46a2-a6a4-8f3c083acedd","infraspecies","Animalia","Motacilla tschutschensis taivana","","暫無危機（LC, Least Concern）","corrected_iucn"
"80736154-3946-41d3-868e-352d78c707c2","infraspecies","Animalia","Bombycilla garrulus centralasiae","","暫無危機（LC, Least Concern）","corrected_iucn"
"758e0c4d-ec49-4c73-91a1-620eeca20267","infraspecies","Animalia","Copsychus saularis saularis","","暫無危機（LC, Least Concern）","corrected_iucn"
"3d4f3023-acd3-45fe-ae37-2ccfee35be17","infraspecies","Animalia","Cyanoptila cyanomelana cyanomelana","","暫無危機（LC, Least Concern）","corrected_iucn"
"4939e0f2-ac3d-407c-92da-035235044da9","infraspecies","Animalia","Ficedula hyperythra innexa","","暫無危機（LC, Least Concern）","corrected_iucn"
"2349bfd1-f7ed-458e-ad6c-ea0a87ca2e6c","infraspecies","Animalia","Larvivora akahige akahige","","暫無危機（LC, Least Concern）","corrected_iucn"
"62a55bbe-21ca-4c16-bbff-168d8d76b261","infraspecies","Animalia","Larvivora cyane bochaiensis","","暫無危機（LC, Least Concern）","corrected_iucn"
"580aed3d-062c-414a-876c-7cec93ad6d92","infraspecies","Animalia","Larvivora cyane cyane","","暫無危機（LC, Least Concern）","corrected_iucn"
"d67446c5-0a6f-4b5b-bf75-19ef3300cb4b","infraspecies","Animalia","Monticola solitarius philippensis","","暫無危機（LC, Least Concern）","corrected_iucn"
"0df71c7a-798d-4b92-b56f-974f6b7edc42","infraspecies","Animalia","Monticola solitarius pandoo","","暫無危機（LC, Least Concern）","corrected_iucn"
"97166694-e7a0-4058-9323-34494047cb92","infraspecies","Animalia","Muscicapa dauurica dauurica","","暫無危機（LC, Least Concern）","corrected_iucn"
"fc4a725b-de7d-4f9d-82a1-fc592d75333c","infraspecies","Animalia","Muscicapa sibirica sibirica","","暫無危機（LC, Least Concern）","corrected_iucn"
"ceafe56d-4595-4aad-88e9-557daaf8167f","infraspecies","Animalia","Niltava sundara denotata","","暫無危機（LC, Least Concern）","corrected_iucn"
"afac38c1-dd68-4408-a2db-212704852aa9","infraspecies","Animalia","Oenanthe deserti oreophila","","暫無危機（LC, Least Concern）","corrected_iucn"
"a5d3df95-f3dd-4942-be21-cd4327a33303","infraspecies","Animalia","Oenanthe deserti atrogularis","","暫無危機（LC, Least Concern）","corrected_iucn"
"d67e98b5-9dbb-47a3-9f53-e87bca8eadd3","infraspecies","Animalia","Oenanthe oenanthe oenanthe","","暫無危機（LC, Least Concern）","corrected_iucn"
"023a93a2-5d5e-407c-95f7-c923f8bda448","infraspecies","Animalia","Phoenicurus auroreus auroreus","","暫無危機（LC, Least Concern）","corrected_iucn"
"cb356438-6649-4f2b-82af-fb6cfcef282a","infraspecies","Animalia","Phoenicurus fuliginosus affinis","","暫無危機（LC, Least Concern）","corrected_iucn"
"9c7ee1eb-c57b-437f-9517-b4e941caa556","infraspecies","Animalia","Phoenicurus fuliginosus fuliginosus","","暫無危機（LC, Least Concern）","corrected_iucn"
"725d4322-933a-45ea-a5f7-103eb4e272c5","infraspecies","Animalia","Phoenicurus ochruros rufiventris","","暫無危機（LC, Least Concern）","corrected_iucn"
"442be462-2a28-4ab9-846e-119f76d59be0","infraspecies","Animalia","Tarsiger cyanurus cyanurus","","暫無危機（LC, Least Concern）","corrected_iucn"
"0d7e3678-71c8-494a-a131-f719c865223e","infraspecies","Animalia","Brachypteryx leucophris carolinae","","暫無危機（LC, Least Concern）","corrected_iucn"
"7a1e7ef8-f28d-43d1-97b7-c95dc275b04d","infraspecies","Animalia","Calliope calliope camtschatkensis","","暫無危機（LC, Least Concern）","corrected_iucn"
"ef8db97c-61fb-4655-b57e-f0357f1fda5c","infraspecies","Animalia","Calliope calliope calliope","","暫無危機（LC, Least Concern）","corrected_iucn"
"78fbfc69-ece2-4188-bc6a-feb95dce9704","infraspecies","Animalia","Enicurus scouleri fortis","","暫無危機（LC, Least Concern）","corrected_iucn"
"ee08a6cd-d0ec-4150-b3e8-f51736f545bb","infraspecies","Animalia","Eumyias thalassinus thalassinus","","暫無危機（LC, Least Concern）","corrected_iucn"
"37577c41-cdc9-4852-9f07-a1a19fefd89d","infraspecies","Animalia","Luscinia svecica svecica","","暫無危機（LC, Least Concern）","corrected_iucn"
"9d5152ec-411e-4b76-b98d-19a0fdef1a90","infraspecies","Animalia","Corvus corone orientalis","","暫無危機（LC, Least Concern）","corrected_iucn"
"e7ea8c85-e4e8-4ee2-8b9a-6a4d0bf1608b","infraspecies","Animalia","Corvus frugilegus pastinator","","暫無危機（LC, Least Concern）","corrected_iucn"
"cc944fac-1b91-4fcd-beee-4bf7062abd12","infraspecies","Animalia","Corvus macrorhynchos colonorum","","暫無危機（LC, Least Concern）","corrected_iucn"
"c53cb110-817c-45d0-8c82-9cbe8218d63e","infraspecies","Animalia","Corvus splendens insolens","","暫無危機（LC, Least Concern）","corrected_iucn"
"cbe213a8-cdb5-432a-b46f-e54548d75d1b","infraspecies","Animalia","Garrulus glandarius taivanus","","暫無危機（LC, Least Concern）","corrected_iucn"
"6c40792c-03a9-45ac-a176-a0a947b7d22b","infraspecies","Animalia","Nucifraga caryocatactes owstoni","","暫無危機（LC, Least Concern）","corrected_iucn"
"3f193303-d623-46b8-b9ac-a44e5b7a6172","infraspecies","Animalia","Dicrurus aeneus braunianus","","暫無危機（LC, Least Concern）","corrected_iucn"
"9564f099-9a4f-432c-909a-1133a4c3617d","infraspecies","Animalia","Dicrurus hottentottus brevirostris","","暫無危機（LC, Least Concern）","corrected_iucn"
"292f9c9f-8b86-452d-a0b5-59139f9a4e9b","infraspecies","Animalia","Dicrurus leucophaeus leucogenis","","暫無危機（LC, Least Concern）","corrected_iucn"
"e2be2732-949b-4735-b8b4-123128e0a942","infraspecies","Animalia","Dicrurus macrocercus cathoecus","","暫無危機（LC, Least Concern）","corrected_iucn"
"c0af0a31-1087-4601-b1b6-945642537e16","infraspecies","Animalia","Dicrurus macrocercus harterti","","暫無危機（LC, Least Concern）","corrected_iucn"
"fef25f3c-3feb-4a76-ae9e-3fd275f75347","infraspecies","Animalia","Emberiza cioides castaneiceps","","暫無危機（LC, Least Concern）","corrected_iucn"
"32190dc8-f020-4ba2-bb9d-adbe3ec39d48","infraspecies","Animalia","Emberiza elegans elegans","","暫無危機（LC, Least Concern）","corrected_iucn"
"013c10b8-7fb9-412d-b7e2-e8104dd0d4b3","infraspecies","Animalia","Emberiza fucata fucata","","暫無危機（LC, Least Concern）","corrected_iucn"
"1fce5c5f-75ca-4b5f-9bca-2c7cfda06aea","infraspecies","Animalia","Emberiza fucata kuatunensis","","暫無危機（LC, Least Concern）","corrected_iucn"
"62511ccc-6edf-4054-a3bb-ea69ebbc25c3","infraspecies","Animalia","Emberiza leucocephalos leucocephalos","","暫無危機（LC, Least Concern）","corrected_iucn"
"3ec5e648-2f8d-4dad-b1f3-ef4a574dc79a","infraspecies","Animalia","Emberiza pallasi polaris","","暫無危機（LC, Least Concern）","corrected_iucn"
"4d7ef9a0-f730-49fd-abeb-84727fc37463","infraspecies","Animalia","Emberiza schoeniclus pallidior","","暫無危機（LC, Least Concern）","corrected_iucn"
"0e91b442-5f18-4a05-a6cc-a0df429a1351","infraspecies","Animalia","Emberiza spodocephala spodocephala","","暫無危機（LC, Least Concern）","corrected_iucn"
"a86417d4-9eac-4c76-95f0-db730bc71f85","infraspecies","Animalia","Emberiza spodocephala sordida","","暫無危機（LC, Least Concern）","corrected_iucn"
"a6dab7b0-f273-4e20-91b2-2da85be91cb6","infraspecies","Animalia","Estrilda melpoda melpoda","","暫無危機（LC, Least Concern）","corrected_iucn"
"099552d8-6b9d-4f92-9667-a690fe0c286c","infraspecies","Animalia","Lonchura atricapilla sinensis","","暫無危機（LC, Least Concern）","corrected_iucn"
"1dc2ca35-a992-4753-b6e8-d609774848dc","infraspecies","Animalia","Lonchura atricapilla jagori","","暫無危機（LC, Least Concern）","corrected_iucn"
"69e21abf-b727-4b43-8fe6-d5fd3adf1ad5","infraspecies","Animalia","Lonchura atricapilla deignani","","暫無危機（LC, Least Concern）","corrected_iucn"
"8e21adba-2006-40d2-9c14-55b1a88f47c1","infraspecies","Animalia","Lonchura punctulata topela","","暫無危機（LC, Least Concern）","corrected_iucn"
"940bad35-bee9-4eea-8049-e0d4f5a222a5","infraspecies","Animalia","Lonchura striata swinhoei","","暫無危機（LC, Least Concern）","corrected_iucn"
"0a9363b2-0192-4bd3-a555-43cd6bcb5d92","infraspecies","Animalia","Suthora verreauxi morrisoniana","","暫無危機（LC, Least Concern）","corrected_iucn"
"4b4c1968-3ecd-41bc-8f58-6ce562419e6f","infraspecies","Animalia","Geokichla sibirica davisoni","","暫無危機（LC, Least Concern）","corrected_iucn"
"12825570-c385-4fc5-965e-56851cfab6e5","infraspecies","Animalia","Geokichla sibirica sibirica","","暫無危機（LC, Least Concern）","corrected_iucn"
"8c444c42-ea52-4fab-9e49-ceeda6697bac","infraspecies","Animalia","Turdus chrysolaus chrysolaus","","暫無危機（LC, Least Concern）","corrected_iucn"
"c93d5131-4343-4a7e-a35b-f4a118d01244","infraspecies","Animalia","Turdus mandarinus mandarinus","","暫無危機（LC, Least Concern）","corrected_iucn"
"9d228fcf-9b97-4431-be6b-9dc500323656","infraspecies","Animalia","Zoothera aurea aurea","","暫無危機（LC, Least Concern）","corrected_iucn"
"afcba86e-e370-45fc-9b98-4feb057b5330","infraspecies","Animalia","Zoothera aurea toratugumi","","暫無危機（LC, Least Concern）","corrected_iucn"
"b16e18d9-a49b-4086-9926-9ecd06967018","infraspecies","Animalia","Zoothera dauma dauma","","暫無危機（LC, Least Concern）","corrected_iucn"
"03519181-616a-4f5b-87dd-36be6d1d7228","infraspecies","Animalia","Horornis acanthizoides concolor","","暫無危機（LC, Least Concern）","corrected_iucn"
"632cc291-4d92-4336-a1d0-0e478a3061e3","infraspecies","Animalia","Horornis diphone cantans","","暫無危機（LC, Least Concern）","corrected_iucn"
"2477859d-aaeb-46de-bf45-b7db7cc11831","infraspecies","Animalia","Horornis diphone viridis","","暫無危機（LC, Least Concern）","corrected_iucn"
"d07b2dc5-4fca-427f-9eb5-4d858a6c6884","infraspecies","Animalia","Horornis canturians canturians","","暫無危機（LC, Least Concern）","corrected_iucn"
"4357e4b5-3f7c-438d-9ec0-4d8cd953744e","infraspecies","Animalia","Horornis fortipes robustipes","","暫無危機（LC, Least Concern）","corrected_iucn"
"1fcc280e-3a9b-47cd-aaaa-25ef7309f36c","infraspecies","Animalia","Horornis fortipes davidianus","","暫無危機（LC, Least Concern）","corrected_iucn"
"67390182-f93f-4912-b5fd-ad81de94f140","infraspecies","Animalia","Abroscopus albogularis fulvifacies","","暫無危機（LC, Least Concern）","corrected_iucn"
"9f8e69bc-a3c4-46ae-a26a-621351271aee","infraspecies","Animalia","Pericrocotus ethologus ethologus","","暫無危機（LC, Least Concern）","corrected_iucn"
"505aff80-12f4-4377-9865-7efc3e038ec4","infraspecies","Animalia","Pericrocotus solaris griseogularis","","暫無危機（LC, Least Concern）","corrected_iucn"
"a752127b-923a-419b-8237-01f55029333e","infraspecies","Animalia","Coracina macei rexpineti","","暫無危機（LC, Least Concern）","corrected_iucn"
"cc30da87-5f00-4860-9312-6d4d77196a1c","infraspecies","Animalia","Lanius bucephalus bucephalus","","暫無危機（LC, Least Concern）","corrected_iucn"
"86c74a57-083b-4a23-b336-6d6fe9cf1af4","infraspecies","Animalia","Lanius collurioides collurioides","","暫無危機（LC, Least Concern）","corrected_iucn"
"ba893bc3-208f-4e36-9042-5b5c5e5768f3","infraspecies","Animalia","Lanius cristatus lucionensis","","暫無危機（LC, Least Concern）","corrected_iucn"
"39d5f3f0-4491-4623-94ce-0f60f0c8aed3","infraspecies","Animalia","Lanius cristatus confusus","","暫無危機（LC, Least Concern）","corrected_iucn"
"917e2adf-6a26-4621-887a-8cdee1e3e24e","infraspecies","Animalia","Lanius cristatus superciliosus","","暫無危機（LC, Least Concern）","corrected_iucn"
"d38d18fe-d765-4aea-b655-ffc08591de18","infraspecies","Animalia","Helopsaltes certhiola certhiola","","暫無危機（LC, Least Concern）","corrected_iucn"
"8f275e1f-e4dd-46b4-be50-a51038c9f476","infraspecies","Animalia","Locustella lanceolata lanceolata","","暫無危機（LC, Least Concern）","corrected_iucn"
"76df0983-7d3c-4e81-ac82-e689decc6276","infraspecies","Animalia","Locustella lanceolata hendersonii","","暫無危機（LC, Least Concern）","corrected_iucn"
"c1221dfa-f1a5-4c4f-8803-788a2ddd353b","infraspecies","Animalia","Helopsaltes ochotensis ochotensis","","暫無危機（LC, Least Concern）","corrected_iucn"
"3a66f27f-b957-4abb-8df3-f4eb7b03fde2","infraspecies","Animalia","Helopsaltes ochotensis subcerthiola","","暫無危機（LC, Least Concern）","corrected_iucn"
"d1806e25-f71b-4c45-b8c7-6cb62d373eb1","infraspecies","Animalia","Periparus ater ptilosus","","暫無危機（LC, Least Concern）","corrected_iucn"
"ef09812a-2d80-4450-b311-e7aac9eb22ad","infraspecies","Animalia","Sittiparus varius varius","","暫無危機（LC, Least Concern）","corrected_iucn"
"60c16ff7-c3df-469f-ad85-84c16443859f","infraspecies","Animalia","Parus monticolus insperatus","","暫無危機（LC, Least Concern）","corrected_iucn"
"9f84a519-c070-4703-9113-d6fcde1abc42","infraspecies","Animalia","Cyanoderma ruficeps praecognitum","","暫無危機（LC, Least Concern）","corrected_iucn"
"1d750c53-5643-4c77-aa32-f6e6e13dba32","infraspecies","Animalia","Phylloscopus affinis affinis","","暫無危機（LC, Least Concern）","corrected_iucn"
"734f659a-16f1-43a3-aa93-26ae99576711","infraspecies","Animalia","Phylloscopus armandii armandii","","暫無危機（LC, Least Concern）","corrected_iucn"
"b85ca7f7-52be-4ef1-818a-12a1ae80fdf4","infraspecies","Animalia","Phylloscopus borealis borealis","","暫無危機（LC, Least Concern）","corrected_iucn"
"3ff74878-5b89-441b-86c5-4cff31dc7766","infraspecies","Animalia","Phylloscopus collybita tristis","","暫無危機（LC, Least Concern）","corrected_iucn"
"9ac94a59-3fb3-49e0-a227-e2b89b1bec26","infraspecies","Animalia","Phylloscopus fuscatus fuscatus","","暫無危機（LC, Least Concern）","corrected_iucn"
"1e90eae6-b6da-46d2-a7d3-63b27100f7b4","infraspecies","Animalia","Phylloscopus goodsoni fokiensis","","暫無危機（LC, Least Concern）","corrected_iucn"
"5af0fa74-3f5e-4ce7-a501-cb516cddd01f","infraspecies","Animalia","Phylloscopus castaniceps sinensis","","暫無危機（LC, Least Concern）","corrected_iucn"
"894bc6a0-7f54-4bf5-a436-dc094aad44ec","infraspecies","Animalia","Pitta sordida sordida","","暫無危機（LC, Least Concern）","corrected_iucn"
"35f5b540-ef72-445b-85e0-63b70e3d1d95","infraspecies","Animalia","Prunella collaris fennelli","","暫無危機（LC, Least Concern）","corrected_iucn"
"1565402e-092d-4497-a53b-9d85d32a0f80","infraspecies","Animalia","Pycnonotus aurigaster chrysorrhoides","","暫無危機（LC, Least Concern）","corrected_iucn"
"54b7ade7-1d63-44ff-87c1-1648197d8df8","infraspecies","Animalia","Pycnonotus sinensis formosae","","暫無危機（LC, Least Concern）","corrected_iucn"
"9bc8b754-43ec-44b8-bdcd-064666be7890","infraspecies","Animalia","Pycnonotus sinensis sinensis","","暫無危機（LC, Least Concern）","corrected_iucn"
"15de920a-2e7a-4d41-b62c-02b11391a888","infraspecies","Animalia","Hemixos castanonotus canipennis","","暫無危機（LC, Least Concern）","corrected_iucn"
"12f55031-e66e-40df-8171-03a4064270ac","infraspecies","Animalia","Hypsipetes amaurotis harterti","","暫無危機（LC, Least Concern）","corrected_iucn"
"e54e81d5-264f-4e85-9924-122d4ee05081","infraspecies","Animalia","Hypsipetes amaurotis amaurotis","","暫無危機（LC, Least Concern）","corrected_iucn"
"6bdc33fb-7685-4f7f-814d-06ff1606f53e","infraspecies","Animalia","Hypsipetes leucocephalus leucocephalus","","暫無危機（LC, Least Concern）","corrected_iucn"
"16ff889b-e7d2-46fc-b690-7de745310cb3","infraspecies","Animalia","Spizixos semitorques cinereicapillus","","暫無危機（LC, Least Concern）","corrected_iucn"
"c4f14045-7f3f-4127-aa82-b6652ec86db7","infraspecies","Animalia","Spizixos semitorques semitorques","","暫無危機（LC, Least Concern）","corrected_iucn"
"357ffb67-81c7-4fc4-a8e1-0a9412f42bac","infraspecies","Animalia","Regulus regulus japonensis","","暫無危機（LC, Least Concern）","corrected_iucn"
"2190fbbd-a33a-49f1-8a65-655a0ddb1342","infraspecies","Animalia","Terpsiphone atrocaudata periophthalmica","","暫無危機（LC, Least Concern）","corrected_iucn"
"af647599-96b3-4b54-8079-3f3139303c01","infraspecies","Animalia","Terpsiphone atrocaudata illex","","暫無危機（LC, Least Concern）","corrected_iucn"
"0505145a-853b-4672-ba2c-e1f7e1515dce","infraspecies","Animalia","Hypothymis azurea oberholseri","","暫無危機（LC, Least Concern）","corrected_iucn"
"39cbf245-2b66-460c-b41a-a604c6b8bdee","infraspecies","Animalia","Hypothymis azurea styani","","暫無危機（LC, Least Concern）","corrected_iucn"
"e0275275-b446-49fa-801c-dd66ed623d96","infraspecies","Animalia","Zosterops simplex simplex","","暫無危機（LC, Least Concern）","corrected_iucn"
"32fe4ba9-89e8-4005-8f56-2610eccc1113","infraspecies","Animalia","Zosterops japonicus japonicus","","暫無危機（LC, Least Concern）","corrected_iucn"
"9be63a32-1746-4a15-ade5-dee06b93d484","infraspecies","Animalia","Zosterops meyeni batanis","","暫無危機（LC, Least Concern）","corrected_iucn"
"0e050636-fb36-437b-aac0-4d2876defa09","infraspecies","Animalia","Aegithalos concinnus concinnus","","暫無危機（LC, Least Concern）","corrected_iucn"
"bc98cafe-d106-4a52-a61d-80d237cfb17e","infraspecies","Animalia","Aethopyga gouldiae dabryii","","暫無危機（LC, Least Concern）","corrected_iucn"
"65118ecd-b5a3-4670-88b9-cd28e9825948","infraspecies","Animalia","Cinnyris jugularis rhizophorae","","暫無危機（LC, Least Concern）","corrected_iucn"
"48deeb84-7f76-40c8-85c8-4e108d661d4a","infraspecies","Animalia","Calcarius lapponicus coloratus","","暫無危機（LC, Least Concern）","corrected_iucn"
"4960f35f-7052-44d0-a934-e49dfe252fa4","infraspecies","Animalia","Plectrophenax nivalis vlasowae","","暫無危機（LC, Least Concern）","corrected_iucn"
"7cf54952-75af-4f6d-bbdb-c7cb90f28e30","infraspecies","Animalia","Cecropis daurica japonica","","暫無危機（LC, Least Concern）","corrected_iucn"
"126f6597-add8-4b99-a041-f76c2d00598c","infraspecies","Animalia","Delichon dasypus nigrimentale","","暫無危機（LC, Least Concern）","corrected_iucn"
"6c5fa004-ddde-4f62-b52e-a6dc60773ebb","infraspecies","Animalia","Delichon dasypus dasypus","","暫無危機（LC, Least Concern）","corrected_iucn"
"4a0e6c84-cebf-4b5e-9983-f511e80c87e0","infraspecies","Animalia","Delichon urbicum lagopodum","","暫無危機（LC, Least Concern）","corrected_iucn"
"b52f9731-5587-47e2-8181-f5e4a10f789f","infraspecies","Animalia","Hirundo rustica gutturalis","","暫無危機（LC, Least Concern）","corrected_iucn"
"2a2aec93-ddad-4d8c-9a9b-f8a5e0d92350","infraspecies","Animalia","Hirundo rustica mandschurica","","暫無危機（LC, Least Concern）","corrected_iucn"
"52c34a77-ee93-499c-92dc-a053c5049cc6","infraspecies","Animalia","Hirundo rustica tytleri","","暫無危機（LC, Least Concern）","corrected_iucn"
"67f4b13c-b4da-4b62-9f05-bcd433c5cdd5","infraspecies","Animalia","Hirundo tahitica namiyei","","暫無危機（LC, Least Concern）","corrected_iucn"
"0ec707fe-c1d1-479d-9f3a-dbb657fbfb21","infraspecies","Animalia","Hirundo tahitica javanica","","暫無危機（LC, Least Concern）","corrected_iucn"
"7ddcddbe-cc1f-403d-99ac-4fab212ba30e","infraspecies","Animalia","Riparia chinensis chinensis","","暫無危機（LC, Least Concern）","corrected_iucn"
"6458340f-4da8-48c7-9465-2d870788950c","infraspecies","Animalia","Riparia riparia ijimae","","暫無危機（LC, Least Concern）","corrected_iucn"
"f9f576d1-6572-4837-a9e0-10de1ac4d083","infraspecies","Animalia","Cinclus pallasii pallasii","","暫無危機（LC, Least Concern）","corrected_iucn"
"c8b2d4f1-64f5-4ac9-8397-571c137a4e9a","infraspecies","Animalia","Cisticola exilis volitans","","暫無危機（LC, Least Concern）","corrected_iucn"
"bdf36132-6396-45b1-b1d2-e1398be99527","infraspecies","Animalia","Cisticola juncidis tinnabulans","","暫無危機（LC, Least Concern）","corrected_iucn"
"a16f0b8d-92b3-4dd5-9e0b-65df3699c9e9","infraspecies","Animalia","Prinia striata striata","","暫無危機（LC, Least Concern）","corrected_iucn"
"75f97c3a-7153-4d92-81ca-013fc19f6680","infraspecies","Animalia","Prinia inornata extensicauda","","暫無危機（LC, Least Concern）","corrected_iucn"
"78c6388f-66a0-4684-905a-9996c700af47","infraspecies","Animalia","Culicicapa ceylonensis calochrysea","","暫無危機（LC, Least Concern）","corrected_iucn"
"f591488a-7abc-44fe-bb37-808465621023","infraspecies","Animalia","Dicaeum ignipectus formosum","","暫無危機（LC, Least Concern）","corrected_iucn"
"4b2190e6-7993-4251-b56f-e8252fd24486","infraspecies","Animalia","Dicaeum minullum uchidai","","暫無危機（LC, Least Concern）","corrected_iucn"
"3736a780-409a-4f15-820b-a5271e7efa0f","infraspecies","Animalia","Erpornis zantholeuca griseiloris","","暫無危機（LC, Least Concern）","corrected_iucn"
"96648456-b936-4603-a826-b9290f627dba","infraspecies","Animalia","Oriolus chinensis diffusus","","暫無危機（LC, Least Concern）","corrected_iucn"
"58c022b9-5598-44ca-93c5-514bbf212e49","infraspecies","Animalia","Oriolus chinensis maculatus","","暫無危機（LC, Least Concern）","corrected_iucn"
"2a7dbf7c-f290-45ab-98cf-f71b787aeba1","infraspecies","Animalia","Oriolus traillii ardens","","暫無危機（LC, Least Concern）","corrected_iucn"
"7b2b8694-a894-4fb1-9d96-9c465e2f2e49","infraspecies","Animalia","Passer montanus saturatus","","暫無危機（LC, Least Concern）","corrected_iucn"
"113edf4b-7c13-4ae0-8e01-bcf2d1e38486","infraspecies","Animalia","Schoeniparus brunneus brunneus","","暫無危機（LC, Least Concern）","corrected_iucn"
"f3f17e16-6025-4d61-b2ce-98c05ed7b265","infraspecies","Animalia","Sitta europaea formosana","","暫無危機（LC, Least Concern）","corrected_iucn"
"dcc62a9a-a73f-4381-abe0-2dc4572941cc","infraspecies","Animalia","Troglodytes troglodytes taivanus","","暫無危機（LC, Least Concern）","corrected_iucn"
"6edc0f8d-5367-4984-94d4-d2a4f59f4b0a","infraspecies","Animalia","Accipiter badius poliopsis","","暫無危機（LC, Least Concern）","corrected_iucn"
"fea1180f-5663-4500-95bd-c8e8530e1038","infraspecies","Animalia","Accipiter gentilis fujiyamae","","暫無危機（LC, Least Concern）","corrected_iucn"
"e59aa6c7-db54-452e-86c9-17c0fd5e7274","infraspecies","Animalia","Accipiter gentilis schvedowi","","暫無危機（LC, Least Concern）","corrected_iucn"
"2d6dd3dd-f84a-4a5d-931c-46ebd54602d5","infraspecies","Animalia","Accipiter gularis gularis","","暫無危機（LC, Least Concern）","corrected_iucn"
"4b695626-9998-4d81-9868-d01ab2659431","infraspecies","Animalia","Accipiter nisus nisosimilis","","暫無危機（LC, Least Concern）","corrected_iucn"
"8b793d63-11b9-47e2-b5bd-6fb62571ca19","infraspecies","Animalia","Accipiter trivirgatus formosae","","暫無危機（LC, Least Concern）","corrected_iucn"
"6b2f477b-2331-40c0-87c2-e97d606daf03","infraspecies","Animalia","Accipiter trivirgatus indicus","","暫無危機（LC, Least Concern）","corrected_iucn"
"83d5702a-0f7d-44cb-bb4b-0363432d7683","infraspecies","Animalia","Accipiter virgatus fuscipectus","","暫無危機（LC, Least Concern）","corrected_iucn"
"ff09956d-ea7a-4568-980f-7c0d7f5b6f0a","infraspecies","Animalia","Accipiter virgatus affinis","","暫無危機（LC, Least Concern）","corrected_iucn"
"305fb33a-102c-4346-a8e4-e0f7924f24e6","infraspecies","Animalia","Aquila fasciata fasciata","","暫無危機（LC, Least Concern）","corrected_iucn"
"1cde0d7f-e86d-478b-97bc-563a0869f158","infraspecies","Animalia","Buteo japonicus japonicus","","暫無危機（LC, Least Concern）","corrected_iucn"
"366e2e63-8640-4953-adfa-ff5e76125d3b","infraspecies","Animalia","Buteo lagopus menzbieri","","暫無危機（LC, Least Concern）","corrected_iucn"
"0dc8c3b9-a9ad-4d02-9af9-74cc3b5d32f3","infraspecies","Animalia","Buteo lagopus kamtschatkensis","","暫無危機（LC, Least Concern）","corrected_iucn"
"0de4d8f5-1318-489c-a961-75fa05f76e0b","infraspecies","Animalia","Circus cyaneus cyaneus","","暫無危機（LC, Least Concern）","corrected_iucn"
"d1c89829-7756-45f1-9842-8be37d714222","infraspecies","Animalia","Aviceda leuphotes syama","","暫無危機（LC, Least Concern）","corrected_iucn"
"7fdb1a8f-7ec9-4c86-a1e7-e802953dbba0","infraspecies","Animalia","Elanus caeruleus vociferus","","暫無危機（LC, Least Concern）","corrected_iucn"
"61a4aecd-9074-46bd-9f28-a65fe07883bd","infraspecies","Animalia","Haliastur indus indus","","暫無危機（LC, Least Concern）","corrected_iucn"
"b20f5a90-dff6-48a9-b9ba-fd047d2ec7b7","infraspecies","Animalia","Ictinaetus malaiensis malaiensis","","暫無危機（LC, Least Concern）","corrected_iucn"
"a04e4fd0-703a-418e-8aa7-2948c0d0468d","infraspecies","Animalia","Milvus migrans formosanus","","暫無危機（LC, Least Concern）","corrected_iucn"
"869544b3-aede-40ef-bec8-a2f05484b9e3","infraspecies","Animalia","Milvus migrans lineatus","","暫無危機（LC, Least Concern）","corrected_iucn"
"9e3f272f-1fc2-41e5-9ce7-5c3885a967ec","infraspecies","Animalia","Spilornis cheela hoya","","暫無危機（LC, Least Concern）","corrected_iucn"
"27212316-f8b0-408b-8ca7-bafa764542a0","infraspecies","Animalia","Pandion haliaetus haliaetus","","暫無危機（LC, Least Concern）","corrected_iucn"
"652f825e-fe39-4d90-90a3-40f0d507e7b2","infraspecies","Animalia","Gallinago gallinago gallinago","","暫無危機（LC, Least Concern）","corrected_iucn"
"b7af91bd-4612-4cc0-acd0-d4e4dc9a31eb","infraspecies","Animalia","Numenius phaeopus variegatus","","暫無危機（LC, Least Concern）","corrected_iucn"
"5c70916f-eae3-4a5b-b704-d15eac6814bb","infraspecies","Animalia","Tringa totanus ussuriensis","","暫無危機（LC, Least Concern）","corrected_iucn"
"73c672dc-62a0-4f7a-9348-8aa8b8c80b8d","infraspecies","Animalia","Tringa totanus terrignotae","","暫無危機（LC, Least Concern）","corrected_iucn"
"0ff80a8a-cff7-4c96-92c4-3e890b28b7c7","infraspecies","Animalia","Anous stolidus pileatus","","暫無危機（LC, Least Concern）","corrected_iucn"
"34bd7b8e-8ef4-416f-bf72-ec9d74c23b60","infraspecies","Animalia","Chlidonias hybrida hybrida","","暫無危機（LC, Least Concern）","corrected_iucn"
"380420b6-e1fe-4762-a8fb-5678db4742f9","infraspecies","Animalia","Chlidonias niger niger","","暫無危機（LC, Least Concern）","corrected_iucn"
"0514714c-df1d-4a4f-9791-2261e5b65a57","infraspecies","Animalia","Larus argentatus vegae","","暫無危機（LC, Least Concern）","corrected_iucn"
"e990d3c4-b6c2-44ce-91d2-d9ff729942a9","infraspecies","Animalia","Larus argentatus mongolicus","","暫無危機（LC, Least Concern）","corrected_iucn"
"17075073-6b54-43d7-9bed-4366ef02d2db","infraspecies","Animalia","Larus canus kamtschatschensis","","暫無危機（LC, Least Concern）","corrected_iucn"
"6da2d30c-3acc-4f87-ac74-b551087d0680","infraspecies","Animalia","Larus canus heinei","","暫無危機（LC, Least Concern）","corrected_iucn"
"435288c9-671b-47a3-b9a6-a761658340d8","infraspecies","Animalia","Larus fuscus heuglini","","暫無危機（LC, Least Concern）","corrected_iucn"
"f16f2686-740f-4124-a3e0-56ff585fb720","infraspecies","Animalia","Larus hyperboreus hyperboreus","","暫無危機（LC, Least Concern）","corrected_iucn"
"2b0852f5-0717-4b07-8eba-bfa790efd475","infraspecies","Animalia","Onychoprion anaethetus anaethetus","","暫無危機（LC, Least Concern）","corrected_iucn"
"fe65f6d5-ce75-44bf-938f-7125be403f1c","infraspecies","Animalia","Onychoprion fuscatus nubilosus","","暫無危機（LC, Least Concern）","corrected_iucn"
"279a32f1-10a5-43d9-98dd-1dbaf2a4ef75","infraspecies","Animalia","Thalasseus bergii cristatus","","暫無危機（LC, Least Concern）","corrected_iucn"
"02ea2d6c-4718-4e59-97be-112208a18bab","infraspecies","Animalia","Thalasseus sandvicensis sandvicensis","","暫無危機（LC, Least Concern）","corrected_iucn"
"61b8e0ae-d7ff-43a2-a19f-695d10675f87","infraspecies","Animalia","Gelochelidon nilotica affinis","","暫無危機（LC, Least Concern）","corrected_iucn"
"1db755b9-2339-4744-a2c7-ef3019f77592","infraspecies","Animalia","Sterna dougallii bangsi","","暫無危機（LC, Least Concern）","corrected_iucn"
"598c1cc9-dd96-48c4-bb9d-eb13b0346b1d","infraspecies","Animalia","Sterna hirundo longipennis","","暫無危機（LC, Least Concern）","corrected_iucn"
"cbae67b4-4ddb-4724-b67e-5beea51555e6","infraspecies","Animalia","Sterna hirundo minussensis","","暫無危機（LC, Least Concern）","corrected_iucn"
"1db8ec83-1bef-462d-88cd-204ed3de3447","infraspecies","Animalia","Sterna sumatrana sumatrana","","暫無危機（LC, Least Concern）","corrected_iucn"
"cf6fced1-854c-40ff-9732-02864e309051","infraspecies","Animalia","Sternula albifrons sinensis","","暫無危機（LC, Least Concern）","corrected_iucn"
"ee0c66fd-cf31-469d-a940-b0c735f3b6c2","infraspecies","Animalia","Charadrius alexandrinus alexandrinus","","暫無危機（LC, Least Concern）","corrected_iucn"
"7d616cdd-8a55-4742-a160-590b49b55c27","infraspecies","Animalia","Charadrius dubius curonicus","","暫無危機（LC, Least Concern）","corrected_iucn"
"e605f49e-6e56-41c6-9520-8768c32328e0","infraspecies","Animalia","Charadrius hiaticula tundrae","","暫無危機（LC, Least Concern）","corrected_iucn"
"74eded14-8860-4fde-8b93-dff81f34bb7c","infraspecies","Animalia","Charadrius leschenaultii leschenaultii","","暫無危機（LC, Least Concern）","corrected_iucn"
"3bcb18cf-fbcc-4ba4-b471-27337ddbfadc","infraspecies","Animalia","Stercorarius longicaudus pallescens","","暫無危機（LC, Least Concern）","corrected_iucn"
"2cfa9e3b-fe26-4832-95dd-4fbfaff805fc","infraspecies","Animalia","Synthliboramphus antiquus microrhynchos","","暫無危機（LC, Least Concern）","corrected_iucn"
"abaf002b-9561-42b0-a3fb-e039ed2c3408","infraspecies","Animalia","Uria aalge inornata","","暫無危機（LC, Least Concern）","corrected_iucn"
"973c40f7-ac38-4640-b074-e7d63813a335","infraspecies","Animalia","Turnix suscitator rostratus","","暫無危機（LC, Least Concern）","corrected_iucn"
"7c587ae5-32b9-4c04-960f-8a7894b12d65","infraspecies","Animalia","Turnix tanki blanfordii","","暫無危機（LC, Least Concern）","corrected_iucn"
"02ac38b2-e6c9-4ea1-b0ee-55198bb9d2dc","infraspecies","Animalia","Anser albifrons frontalis","","暫無危機（LC, Least Concern）","corrected_iucn"
"be261c9e-b7c2-4449-a762-713b24b764d3","infraspecies","Animalia","Anser anser rubrirostris","","暫無危機（LC, Least Concern）","corrected_iucn"
"2491f32f-6f07-4572-80ea-b86ca7ceb1a0","infraspecies","Animalia","Branta bernicla nigricans","","暫無危機（LC, Least Concern）","corrected_iucn"
"d1217867-c57e-4f76-a9c6-0928e4429d22","infraspecies","Animalia","Cygnus columbianus bewickii","","暫無危機（LC, Least Concern）","corrected_iucn"
"fc2946f6-d415-4540-aab6-8fa1868be6bc","infraspecies","Animalia","Mergus merganser merganser","","暫無危機（LC, Least Concern）","corrected_iucn"
"f62540ca-eef0-4dde-8b5b-c08fa5546fde","infraspecies","Animalia","Bucephala clangula clangula","","暫無危機（LC, Least Concern）","corrected_iucn"
"515edd93-bcb8-4c30-b78e-ce8ce4ae890e","infraspecies","Animalia","Nettapus coromandelianus coromandelianus","","暫無危機（LC, Least Concern）","corrected_iucn"
"22208058-1bab-436b-b9f0-e05ae5a957c5","infraspecies","Animalia","Amaurornis phoenicurus phoenicurus","","暫無危機（LC, Least Concern）","corrected_iucn"
"b2260dc7-84ec-4245-aef9-fc12e175e03c","infraspecies","Animalia","Rallina eurizonoides formosana","","暫無危機（LC, Least Concern）","corrected_iucn"
"9749961c-5077-4c7c-81e4-0973871b6336","infraspecies","Animalia","Zapornia pusilla pusilla","","暫無危機（LC, Least Concern）","corrected_iucn"
"d478211a-08bc-444d-9ef4-f783350427a8","infraspecies","Animalia","Fulica atra atra","","暫無危機（LC, Least Concern）","corrected_iucn"
"379c2e91-228b-48b9-b1a3-b50a90c0d0e9","infraspecies","Animalia","Gallinula chloropus chloropus","","暫無危機（LC, Least Concern）","corrected_iucn"
"93e0a410-8c67-4013-a039-c9f2d2c46ef6","infraspecies","Animalia","Lewinia striata taiwana","","暫無危機（LC, Least Concern）","corrected_iucn"
"43f2a2a4-b784-4974-a45c-0533a0811f53","infraspecies","Animalia","Lewinia striata jouyi","","暫無危機（LC, Least Concern）","corrected_iucn"
"9daa4aa9-c9ed-4ed0-83df-4120e5966cf5","infraspecies","Animalia","Phasianus colchicus formosanus","","暫無危機（LC, Least Concern）","corrected_iucn"
"da946eff-550a-49ef-9c2d-6cafb480ccb9","infraspecies","Animalia","Phasianus colchicus karpowi","","暫無危機（LC, Least Concern）","corrected_iucn"
"d76eb214-7b17-426a-9f12-1c58b046336b","infraspecies","Animalia","Gallus gallus domesticus","","暫無危機（LC, Least Concern）","corrected_iucn"
"bb23c5b7-b2b6-4035-a552-9aa9e9f321ec","infraspecies","Animalia","Ardeola speciosa continentalis","","暫無危機（LC, Least Concern）","corrected_iucn"
"a90c00c1-7501-4e45-93bd-ecf0d53aae9a","infraspecies","Animalia","Egretta garzetta garzetta","","暫無危機（LC, Least Concern）","corrected_iucn"
"36763926-a839-4941-b980-bb259408c27a","infraspecies","Animalia","Egretta novaehollandiae novaehollandiae","","暫無危機（LC, Least Concern）","corrected_iucn"
"631788f9-a3a7-48d2-bf87-a7caf02026a9","infraspecies","Animalia","Egretta sacra sacra","","暫無危機（LC, Least Concern）","corrected_iucn"
"6a0bd750-3793-403c-abba-57fb49246e85","infraspecies","Animalia","Ixobrychus flavicollis flavicollis","","暫無危機（LC, Least Concern）","corrected_iucn"
"1987e6a0-9ef1-4cd6-80a4-f4c8dcae4225","infraspecies","Animalia","Ardea cinerea jouyi","","暫無危機（LC, Least Concern）","corrected_iucn"
"df159770-6e41-445f-bb41-5d5291526689","infraspecies","Animalia","Ardea purpurea manilensis","","暫無危機（LC, Least Concern）","corrected_iucn"
"b666a32b-0a17-4f6c-b8ae-2e5a56becf5b","infraspecies","Animalia","Botaurus stellaris stellaris","","暫無危機（LC, Least Concern）","corrected_iucn"
"e95c51ba-0f2c-4239-9006-6aaf814d506f","infraspecies","Animalia","Bubulcus ibis coromandus","","暫無危機（LC, Least Concern）","corrected_iucn"
"57f41bd8-7220-4565-b0be-61287c345a9c","infraspecies","Animalia","Butorides striata carcinophila","","暫無危機（LC, Least Concern）","corrected_iucn"
"b3fe83b7-cefd-4c92-8cf2-453667144767","infraspecies","Animalia","Butorides striata amurensis","","暫無危機（LC, Least Concern）","corrected_iucn"
"ccd6d3cc-7649-4c3d-aee5-7d2832422025","infraspecies","Animalia","Butorides striata actophila","","暫無危機（LC, Least Concern）","corrected_iucn"
"d00430e4-f846-45c2-9b7d-e5b2e3ba8aa5","infraspecies","Animalia","Nycticorax caledonicus manillensis","","暫無危機（LC, Least Concern）","corrected_iucn"
"44211b49-e49a-49ab-a43c-37d307a83388","infraspecies","Animalia","Nycticorax nycticorax nycticorax","","暫無危機（LC, Least Concern）","corrected_iucn"
"cd7447cd-1443-4c1e-ada5-cca6049d2acf","infraspecies","Animalia","Platalea leucorodia leucorodia","","暫無危機（LC, Least Concern）","corrected_iucn"
"71a2a98f-257e-4c20-9248-3136dffbdcab","infraspecies","Animalia","Threskiornis aethiopicus aethiopicus","","暫無危機（LC, Least Concern）","corrected_iucn"
"3afd208a-40cc-48dc-9969-be241d2197d5","infraspecies","Animalia","Clamator jacobinus pica","","暫無危機（LC, Least Concern）","corrected_iucn"
"2911c3a1-269e-4316-8650-28c5dba9edc4","infraspecies","Animalia","Cuculus canorus canorus","","暫無危機（LC, Least Concern）","corrected_iucn"
"de9b2451-ed25-4021-8758-b1bcc5245998","infraspecies","Animalia","Cuculus micropterus micropterus","","暫無危機（LC, Least Concern）","corrected_iucn"
"873c401c-00dd-4b01-9be8-aa6aa8560b49","infraspecies","Animalia","Cacomantis merulinus querulus","","暫無危機（LC, Least Concern）","corrected_iucn"
"e1c7e044-12d7-4fd3-a059-73084d9f4465","infraspecies","Animalia","Centropus bengalensis lignator","","暫無危機（LC, Least Concern）","corrected_iucn"
"3b1cb7ed-6690-4a43-81df-f9d41321db86","infraspecies","Animalia","Centropus sinensis sinensis","","暫無危機（LC, Least Concern）","corrected_iucn"
"57ece490-8a91-4f97-9067-6b80759e9b28","infraspecies","Animalia","Surniculus lugubris barussarum","","暫無危機（LC, Least Concern）","corrected_iucn"
"0eaf6bee-f33e-4869-99a9-654edcb25956","infraspecies","Animalia","Columba janthina janthina","","暫無危機（LC, Least Concern）","corrected_iucn"
"480cdaf0-aa28-44f4-b906-780e9aa7a52d","infraspecies","Animalia","Spilopelia chinensis chinensis","","暫無危機（LC, Least Concern）","corrected_iucn"
"85d262ad-9949-488f-a94a-b2ac006c56d6","infraspecies","Animalia","Streptopelia orientalis orii","","暫無危機（LC, Least Concern）","corrected_iucn"
"0f71f76e-ee96-4078-b0bb-c3065892f433","infraspecies","Animalia","Streptopelia orientalis orientalis","","暫無危機（LC, Least Concern）","corrected_iucn"
"06fe9af4-3836-4403-9149-973364216db0","infraspecies","Animalia","Streptopelia tranquebarica humilis","","暫無危機（LC, Least Concern）","corrected_iucn"
"a9dbfcae-25b2-4a2b-a342-3375a252e39a","infraspecies","Animalia","Treron sieboldii sieboldii","","暫無危機（LC, Least Concern）","corrected_iucn"
"10fcd8e8-84c0-496e-81b3-462fc4a0b23c","infraspecies","Animalia","Chalcophaps indica indica","","暫無危機（LC, Least Concern）","corrected_iucn"
"e4ddc7c1-d74d-4f89-9aa0-c5c6cde3f7ca","infraspecies","Animalia","Macropygia tenuirostris septentrionalis","","暫無危機（LC, Least Concern）","corrected_iucn"
"6a34fdbb-5508-4f33-b6ce-7e95d6f66706","infraspecies","Animalia","Macropygia unchall minor","","暫無危機（LC, Least Concern）","corrected_iucn"
"80f016bc-a3d2-4afd-865e-d5d8ce4c2968","infraspecies","Animalia","Ptilinopus leclancheri longialis","","暫無危機（LC, Least Concern）","corrected_iucn"
"6293bed8-0c93-4ee2-acab-67c6e6381bdd","infraspecies","Animalia","Falco columbarius insignis","","暫無危機（LC, Least Concern）","corrected_iucn"
"9d335ab8-d355-4477-abb7-7ba97b331f6b","infraspecies","Animalia","Falco columbarius pacificus","","暫無危機（LC, Least Concern）","corrected_iucn"
"4803633b-b356-4c03-b51c-ace12ce134a5","infraspecies","Animalia","Falco peregrinus calidus","","暫無危機（LC, Least Concern）","corrected_iucn"
"aec32b68-fdd9-4690-b46c-27ad42ac9740","infraspecies","Animalia","Falco peregrinus peregrinator","","暫無危機（LC, Least Concern）","corrected_iucn"
"c9905aae-419e-4df0-8439-524a879f0682","infraspecies","Animalia","Falco peregrinus japonensis","","暫無危機（LC, Least Concern）","corrected_iucn"
"523d5290-4e64-477b-bc07-d49f20739f87","infraspecies","Animalia","Falco peregrinus ernesti","","暫無危機（LC, Least Concern）","corrected_iucn"
"b867bfb0-9983-490c-b220-1dba3103f65e","infraspecies","Animalia","Falco subbuteo streichi","","暫無危機（LC, Least Concern）","corrected_iucn"
"7568befd-24c8-4d55-bd00-086775d70e9a","infraspecies","Animalia","Falco tinnunculus interstinctus","","暫無危機（LC, Least Concern）","corrected_iucn"
"4e7f6376-02ee-4b48-a014-f0d285d07fb1","infraspecies","Animalia","Gavia arctica viridigularis","","暫無危機（LC, Least Concern）","corrected_iucn"
"4cfba5a4-239e-4ee2-b571-6cfe34693916","infraspecies","Animalia","Halcyon coromanda major","","暫無危機（LC, Least Concern）","corrected_iucn"
"b511b104-4a0a-4d15-a398-1a80e43f13b7","infraspecies","Animalia","Halcyon coromanda bangsi","","暫無危機（LC, Least Concern）","corrected_iucn"
"5b5fd359-17bb-4ede-859d-e41ec36531ae","infraspecies","Animalia","Halcyon smyrnensis fokiensis","","暫無危機（LC, Least Concern）","corrected_iucn"
"cb5d0e0f-dc8f-4719-b5c8-942ce9fa5b13","infraspecies","Animalia","Alcedo atthis bengalensis","","暫無危機（LC, Least Concern）","corrected_iucn"
"123b8365-63c0-4a96-9fa1-824da39c346e","infraspecies","Animalia","Ceryle rudis insignis","","暫無危機（LC, Least Concern）","corrected_iucn"
"27ce77f5-e10e-489a-858d-a6b0a040d590","infraspecies","Animalia","Ceyx rufidorsa motleyi","","暫無危機（LC, Least Concern）","corrected_iucn"
"9ccc5d47-7804-48f6-8c36-0dfc69cb72b0","infraspecies","Animalia","Ceyx erithaca erithaca","暫無危機（LC, Least Concern）","接近受脅（NT, Near Threatened）","corrected_iucn"
"8a837914-c70b-4f6f-831c-2fcffb691bdc","infraspecies","Animalia","Todiramphus chloris collaris","","暫無危機（LC, Least Concern）","corrected_iucn"
"3dc9c69e-ff83-4a21-9f15-8d7719c101a5","infraspecies","Animalia","Eurystomus orientalis cyanocollis","","暫無危機（LC, Least Concern）","corrected_iucn"
"af4b8135-e2a0-479d-ac76-60ff0c3c764c","infraspecies","Animalia","Upupa epops saturata","","暫無危機（LC, Least Concern）","corrected_iucn"
"d042a013-365a-40df-8693-51cc484382a8","infraspecies","Animalia","Hirundapus caudacutus caudacutus","","暫無危機（LC, Least Concern）","corrected_iucn"
"56b7ddbf-a1fd-4682-8f34-27e47ad74c37","infraspecies","Animalia","Hirundapus cochinchinensis formosanus","","暫無危機（LC, Least Concern）","corrected_iucn"
"555d402c-4572-45db-954b-f59088a1a9af","infraspecies","Animalia","Aerodramus brevirostris innominatus","","暫無危機（LC, Least Concern）","corrected_iucn"
"3d76dac0-19e1-43ff-b0fd-dd95c88bfac6","infraspecies","Animalia","Apus nipalensis kuntzi","","暫無危機（LC, Least Concern）","corrected_iucn"
"6b8afb68-66ae-4ae9-9b10-93375cbeec58","infraspecies","Animalia","Apus pacificus pacificus","","暫無危機（LC, Least Concern）","corrected_iucn"
"25cc7f50-0fc6-40be-989c-fb02a234792d","infraspecies","Animalia","Apus pacificus kurodae","","暫無危機（LC, Least Concern）","corrected_iucn"
"2757ceb7-3b7a-47ce-b95e-6e1d0979e522","infraspecies","Animalia","Asio flammeus flammeus","","暫無危機（LC, Least Concern）","corrected_iucn"
"30a48ffc-7c8f-4fd5-908f-33dd3daf397b","infraspecies","Animalia","Asio otus otus","","暫無危機（LC, Least Concern）","corrected_iucn"
"de7fc1d9-4f28-4eb3-baec-b3b8f5f63e2c","infraspecies","Animalia","Athene noctua plumipes","","暫無危機（LC, Least Concern）","corrected_iucn"
"43524496-bca3-44bc-9de9-98b3d7f1ac1a","infraspecies","Animalia","Bubo bubo swinhoei","","暫無危機（LC, Least Concern）","corrected_iucn"
"863ed427-99f8-4381-b58c-d4e835c1df07","infraspecies","Animalia","Taenioptynx brodiei pardalotus","","暫無危機（LC, Least Concern）","corrected_iucn"
"77118313-0da7-404a-bf77-83f2e76ab487","infraspecies","Animalia","Otus lettia erythrocampe","","暫無危機（LC, Least Concern）","corrected_iucn"
"6871aaf7-684a-4879-8c35-8e3361f1b096","infraspecies","Animalia","Otus spilocephalus hambroecki","","暫無危機（LC, Least Concern）","corrected_iucn"
"95977a32-ea9f-4ef3-aeb8-89c248bce464","infraspecies","Animalia","Otus sunia japonicus","","暫無危機（LC, Least Concern）","corrected_iucn"
"291b013a-a0fa-4e88-9478-940173828f24","infraspecies","Animalia","Otus sunia stictonotus","","暫無危機（LC, Least Concern）","corrected_iucn"
"20765759-e60a-48b2-a35c-44b5a889fe9c","infraspecies","Animalia","Strix leptogrammica caligata","","暫無危機（LC, Least Concern）","corrected_iucn"
"6daa77e3-6e67-44ce-902b-05e6fec79b82","infraspecies","Animalia","Phalacrocorax carbo sinensis","","暫無危機（LC, Least Concern）","corrected_iucn"
"ffd07b92-b250-48da-b09b-9d0f58a86a5d","infraspecies","Animalia","Fregata ariel ariel","","暫無危機（LC, Least Concern）","corrected_iucn"
"a6f01440-6d47-42be-bf49-2c6f75cd0233","infraspecies","Animalia","Fregata minor minor","","暫無危機（LC, Least Concern）","corrected_iucn"
"42a38bd3-74a6-4954-9eaa-6d20092850c7","infraspecies","Animalia","Sula dactylatra personata","","暫無危機（LC, Least Concern）","corrected_iucn"
"10387566-effa-4465-956f-eaefe50d3548","infraspecies","Animalia","Sula leucogaster plotus","","暫無危機（LC, Least Concern）","corrected_iucn"
"d0e1a674-b6a6-492e-a744-61ce33366ddf","infraspecies","Animalia","Sula sula rubripes","","暫無危機（LC, Least Concern）","corrected_iucn"
"6c6fe088-f285-4f0f-8f72-07d140ea6625","infraspecies","Animalia","Dendrocopos leucotos insularis","","暫無危機（LC, Least Concern）","corrected_iucn"
"16c9bead-2341-4312-a72d-802abfe67803","infraspecies","Animalia","Jynx torquilla torquilla","","暫無危機（LC, Least Concern）","corrected_iucn"
"6b8b34db-0a58-4e29-90a1-006d26eb216c","infraspecies","Animalia","Picus canus tancolo","","暫無危機（LC, Least Concern）","corrected_iucn"
"86b08ea1-398a-4145-be12-bb4c6e05982a","infraspecies","Animalia","Phaethon aethereus mesonauta","","暫無危機（LC, Least Concern）","corrected_iucn"
"7efc3111-5c5d-4c9a-b4d7-83e64de4a30b","infraspecies","Animalia","Phaethon lepturus dorotheae","","暫無危機（LC, Least Concern）","corrected_iucn"
"0d9502b7-ee67-4f6b-ad03-c462604ae773","infraspecies","Animalia","Phaethon rubricauda melanorhynchos","","暫無危機（LC, Least Concern）","corrected_iucn"
"2d70d761-6b25-49b0-8039-719a68adbc28","infraspecies","Animalia","Podiceps auritus auritus","","易危（VU, Vulnerable）","corrected_iucn"
"2b67e0b4-6bec-46c8-9d71-3ba5fe177e59","infraspecies","Animalia","Podiceps cristatus cristatus","","暫無危機（LC, Least Concern）","corrected_iucn"
"0ce89157-9543-4011-a1f9-52472baa56d5","infraspecies","Animalia","Podiceps grisegena holbollii","","暫無危機（LC, Least Concern）","corrected_iucn"
"98d20817-9a64-49f3-9e07-c702da74ae5c","infraspecies","Animalia","Podiceps nigricollis nigricollis","","暫無危機（LC, Least Concern）","corrected_iucn"
"6e1af9b7-5581-4f28-84b7-83f98fc4f3ba","infraspecies","Animalia","Tachybaptus ruficollis poggei","","暫無危機（LC, Least Concern）","corrected_iucn"
"a38e9d8f-b7e6-49fe-8a27-18b985e1baf5","infraspecies","Animalia","Caprimulgus affinis stictomus","","暫無危機（LC, Least Concern）","corrected_iucn"
"2641dfe8-426e-4ad5-83af-86b1fb9c8c6f","infraspecies","Animalia","Caprimulgus affinis amoyensis","","暫無危機（LC, Least Concern）","corrected_iucn"
"9f0fa325-00d8-4436-b59b-d8ce2c6c80c1","infraspecies","Animalia","Caprimulgus jotaka jotaka","","暫無危機（LC, Least Concern）","corrected_iucn"
"becab61b-4ad1-4e86-861d-8cc74d78a9f5","infraspecies","Animalia","Trimerodytes percarinatus suriki","","暫無危機（LC, Least Concern）","corrected_iucn"
"a441e589-9fd5-4151-8830-36e3ca61b62d","infraspecies","Animalia","Trachemys scripta scripta","","暫無危機（LC, Least Concern）","corrected_iucn"
"c7fa2e1e-789f-4424-9978-8462dfaccf10","infraspecies","Animalia","Belomys pearsonii kaleensis","","暫無危機（LC, Least Concern）","corrected_iucn"
"5ce13ac2-2325-4faf-9567-e01b43099352","infraspecies","Animalia","Myotis formosus flavus","資料缺乏（DD, Data Deficient）","接近受脅（NT, Near Threatened）","corrected_iucn"
"1ec16df2-ae13-4bdb-a0f5-0c235aa0476e","infraspecies","Animalia","Cnephaeus pachyomus horikawai","","暫無危機（LC, Least Concern）","corrected_iucn"
"280e0314-7d54-41ab-8c19-027dee079334","infraspecies","Animalia","Pteropus dasymallus formosus","","易危（VU, Vulnerable）","corrected_iucn"
"67bce3f5-4317-47a1-a05d-eb4cb8e74acd","infraspecies","Animalia","Hipposideros armiger terasensis","","暫無危機（LC, Least Concern）","corrected_iucn"
"7289401e-7e8f-4cb7-9928-7433333b2e46","infraspecies","Animalia","Cervus nippon taiouanus","","暫無危機（LC, Least Concern）","corrected_iucn"
"78165751-c537-4b92-948b-27a9fde8d585","infraspecies","Animalia","Muntiacus reevesi micrurus","","暫無危機（LC, Least Concern）","corrected_iucn"
"103f39fd-deea-4def-be42-cda337d745ea","infraspecies","Animalia","Rusa unicolor swinhoii","","易危（VU, Vulnerable）","corrected_iucn"
"70068ad9-c107-42c4-bdb8-89ecbdc69385","infraspecies","Animalia","Sus scrofa taivanus","","暫無危機（LC, Least Concern）","corrected_iucn"
"a238ef99-b569-4984-b21b-9c9140406207","infraspecies","Animalia","Neofelis nebulosa brachyura","","易危（VU, Vulnerable）","corrected_iucn"
"1c2765a3-ec61-41df-97fb-3d84c54b4aa7","infraspecies","Animalia","Urva urva formosana","","暫無危機（LC, Least Concern）","corrected_iucn"
"a70faadd-7ab3-47a8-a654-4860c7e32f52","infraspecies","Animalia","Martes flavigula chrysospila","","暫無危機（LC, Least Concern）","corrected_iucn"
"244cc3d6-0a1b-44ec-a4ca-7394b8e0f2f7","infraspecies","Animalia","Mustela nivalis formosana","","暫無危機（LC, Least Concern）","corrected_iucn"
"3bd283f8-121e-4580-b395-908af1373ef1","infraspecies","Animalia","Mustela sibirica taivana","","暫無危機（LC, Least Concern）","corrected_iucn"
"20fe92f8-16d1-465f-be47-4145d86bc660","infraspecies","Animalia","Paguma larvata larvata","","暫無危機（LC, Least Concern）","corrected_iucn"
"e76585d5-5643-49dc-876a-b95699e6fd54","infraspecies","Animalia","Viverricula indica pallida","","暫無危機（LC, Least Concern）","corrected_iucn"
"861b3e71-0272-4a96-b81f-fa7b8588ac3a","infraspecies","Animalia","Ursus thibetanus formosanus","","易危（VU, Vulnerable）","corrected_iucn"
"ff4608e3-4fc3-4db5-824f-ccfb3b6bbf0b","infraspecies","Animalia","Lepus sinensis formosus","","暫無危機（LC, Least Concern）","corrected_iucn"
"806fa9d6-73f9-4755-beb6-199f7b4fb990","infraspecies","Animalia","Manis pentadactyla pentadactyla","","極危（CR, Critically Endangered）","corrected_iucn"
"bb664ed4-343a-49ce-bc1a-a5af7df5dffc","infraspecies","Animalia","Conus eburneus polyglotta","","暫無危機（LC, Least Concern）","corrected_iucn"
"a4f2e15e-b1ee-4ec0-b5c8-8461b57dbdd4","infraspecies","Animalia","Conus kinoshitai tamikoae","","暫無危機（LC, Least Concern）","corrected_iucn"
"e6037baf-b672-47aa-9793-a0403efa86a4","infraspecies","Animalia","Conus marmoreus vidua","","暫無危機（LC, Least Concern）","corrected_iucn"
"10cbeb48-9cd2-4d2b-8347-b26acb9e8c52","infraspecies","Animalia","Conus milneedwardsi clytospira","","暫無危機（LC, Least Concern）","corrected_iucn"
"04281f5d-5d0e-4134-ab10-2bdf876948e2","infraspecies","Animalia","Conus musicus musicus","","暫無危機（LC, Least Concern）","corrected_iucn"
"ec079c48-668e-404a-909c-5666c63b02af","infraspecies","Animalia","Conus pennaceus episcopus","","暫無危機（LC, Least Concern）","corrected_iucn"
"00b5e18b-b9f4-479d-a4f0-7f148f3ce350","infraspecies","Animalia","Conus pennaceus pennaceus","","暫無危機（LC, Least Concern）","corrected_iucn"
"d129e70d-e5b1-4498-898c-3bb2a7de83d4","infraspecies","Animalia","Conus sponsalis nanus","","暫無危機（LC, Least Concern）","corrected_iucn"
"ff472a98-9993-46fa-ad2b-2aae2ec9bc96","infraspecies","Animalia","Conus sponsalis sponsalis","","暫無危機（LC, Least Concern）","corrected_iucn"
"faa4ce7e-2262-4f87-b9a5-af49ba3650d3","infraspecies","Animalia","Sinotaia quadrata aeruginosa","","暫無危機（LC, Least Concern）","corrected_iucn"
"e051f475-1ad0-4d08-bb1b-dcc99bcef1de","infraspecies","Animalia","Sinotaia quadrata heudei","","暫無危機（LC, Least Concern）","corrected_iucn"
"0ed56497-3498-4733-9cc5-526c09f7e662","infraspecies","Animalia","Thiara scabra subplicatulus","暫無危機（LC, Least Concern）","","corrected_iucn"
"2da54ad1-77f0-4d98-9bde-e581eddb2de4","infraspecies","Animalia","Thiara scabra scabra","暫無危機（LC, Least Concern）","","corrected_iucn"
"832adfcc-2b3c-4c0c-a139-aa548de93aef","infraspecies","Animalia","Pomacea bridgesii effusa","","暫無危機（LC, Least Concern）","corrected_iucn"
"535bc62d-c946-46d7-95b0-a64e8d2ac382","infraspecies","Animalia","Oncomelania hupensis chiui","","暫無危機（LC, Least Concern）","corrected_iucn"
"827da7a8-2b81-47f6-8838-1beb837d2062","infraspecies","Animalia","Oncomelania hupensis formosana","","暫無危機（LC, Least Concern）","corrected_iucn"
"9b4851e7-82ee-41d1-96b3-eba220b0e4aa","infraspecies","Animalia","Myotis fimbriatus taiwanensis","","暫無危機（LC, Least Concern）","corrected_iucn"
"82a0b0d7-757b-4c8b-b86f-f2250ebea711","species","Animalia","Badamia exclamationis","暫無危機（LC, Least Concern）","","corrected_iucn"
"8041eba0-1f83-468f-a26e-600c1b7bc72b","species","Animalia","Boloria pales","","暫無危機（LC, Least Concern）","corrected_iucn"
"75b36ccb-6e46-48c7-9c9d-d3d1630e4ee2","species","Animalia","Papilio castor","暫無危機（LC, Least Concern）","","corrected_iucn"
"018c7911-1ee2-4dc3-ba41-6debb396df2f","species","Animalia","Xylota bimaculata","暫無危機（LC, Least Concern）","","corrected_iucn"
"a4c6f85e-08b4-4302-99c7-6453d1117e5d","species","Animalia","Aciagrion migratum","暫無危機（LC, Least Concern）","","corrected_iucn"
"96dca445-a975-49d0-90d2-3d2658a8a7f4","species","Animalia","Agriocnemis pygmaea","暫無危機（LC, Least Concern）","","corrected_iucn"
"43674f7c-e032-4234-ae5f-227d0602c484","species","Animalia","Agriocnemis femina","暫無危機（LC, Least Concern）","","corrected_iucn"
"a4ce0858-6ccf-43c4-b6f0-4797513c6b7a","species","Animalia","Ceriagrion melanurum","暫無危機（LC, Least Concern）","","corrected_iucn"
"66a8a938-8c1e-4eaf-a901-92f3c075582a","species","Animalia","Ceriagrion nipponicum","暫無危機（LC, Least Concern）","","corrected_iucn"
"5fbcfae6-ea81-4573-8180-3c898697364b","species","Animalia","Ceriagrion auranticum","暫無危機（LC, Least Concern）","","corrected_iucn"
"203ffe6d-ba24-4181-95bb-c04ecaf3a99b","species","Animalia","Ceriagrion fallax","暫無危機（LC, Least Concern）","","corrected_iucn"
"db43a9f2-b585-4ffb-b0e8-70af5c18f438","species","Animalia","Ischnura asiatica","暫無危機（LC, Least Concern）","","corrected_iucn"
"3856ed5a-f901-4153-8ed7-9d710f3e93f9","species","Animalia","Ischnura senegalensis","暫無危機（LC, Least Concern）","","corrected_iucn"
"d759478a-de21-4d10-ae38-b373f98e02b2","species","Animalia","Mortonagrion selenion","接近受脅（NT, Near Threatened）","","corrected_iucn"
"7b64cfce-b461-4873-979e-8fb5b53e2bda","species","Animalia","Mortonagrion hirosei","接近受脅（NT, Near Threatened）","","corrected_iucn"
"83d548df-90a3-432c-9af3-18736c129a8c","species","Animalia","Paracercion melanotum","暫無危機（LC, Least Concern）","","corrected_iucn"
"dc713467-7362-4f82-9b73-5efb5b934fca","species","Animalia","Paracercion calamorum","暫無危機（LC, Least Concern）","","corrected_iucn"
"238e95cc-ccc2-426e-8fa7-bdc1fb84655d","species","Animalia","Pseudagrion microcephalum","暫無危機（LC, Least Concern）","","corrected_iucn"
"966dad42-1951-48b6-ba72-cb2e73eb17d0","species","Animalia","Pseudagrion rubriceps","暫無危機（LC, Least Concern）","","corrected_iucn"
"2a39544a-f95f-429a-90e2-4d720640f6b8","species","Animalia","Pseudagrion pilidorsum","暫無危機（LC, Least Concern）","","corrected_iucn"
"ce57073f-bca3-42d8-aa4c-1d46d8ccfbe4","species","Animalia","Anaciaeschna martini","暫無危機（LC, Least Concern）","","corrected_iucn"
"5273c00f-48ed-426c-a719-818406312801","species","Animalia","Anaciaeschna jaspidea","暫無危機（LC, Least Concern）","","corrected_iucn"
"eb019832-1fd1-4a9f-9b1a-488f4c706d3a","species","Animalia","Anax guttatus","暫無危機（LC, Least Concern）","","corrected_iucn"
"3267483b-78e4-48b5-bfc8-4a3ece4112c1","species","Animalia","Anax panybeus","暫無危機（LC, Least Concern）","","corrected_iucn"
"6e5e7546-d08a-4540-acfb-d3b017ad75b9","species","Animalia","Anax nigrofasciatus","暫無危機（LC, Least Concern）","","corrected_iucn"
"ef947cfc-f409-4f05-8e3e-58bab01c4007","species","Animalia","Gynacantha bayadera","暫無危機（LC, Least Concern）","","corrected_iucn"
"16ae30e4-901b-44d0-993c-d457d11f0b36","species","Animalia","Gynacantha saltatrix","暫無危機（LC, Least Concern）","","corrected_iucn"
"ddcf3694-c89b-4eb1-af14-32609f502534","species","Animalia","Periaeschna magdalena","暫無危機（LC, Least Concern）","","corrected_iucn"
"15776791-e11b-470f-aaeb-dfb50eeb8eac","species","Animalia","Sarasaeschna tsaopiensis","資料缺乏（DD, Data Deficient）","","corrected_iucn"
"039c2f28-2e7c-4707-966f-1f46c610a56c","species","Animalia","Aeshna petalura","暫無危機（LC, Least Concern）","","corrected_iucn"
"8cb4223c-dfaf-472f-a8b5-fa1c7144d735","species","Animalia","Anisogomphus maacki","暫無危機（LC, Least Concern）","","corrected_iucn"
"bbb756de-57db-4f5a-906a-5976a7ea8079","species","Animalia","Asiagomphus hainanensis","暫無危機（LC, Least Concern）","","corrected_iucn"
"4b50189e-6bba-4801-9d76-59ab4f676618","species","Animalia","Asiagomphus pacificus","暫無危機（LC, Least Concern）","","corrected_iucn"
"0d66f442-d82a-4ac6-888c-ca5adaf4357f","species","Animalia","Asiagomphus septimus","暫無危機（LC, Least Concern）","","corrected_iucn"
"2abb2843-08a3-48c1-abd7-962a19409459","species","Animalia","Burmagomphus vermicularis","暫無危機（LC, Least Concern）","","corrected_iucn"
"44c64a9b-5835-41b5-8cff-849ff9f18ed1","species","Animalia","Fukienogomphus prometheus","暫無危機（LC, Least Concern）","","corrected_iucn"
"60d9b43d-2769-4b38-b6e2-b18d0d1eeae2","species","Animalia","Gomphidia confluens","暫無危機（LC, Least Concern）","","corrected_iucn"
"fc8eb5c7-4001-48fb-83ef-4d681b14d07d","species","Animalia","Heliogomphus retroflexus","暫無危機（LC, Least Concern）","","corrected_iucn"
"e5c6da69-37c8-431e-8d45-6affff161084","species","Animalia","Ictinogomphus rapax","暫無危機（LC, Least Concern）","","corrected_iucn"
"6d08d572-cff4-4679-b493-bf5ba78187b4","species","Animalia","Merogomphus pavici","暫無危機（LC, Least Concern）","","corrected_iucn"
"fc42ef70-7fa4-49cd-9353-51aab13a516b","species","Animalia","Sieboldius deflexus","暫無危機（LC, Least Concern）","","corrected_iucn"
"b2251962-5a7a-454f-bd29-c070b7e63e36","species","Animalia","Sinictinogomphus clavatus","暫無危機（LC, Least Concern）","","corrected_iucn"
"e74f8e31-e5c1-40a9-814b-79ce6f58b721","species","Animalia","Stylogomphus changi","資料缺乏（DD, Data Deficient）","","corrected_iucn"
"0defb28c-09ee-48fb-b092-aeefb9981c26","species","Animalia","Anotogaster klossi","資料缺乏（DD, Data Deficient）","","corrected_iucn"
"df8d1a1d-124c-4607-b9c2-533ae2d6460d","species","Animalia","Chlorogomphus brevistigma","易危（VU, Vulnerable）","","corrected_iucn"
"f6b69d9b-e2cb-45c7-bd99-6c7ff9d0967d","species","Animalia","Heliocypha perforata","暫無危機（LC, Least Concern）","","corrected_iucn"
"7e1f4500-494a-4bb6-aaee-8f0fe7e7225e","species","Animalia","Libellago lineata","暫無危機（LC, Least Concern）","","corrected_iucn"
"7dc20760-3086-4f93-9f08-3975b5a87470","species","Animalia","Euphaea formosa","暫無危機（LC, Least Concern）","","corrected_iucn"
"70471991-ebec-4b80-813f-6bca09c3fc24","species","Animalia","Brachythemis contaminata","暫無危機（LC, Least Concern）","","corrected_iucn"
"9ff1c239-4fe1-4972-813a-8b741feabfb5","species","Animalia","Deielia phaon","暫無危機（LC, Least Concern）","","corrected_iucn"
"50b5be46-180c-4316-82b8-bf3e73c285ba","species","Animalia","Diplacodes trivialis","暫無危機（LC, Least Concern）","","corrected_iucn"
"ba53fd7b-2593-4cfa-9342-a878017fa64e","species","Animalia","Hydrobasileus croceus","暫無危機（LC, Least Concern）","","corrected_iucn"
"03c84c4d-f518-4674-ad57-d851397556db","species","Animalia","Lyriothemis flava","暫無危機（LC, Least Concern）","","corrected_iucn"
"9b609bf2-87b1-49ba-bcbd-468201482879","species","Animalia","Lyriothemis elegantissima","暫無危機（LC, Least Concern）","","corrected_iucn"
"5a1a17b8-a6bb-403c-9ea1-b8920b73038c","species","Animalia","Macrodiplax cora","暫無危機（LC, Least Concern）","","corrected_iucn"
"0a4cbe68-8a9b-4863-b8a0-d161819a4596","species","Animalia","Nannophya pygmaea","暫無危機（LC, Least Concern）","","corrected_iucn"
"03aef23e-a178-427b-8027-195914baf14e","species","Animalia","Nannophyopsis clara","暫無危機（LC, Least Concern）","","corrected_iucn"
"7d7b603a-e390-42bb-bbad-d518641cf100","species","Animalia","Neurothemis fulvia","暫無危機（LC, Least Concern）","","corrected_iucn"
"184e130f-babe-4d9f-8698-ae23d46056dd","species","Animalia","Neurothemis taiwanensis","暫無危機（LC, Least Concern）","","corrected_iucn"
"0fee45b5-fb52-40e1-83dd-9bee2833e549","species","Animalia","Neurothemis tullia","暫無危機（LC, Least Concern）","","corrected_iucn"
"db9651db-196e-4343-a0ea-63ed4d067867","species","Animalia","Orthetrum glaucum","暫無危機（LC, Least Concern）","","corrected_iucn"
"0f5191c3-1eb1-4fc2-9381-c7a254395880","species","Animalia","Orthetrum luzonicum","暫無危機（LC, Least Concern）","","corrected_iucn"
"70de0277-836f-4c40-9e02-90a2b3999a02","species","Animalia","Orthetrum albistylum","暫無危機（LC, Least Concern）","","corrected_iucn"
"d78768be-9da1-4a87-858b-5906e03b19b5","species","Animalia","Orthetrum pruinosum","暫無危機（LC, Least Concern）","","corrected_iucn"
"7682e6c1-93a1-49ec-acfe-c6ce68fd6a70","species","Animalia","Orthetrum sabina","暫無危機（LC, Least Concern）","","corrected_iucn"
"a1b6a2c8-d224-4009-b22f-8e7f426300b6","species","Animalia","Pantala flavescens","暫無危機（LC, Least Concern）","","corrected_iucn"
"cfca8a7e-51b2-41a4-b071-6a59374ffa15","species","Animalia","Pseudothemis zonata","暫無危機（LC, Least Concern）","","corrected_iucn"
"798e156b-041d-4b68-ad01-bc27c22cf760","species","Animalia","Rhyothemis triangularis","暫無危機（LC, Least Concern）","","corrected_iucn"
"a06f4017-6cbb-4319-aa58-f60940a07863","species","Animalia","Rhyothemis variegata","暫無危機（LC, Least Concern）","","corrected_iucn"
"80a9804b-3eda-4eb5-b0c5-913e14f357d0","species","Animalia","Sympetrum darwinianum","暫無危機（LC, Least Concern）","","corrected_iucn"
"c38ade02-8d7e-439c-b7f9-553ba8ffdfe6","species","Animalia","Sympetrum kunckeli","暫無危機（LC, Least Concern）","","corrected_iucn"
"697286a5-86c9-46c1-8fc6-b97409140ff5","species","Animalia","Sympetrum cordulegaster","暫無危機（LC, Least Concern）","","corrected_iucn"
"f44d893e-20d5-4f49-b0fc-eea82e0b3865","species","Animalia","Sympetrum depressiusculum","暫無危機（LC, Least Concern）","","corrected_iucn"
"daee45f2-702a-4bc3-940f-76b10a8d409a","species","Animalia","Sympetrum fonscolombii","暫無危機（LC, Least Concern）","","corrected_iucn"
"dc638eb5-5456-451e-b504-918ae78f9d16","species","Animalia","Sympetrum baccha","暫無危機（LC, Least Concern）","","corrected_iucn"
"d4fc848c-b4e7-4994-be79-e93fb53b86c6","species","Animalia","Sympetrum eroticum","暫無危機（LC, Least Concern）","","corrected_iucn"
"118c4f95-1d01-4d8b-8701-d3e00dd60049","species","Animalia","Tholymis tillarga","暫無危機（LC, Least Concern）","","corrected_iucn"
"125736d1-2fc2-40df-8678-25f9cb31637a","species","Animalia","Tramea virginia","暫無危機（LC, Least Concern）","","corrected_iucn"
"527f29d3-deb5-428f-8293-f198090bf201","species","Animalia","Tramea transmarina","暫無危機（LC, Least Concern）","","corrected_iucn"
"a8add0af-57bd-44d3-98be-63448b769961","species","Animalia","Trithemis aurora","暫無危機（LC, Least Concern）","","corrected_iucn"
"c7350fe8-1801-490f-8e2f-010097d3f6ed","species","Animalia","Trithemis festiva","暫無危機（LC, Least Concern）","","corrected_iucn"
"5bf83fca-43b5-46d5-8a1b-63728733cd8c","species","Animalia","Trithemis pallidinervis","暫無危機（LC, Least Concern）","","corrected_iucn"
"604aaed0-0d66-4a5e-b20f-bee2b545edf4","species","Animalia","Zygonyx takasago","暫無危機（LC, Least Concern）","","corrected_iucn"
"83bd5185-fc1d-430e-ba05-a3877e7d3084","species","Animalia","Zyxomma petiolatum","暫無危機（LC, Least Concern）","","corrected_iucn"
"f1214d64-5522-45ed-818d-6fb2c93bb30d","species","Animalia","Zyxomma obtusum","暫無危機（LC, Least Concern）","","corrected_iucn"
"1a8a377a-24a0-48ee-be28-25fa6a3fb348","species","Animalia","Acisoma panorpoides","暫無危機（LC, Least Concern）","","corrected_iucn"
"245efa49-df68-4266-9534-01f41200e0c4","species","Animalia","Agrionoptera insignis","暫無危機（LC, Least Concern）","","corrected_iucn"
"22dc0d55-61c0-46f8-9c82-5851307ebad4","species","Animalia","Brachydiplax chalybea","暫無危機（LC, Least Concern）","","corrected_iucn"
"79c187f8-23e4-40f1-9cc6-c936614b723e","species","Animalia","Cratilla lineata","暫無危機（LC, Least Concern）","","corrected_iucn"
"58ba26ce-0821-49c8-bdc8-a60338406436","species","Animalia","Crocothemis servilia","暫無危機（LC, Least Concern）","","corrected_iucn"
"756bd88c-cc90-41e8-b965-164c11a2f796","species","Animalia","Lathrecista asiatica","暫無危機（LC, Least Concern）","","corrected_iucn"
"a2976c52-9273-4014-9709-ee9f2295712f","species","Animalia","Potamarcha congener","暫無危機（LC, Least Concern）","","corrected_iucn"
"b07278eb-aae6-4cb2-873e-24a92f3e17ca","species","Animalia","Urothemis signata","暫無危機（LC, Least Concern）","","corrected_iucn"
"bd7f518d-163d-49a7-b4c5-ae7ce6c6cc2d","species","Animalia","Coeliccia cyanomelas","暫無危機（LC, Least Concern）","","corrected_iucn"
"f7ef222c-adda-45f3-a04a-85789e29b7ec","species","Animalia","Coeliccia flavicauda","暫無危機（LC, Least Concern）","","corrected_iucn"
"1e67c223-1876-43fc-adc5-f5773cdc847a","species","Animalia","Copera marginipes","暫無危機（LC, Least Concern）","","corrected_iucn"
"2b534b7d-9bc5-4a7c-b20a-d41763c058bd","species","Animalia","Onychargia atrocyana","暫無危機（LC, Least Concern）","","corrected_iucn"
"9fc539ea-c6ad-4f6a-ac67-3f09624b7e7e","species","Animalia","Prodasineura croconota","暫無危機（LC, Least Concern）","","corrected_iucn"
"d1ef61a2-f66f-42aa-8cbe-daa70cd55e49","species","Animalia","Prodasineura autumnalis","暫無危機（LC, Least Concern）","","corrected_iucn"
"c62ca225-db31-461b-a36d-599fcc19529b","species","Animalia","Epophthalmia elegans","暫無危機（LC, Least Concern）","","corrected_iucn"
"4c3c4fe6-60d9-48d7-bfa9-e2e039bd0f4f","species","Animalia","Macromia clio","暫無危機（LC, Least Concern）","","corrected_iucn"
"2876ffb9-bca4-4b40-be1a-09115b2e4155","species","Animalia","Macromia urania","暫無危機（LC, Least Concern）","","corrected_iucn"
"9292e860-0505-469c-b055-1fc1ce525b6f","species","Animalia","Macromia daimoji","暫無危機（LC, Least Concern）","","corrected_iucn"
"bd7d5a45-f55a-4fbe-aaff-6762cbe5bbd1","species","Animalia","Macromidia ishidai","暫無危機（LC, Least Concern）","","corrected_iucn"
"059c6715-5b60-4df7-8a4c-7a6c848d7e4e","species","Animalia","Somatochlora taiwana","暫無危機（LC, Least Concern）","","corrected_iucn"
"abe37b35-c2be-4a6b-b303-f752e666b7f5","species","Animalia","Hemicordulia mindana","暫無危機（LC, Least Concern）","","corrected_iucn"
"13cdbc08-c641-4a25-a40a-600d83ca5539","species","Animalia","Indolestes cyaneus","暫無危機（LC, Least Concern）","","corrected_iucn"
"2560e757-2f3a-42fa-861a-4ea245a402b7","species","Animalia","Lestes concinnus","暫無危機（LC, Least Concern）","","corrected_iucn"
"7ec6c0ca-959a-44f2-bf1f-3fb63dca6530","species","Animalia","Orolestes selysi","暫無危機（LC, Least Concern）","","corrected_iucn"
"62dac292-35f3-4ba3-8797-d31462cce697","species","Animalia","Neurobasis chinensis","暫無危機（LC, Least Concern）","","corrected_iucn"
"2cadf583-a820-44e7-8c2c-293710e69d35","species","Animalia","Sinolestes edita","暫無危機（LC, Least Concern）","","corrected_iucn"
"cccd281a-0f4c-4397-b52c-88d217e907bc","infraspecies","Animalia","Pelopidas mathias oberthueri","","暫無危機（LC, Least Concern）","corrected_iucn"
"8be691cd-8749-48d5-9d07-829681a89f74","infraspecies","Animalia","Zizina otis riukuensis","","暫無危機（LC, Least Concern）","corrected_iucn"
"9406ad35-b0d1-4e78-bcc7-56c141965586","infraspecies","Animalia","Ancema ctesia cakravasti","","暫無危機（LC, Least Concern）","corrected_iucn"
"a174a311-38c8-4f41-b555-64a84fadd077","infraspecies","Animalia","Artipe eryx horiella","","暫無危機（LC, Least Concern）","corrected_iucn"
"7709ecd6-7556-4ae7-b851-3ff945283d54","infraspecies","Animalia","Euploea core amymone","","暫無危機（LC, Least Concern）","corrected_iucn"
"55143f68-15e1-41c3-8dbb-302b71b7f6c0","infraspecies","Animalia","Boloria pales yangi","","暫無危機（LC, Least Concern）","corrected_iucn"
"e3d9fb2b-f585-46aa-aa6e-2771392db243","infraspecies","Animalia","Papilio castor formosanus","暫無危機（LC, Least Concern）","","corrected_iucn"
"f63b489a-0daf-4d23-a912-a8a3232d50aa","infraspecies","Animalia","Troides aeacus kaguya","","暫無危機（LC, Least Concern）","corrected_iucn"
"1685f070-42f9-4252-8c42-f9e406600d27","infraspecies","Animalia","Troides magellanus sonani","","暫無危機（LC, Least Concern）","corrected_iucn"
"10c0b29f-931d-4fce-8ee9-a0ea4c9bee83","infraspecies","Animalia","Byasa impediens febanus","","暫無危機（LC, Least Concern）","corrected_iucn"
"e62425bb-7026-4f58-9849-d8df3c7ed1db","infraspecies","Animalia","Pachliopta aristolochiae interpositus","","暫無危機（LC, Least Concern）","corrected_iucn"
"ac871f8b-22a9-4e6d-b425-0c39ee6bc4ac","infraspecies","Animalia","Graphium sarpedon connectens","","暫無危機（LC, Least Concern）","corrected_iucn"
"ec115102-50c8-42b8-a39e-5a3122ae5ca4","infraspecies","Animalia","Eurema alitha esakii","","暫無危機（LC, Least Concern）","corrected_iucn"
"2e9f47cd-ef50-4846-ae33-0fc284c40e20","infraspecies","Animalia","Eurema andersoni godana","","暫無危機（LC, Least Concern）","corrected_iucn"
"49f8ec96-9627-418a-b7db-b60e158d494b","species","Animalia","Ischnura rubilio","暫無危機（LC, Least Concern）","","corrected_iucn"
"a80e1f65-73fd-4677-b5b2-8407b8ffbd9e","infraspecies","Animalia","Orthetrum testaceum testaceum","","暫無危機（LC, Least Concern）","corrected_iucn"
"8f9515ba-199a-441f-ae43-31024d791ce4","infraspecies","Animalia","Rhyothemis regia regia","","暫無危機（LC, Least Concern）","corrected_iucn"
"6a7921cf-520b-4cf8-85bd-51b6bbbb2dd2","infraspecies","Animalia","Tramea transmarina euryale","暫無危機（LC, Least Concern）","","corrected_iucn"
"55506a27-5eb0-41d0-8b5f-45059499fac2","infraspecies","Animalia","Tramea transmarina propinqua","暫無危機（LC, Least Concern）","","corrected_iucn"
"950f1b16-f3c4-4ae8-9de1-3e6fab53d465","infraspecies","Animalia","Lathrecista asiatica asiatica","暫無危機（LC, Least Concern）","","corrected_iucn"
"90fb0d25-34dc-43c8-9899-6cff0d4d12f8","species","Plantae","Psilotum nudum","","暫無危機（LC, Least Concern）","corrected_iucn"
"ae4835cd-5731-4f8f-846f-0bd62c1552fe","species","Plantae","Ophioglossum reticulatum","","暫無危機（LC, Least Concern）","corrected_iucn"
"136f5de6-3ad3-4efe-9145-5496524ff738","species","Plantae","Osmundastrum cinnamomeum","","暫無危機（LC, Least Concern）","corrected_iucn"
"ef1b6b05-3e8d-47b8-bdaf-199af16d93b3","species","Plantae","Vandenboschia maxima","","暫無危機（LC, Least Concern）","corrected_iucn"
"5a2caf50-33fc-4bc0-aaff-0951946210ca","species","Plantae","Marsilea minuta","","暫無危機（LC, Least Concern）","corrected_iucn"
"3322baf9-3c6f-4ffa-992b-d933e31dcf54","species","Plantae","Azolla pinnata","","暫無危機（LC, Least Concern）","corrected_iucn"
"2f350609-94d9-43af-bbce-a8f482e9b866","species","Plantae","Salvinia natans","","暫無危機（LC, Least Concern）","corrected_iucn"
"52daaf88-af1b-47df-9bf7-a55d7b77ea22","species","Plantae","Salvinia cucullata","","暫無危機（LC, Least Concern）","corrected_iucn"
"3689da5e-7632-4c0d-b2c4-067e4bb052c6","species","Plantae","Acrostichum aureum","","暫無危機（LC, Least Concern）","corrected_iucn"
"2c29d207-ad25-48a6-a321-812c9620360e","species","Plantae","Adiantum capillus-veneris","","暫無危機（LC, Least Concern）","corrected_iucn"
"e8cbc69d-b0cc-4173-a069-f0910e028e44","species","Plantae","Cyclosorus interruptus","","暫無危機（LC, Least Concern）","corrected_iucn"
"313fb9cf-09cc-44ab-a51c-9b732d372d41","species","Plantae","Cleistoblechnum eburneum","","易危（VU, Vulnerable）","corrected_iucn"
"6a16dc08-ade0-41ff-9b0f-dbaea427576e","species","Plantae","Diplazium esculentum","","暫無危機（LC, Least Concern）","corrected_iucn"
"39181eca-d207-40f0-b138-9603e48c518b","species","Plantae","Dryopteris hasseltii","","瀕危（EN, Endangered）","corrected_iucn"
"8172632f-b7da-4438-b2b2-5c0e6f63b0ea","species","Plantae","Bolbitis appendiculata","","暫無危機（LC, Least Concern）","corrected_iucn"
"0cda9b39-26ba-4819-9723-70dfb4accd18","species","Plantae","Elaphoglossum angulatum","","資料缺乏（DD, Data Deficient）","corrected_iucn"
"606a601d-dbcc-4fb2-8319-7c544cfc52b3","species","Plantae","Leptochilus decurrens","","暫無危機（LC, Least Concern）","corrected_iucn"
"579a8f95-5c16-4313-9343-8c4e65b8df3a","species","Plantae","Cycas circinalis","","瀕危（EN, Endangered）","corrected_iucn"
"61a7bff8-ee71-4fc1-ac3a-0bd01b6079f4","species","Plantae","Cycas siamensis","","易危（VU, Vulnerable）","corrected_iucn"
"781d1b24-2ecd-4526-b195-a940060bffb1","species","Plantae","Cycas thouarsii","","暫無危機（LC, Least Concern）","corrected_iucn"
"d9941b1b-3d55-4fc0-b71f-b4af38cc6499","species","Plantae","Macrozamia communis","","暫無危機（LC, Least Concern）","corrected_iucn"
"1eb0c54f-768e-471a-b887-803e8a92ccc6","species","Plantae","Zamia furfuracea","","瀕危（EN, Endangered）","corrected_iucn"
"69a951a5-2bc7-4829-ba94-26361abef200","species","Plantae","Ginkgo biloba","","瀕危（EN, Endangered）","corrected_iucn"
"424e18a6-6287-4fb3-b329-e541965d3795","species","Plantae","Pinus morrisonicola","","接近受脅（NT, Near Threatened）","corrected_iucn"
"508fccd1-aab8-4c0e-ba8a-f6f12a7b171e","species","Plantae","Pinus densiflora","","暫無危機（LC, Least Concern）","corrected_iucn"
"2b9aca71-f989-41d8-a45c-a0e9385475fd","species","Plantae","Pinus elliottii","","暫無危機（LC, Least Concern）","corrected_iucn"
"1eabd7a5-1ddf-4246-b18d-ebc6fd4e70e4","species","Plantae","Pinus nigra","","暫無危機（LC, Least Concern）","corrected_iucn"
"3238288b-3edf-455a-9c25-c33795fc069b","species","Plantae","Pinus patula","","暫無危機（LC, Least Concern）","corrected_iucn"
"51772f36-b659-484b-9891-fb8f6d4a6e74","species","Plantae","Pinus pinaster","","暫無危機（LC, Least Concern）","corrected_iucn"
"4f4e0e2b-f89c-4e64-a435-e2fa626203bb","species","Plantae","Pinus pinea","","暫無危機（LC, Least Concern）","corrected_iucn"
"520a971c-3730-42a1-a9eb-37f07503f154","species","Plantae","Pinus thunbergii","","暫無危機（LC, Least Concern）","corrected_iucn"
"d19770ca-35c5-44fc-9afc-8fb8487b386a","species","Plantae","Pinus yunnanensis","","暫無危機（LC, Least Concern）","corrected_iucn"
"cd833ff0-1eb2-4aac-b671-460c6a993a5a","species","Plantae","Picea glauca","","暫無危機（LC, Least Concern）","corrected_iucn"
"a3e3cd26-07e4-4750-9fc4-918d4cfa2ac6","species","Plantae","Pseudotsuga menziesii","","暫無危機（LC, Least Concern）","corrected_iucn"
"0c2613c1-2af4-46f8-a52e-0842d82986ed","species","Plantae","Keteleeria evelyniana","","易危（VU, Vulnerable）","corrected_iucn"
"f67f6d13-1695-439a-a79d-7b09d537b936","species","Plantae","Araucaria angustifolia","","極危（CR, Critically Endangered）","corrected_iucn"
"8604facd-db41-4127-9b46-16935b383b0d","species","Plantae","Araucaria araucana","","瀕危（EN, Endangered）","corrected_iucn"
"dae286fe-5319-4706-9a16-c98b3c30f145","species","Plantae","Araucaria bidwillii","","暫無危機（LC, Least Concern）","corrected_iucn"
"48be6555-6373-4fcf-879d-6d492d315622","species","Plantae","Araucaria cunninghamii","","暫無危機（LC, Least Concern）","corrected_iucn"
"72281fac-57ea-4dac-baa8-53e8084dc8da","species","Plantae","Araucaria hunsteinii","","接近受脅（NT, Near Threatened）","corrected_iucn"
"d1af5957-2b82-4cb6-ab94-1214902b0deb","species","Plantae","Podocarpus macrophyllus","","暫無危機（LC, Least Concern）","corrected_iucn"
"a5afb795-78bb-4f94-995b-bd585ae8e93e","species","Plantae","Podocarpus nakaii","","瀕危（EN, Endangered）","corrected_iucn"
"0fcf32d6-ee81-4836-bd1c-7af1da83d6e9","species","Plantae","Podocarpus elongatus","","暫無危機（LC, Least Concern）","corrected_iucn"
"d50df288-7437-4abe-8233-092d2d460ce3","species","Plantae","Cunninghamia konishii","","瀕危（EN, Endangered）","corrected_iucn"
"12aa667b-c42d-4c0b-84f3-bbe02311b01d","species","Plantae","Taiwania cryptomerioides","","易危（VU, Vulnerable）","corrected_iucn"
"8cefb06a-bb84-4d35-aa09-2cee749c2e5d","species","Plantae","Sequoiadendron giganteum","","瀕危（EN, Endangered）","corrected_iucn"
"2ae3eadf-0528-45a9-bb47-20afa096b333","species","Plantae","Taxodium distichum","","暫無危機（LC, Least Concern）","corrected_iucn"
"53a3a44e-27e4-4491-8029-894194b6f86d","species","Plantae","Thujopsis dolabrata","","暫無危機（LC, Least Concern）","corrected_iucn"
"45be7461-a785-4b84-99f2-f2ec06cbb4d3","species","Plantae","Thuja plicata","","暫無危機（LC, Least Concern）","corrected_iucn"
"8a9f1cc0-87e6-4e1e-87d0-fc7bf6069e0a","species","Plantae","Chamaecyparis lawsoniana","","接近受脅（NT, Near Threatened）","corrected_iucn"
"68b73d3b-fabb-48d8-9160-5b8424833483","species","Plantae","Cupressus funebris","","資料缺乏（DD, Data Deficient）","corrected_iucn"
"80acc1b8-705d-4737-b354-7289a3555dcb","species","Plantae","Cupressus lusitanica","","暫無危機（LC, Least Concern）","corrected_iucn"
"a81fcd52-7108-46c7-8ddf-719b75fcf6dd","species","Plantae","Cupressus sempervirens","","暫無危機（LC, Least Concern）","corrected_iucn"
"20c6b29f-a5f6-46a8-917e-ef4ac041345c","species","Plantae","Cupressus cashmeriana","","接近受脅（NT, Near Threatened）","corrected_iucn"
"3aded6d6-52dd-459a-b9d3-00725b858b8b","species","Plantae","Juniperus procera","","暫無危機（LC, Least Concern）","corrected_iucn"
"8524bd46-e1ac-45c4-8025-c6843d95ea9b","species","Plantae","Juniperus virginiana","","暫無危機（LC, Least Concern）","corrected_iucn"
"f4b44328-3f77-4602-9c8d-b94519dc31ed","species","Plantae","Calocedrus macrolepis","","接近受脅（NT, Near Threatened）","corrected_iucn"
"a985339d-ac8d-479b-a753-c908727819cd","species","Plantae","Pseudotaxus chienii","","易危（VU, Vulnerable）","corrected_iucn"
"d8e8d609-d446-4a01-a061-b29dd53c46b5","species","Plantae","Amborella trichopoda","","暫無危機（LC, Least Concern）","corrected_iucn"
"b9f26d39-89f3-4728-9a8b-393f18fe96bb","species","Plantae","Nymphaea tetragona","","暫無危機（LC, Least Concern）","corrected_iucn"
"ceb82e64-cd25-4f1b-a211-24bdd3cad2a3","species","Plantae","Nymphaea nouchali","","暫無危機（LC, Least Concern）","corrected_iucn"
"6302370c-3c6d-4d54-bf4c-988b1f9a6a1a","species","Plantae","Euryale ferox","","暫無危機（LC, Least Concern）","corrected_iucn"
"543a65b5-e890-4248-971c-5e7d6e5150a1","species","Plantae","Illicium anisatum","","接近受脅（NT, Near Threatened）","corrected_iucn"
"4e5f8766-ffee-4bae-9602-c60601932ae5","species","Plantae","Saururus chinensis","","暫無危機（LC, Least Concern）","corrected_iucn"
"cf8590cf-0141-4c29-bba0-97ab8b9b9f91","species","Plantae","Piper aduncum","","暫無危機（LC, Least Concern）","corrected_iucn"
"03495b90-a6d2-4290-98eb-c05b6bcc2fac","species","Plantae","Myristica ceylanica","","易危（VU, Vulnerable）","corrected_iucn"
"0e374590-a10c-4417-9bd9-87673d657feb","species","Plantae","Myristica elliptica","","暫無危機（LC, Least Concern）","corrected_iucn"
"d811bda4-3cb8-49d7-abe8-c39077e6f66a","species","Plantae","Magnolia coco","","資料缺乏（DD, Data Deficient）","corrected_iucn"
"8dc1fa05-bc84-415b-9c37-c1a5e8360aed","species","Plantae","Magnolia denudata","","暫無危機（LC, Least Concern）","corrected_iucn"
"d6037a02-8324-496b-9a41-8dc93c9b6765","species","Plantae","Magnolia grandiflora","","暫無危機（LC, Least Concern）","corrected_iucn"
"73d68593-2436-4679-ac94-65f70bf5242e","species","Plantae","Liriodendron chinense","","接近受脅（NT, Near Threatened）","corrected_iucn"
"6d7bea91-3146-423d-85b3-554b33e56d27","species","Plantae","Goniothalamus amuyon","","易危（VU, Vulnerable）","corrected_iucn"
"4742b346-94e6-4a3d-860a-7cc8c3ac2904","species","Plantae","Annona glabra","","暫無危機（LC, Least Concern）","corrected_iucn"
"081785fa-3330-46fb-85eb-d4d59513f744","species","Plantae","Annona montana","","暫無危機（LC, Least Concern）","corrected_iucn"
"0593c388-3bc2-4835-8131-fc267680c1e5","species","Plantae","Annona muricata","","暫無危機（LC, Least Concern）","corrected_iucn"
"f794d2fc-76c3-4a8e-8fec-8cba928df1dc","species","Plantae","Cananga odorata","","暫無危機（LC, Least Concern）","corrected_iucn"
"c81d2c4f-9e43-4985-8688-384340a5cc1b","species","Plantae","Beilschmiedia erythrophloia","","暫無危機（LC, Least Concern）","corrected_iucn"
"10b144a8-ef78-480c-a5d6-22fed882cae1","species","Plantae","Beilschmiedia tsangii","","暫無危機（LC, Least Concern）","corrected_iucn"
"06c41f27-f525-4f69-8e73-f5b8d0835d9a","species","Plantae","Cinnamomum brevipedunculatum","","瀕危（EN, Endangered）","corrected_iucn"
"5ecfae97-e551-43d8-a3f8-2c2a42907c53","species","Plantae","Camphora officinarum","","暫無危機（LC, Least Concern）","corrected_iucn"
"08bbf6c3-4953-4130-bfce-895e1970b7c8","species","Plantae","Cinnamomum macrostemon","","易危（VU, Vulnerable）","corrected_iucn"
"fbf16533-6d06-4262-beda-aa485ce236cc","species","Plantae","Cinnamomum osmophloeum","","接近受脅（NT, Near Threatened）","corrected_iucn"
"6d03050a-662a-4b45-b2a1-997c4f5efdea","species","Plantae","Cinnamomum reticulatum","","接近受脅（NT, Near Threatened）","corrected_iucn"
"932bbdd4-7c7a-4606-a6d6-82a172dd9c71","species","Plantae","Cryptocarya chinensis","","暫無危機（LC, Least Concern）","corrected_iucn"
"2c773556-6d55-4530-a03d-6f43879cf8cd","species","Plantae","Cryptocarya concinna","","暫無危機（LC, Least Concern）","corrected_iucn"
"a49b1126-3a82-4f0b-af2f-e4a92905fd47","species","Plantae","Endiandra coriacea","","易危（VU, Vulnerable）","corrected_iucn"
"f8d54705-7e7d-41d3-94a8-7740b7758c7e","species","Plantae","Lindera aggregata","","暫無危機（LC, Least Concern）","corrected_iucn"
"da63dcbe-1375-44df-87f1-1db54910e786","species","Plantae","Lindera akoensis","","暫無危機（LC, Least Concern）","corrected_iucn"
"e859a2f6-5351-4140-8c8a-0b266f8e408c","species","Plantae","Lindera communis","","暫無危機（LC, Least Concern）","corrected_iucn"
"c23b4a3a-55b7-4c11-b09b-fad003411c8f","species","Plantae","Lindera erythrocarpa","","暫無危機（LC, Least Concern）","corrected_iucn"
"9a41671a-2f19-428a-ad77-2d98186dac8f","species","Plantae","Lindera glauca","","暫無危機（LC, Least Concern）","corrected_iucn"
"c74cdcca-c17b-42df-b032-bc571bbe8a26","species","Plantae","Litsea akoensis","","暫無危機（LC, Least Concern）","corrected_iucn"
"341d2896-537a-4658-a6fb-a1b8a0297845","species","Plantae","Litsea garciae","","暫無危機（LC, Least Concern）","corrected_iucn"
"aad906ac-e14f-4a15-9dba-5d85e3462df5","species","Plantae","Litsea morrisonensis","","暫無危機（LC, Least Concern）","corrected_iucn"
"aaaf2d3b-7bed-44fb-91ca-3064b889ae75","species","Plantae","Machilus zuihoensis","","暫無危機（LC, Least Concern）","corrected_iucn"
"58966e04-d374-49d2-94ed-fe276c9ae236","species","Plantae","Machilus philippinensis","","暫無危機（LC, Least Concern）","corrected_iucn"
"5e89fae3-6afd-4b4f-85f8-de40da8aeef2","species","Plantae","Neolitsea daibuensis","","接近受脅（NT, Near Threatened）","corrected_iucn"
"f2d1acaf-0708-4ab6-88ac-5b75d7c5346d","species","Plantae","Neolitsea hiiranensis","","接近受脅（NT, Near Threatened）","corrected_iucn"
"63aee3c4-c1b2-4630-a963-04fdfca3568b","species","Plantae","Neolitsea konishii","","暫無危機（LC, Least Concern）","corrected_iucn"
"ace73145-58dc-40e4-895d-2f1fc41669f2","species","Plantae","Laurus nobilis","","暫無危機（LC, Least Concern）","corrected_iucn"
"7aa80d4b-c489-4e90-a361-2dad77b83beb","species","Plantae","Acorus gramineus","","暫無危機（LC, Least Concern）","corrected_iucn"
"8130b992-1304-43a7-8879-b330ec2a51c2","species","Plantae","Acorus calamus","","暫無危機（LC, Least Concern）","corrected_iucn"
"497e7f4c-1b53-4fee-ac99-bf6abc5ed150","species","Plantae","Aglaonema simplex","","暫無危機（LC, Least Concern）","corrected_iucn"
"ffedc807-e796-420a-a9a3-4358e739dd03","species","Plantae","Alocasia sanderiana","","極危（CR, Critically Endangered）","corrected_iucn"
"38a75307-a2d7-47b6-80c8-e0f2602e3a91","species","Plantae","Amorphophallus paeoniifolius","","暫無危機（LC, Least Concern）","corrected_iucn"
"ab462d12-48a5-40cd-85ba-79e1522d5938","species","Plantae","Anthurium magnificum","","接近受脅（NT, Near Threatened）","corrected_iucn"
"cea6d04a-d35b-4d13-9786-969d44414f20","species","Plantae","Colocasia esculenta","","暫無危機（LC, Least Concern）","corrected_iucn"
"a7bf60fa-29e3-4c99-ac28-e50bac0e45ff","species","Plantae","Lemna aequinoctialis","","暫無危機（LC, Least Concern）","corrected_iucn"
"248a53ac-265e-4e81-8eff-c827b4e26c9a","species","Plantae","Pistia stratiotes","","暫無危機（LC, Least Concern）","corrected_iucn"
"23a3fecd-3e90-4be5-b8a2-4a5f874d2f91","species","Plantae","Spirodela polyrhiza","","暫無危機（LC, Least Concern）","corrected_iucn"
"b447c3f1-5d41-4f8a-b573-dfb8bf6ed523","species","Plantae","Wolffia globosa","","暫無危機（LC, Least Concern）","corrected_iucn"
"14caa824-915c-4408-9e95-5d0d711ecb30","species","Plantae","Zantedeschia aethiopica","","暫無危機（LC, Least Concern）","corrected_iucn"
"745bed88-85ad-4265-aed8-9ae4bc57696a","species","Plantae","Zantedeschia albomaculata","","暫無危機（LC, Least Concern）","corrected_iucn"
"f2545a9d-8557-46ad-82f6-87d5cad9bc37","species","Plantae","Sagittaria pygmaea","","暫無危機（LC, Least Concern）","corrected_iucn"
"a2871634-ff2b-49f6-b4ca-57adc01ec759","species","Plantae","Blyxa aubertii","","暫無危機（LC, Least Concern）","corrected_iucn"
"66e9fd20-d1c4-4264-9ea6-fd781cf85ecd","species","Plantae","Blyxa japonica","","暫無危機（LC, Least Concern）","corrected_iucn"
"07357ff7-55bf-443d-813d-0fdf048b45e9","species","Plantae","Halophila beccarii","","易危（VU, Vulnerable）","corrected_iucn"
"2cde9dc7-d57d-47ec-ae4e-9b7df19f1864","species","Plantae","Halophila decipiens","","暫無危機（LC, Least Concern）","corrected_iucn"
"1a3b3abb-9bb8-4d58-8099-faee2707ff89","species","Plantae","Halophila ovalis","","暫無危機（LC, Least Concern）","corrected_iucn"
"7ba9e2d0-17b9-4d6b-80b0-3d96806bc993","species","Plantae","Najas gracillima","","暫無危機（LC, Least Concern）","corrected_iucn"
"7fc6f977-d5b0-4929-ac0e-aae81f5b65da","species","Plantae","Najas graminea","","暫無危機（LC, Least Concern）","corrected_iucn"
"d70f9c00-5556-4c06-97f9-c0c0405f35bf","species","Plantae","Najas guadalupensis","","暫無危機（LC, Least Concern）","corrected_iucn"
"3247c6d4-2d02-44c7-bea9-371b330c42fe","species","Plantae","Najas marina","","暫無危機（LC, Least Concern）","corrected_iucn"
"9e9b1d86-1f0f-4030-935d-260dfae956bb","species","Plantae","Ottelia alismoides","","暫無危機（LC, Least Concern）","corrected_iucn"
"891c9e12-9793-40b1-a5f4-35bafb36e645","species","Plantae","Thalassia hemprichii","","暫無危機（LC, Least Concern）","corrected_iucn"
"e387e718-e92a-46b9-a20c-0262ad353e47","species","Plantae","Vallisneria americana","","暫無危機（LC, Least Concern）","corrected_iucn"
"81e30b49-9675-4036-9dc2-8f320443b482","species","Plantae","Aponogeton taiwanensis","","暫無危機（LC, Least Concern）","corrected_iucn"
"a7545bd3-41de-4958-99b1-a088097a7d3c","species","Plantae","Potamogeton crispus","","暫無危機（LC, Least Concern）","corrected_iucn"
"67dc11e8-0e61-40fc-a772-a8dff7ee1e7e","species","Plantae","Potamogeton distinctus","","暫無危機（LC, Least Concern）","corrected_iucn"
"a8a62819-aa1e-4a51-8f74-87e1adf7634d","species","Plantae","Potamogeton maackianus","","暫無危機（LC, Least Concern）","corrected_iucn"
"e995a745-d2b0-43f1-a705-e323d6c89e87","species","Plantae","Potamogeton pusillus","","暫無危機（LC, Least Concern）","corrected_iucn"
"07cb00eb-611e-4c1e-939b-495aa00f6be4","species","Plantae","Zannichellia palustris","","暫無危機（LC, Least Concern）","corrected_iucn"
"d2d550cd-5d4b-41b5-800d-92b755c062c0","species","Plantae","Stuckenia pectinata","","暫無危機（LC, Least Concern）","corrected_iucn"
"46d2b682-e91a-4e1b-b0fd-542923c07d68","species","Plantae","Ruppia maritima","","暫無危機（LC, Least Concern）","corrected_iucn"
"b8b727a7-6d79-44b5-8b80-f36d74c48363","species","Plantae","Cymodocea rotundata","","暫無危機（LC, Least Concern）","corrected_iucn"
"3a46ee3d-c772-4dbd-b3e4-28c03fd6f812","species","Plantae","Halodule pinifolia","","暫無危機（LC, Least Concern）","corrected_iucn"
"027fc271-8a06-4510-9f19-7fe19c1c2654","species","Plantae","Aletris spicata","","暫無危機（LC, Least Concern）","corrected_iucn"
"3d0f7127-ea08-40b7-a63c-e2f035a5ed4b","species","Plantae","Tacca leontopetaloides","","暫無危機（LC, Least Concern）","corrected_iucn"
"f313b274-ea3c-4a66-9579-90b8f7ddb8ab","species","Plantae","Carludovica palmata","","暫無危機（LC, Least Concern）","corrected_iucn"
"ee48551a-7cf3-4b3b-b5fe-a48c73fa498f","species","Plantae","Trillium tschonoskii","","瀕危（EN, Endangered）","corrected_iucn"
"0d710e9d-a114-48fc-bc1c-e23047efa39a","species","Plantae","Gloriosa superba","","暫無危機（LC, Least Concern）","corrected_iucn"
"a3371c83-7ea9-4d3a-9ebf-396cb6424af9","species","Plantae","Bulbophyllum rubrolabellum","","瀕危（EN, Endangered）","corrected_iucn"
"31153896-5217-4178-833e-a399510417be","species","Plantae","Bulbophyllum tokioi","","瀕危（EN, Endangered）","corrected_iucn"
"4d6d4175-181f-4ff3-b83a-eb5ae9ad6e28","species","Plantae","Calanthe davidii","","暫無危機（LC, Least Concern）","corrected_iucn"
"13105b7e-0922-4400-82de-324538812bbb","species","Plantae","Cheirostylis octodactyla","","瀕危（EN, Endangered）","corrected_iucn"
"5916bdb7-3e44-474a-b980-c764bbd9974e","species","Plantae","Cypripedium segawae","","極危（CR, Critically Endangered）","corrected_iucn"
"8fcb11d3-1f67-445f-8cb9-0b4d7b47a727","species","Plantae","Dendrobium leptocladum","","瀕危（EN, Endangered）","corrected_iucn"
"0b9927c0-2a0e-4d3e-809d-c24aed6a7fb8","species","Plantae","Epidendrum ibaguense","","暫無危機（LC, Least Concern）","corrected_iucn"
"b459763d-cffa-420d-bfd6-6ae2f21c5064","species","Plantae","Eulophia dentata","","瀕危（EN, Endangered）","corrected_iucn"
"4fdce36d-afad-4f66-a446-2576b1e89bb2","species","Plantae","Eulophia graminea","","暫無危機（LC, Least Concern）","corrected_iucn"
"3b559261-ad1f-45f8-a124-18c873410c5a","species","Plantae","Holcoglossum quasipinifolium","","瀕危（EN, Endangered）","corrected_iucn"
"d9496bba-9c56-481b-a0df-520df031b24d","species","Plantae","Neottia acuminata","","暫無危機（LC, Least Concern）","corrected_iucn"
"0f15b484-9dba-438a-9b83-b76b2d140862","species","Plantae","Phalaenopsis violacea","","易危（VU, Vulnerable）","corrected_iucn"
"081afc01-a75e-424c-8ed9-99f220506f7a","species","Plantae","Pleione bulbocodioides","","易危（VU, Vulnerable）","corrected_iucn"
"9326597f-90a9-4e91-a6f0-8ab5ebf2a4c8","species","Plantae","Spiranthes sinensis","","暫無危機（LC, Least Concern）","corrected_iucn"
"337099da-5379-44b0-88a7-d7840623ab46","species","Plantae","Paphiopedilum argus","","瀕危（EN, Endangered）","corrected_iucn"
"1840364e-15e4-40d0-bc99-4697da11e8aa","species","Plantae","Paphiopedilum barbatum","","瀕危（EN, Endangered）","corrected_iucn"
"aeed8861-9c3d-4706-bd9a-adc1520431e7","species","Plantae","Paphiopedilum bellatulum","","瀕危（EN, Endangered）","corrected_iucn"
"6734b8f2-d5d0-4933-b2aa-d88f90c13b4f","species","Plantae","Paphiopedilum concolor","","瀕危（EN, Endangered）","corrected_iucn"
"77f363df-b58c-437a-840e-dd9f08c6c096","species","Plantae","Paphiopedilum dayanum","","極危（CR, Critically Endangered）","corrected_iucn"
"abd0df44-47a4-454b-a14f-ae02e287c483","species","Plantae","Paphiopedilum delenatii","","極危（CR, Critically Endangered）","corrected_iucn"
"058c9ab4-dbca-4654-8c2f-944caff96264","species","Plantae","Paphiopedilum exul","","極危（CR, Critically Endangered）","corrected_iucn"
"074cdd2b-8fc7-4fe2-a6b1-32ca265dd333","species","Plantae","Paphiopedilum glaucophyllum","","瀕危（EN, Endangered）","corrected_iucn"
"4e5036a9-44c8-4345-80c5-070c22bfddbc","species","Plantae","Paphiopedilum haynaldianum","","瀕危（EN, Endangered）","corrected_iucn"
"707a3715-cdcc-444d-bd73-303bea702e28","species","Plantae","Paphiopedilum hirsutissimum","","易危（VU, Vulnerable）","corrected_iucn"
"948eb5ab-4e97-48b9-8ec2-d932179a26d9","species","Plantae","Paphiopedilum insigne","","瀕危（EN, Endangered）","corrected_iucn"
"666d26c7-b0cd-41c1-9137-23467bb9abde","species","Plantae","Paphiopedilum javanicum","","瀕危（EN, Endangered）","corrected_iucn"
"ada6dbd6-6b2c-4d50-858e-452f315c00fb","species","Plantae","Paphiopedilum lowii","","瀕危（EN, Endangered）","corrected_iucn"
"69170ef7-ea15-4a81-b7bb-51adc18545f1","species","Plantae","Paphiopedilum parishii","","瀕危（EN, Endangered）","corrected_iucn"
"53c645e2-1bb5-4ae7-8988-144c88d7c109","species","Plantae","Paphiopedilum primulinum","","極危（CR, Critically Endangered）","corrected_iucn"
"b0107b1f-f053-4097-a72b-548f9aa7b181","species","Plantae","Paphiopedilum venustum","","瀕危（EN, Endangered）","corrected_iucn"
"5e428f59-cce7-41ab-974f-442219fc7595","species","Plantae","Paphiopedilum villosum","","易危（VU, Vulnerable）","corrected_iucn"
"1d68cf2e-55d2-4df8-91ba-3a8b9b908168","species","Plantae","Iris virginica","","暫無危機（LC, Least Concern）","corrected_iucn"
"7a1856e0-f89c-4def-8a4b-cffe8d4029be","species","Plantae","Allium schoenoprasum","","暫無危機（LC, Least Concern）","corrected_iucn"
"78cb337d-7a8b-4919-97c2-d51a762ec57d","species","Plantae","Agave americana","","暫無危機（LC, Least Concern）","corrected_iucn"
"1efa8838-15c0-4ea7-ae0d-c438ff9b1a31","species","Plantae","Agave decipiens","","易危（VU, Vulnerable）","corrected_iucn"
"d0840a3e-e758-4929-8fa3-684aa5fba768","species","Plantae","Beaucarnea recurvata","","極危（CR, Critically Endangered）","corrected_iucn"
"7bfc4c31-d327-410b-a0ae-acb5d2860b81","species","Plantae","Yucca filamentosa","","暫無危機（LC, Least Concern）","corrected_iucn"
"bf5ec7cd-8ca8-41be-8d0d-8768588c9b50","species","Plantae","Aloe vera","","暫無危機（LC, Least Concern）","corrected_iucn"
"fc71f722-8b2b-4a94-a1f1-ab7337324a59","species","Plantae","Aloe arborescens","","暫無危機（LC, Least Concern）","corrected_iucn"
"36fdf4c8-b1da-4264-9568-ca056f85922c","species","Plantae","Aloe striata","","暫無危機（LC, Least Concern）","corrected_iucn"
"c885a416-1b69-4df6-9b3d-93479916d252","species","Plantae","Areca triandra","","暫無危機（LC, Least Concern）","corrected_iucn"
"a4ac157c-d070-497e-b1a0-14bccb282af5","species","Plantae","Bactris gasipaes","","暫無危機（LC, Least Concern）","corrected_iucn"
"2cf1ed09-1c8a-4ac2-9a1b-b45a5c2f9126","species","Plantae","Butia eriospatha","","瀕危（EN, Endangered）","corrected_iucn"
"13c77f59-ddc8-48bf-8c69-57359ef730eb","species","Plantae","Caryota urens","","暫無危機（LC, Least Concern）","corrected_iucn"
"ab17faa4-f22b-4792-9b9c-e9bda9ad6199","species","Plantae","Chamaedorea seifrizii","","暫無危機（LC, Least Concern）","corrected_iucn"
"c011c79f-9f12-4dc4-971f-6db0571aa1d9","species","Plantae","Chamaedorea cataractarum","","暫無危機（LC, Least Concern）","corrected_iucn"
"45275d43-409e-4dd2-aaa2-097a1098b4eb","species","Plantae","Chamaerops humilis","","暫無危機（LC, Least Concern）","corrected_iucn"
"f6658421-91a9-4f1d-8654-5adc1830664f","species","Plantae","Chrysalidocarpus lutescens","","接近受脅（NT, Near Threatened）","corrected_iucn"
"ab346095-d786-4863-b15d-ef8649bae107","species","Plantae","Coccothrinax argentata","","暫無危機（LC, Least Concern）","corrected_iucn"
"a3d0d445-8881-4118-bd19-c26ef810e870","species","Plantae","Cyrtostachys renda","","暫無危機（LC, Least Concern）","corrected_iucn"
"444f1e41-8292-41da-ba9c-cce598c281b7","species","Plantae","Dictyosperma album","","極危（CR, Critically Endangered）","corrected_iucn"
"36f7b365-b49b-4494-ae86-78ab6cb158c7","species","Plantae","Dypsis decaryi","","易危（VU, Vulnerable）","corrected_iucn"
"b7d65261-e4ca-4927-ada1-8f4bd6aad101","species","Plantae","Elaeis guineensis","","暫無危機（LC, Least Concern）","corrected_iucn"
"9b345059-52cf-4389-911e-0e51ac35b7d2","species","Plantae","Hyophorbe lagenicaulis","","極危（CR, Critically Endangered）","corrected_iucn"
"a3618395-7f21-4a9f-93eb-bf40eebf5974","species","Plantae","Licuala spinosa","","暫無危機（LC, Least Concern）","corrected_iucn"
"74ffc1ab-3cc5-4506-bc46-b55a2a6644fd","species","Plantae","Livistona saribus","","暫無危機（LC, Least Concern）","corrected_iucn"
"b35670fa-d9f0-4e78-9931-b55bbcc19c60","species","Plantae","Phoenix canariensis","","暫無危機（LC, Least Concern）","corrected_iucn"
"856b4476-a0f0-4773-b403-b9e7a7a80e1e","species","Plantae","Phoenix reclinata","","暫無危機（LC, Least Concern）","corrected_iucn"
"5d29b349-4374-4dee-9b63-91059818f04d","species","Plantae","Phoenix rupicola","","接近受脅（NT, Near Threatened）","corrected_iucn"
"394036c5-63b8-4130-b46d-1d50a116ed01","species","Plantae","Pinanga tashiroi","","極危（CR, Critically Endangered）","corrected_iucn"
"e28e1be4-9439-45e5-8c29-fefe22aa0779","species","Plantae","Sabal minor","","暫無危機（LC, Least Concern）","corrected_iucn"
"8bace35b-ebf1-4e85-861f-4501fbdc858b","species","Plantae","Sabal palmetto","","暫無危機（LC, Least Concern）","corrected_iucn"
"763d2cea-8870-4be3-ac0c-ea59bf9a95bb","species","Plantae","Syagrus romanzoffiana","","暫無危機（LC, Least Concern）","corrected_iucn"
"9ff44942-eac1-4a06-b878-8546299a3fd3","species","Plantae","Syagrus schizophylla","","暫無危機（LC, Least Concern）","corrected_iucn"
"2781ad9c-55cc-44ac-b850-33e6944cf6c5","species","Plantae","Washingtonia robusta","","暫無危機（LC, Least Concern）","corrected_iucn"
"4041984d-fa32-4014-af67-02538ad6e8d6","species","Plantae","Wodyetia bifurcata","","LR","corrected_iucn"
"29d9c587-b7b1-471c-aaa1-53da51e3c33e","species","Plantae","Archontophoenix cunninghamiana","","暫無危機（LC, Least Concern）","corrected_iucn"
"ee11166a-2089-4762-a60b-5606e683569d","species","Plantae","Bentinckia nicobarica","","瀕危（EN, Endangered）","corrected_iucn"
"0e031603-ef87-41bc-9056-244b840474bc","species","Plantae","Borassus flabellifer","","暫無危機（LC, Least Concern）","corrected_iucn"
"346563c1-6989-4c82-a143-9509d8611a61","species","Plantae","Hyphaene thebaica","","暫無危機（LC, Least Concern）","corrected_iucn"
"564a2a4b-c06f-482e-ae10-6d3a2638e536","species","Plantae","Jubaea chilensis","","瀕危（EN, Endangered）","corrected_iucn"
"83e6e709-9f64-4f5b-8803-d9103a99a0db","species","Plantae","Latania loddigesii","","瀕危（EN, Endangered）","corrected_iucn"
"5e4ef3db-9244-416f-890b-c473741941ad","species","Plantae","Latania verschaffeltii","","極危（CR, Critically Endangered）","corrected_iucn"
"cfeeced9-56a7-4348-8aa1-6575a9741200","species","Plantae","Ravenea rivularis","","易危（VU, Vulnerable）","corrected_iucn"
"e5a35422-43e2-4766-8bc4-382ddaefeb38","species","Plantae","Rhopalostylis sapida","","暫無危機（LC, Least Concern）","corrected_iucn"
"01abad53-aa5c-473f-8dca-bc464504500b","species","Plantae","Trachycarpus fortunei","","暫無危機（LC, Least Concern）","corrected_iucn"
"e57d406a-1a78-4036-bc1c-2b47ae035c11","species","Plantae","Bismarckia nobilis","","暫無危機（LC, Least Concern）","corrected_iucn"
"1bcc2b25-a490-4a06-b5c5-c4bd1f13d8d1","species","Plantae","Commelina benghalensis","","暫無危機（LC, Least Concern）","corrected_iucn"
"2bf7d686-8b12-4ae0-8991-507c6e8c96b7","species","Plantae","Murdannia spirata","","暫無危機（LC, Least Concern）","corrected_iucn"
"222e9a92-9980-4a2f-bb30-b41297341f68","species","Plantae","Hellenia speciosa","","暫無危機（LC, Least Concern）","corrected_iucn"
"e6b1bf94-7324-4515-821d-688b04075293","species","Plantae","Musa acuminata","","暫無危機（LC, Least Concern）","corrected_iucn"
"206ef75f-0041-4ee2-93f2-70ba7bb83c68","species","Plantae","Musa insularimontana","","極危（CR, Critically Endangered）","corrected_iucn"
"d40026b3-a791-4d69-87b5-58a485aed5df","species","Plantae","Musa itinerans","","暫無危機（LC, Least Concern）","corrected_iucn"
"4a4645b5-6146-4acd-b58c-652a1a1229a2","species","Plantae","Musa textilis","","接近受脅（NT, Near Threatened）","corrected_iucn"
"b9070e95-6219-4c97-9757-e878a71ed4d7","species","Plantae","Musa yamiensis","","極危（CR, Critically Endangered）","corrected_iucn"
"a943e031-4aa7-4c02-9ef8-39c51f846eba","species","Plantae","Musa coccinea","","瀕危（EN, Endangered）","corrected_iucn"
"72c68427-b6f2-4367-ac0a-883653303ecc","species","Plantae","Ravenala madagascariensis","","暫無危機（LC, Least Concern）","corrected_iucn"
"b649a43f-0566-452a-a650-d93045896c27","species","Plantae","Alpinia zerumbet","","資料缺乏（DD, Data Deficient）","corrected_iucn"
"5a166132-dccb-4102-93ba-6c6524ddce76","species","Plantae","Curcuma longa","","資料缺乏（DD, Data Deficient）","corrected_iucn"
"f6b9e2a9-7eae-430a-b0d2-9e360a7a4ea1","species","Plantae","Curcuma viridiflora","","資料缺乏（DD, Data Deficient）","corrected_iucn"
"6fdf9d6c-c31e-482e-a9ab-2bf0cf9255a5","species","Plantae","Curcuma alismatifolia","","接近受脅（NT, Near Threatened）","corrected_iucn"
"0d25db64-5b8d-4ac6-898c-5cc8cdf6534f","species","Plantae","Hedychium coronarium","","資料缺乏（DD, Data Deficient）","corrected_iucn"
"dc008ccb-bfea-4190-89b2-2dce932632eb","species","Plantae","Sparganium fallax","","暫無危機（LC, Least Concern）","corrected_iucn"
"c5158850-b1eb-4b14-b1a1-66fee52ebcc5","species","Plantae","Typha orientalis","","暫無危機（LC, Least Concern）","corrected_iucn"
"30919827-99f2-4fc5-a0d8-52386fd7ab86","species","Plantae","Tillandsia usneoides","","暫無危機（LC, Least Concern）","corrected_iucn"
"589adf55-190a-42fb-9de8-560342ac9aa9","species","Plantae","Eriocaulon cinereum","","暫無危機（LC, Least Concern）","corrected_iucn"
"28bde313-6354-4f65-b9df-407ba3100308","species","Plantae","Eriocaulon sexangulare","","暫無危機（LC, Least Concern）","corrected_iucn"
"3fa2e92c-9505-4986-802e-7422e92d67d6","species","Plantae","Eriocaulon truncatum","","暫無危機（LC, Least Concern）","corrected_iucn"
"c8ab9dfd-16fc-4e8c-92b4-569be56458d2","species","Plantae","Juncus marginatus","","暫無危機（LC, Least Concern）","corrected_iucn"
"e5ddbfd9-fae2-401d-b84c-c7f929a011c1","species","Plantae","Actinoscirpus grossus","","暫無危機（LC, Least Concern）","corrected_iucn"
"07578cd6-7f54-417b-891a-7c958779b616","species","Plantae","Bolboschoenus maritimus","","暫無危機（LC, Least Concern）","corrected_iucn"
"877d20d7-f6a6-4b25-aca9-e726fc790a8d","species","Plantae","Carex doniana","","暫無危機（LC, Least Concern）","corrected_iucn"
"5b2eabd0-dc95-409d-baf7-d4ba8716fbf6","species","Plantae","Carex filicina","","暫無危機（LC, Least Concern）","corrected_iucn"
"d3db0217-42d9-4a8d-8953-5b0fd647fb15","species","Plantae","Cyperus brevifolius","","暫無危機（LC, Least Concern）","corrected_iucn"
"b91f6cea-f9ad-4fbd-9456-c3dd2c7d3424","species","Plantae","Cyperus cyperinus","","暫無危機（LC, Least Concern）","corrected_iucn"
"3b487152-7664-4efe-b91d-e60c3883aff8","species","Plantae","Cyperus difformis","","暫無危機（LC, Least Concern）","corrected_iucn"
"de6efd64-28d8-4af7-9fd0-fed268d7b37d","species","Plantae","Cyperus diffusus","","暫無危機（LC, Least Concern）","corrected_iucn"
"7992ca6b-03db-457b-a749-3a0a9073c21f","species","Plantae","Cyperus distans","","暫無危機（LC, Least Concern）","corrected_iucn"
"97bcff02-2142-47d4-a860-f4e2555392aa","species","Plantae","Cyperus esculentus","","暫無危機（LC, Least Concern）","corrected_iucn"
"bb33750e-6a70-415b-8d14-57ba42ada600","species","Plantae","Cyperus exaltatus","","暫無危機（LC, Least Concern）","corrected_iucn"
"20333be6-7086-42b9-9199-a8dbaa6bd49d","species","Plantae","Cyperus iria","","暫無危機（LC, Least Concern）","corrected_iucn"
"1267c1fc-ff5e-4ecb-a672-6a190c66d8ed","species","Plantae","Cyperus nutans","","暫無危機（LC, Least Concern）","corrected_iucn"
"3b6e8615-e0f6-4c60-8dd9-d5ccc764d556","species","Plantae","Cyperus polystachyos","","暫無危機（LC, Least Concern）","corrected_iucn"
"d58b7549-cff1-4bbc-b3ec-6be0ef37e7b3","species","Plantae","Cyperus procerus","","暫無危機（LC, Least Concern）","corrected_iucn"
"9705487e-d5f7-4866-a457-2bb6e259dd14","species","Plantae","Cyperus pumilus","","暫無危機（LC, Least Concern）","corrected_iucn"
"267dfa6b-63b0-48d5-b469-595a05e52ad7","species","Plantae","Cyperus tuberosus","","暫無危機（LC, Least Concern）","corrected_iucn"
"966aa00b-c318-47ea-8d4e-a18449a8e89a","species","Plantae","Cyperus cyperoides","","暫無危機（LC, Least Concern）","corrected_iucn"
"05170a47-cf3f-4db5-82f7-45dad02b73b6","species","Plantae","Cyperus sesquiflorus","","暫無危機（LC, Least Concern）","corrected_iucn"
"bff53edb-4a9a-4a25-ab1e-cb5f4c1638e1","species","Plantae","Diplacrum caricinum","","暫無危機（LC, Least Concern）","corrected_iucn"
"cbda4559-732b-4bfd-968e-06454e718acd","species","Plantae","Eleocharis acutangula","","暫無危機（LC, Least Concern）","corrected_iucn"
"8f2f99e7-851e-40be-ba96-a27e9a04a7ed","species","Plantae","Eleocharis ochrostachys","","暫無危機（LC, Least Concern）","corrected_iucn"
"dea70450-8daa-4570-b812-d9915541f89e","species","Plantae","Fimbristylis autumnalis","","暫無危機（LC, Least Concern）","corrected_iucn"
"31acf3e3-2b97-4700-8900-d1a1172b49d2","species","Plantae","Fimbristylis microcarya","","暫無危機（LC, Least Concern）","corrected_iucn"
"12158e0f-5c94-4391-a116-debfa83d12df","species","Plantae","Fimbristylis nutans","","暫無危機（LC, Least Concern）","corrected_iucn"
"e4492688-5a54-4294-a67c-b6ba679df8a7","species","Plantae","Fimbristylis ovata","","暫無危機（LC, Least Concern）","corrected_iucn"
"d2a00a35-15f6-407a-a259-cf9b8a8e03f9","species","Plantae","Fimbristylis polytrichoides","","暫無危機（LC, Least Concern）","corrected_iucn"
"718d6f64-d38c-440c-a9d4-def53394d52d","species","Plantae","Fimbristylis schoenoides","","暫無危機（LC, Least Concern）","corrected_iucn"
"42d61558-1a29-4659-813e-c5be1d843500","species","Plantae","Fimbristylis squarrosa","","暫無危機（LC, Least Concern）","corrected_iucn"
"3de1906a-f543-4628-a642-ab17bc45e204","species","Plantae","Fuirena ciliaris","","暫無危機（LC, Least Concern）","corrected_iucn"
"3ea31b85-f1e7-43b9-9d7b-b47b36c5840c","species","Plantae","Cyperus flavidus","","暫無危機（LC, Least Concern）","corrected_iucn"
"760d5e7b-da9a-40d5-9fe8-ada1c7352cb7","species","Plantae","Schoenoplectiella mucronata","","暫無危機（LC, Least Concern）","corrected_iucn"
"33d3d308-8132-4e5c-8ab7-2384fa3fe69d","species","Plantae","Scleria biflora","","暫無危機（LC, Least Concern）","corrected_iucn"
"c1746466-eeee-4cb7-8b45-b8531cc44cf9","species","Plantae","Scleria novae-hollandiae","","暫無危機（LC, Least Concern）","corrected_iucn"
"c0be1ec4-4f09-473a-89f2-dc07b3ac288f","species","Plantae","Scleria radula","","暫無危機（LC, Least Concern）","corrected_iucn"
"20f1e69c-3a1c-45d0-8366-4d670d8a0b66","species","Plantae","Scleria sumatrensis","","暫無危機（LC, Least Concern）","corrected_iucn"
"3ae540a4-a083-48bd-a6cd-42287db1f266","species","Plantae","Agrostis stolonifera","","暫無危機（LC, Least Concern）","corrected_iucn"
"597325d3-ed71-47b8-b230-c484ee501f24","species","Plantae","Alopecurus aequalis","","暫無危機（LC, Least Concern）","corrected_iucn"
"d384d37c-36c5-4c2e-a10d-e2f0a78df757","species","Plantae","Alopecurus myosuroides","","暫無危機（LC, Least Concern）","corrected_iucn"
"727634b2-dab5-43d4-ab6b-ba4ab7bb69e2","species","Plantae","Arundinella nepalensis","","暫無危機（LC, Least Concern）","corrected_iucn"
"0f4c3045-98bc-4c00-aa92-c1798614e362","species","Plantae","Avena fatua","","暫無危機（LC, Least Concern）","corrected_iucn"
"dd7abf73-ea86-488f-8f79-d9db16adf30f","species","Plantae","Avena sativa","","資料缺乏（DD, Data Deficient）","corrected_iucn"
"daec7749-f80d-4414-b5c8-5c9fe7e80b3b","species","Plantae","Axonopus compressus","","暫無危機（LC, Least Concern）","corrected_iucn"
"da26ec07-a2bf-45b8-a109-fdb754e53ce4","species","Plantae","Axonopus scoparius","","暫無危機（LC, Least Concern）","corrected_iucn"
"25354f2b-0d6b-4695-a8b2-a7562015495d","species","Plantae","Cenchrus ciliaris","","暫無危機（LC, Least Concern）","corrected_iucn"
"50c36e65-7fee-4ebf-b4f8-22da0964356a","species","Plantae","Cenchrus echinatus","","暫無危機（LC, Least Concern）","corrected_iucn"
"0b6f1419-7a3b-4e10-809a-c9437af463ba","species","Plantae","Dendrocalamus giganteus","","暫無危機（LC, Least Concern）","corrected_iucn"
"4df19d9a-9600-481f-afcc-f5c7be77ba23","species","Plantae","Dimeria ornithopoda","","暫無危機（LC, Least Concern）","corrected_iucn"
"92ec9b3f-3a62-453e-a52f-286577d802b9","species","Plantae","Diplachne fusca","","暫無危機（LC, Least Concern）","corrected_iucn"
"eb8724f6-a07a-45b7-8bac-561792947891","species","Plantae","Echinochloa colona","","暫無危機（LC, Least Concern）","corrected_iucn"
"a71d8501-a5c8-4aec-93f4-2351709f1138","species","Plantae","Eragrostis unioloides","","暫無危機（LC, Least Concern）","corrected_iucn"
"ee16ff70-3b0b-47ae-80ff-c507186d6c99","species","Plantae","Eriochloa procera","","暫無危機（LC, Least Concern）","corrected_iucn"
"086a9199-fc3b-485f-adc2-065ce3335667","species","Plantae","Festuca arundinacea","","資料缺乏（DD, Data Deficient）","corrected_iucn"
"1930dbe6-7680-48e6-b4d9-1a99b3e11a43","species","Plantae","Festuca parvigluma","","暫無危機（LC, Least Concern）","corrected_iucn"
"2fbf2b9f-b0cb-40f2-a11c-0af521f7d40f","species","Plantae","Festuca rubra","","資料缺乏（DD, Data Deficient）","corrected_iucn"
"161b864c-456a-41a9-bfe5-2e0a3871a64c","species","Plantae","Hemarthria compressa","","暫無危機（LC, Least Concern）","corrected_iucn"
"f1050944-4b47-4361-a09a-ede960a7b593","species","Plantae","Isachne albens","","暫無危機（LC, Least Concern）","corrected_iucn"
"d629e10a-cceb-4f9b-ad00-0eda0eefe66a","species","Plantae","Isachne globosa","","暫無危機（LC, Least Concern）","corrected_iucn"
"b8281277-b7f1-482a-93a0-c5829a985c20","species","Plantae","Leptochloa panicea","","暫無危機（LC, Least Concern）","corrected_iucn"
"2d8d642d-efd3-4d15-9868-4f2ab8fcc5a2","species","Plantae","Microstegium tenue","","資料缺乏（DD, Data Deficient）","corrected_iucn"
"ecca8687-b8cd-46d8-b2a2-3ef37c01080a","species","Plantae","Oryza australiensis","","暫無危機（LC, Least Concern）","corrected_iucn"
"e9e819d4-477e-48a7-80b2-c60e7b190fd0","species","Plantae","Oryza brachyantha","","暫無危機（LC, Least Concern）","corrected_iucn"
"8cfd83c0-6f25-4ea7-83bb-7930673a2aae","species","Plantae","Oryza glaberrima","","暫無危機（LC, Least Concern）","corrected_iucn"
"1022138b-3cdf-4b52-b5b4-2cfa64329bdf","species","Plantae","Oryza minuta","","暫無危機（LC, Least Concern）","corrected_iucn"
"b0995201-27b2-454c-8c13-1f709a0e922d","species","Plantae","Oryza officinalis","","暫無危機（LC, Least Concern）","corrected_iucn"
"61f700a6-953b-4313-9e8c-51ed41089313","species","Plantae","Paspalidium punctatum","","暫無危機（LC, Least Concern）","corrected_iucn"
"72227a0e-9898-4d01-ba2d-105940c476a3","species","Plantae","Paspalum conjugatum","","暫無危機（LC, Least Concern）","corrected_iucn"
"8c8cab1a-1670-43f7-a908-585f23f7aff4","species","Plantae","Paspalum distichum","","暫無危機（LC, Least Concern）","corrected_iucn"
"0be42929-0417-4f7f-9494-9088c7f7ab26","species","Plantae","Paspalum fimbriatum","","暫無危機（LC, Least Concern）","corrected_iucn"
"c550919e-2365-42bf-9f06-991fde354e73","species","Plantae","Paspalum longifolium","","暫無危機（LC, Least Concern）","corrected_iucn"
"9dbbfa29-961c-4476-970f-9986b5fd455d","species","Plantae","Paspalum paniculatum","","暫無危機（LC, Least Concern）","corrected_iucn"
"9f5373dd-89e5-4967-a04f-b6fcee1b8ff9","species","Plantae","Paspalum plicatulum","","暫無危機（LC, Least Concern）","corrected_iucn"
"d8f7c3a9-7261-432b-836c-663a8da9cd6c","species","Plantae","Pennisetum clandestinum","","暫無危機（LC, Least Concern）","corrected_iucn"
"9609385c-f670-4362-9221-f10fb040aef1","species","Plantae","Pennisetum polystachion","","暫無危機（LC, Least Concern）","corrected_iucn"
"67842381-bd95-4212-ae90-3d3d0b6209ad","species","Plantae","Phleum alpinum","","暫無危機（LC, Least Concern）","corrected_iucn"
"ef9374aa-c65a-46a3-94e4-7d91fb9f6664","species","Plantae","Poa trivialis","","暫無危機（LC, Least Concern）","corrected_iucn"
"59b93f5a-8614-4deb-8954-0aac98babc10","species","Plantae","Pogonatherum paniceum","","暫無危機（LC, Least Concern）","corrected_iucn"
"c7439d1b-1255-4992-a35b-f72b2f1552dc","species","Plantae","Polypogon monspeliensis","","暫無危機（LC, Least Concern）","corrected_iucn"
"25985d2d-04cf-4bba-81ca-017f67aa3d0b","species","Plantae","Schizachyrium brevifolium","","暫無危機（LC, Least Concern）","corrected_iucn"
"012ff465-fec5-4cf5-813e-19dd28317010","species","Plantae","Setaria sphacelata","","暫無危機（LC, Least Concern）","corrected_iucn"
"ed66d6d1-2979-4f5d-922b-b354ca017605","species","Plantae","Stenotaphrum secundatum","","暫無危機（LC, Least Concern）","corrected_iucn"
"7194aa84-0807-403a-bb44-2cd188b71728","species","Plantae","Tripsacum dactyloides","","資料缺乏（DD, Data Deficient）","corrected_iucn"
"b0e9ec17-b804-4157-be04-e7612f82bcf6","species","Plantae","Trisetum bifidum","","暫無危機（LC, Least Concern）","corrected_iucn"
"855845a3-3e7a-4c46-9945-afc878fa707c","species","Plantae","Triticum aestivum","","資料缺乏（DD, Data Deficient）","corrected_iucn"
"d5a76f29-ab42-4a27-a400-b6769bffdbad","species","Plantae","Mahonia oiwakensis","","易危（VU, Vulnerable）","corrected_iucn"
"b2d68449-14bc-4ae9-89ad-4a6b8cc5cfa1","species","Plantae","Grevillea robusta","","暫無危機（LC, Least Concern）","corrected_iucn"
"6acb9539-ed8e-42d6-842b-44a56dc6c259","species","Plantae","Grevillea banksii","","暫無危機（LC, Least Concern）","corrected_iucn"
"3c7bb3d0-aac8-4d3e-80f8-ea7cf412d6a9","species","Plantae","Helicia cochinchinensis","","暫無危機（LC, Least Concern）","corrected_iucn"
"5dbc0474-58e4-4d78-ade6-67b65416fc05","species","Plantae","Helicia rengetiensis","","暫無危機（LC, Least Concern）","corrected_iucn"
"4fa82c86-d1d1-4486-994b-4a39c30ccd12","species","Plantae","Macadamia ternifolia","","瀕危（EN, Endangered）","corrected_iucn"
"8bdbfb8f-4bd0-4e96-b504-f75410855a13","species","Plantae","Buxus microphylla","","暫無危機（LC, Least Concern）","corrected_iucn"
"4152a3a5-e828-4872-bae3-9a021e3c038a","species","Plantae","Buxus sempervirens","","暫無危機（LC, Least Concern）","corrected_iucn"
"2be57109-2405-499b-86ee-3330e4b742dc","species","Plantae","Liquidambar orientalis","","瀕危（EN, Endangered）","corrected_iucn"
"fbeae13b-04c2-4263-9b69-dae0205203f1","species","Plantae","Distylium gracile","","瀕危（EN, Endangered）","corrected_iucn"
"120caac4-2406-42de-a89e-5b9c07bd8453","species","Plantae","Eustigma oblongifolium","","暫無危機（LC, Least Concern）","corrected_iucn"
"f217bf6f-e077-41fc-83e3-d6f78c32dc66","species","Plantae","Sycopsis sinensis","","暫無危機（LC, Least Concern）","corrected_iucn"
"083b8444-d5b3-42b3-8a56-e44d32a458fe","species","Plantae","Daphniphyllum glaucescens","","暫無危機（LC, Least Concern）","corrected_iucn"
"8e601b23-d53c-47fd-8525-e0b00271fd18","species","Plantae","Kalanchoe tomentosa","","暫無危機（LC, Least Concern）","corrected_iucn"
"9ff82985-109b-419e-b1bd-1292104e372c","species","Plantae","Myriophyllum ussuriense","","暫無危機（LC, Least Concern）","corrected_iucn"
"d49eb9d3-a231-4a6c-8d62-0335cb50fd44","species","Plantae","Vitis vinifera","","暫無危機（LC, Least Concern）","corrected_iucn"
"67cadf6c-6d85-4992-b47e-a9f7a1594709","species","Plantae","Acacia confusa","","暫無危機（LC, Least Concern）","corrected_iucn"
"a1b1c9fe-7222-430b-9524-25763839b11c","species","Plantae","Acacia binervata","","暫無危機（LC, Least Concern）","corrected_iucn"
"62d5ef34-a186-4f70-9271-7f91a2dd6864","species","Plantae","Acacia falcata","","暫無危機（LC, Least Concern）","corrected_iucn"
"58307488-5728-472f-9ae7-0829573c9e24","species","Plantae","Acacia implexa","","暫無危機（LC, Least Concern）","corrected_iucn"
"3afd8b85-ed56-4753-b4db-eb656e321e67","species","Plantae","Albizia kalkora","","暫無危機（LC, Least Concern）","corrected_iucn"
"4c715b57-b698-4c6f-90c7-1849d7555262","species","Plantae","Albizia retusa","","暫無危機（LC, Least Concern）","corrected_iucn"
"1e523e02-4b53-459b-8b21-40bdd21ed999","species","Plantae","Albizia acle","","接近受脅（NT, Near Threatened）","corrected_iucn"
"1ecb7953-c631-4cb3-a0e9-56f0d24e1d6e","species","Plantae","Albizia harveyi","","暫無危機（LC, Least Concern）","corrected_iucn"
"958c5087-a80b-44d5-a3ad-179bd0ac4fad","species","Plantae","Alysicarpus bupleurifolius","","暫無危機（LC, Least Concern）","corrected_iucn"
"1b32d0bb-5827-4922-9dd1-94f858a6689b","species","Plantae","Bauhinia purpurea","","暫無危機（LC, Least Concern）","corrected_iucn"
"d611e688-9180-4038-994c-6ad4a2c0bfe6","species","Plantae","Bauhinia variegata","","暫無危機（LC, Least Concern）","corrected_iucn"
"ffb00b3a-4637-40c3-8a9a-e69752b23cf7","species","Plantae","Bauhinia galpinii","","暫無危機（LC, Least Concern）","corrected_iucn"
"f5185bd9-19ae-4f0c-8e43-a67daf53659a","species","Plantae","Bauhinia racemosa","","暫無危機（LC, Least Concern）","corrected_iucn"
"feace22c-065e-4ac9-b361-49152e9ce9b9","species","Plantae","Bauhinia tomentosa","","暫無危機（LC, Least Concern）","corrected_iucn"
"d8621e11-ee9e-4a2e-b572-186ce7fd7466","species","Plantae","Caesalpinia bonduc","","暫無危機（LC, Least Concern）","corrected_iucn"
"843fa70e-50ef-4770-8f83-7f24af9a88e5","species","Plantae","Cajanus scarabaeoides","","暫無危機（LC, Least Concern）","corrected_iucn"
"76ba57bd-ce2f-458d-89e7-5ef4540e72ef","species","Plantae","Calliandra haematocephala","","暫無危機（LC, Least Concern）","corrected_iucn"
"eb1c0d4b-33c2-4678-8ec4-c2eedbb3032a","species","Plantae","Callerya nitida","","暫無危機（LC, Least Concern）","corrected_iucn"
"885c2c6f-1a17-4f81-ade7-0a3c5d6b7f88","species","Plantae","Canavalia rosea","","暫無危機（LC, Least Concern）","corrected_iucn"
"219ec0bf-cabb-4422-bc24-d1f82aee7c25","species","Plantae","Cassia fistula","","暫無危機（LC, Least Concern）","corrected_iucn"
"d368a5fa-f353-49a6-a712-f164f40fc794","species","Plantae","Cercis chinensis","","暫無危機（LC, Least Concern）","corrected_iucn"
"f5077f96-6f08-493b-87fb-c4cd80bb7c53","species","Plantae","Chamaecrista mimosoides","","暫無危機（LC, Least Concern）","corrected_iucn"
"3a0d7f40-b038-4726-a6e7-e0672a2830a4","species","Plantae","Chamaecrista nictitans","","暫無危機（LC, Least Concern）","corrected_iucn"
"3443072f-6d01-45f2-9a3c-6d7c757dd616","species","Plantae","Crotalaria albida","","暫無危機（LC, Least Concern）","corrected_iucn"
"618d39e2-a35e-46e0-8983-5e39a61771f4","species","Plantae","Crotalaria incana","","暫無危機（LC, Least Concern）","corrected_iucn"
"4ecbf8a0-b740-4f13-8a82-f938b8153e45","species","Plantae","Crotalaria micans","","暫無危機（LC, Least Concern）","corrected_iucn"
"c85817aa-3c9d-4dfa-ab98-0c0821e4ee08","species","Plantae","Crotalaria assamica","","暫無危機（LC, Least Concern）","corrected_iucn"
"f20e3970-df2e-49e2-a02d-357172ccbc34","species","Plantae","Dalbergia latifolia","","易危（VU, Vulnerable）","corrected_iucn"
"75048a7c-c368-4324-8f7d-281fe214586d","species","Plantae","Dalbergia hupeana","","暫無危機（LC, Least Concern）","corrected_iucn"
"e59e7592-2621-45f2-9729-c686eae6887a","species","Plantae","Desmanthus virgatus","","暫無危機（LC, Least Concern）","corrected_iucn"
"7de1f810-1778-41d2-aa06-c2da6483568b","species","Plantae","Desmodium intortum","","暫無危機（LC, Least Concern）","corrected_iucn"
"53faf903-85d4-46df-8cc2-25b7b6ac4558","species","Plantae","Dumasia villosa","","暫無危機（LC, Least Concern）","corrected_iucn"
"36f21d01-4244-4a12-9c4b-cb5c66728bc0","species","Plantae","Erythrina crista-galli","","暫無危機（LC, Least Concern）","corrected_iucn"
"d6f6bba4-a5a1-4ab0-9c1e-aa1e6fdc53d7","species","Plantae","Erythrina variegata","","暫無危機（LC, Least Concern）","corrected_iucn"
"d6df0b36-40ae-4a64-85b3-c4bd6a09006d","species","Plantae","Erythrina berteroana","","暫無危機（LC, Least Concern）","corrected_iucn"
"f6e7d1cb-9ddf-4f0f-ba63-ceb7c99be56f","species","Plantae","Erythrina caffra","","暫無危機（LC, Least Concern）","corrected_iucn"
"50209b3e-ad43-440e-8f79-8758067c7983","species","Plantae","Erythrina corallodendron","","暫無危機（LC, Least Concern）","corrected_iucn"
"36a2eab4-9904-48bb-97c0-16900b9c8a26","species","Plantae","Erythrina vespertilio","","暫無危機（LC, Least Concern）","corrected_iucn"
"0780726a-40ea-482a-bed8-cf14dfdbdd8e","species","Plantae","Gleditsia sinensis","","暫無危機（LC, Least Concern）","corrected_iucn"
"74f619d9-1e22-4e07-ad9f-e3842a77e493","species","Plantae","Indigofera galegoides","","暫無危機（LC, Least Concern）","corrected_iucn"
"86bb11a9-ffff-4016-a6e0-1db746d5270f","species","Plantae","Indigofera linifolia","","暫無危機（LC, Least Concern）","corrected_iucn"
"e8786800-1bd8-4488-9455-6cc3c3d97af2","species","Plantae","Inocarpus fagifer","","暫無危機（LC, Least Concern）","corrected_iucn"
"a878f690-253e-4618-a547-bc02b7c72019","species","Plantae","Lespedeza cuneata","","暫無危機（LC, Least Concern）","corrected_iucn"
"3756f993-3e93-4706-b600-6c8a6c92e362","species","Plantae","Lespedeza thunbergii","","資料缺乏（DD, Data Deficient）","corrected_iucn"
"c7c01157-76c6-4d8c-a57b-bb6f6e04fe8a","species","Plantae","Maackia taiwanensis","","瀕危（EN, Endangered）","corrected_iucn"
"22017cd3-5fc3-4e5d-ab56-0c56bf3fc5f7","species","Plantae","Macroptilium bracteatum","","暫無危機（LC, Least Concern）","corrected_iucn"
"2fdd7cbf-c6da-4281-97c6-ef81efec7cb2","species","Plantae","Medicago sativa","","暫無危機（LC, Least Concern）","corrected_iucn"
"36294ac8-7777-47bc-9790-a281fc8123c6","species","Plantae","Pongamia pinnata","","暫無危機（LC, Least Concern）","corrected_iucn"
"cf2feebd-b80c-4cb8-8a26-b5f0bab23fb3","species","Plantae","Mimosa pudica","","暫無危機（LC, Least Concern）","corrected_iucn"
"bca63573-5538-4a5c-8e72-b4d0108ac807","species","Plantae","Ormosia monosperma","","暫無危機（LC, Least Concern）","corrected_iucn"
"2a64a890-f7fb-437f-a14a-d348a61e4b65","species","Plantae","Phaseolus lunatus","","暫無危機（LC, Least Concern）","corrected_iucn"
"e9035b87-4816-4e13-8e89-6900e67672f6","species","Plantae","Psoralea corylifolia","","暫無危機（LC, Least Concern）","corrected_iucn"
"3a631a16-8bea-40e1-b903-002d296880c1","species","Plantae","Pterocarpus santalinus","","瀕危（EN, Endangered）","corrected_iucn"
"14aaf354-3838-411d-900c-a90598dbd75c","species","Plantae","Rhynchosia minima","","暫無危機（LC, Least Concern）","corrected_iucn"
"cbbaad31-8ca1-46c3-bede-42919c0f6bd2","species","Plantae","Samanea saman","","暫無危機（LC, Least Concern）","corrected_iucn"
"4e7b00d7-1210-4694-9555-3f1a651ff1d6","species","Plantae","Senna alata","","暫無危機（LC, Least Concern）","corrected_iucn"
"8d98ca99-5c07-4eb3-a134-7f1c464850b2","species","Plantae","Senna occidentalis","","暫無危機（LC, Least Concern）","corrected_iucn"
"0c757b33-2844-4c76-a471-bcdad7a9f67e","species","Plantae","Senna siamea","","暫無危機（LC, Least Concern）","corrected_iucn"
"c1a6b911-25ba-4152-93f0-5f37188fd84b","species","Plantae","Senna alexandrina","","暫無危機（LC, Least Concern）","corrected_iucn"
"69a78afd-c3f3-4a36-ac86-2eb9b84c02c8","species","Plantae","Sesbania bispinosa","","暫無危機（LC, Least Concern）","corrected_iucn"
"54ed6af6-92e1-4d3a-bb0e-8715c2a72e3b","species","Plantae","Sesbania javanica","","暫無危機（LC, Least Concern）","corrected_iucn"
"6b83588c-ce24-43d5-9c2a-e1f82dfe5dea","species","Plantae","Sophora flavescens","","暫無危機（LC, Least Concern）","corrected_iucn"
"8abd39e8-4c60-42af-be3a-bc7cd76b340a","species","Plantae","Sophora tomentosa","","暫無危機（LC, Least Concern）","corrected_iucn"
"97500edf-7a38-4a69-ae5c-e6d4f6f77843","species","Plantae","Tamarindus indica","","暫無危機（LC, Least Concern）","corrected_iucn"
"64d8a044-4e07-4e47-bbfb-e09a7ee3d341","species","Plantae","Trifolium subterraneum","","暫無危機（LC, Least Concern）","corrected_iucn"
"bc9afc22-657a-4183-a5a8-e843654cc511","species","Plantae","Uraria picta","","暫無危機（LC, Least Concern）","corrected_iucn"
"b3617c00-f829-458d-b810-abe4f7a7b245","species","Plantae","Vicia sativa","","暫無危機（LC, Least Concern）","corrected_iucn"
"aa97acde-d6a6-4326-9233-1b63187fb0fa","species","Plantae","Vigna adenantha","","暫無危機（LC, Least Concern）","corrected_iucn"
"918d15b5-fa0c-4ce6-8f8f-56b0c5907fa5","species","Plantae","Vigna hosei","","資料缺乏（DD, Data Deficient）","corrected_iucn"
"8ce09a21-ec12-46f9-9b91-4b6943980f6a","species","Plantae","Vigna luteola","","暫無危機（LC, Least Concern）","corrected_iucn"
"647f17e7-4de3-4db2-955b-c5f0cd21ebbe","species","Plantae","Vigna marina","","暫無危機（LC, Least Concern）","corrected_iucn"
"6a79b6ec-6b43-44fa-b1ad-66f223c903bf","species","Plantae","Vigna radiata","","暫無危機（LC, Least Concern）","corrected_iucn"
"a2983f44-6aa9-420e-b3af-ec5d8c1b857e","species","Plantae","Enterolobium cyclocarpum","","暫無危機（LC, Least Concern）","corrected_iucn"
"31b9596f-5e46-424f-bbcd-312053395f34","species","Plantae","Gliricidia sepium","","暫無危機（LC, Least Concern）","corrected_iucn"
"e4c024fa-db16-49dd-b98f-f0b8a94125c6","species","Plantae","Intsia bijuga","","接近受脅（NT, Near Threatened）","corrected_iucn"
"7bf0ab2b-9388-470d-a73b-5e1dd53e2f37","species","Plantae","Lysidice rhodostegia","","暫無危機（LC, Least Concern）","corrected_iucn"
"ce4ef755-2b8c-41cd-95a1-cdd3e78682d9","species","Plantae","Peltophorum africanum","","暫無危機（LC, Least Concern）","corrected_iucn"
"b870a86c-54e5-4e7f-901f-a2fd01526394","species","Plantae","Sindora supa","","易危（VU, Vulnerable）","corrected_iucn"
"bcc0439c-ab74-4f17-a281-ea575c5c9188","species","Plantae","Aria alnifolia","","暫無危機（LC, Least Concern）","corrected_iucn"
"8657e48d-eb36-4aee-a980-6219edbc5d1d","species","Plantae","Cydonia oblonga","","暫無危機（LC, Least Concern）","corrected_iucn"
"1fd4033c-87a6-4007-babd-948139a4df72","species","Plantae","Malus hupehensis","","暫無危機（LC, Least Concern）","corrected_iucn"
"7e5e80c6-6a1a-4360-8c61-f029ccc0b52a","species","Plantae","Malus prunifolia","","資料缺乏（DD, Data Deficient）","corrected_iucn"
"c824e17a-f83a-4f82-91fe-b557e687965e","species","Plantae","Malus halliana","","資料缺乏（DD, Data Deficient）","corrected_iucn"
"6559c074-5c9e-47b0-ae64-a356267b2089","species","Plantae","Photinia serratifolia","","暫無危機（LC, Least Concern）","corrected_iucn"
"599321c0-30bc-44a7-9548-10511f1ce4ae","species","Plantae","Prunus armeniaca","","資料缺乏（DD, Data Deficient）","corrected_iucn"
"362aff3e-f024-4b0d-85fb-b2cd57b870ea","species","Plantae","Prunus buergeriana","","暫無危機（LC, Least Concern）","corrected_iucn"
"beda3fe4-76d1-4cc4-b6ce-b544f1a825c7","species","Plantae","Prunus campanulata","","暫無危機（LC, Least Concern）","corrected_iucn"
"50e3a1ed-3dda-4133-abfd-2f4f9c021ed8","species","Plantae","Prunus mume","","暫無危機（LC, Least Concern）","corrected_iucn"
"dc6f20a8-bbe4-40b3-9a61-10cbf825e5bf","species","Plantae","Prunus phaeosticta","","暫無危機（LC, Least Concern）","corrected_iucn"
"992a8eba-2aaf-4f70-8593-6035dc02addb","species","Plantae","Prunus taiwaniana","","易危（VU, Vulnerable）","corrected_iucn"
"8dd65950-6bd9-434e-8826-efa8cfddc9f6","species","Plantae","Prunus transarisanensis","","接近受脅（NT, Near Threatened）","corrected_iucn"
"dddac4db-86cc-4a0e-beeb-19d82da234e4","species","Plantae","Pyracantha koidzumii","","瀕危（EN, Endangered）","corrected_iucn"
"18488c56-01ba-4674-8ece-e07f7e4b94cd","species","Plantae","Pyrus pyrifolia","","暫無危機（LC, Least Concern）","corrected_iucn"
"419f9a08-fa43-4cdc-aed8-6374945ec8b4","species","Plantae","Sanguisorba officinalis","","暫無危機（LC, Least Concern）","corrected_iucn"
"541885ce-f32d-45da-bc5d-9988d77968f4","species","Plantae","Spiraea cantoniensis","","暫無危機（LC, Least Concern）","corrected_iucn"
"97dbbde6-c9b0-4353-9ddc-d986536720e5","species","Plantae","Elaeagnus oldhamii","","暫無危機（LC, Least Concern）","corrected_iucn"
"3fefcae8-7d63-4449-b803-df03b8001d95","species","Plantae","Elaeagnus tarokoensis","","易危（VU, Vulnerable）","corrected_iucn"
"993cc0d4-eb23-4c11-b617-886c4aa1be24","species","Plantae","Colubrina asiatica","","暫無危機（LC, Least Concern）","corrected_iucn"
"ae7dad59-016c-4375-b82a-91731b2e8738","species","Plantae","Rhamnus crenata","","暫無危機（LC, Least Concern）","corrected_iucn"
"d16b29f7-8709-4785-905b-c484fa1df346","species","Plantae","Ulmus parvifolia","","暫無危機（LC, Least Concern）","corrected_iucn"
"a3043f95-bde2-48fb-9e66-84dd5551b207","species","Plantae","Zelkova serrata","","接近受脅（NT, Near Threatened）","corrected_iucn"
"cdf34413-fc3e-4c21-b23f-49f73bdedf74","species","Plantae","Aphananthe aspera","","暫無危機（LC, Least Concern）","corrected_iucn"
"4dedfb9c-de71-499b-ab1b-e6a39649f02a","species","Plantae","Celtis philippensis","","暫無危機（LC, Least Concern）","corrected_iucn"
"cf628a4a-ac6f-49df-b4b9-28f703d667b4","species","Plantae","Artocarpus lakoocha","","暫無危機（LC, Least Concern）","corrected_iucn"
"461d6b7c-9cb1-4558-8dcc-04a5a9f492a5","species","Plantae","Broussonetia papyrifera","","暫無危機（LC, Least Concern）","corrected_iucn"
"a0e8e20a-6f38-48ef-bfd0-cfe84667a321","species","Plantae","Broussonetia monoica","","暫無危機（LC, Least Concern）","corrected_iucn"
"1e3dcf1b-c094-4bb0-99e2-122955eea607","species","Plantae","Ficus benjamina","","暫無危機（LC, Least Concern）","corrected_iucn"
"bbdeae69-1eac-45e2-a685-e157643872b9","species","Plantae","Ficus caulocarpa","","暫無危機（LC, Least Concern）","corrected_iucn"
"be38b5cd-921c-430d-98dd-1a53a8d830bc","species","Plantae","Ficus cumingii","","暫無危機（LC, Least Concern）","corrected_iucn"
"b5bb9d7d-c829-4cf5-aa44-047fa85b2b9e","species","Plantae","Ficus elastica","","暫無危機（LC, Least Concern）","corrected_iucn"
"9871209a-0f50-4732-bebc-5b8fb9b830e7","species","Plantae","Ficus erecta","","暫無危機（LC, Least Concern）","corrected_iucn"
"de4dcee7-a450-448a-8cdc-dc0ce2510dfc","species","Plantae","Ficus microcarpa","","暫無危機（LC, Least Concern）","corrected_iucn"
"3969b00c-ea30-4e45-99fd-1d9098587658","species","Plantae","Ficus nervosa","","暫無危機（LC, Least Concern）","corrected_iucn"
"a344c05d-a4d3-49ba-b4cf-131b155691ff","species","Plantae","Ficus pedunculosa","","暫無危機（LC, Least Concern）","corrected_iucn"
"05092423-0e28-4118-b710-50ce5a27272c","species","Plantae","Ficus ruficaulis","","暫無危機（LC, Least Concern）","corrected_iucn"
"7ef4a65a-73f4-47f7-9a80-c4a271a00926","species","Plantae","Ficus superba","","暫無危機（LC, Least Concern）","corrected_iucn"
"9b7b7d71-a068-4534-9733-081065f4e98f","species","Plantae","Ficus tinctoria","","暫無危機（LC, Least Concern）","corrected_iucn"
"71699cd4-689f-4dc7-8920-e946b9938634","species","Plantae","Ficus variegata","","暫無危機（LC, Least Concern）","corrected_iucn"
"ff1d0ea9-3c6e-4bec-848e-f35860688550","species","Plantae","Ficus rubiginosa","","暫無危機（LC, Least Concern）","corrected_iucn"
"dab1b976-042a-477c-bc98-2b0369c5ab44","species","Plantae","Morus alba","","暫無危機（LC, Least Concern）","corrected_iucn"
"f3d491b4-996b-4a04-996c-611722ee655b","species","Plantae","Castilla elastica","","暫無危機（LC, Least Concern）","corrected_iucn"
"344071a1-5343-4a5a-8a81-d54e6bfc917e","species","Plantae","Cecropia peltata","","暫無危機（LC, Least Concern）","corrected_iucn"
"b604ff7b-6393-495a-a21c-4b4bc24b5c3e","species","Plantae","Leucosyke quadrinervia","","瀕危（EN, Endangered）","corrected_iucn"
"67eb288d-e7f0-4669-8a7c-a08175722491","species","Plantae","Oreocnide pedunculata","","暫無危機（LC, Least Concern）","corrected_iucn"
"2b331b6c-8008-44a8-bb1e-e07c2b828109","species","Plantae","Oreocnide trinervis","","暫無危機（LC, Least Concern）","corrected_iucn"
"7ff9cb9e-cb6f-4568-8ced-943067740dde","species","Plantae","Castanea mollissima","","暫無危機（LC, Least Concern）","corrected_iucn"
"14a13feb-7239-45a0-a29e-8762e822299a","species","Plantae","Castanopsis chinensis","","暫無危機（LC, Least Concern）","corrected_iucn"
"0f00650c-a101-4119-8d5a-5d01709c5571","species","Plantae","Castanopsis eyrei","","暫無危機（LC, Least Concern）","corrected_iucn"
"dcd4fd03-ef21-4143-b3b6-8b482af56a66","species","Plantae","Castanopsis fargesii","","暫無危機（LC, Least Concern）","corrected_iucn"
"cb9010bb-f388-42ec-9f4c-45f96d441c31","species","Plantae","Castanopsis indica","","暫無危機（LC, Least Concern）","corrected_iucn"
"fa07a666-547b-46e2-8223-97d4860a847e","species","Plantae","Lithocarpus amygdalifolius","","暫無危機（LC, Least Concern）","corrected_iucn"
"7c49a46d-aabf-4c7f-87a2-58673197f164","species","Plantae","Lithocarpus corneus","","暫無危機（LC, Least Concern）","corrected_iucn"
"e7c21f93-8e73-4750-aabc-c08e18fa2fcf","species","Plantae","Lithocarpus dodonaeifolius","","瀕危（EN, Endangered）","corrected_iucn"
"0d9572d8-da26-4614-84a7-142e3bc17331","species","Plantae","Lithocarpus glaber","","暫無危機（LC, Least Concern）","corrected_iucn"
"1271a362-48c4-475c-9920-51868033d94c","species","Plantae","Lithocarpus kawakamii","","暫無危機（LC, Least Concern）","corrected_iucn"
"89492f5b-171c-41d0-ad86-70bfd45baedf","species","Plantae","Lithocarpus konishii","","暫無危機（LC, Least Concern）","corrected_iucn"
"aaef6fb4-640b-4aaf-a1a2-a7deacc67cfb","species","Plantae","Lithocarpus lepidocarpus","","暫無危機（LC, Least Concern）","corrected_iucn"
"671865de-d3af-4ee0-81bc-507b7ae2890d","species","Plantae","Lithocarpus shinsuiensis","","瀕危（EN, Endangered）","corrected_iucn"
"dccee456-57dd-4a2a-b39f-5dee62aa7d44","species","Plantae","Lithocarpus taitoensis","","暫無危機（LC, Least Concern）","corrected_iucn"
"dae487b5-e6f5-4d09-97bb-7a1bd6a9be33","species","Plantae","Quercus acutissima","","暫無危機（LC, Least Concern）","corrected_iucn"
"c33a5135-acc7-49d3-8bc7-14e4558d8c69","species","Plantae","Quercus aliena","","暫無危機（LC, Least Concern）","corrected_iucn"
"5bdb9365-3ca4-411b-94bf-a258f8e3882f","species","Plantae","Quercus championii","","暫無危機（LC, Least Concern）","corrected_iucn"
"43464f2b-6f79-468a-94e2-0d161963da81","species","Plantae","Quercus gilva","","暫無危機（LC, Least Concern）","corrected_iucn"
"cf018d30-93ff-4392-87ba-fc7bb1f1ec0c","species","Plantae","Quercus hypophaea","","接近受脅（NT, Near Threatened）","corrected_iucn"
"efbf8763-4ac9-40a9-a65c-9c063eb607dc","species","Plantae","Quercus longinux","","暫無危機（LC, Least Concern）","corrected_iucn"
"de1270c9-ea63-47e2-8232-48c29e1946c0","species","Plantae","Quercus salicina","","暫無危機（LC, Least Concern）","corrected_iucn"
"8431b3d9-3d3c-467b-b1a7-3f8c42aeeeb4","species","Plantae","Quercus sessilifolia","","暫無危機（LC, Least Concern）","corrected_iucn"
"86b8013b-5ada-4682-8fe0-368dab2167ed","species","Plantae","Quercus spinosa","","暫無危機（LC, Least Concern）","corrected_iucn"
"22fe2aa1-923f-4f08-b5b1-095d24c087c6","species","Plantae","Quercus variabilis","","暫無危機（LC, Least Concern）","corrected_iucn"
"4f75b21d-78cc-4878-8367-14c9bef987fb","species","Plantae","Engelhardia roxburghiana","","暫無危機（LC, Least Concern）","corrected_iucn"
"fff1e7eb-4933-4675-a130-42d22a9fa7b8","species","Plantae","Juglans regia","","暫無危機（LC, Least Concern）","corrected_iucn"
"5aa13b18-6b2f-4ee8-ad93-4cc615d068d8","species","Plantae","Pterocarya stenoptera","","暫無危機（LC, Least Concern）","corrected_iucn"
"2a41f00f-3e38-4cd3-b04d-75db8d78bfde","species","Plantae","Casuarina equisetifolia","","暫無危機（LC, Least Concern）","corrected_iucn"
"dc8e3886-230c-4113-b6cc-e07406f1807f","species","Plantae","Casuarina cunninghamiana","","暫無危機（LC, Least Concern）","corrected_iucn"
"30d491c4-ae56-438c-a56a-9108e7b0b60c","species","Plantae","Casuarina glauca","","暫無危機（LC, Least Concern）","corrected_iucn"
"a6bd253b-4052-4277-9aa1-08a169bed411","species","Plantae","Alnus formosana","","暫無危機（LC, Least Concern）","corrected_iucn"
"4be6726c-b10f-4fd8-bc5e-5890c35c4f05","species","Plantae","Corylus heterophylla","","暫無危機（LC, Least Concern）","corrected_iucn"
"ce08a7f0-f865-4bae-8ef5-ede575761a9a","species","Plantae","Euonymus carnosus","","暫無危機（LC, Least Concern）","corrected_iucn"
"36a13f4d-4b0a-47cc-bbb9-86503d63f1cb","species","Plantae","Euonymus cochinchinensis","","暫無危機（LC, Least Concern）","corrected_iucn"
"2f018d43-5bb9-4fcc-b38e-9ddefc5f6a52","species","Plantae","Euonymus laxiflorus","","暫無危機（LC, Least Concern）","corrected_iucn"
"d37200f4-1e7b-4863-958f-a6f2dd5de82f","species","Plantae","Euonymus lutchuensis","","暫無危機（LC, Least Concern）","corrected_iucn"
"51aec2a0-fcc4-4122-a648-2a4ad4e4194d","species","Plantae","Tripterygium wilfordii","","暫無危機（LC, Least Concern）","corrected_iucn"
"3295fb44-084b-4819-abf4-e79574593353","species","Plantae","Averrhoa bilimbi","","暫無危機（LC, Least Concern）","corrected_iucn"
"c24e57d8-1794-49c1-80ca-084e5289a5dc","species","Plantae","Averrhoa carambola","","資料缺乏（DD, Data Deficient）","corrected_iucn"
"a88e435b-4b79-4148-81cc-f49b417e6024","species","Plantae","Elaeocarpus argenteus","","暫無危機（LC, Least Concern）","corrected_iucn"
"e4bb9942-687b-4a36-ad5d-278185789553","species","Plantae","Elaeocarpus multiflorus","","暫無危機（LC, Least Concern）","corrected_iucn"
"f3ad40f7-6276-4e21-820f-1c01bac93bab","species","Plantae","Elaeocarpus serratus","","暫無危機（LC, Least Concern）","corrected_iucn"
"bf25c1a6-f4df-41d8-b187-59aecab6dbe3","species","Plantae","Elaeocarpus sylvestris","","暫無危機（LC, Least Concern）","corrected_iucn"
"ccc07a93-71b6-4f4f-be50-2e031dd1a21b","species","Plantae","Rhizophora stylosa","","暫無危機（LC, Least Concern）","corrected_iucn"
"5603c310-0655-422d-8bba-dc06c23f5670","species","Plantae","Garcinia intermedia","","暫無危機（LC, Least Concern）","corrected_iucn"
"34fe8235-59ac-414f-ba8e-7fb53be45fd7","species","Plantae","Garcinia multiflora","","暫無危機（LC, Least Concern）","corrected_iucn"
"51e52f80-e90c-45fd-b54c-a759e9b1abad","species","Plantae","Garcinia subelliptica","","暫無危機（LC, Least Concern）","corrected_iucn"
"cbb63c15-5cd9-4b00-adfd-fd7dcd6abd7d","species","Plantae","Garcinia morella","","暫無危機（LC, Least Concern）","corrected_iucn"
"5592cc01-d889-4fe0-8f3b-20cc9ada30d6","species","Plantae","Calophyllum blancoi","","暫無危機（LC, Least Concern）","corrected_iucn"
"9416776c-f926-498b-8db2-ddd37bcfae80","species","Plantae","Mammea americana","","資料缺乏（DD, Data Deficient）","corrected_iucn"
"c2dffbf9-8851-4a78-9949-460ccc82cf91","species","Plantae","Drypetes karapinensis","","暫無危機（LC, Least Concern）","corrected_iucn"
"cde863d0-a7fe-4e1e-b9be-887d4047e7d0","species","Plantae","Drypetes littoralis","","暫無危機（LC, Least Concern）","corrected_iucn"
"ec9ecf7c-4d69-4cfd-a9d4-03415959219f","species","Plantae","Bergia ammannioides","","暫無危機（LC, Least Concern）","corrected_iucn"
"9b9620e5-919f-4819-ad16-888f56e32100","species","Plantae","Elatine ambigua","","暫無危機（LC, Least Concern）","corrected_iucn"
"adf815cb-4ba9-41b5-a619-da543c492025","species","Plantae","Hiptage benghalensis","","暫無危機（LC, Least Concern）","corrected_iucn"
"e3a04268-428c-4d7c-a05c-c36fdb25bc23","species","Plantae","Chrysobalanus icaco","","暫無危機（LC, Least Concern）","corrected_iucn"
"9ad45d38-0329-4b74-8c53-47fba65ba3f8","species","Plantae","Passiflora suberosa","","暫無危機（LC, Least Concern）","corrected_iucn"
"a78a3f3b-2572-4c4e-b31f-97b417fe56d6","species","Plantae","Casearia glomerata","","暫無危機（LC, Least Concern）","corrected_iucn"
"7c3aee27-4d82-4d20-8fb1-14dd025e0def","species","Plantae","Flacourtia rukam","","暫無危機（LC, Least Concern）","corrected_iucn"
"7c189d6b-a315-449a-a74f-14bb4d85d815","species","Plantae","Homalium cochinchinensis","","暫無危機（LC, Least Concern）","corrected_iucn"
"c386d1ec-a2f8-4e77-bc6a-69529a663d72","species","Plantae","Scolopia chinensis","","暫無危機（LC, Least Concern）","corrected_iucn"
"f860801e-5526-46cc-a780-ddffe5287b5b","species","Plantae","Populus deltoides","","暫無危機（LC, Least Concern）","corrected_iucn"
"07bbf443-4ecc-454c-a63f-347469c27e37","species","Plantae","Acalypha hontauyuensis","","易危（VU, Vulnerable）","corrected_iucn"
"00366162-e012-4d50-86e6-04caabe0b947","species","Plantae","Codiaeum variegatum","","暫無危機（LC, Least Concern）","corrected_iucn"
"114c82e0-dabd-406d-8a1d-64c0ffdca03b","species","Plantae","Croton cascarilloides","","暫無危機（LC, Least Concern）","corrected_iucn"
"fe43aa9c-d584-4ceb-9272-bff69cb3c3cb","species","Plantae","Croton tiglium","","暫無危機（LC, Least Concern）","corrected_iucn"
"9ab415e1-dcb2-48b1-9dfd-0d3cb179d235","species","Plantae","Euphorbia tirucalli","","暫無危機（LC, Least Concern）","corrected_iucn"
"8f876067-6edb-4d7e-9664-29fcbec90586","species","Plantae","Euphorbia antiquorum","","暫無危機（LC, Least Concern）","corrected_iucn"
"ee29a8d1-5a5e-4319-8ada-796125098d46","species","Plantae","Euphorbia cotinifolia","","暫無危機（LC, Least Concern）","corrected_iucn"
"65c1f34f-cec1-4e83-93b8-f3ea4a8a7553","species","Plantae","Euphorbia neriifolia","","暫無危機（LC, Least Concern）","corrected_iucn"
"97349a5e-492b-4a29-ba6c-11c6d4fc1078","species","Plantae","Euphorbia trigona","","資料缺乏（DD, Data Deficient）","corrected_iucn"
"c6b79bb1-059f-4d95-898e-cae12b324331","species","Plantae","Excoecaria cochinchinensis","","暫無危機（LC, Least Concern）","corrected_iucn"
"914cf8f4-4d24-49f3-a5e0-9da1de9d8b8d","species","Plantae","Hevea brasiliensis","","暫無危機（LC, Least Concern）","corrected_iucn"
"e7ee40b1-a2be-46ab-824a-38f606f04621","species","Plantae","Homalanthus fastuosus","","暫無危機（LC, Least Concern）","corrected_iucn"
"2a80ba74-db3e-4192-aee0-3b94f8419a6c","species","Plantae","Jatropha gossypiifolia","","暫無危機（LC, Least Concern）","corrected_iucn"
"b7b7d722-cfbf-4571-a684-5ca1c4964a31","species","Plantae","Jatropha multifida","","暫無危機（LC, Least Concern）","corrected_iucn"
"47d3a1b3-3625-4a15-b1ec-afb5020e59b7","species","Plantae","Jatropha curcas","","暫無危機（LC, Least Concern）","corrected_iucn"
"2f252928-118d-4d6a-98e7-8e4a30c31891","species","Plantae","Macaranga sinensis","","接近受脅（NT, Near Threatened）","corrected_iucn"
"73150c45-08e8-4d7a-8e10-1f9a6a70bcb7","species","Plantae","Mallotus repandus","","暫無危機（LC, Least Concern）","corrected_iucn"
"eb92a8fb-8d4e-44b0-aff0-8445b1887d2b","species","Plantae","Melanolepis multiglandulosa","","暫無危機（LC, Least Concern）","corrected_iucn"
"d1ddb15a-d234-4430-920c-2efaf347c4d3","species","Plantae","Ricinus communis","","暫無危機（LC, Least Concern）","corrected_iucn"
"4501e040-8e35-4472-8ab7-8de4c19c915f","species","Plantae","Triadica sebifera","","暫無危機（LC, Least Concern）","corrected_iucn"
"029287b4-68b0-4abe-b5b7-5b1aea2cf117","species","Plantae","Vernicia fordii","","暫無危機（LC, Least Concern）","corrected_iucn"
"8df9e115-3cf6-480c-b003-a8192dc80ba5","species","Plantae","Hura crepitans","","暫無危機（LC, Least Concern）","corrected_iucn"
"4cc8118c-e76f-49a7-a5ce-b0cbc02ea35f","species","Plantae","Antidesma japonicum","","暫無危機（LC, Least Concern）","corrected_iucn"
"4d4c724b-025b-4c25-9764-34ee98364aa4","species","Plantae","Antidesma pleuricum","","接近受脅（NT, Near Threatened）","corrected_iucn"
"3fc6eb9d-c415-4e12-8b96-72837ed804c2","species","Plantae","Bischofia javanica","","暫無危機（LC, Least Concern）","corrected_iucn"
"d0402fe1-dcf4-4df1-ac17-a9711174577c","species","Plantae","Flueggea virosa","","暫無危機（LC, Least Concern）","corrected_iucn"
"977df09c-8024-4337-a3df-8f6ca377b76b","species","Plantae","Glochidion rubrum","","暫無危機（LC, Least Concern）","corrected_iucn"
"47ef6a9c-81d2-47c2-929e-c0f3ecc36444","species","Plantae","Margaritaria indica","","暫無危機（LC, Least Concern）","corrected_iucn"
"f4fb4176-f25e-482c-87ab-7e570f2fa243","species","Plantae","Phyllanthus emblica","","暫無危機（LC, Least Concern）","corrected_iucn"
"22cc2390-7b51-47f8-ad87-b2e682c058cd","species","Plantae","Phyllanthus reticulatus","","暫無危機（LC, Least Concern）","corrected_iucn"
"c22349aa-c694-4d46-b4c3-a820e94c1d94","species","Plantae","Geranium pusillum","","瀕危（EN, Endangered）","corrected_iucn"
"e7ab183a-ce5b-4921-a32a-d13a8acabef7","species","Plantae","Terminalia catappa","","暫無危機（LC, Least Concern）","corrected_iucn"
"00cd8758-b178-4e65-9ec6-0b10da32af50","species","Plantae","Terminalia chebula","","暫無危機（LC, Least Concern）","corrected_iucn"
"725a6844-0321-4f8d-8f31-30f7fb5c9837","species","Plantae","Ammannia baccifera","","暫無危機（LC, Least Concern）","corrected_iucn"
"53254ca1-6af7-4650-bb6b-8ced18bbbe6c","species","Plantae","Lagerstroemia speciosa","","暫無危機（LC, Least Concern）","corrected_iucn"
"b20ab948-a547-4445-9074-86553a06eb6a","species","Plantae","Pemphis acidula","","暫無危機（LC, Least Concern）","corrected_iucn"
"3cc236ff-43b7-4629-baf8-26f7e45c1528","species","Plantae","Punica granatum","","暫無危機（LC, Least Concern）","corrected_iucn"
"f77048f7-5495-4489-8a0a-96da1430efe9","species","Plantae","Rotala mexicana","","暫無危機（LC, Least Concern）","corrected_iucn"
"e1409986-2637-4c46-9ead-f9f6a6439cbd","species","Plantae","Rotala ramosior","","暫無危機（LC, Least Concern）","corrected_iucn"
"32fe5702-6609-47fc-9a7b-f61f9c4d974a","species","Plantae","Eucalyptus cinerea","","接近受脅（NT, Near Threatened）","corrected_iucn"
"b0b1c7db-adc2-470f-9f0e-55e91eaf7c4b","species","Plantae","Eucalyptus botryoides","","接近受脅（NT, Near Threatened）","corrected_iucn"
"d6704059-b6b3-422e-a580-d253d04dc82c","species","Plantae","Eucalyptus camaldulensis","","接近受脅（NT, Near Threatened）","corrected_iucn"
"1dee31fc-a044-41d4-8db5-771770e0bbcc","species","Plantae","Eucalyptus globulus","","暫無危機（LC, Least Concern）","corrected_iucn"
"a5a65273-75a4-4752-a8f3-7d899f6ea9a0","species","Plantae","Eucalyptus gomphocephala","","易危（VU, Vulnerable）","corrected_iucn"
"8a57414b-89af-4fcb-aa6b-910556a60f61","species","Plantae","Eucalyptus grandis","","接近受脅（NT, Near Threatened）","corrected_iucn"
"de01e539-b4b9-4a42-b4ef-7afed4374113","species","Plantae","Eucalyptus marginata","","接近受脅（NT, Near Threatened）","corrected_iucn"
"1ed63156-c418-403c-a2f6-1dc01b2da4fb","species","Plantae","Eucalyptus microcorys","","接近受脅（NT, Near Threatened）","corrected_iucn"
"62c920ba-12b5-4000-b6d7-a1cf6e98e669","species","Plantae","Eucalyptus perriniana","","暫無危機（LC, Least Concern）","corrected_iucn"
"9e639124-2f90-4a79-a7d5-bb014ce46f3a","species","Plantae","Eucalyptus polyanthemos","","接近受脅（NT, Near Threatened）","corrected_iucn"
"f732d3a8-40f7-4b7c-8192-2bf313ba9940","species","Plantae","Eucalyptus pulverulenta","","暫無危機（LC, Least Concern）","corrected_iucn"
"0399102f-4fa0-45f2-92ff-e8715ee7a5df","species","Plantae","Eucalyptus regnans","","暫無危機（LC, Least Concern）","corrected_iucn"
"bc1eaf49-441a-4396-be9c-3a1fe88cacdf","species","Plantae","Eucalyptus robusta","","接近受脅（NT, Near Threatened）","corrected_iucn"
"09add382-6a04-4133-acf9-59de0a8fd9e5","species","Plantae","Eucalyptus saligna","","暫無危機（LC, Least Concern）","corrected_iucn"
"137f793f-9d23-4208-a473-a46faf36f3b2","species","Plantae","Eucalyptus viminalis","","接近受脅（NT, Near Threatened）","corrected_iucn"
"0f335336-cbc4-42f2-bdd4-18da577c3e55","species","Plantae","Eugenia uniflora","","暫無危機（LC, Least Concern）","corrected_iucn"
"575ac31f-d627-4c04-8c2f-1d394f9328d0","species","Plantae","Plinia cauliflora","","暫無危機（LC, Least Concern）","corrected_iucn"
"1cdf5fe3-4320-43cf-a49f-f25ddac51dc9","species","Plantae","Psidium guajava","","暫無危機（LC, Least Concern）","corrected_iucn"
"0ca18aee-4ffc-4388-9805-ff82d357c447","species","Plantae","Rhodomyrtus tomentosa","","暫無危機（LC, Least Concern）","corrected_iucn"
"e8d928fd-51d6-4109-8dfa-004643ff24ef","species","Plantae","Syzygium cumini","","暫無危機（LC, Least Concern）","corrected_iucn"
"41295fa5-14c6-4ce1-b330-6a6f34fd91a8","species","Plantae","Syzygium jambos","","暫無危機（LC, Least Concern）","corrected_iucn"
"ac04494c-a296-45d6-8070-2b0711331f64","species","Plantae","Syzygium samarangense","","暫無危機（LC, Least Concern）","corrected_iucn"
"a5f36b2c-1a24-4617-bbff-860df6fdaafb","species","Plantae","Syzygium myrtifolium","","暫無危機（LC, Least Concern）","corrected_iucn"
"04de7338-aa9e-433b-af9c-827f56c1ae18","species","Plantae","Syzygium hancei","","暫無危機（LC, Least Concern）","corrected_iucn"
"6efbfe99-d8e4-452d-9b4b-cdb83de4b128","species","Plantae","Syncarpia glomulifera","","暫無危機（LC, Least Concern）","corrected_iucn"
"902f9ae3-6179-48f3-b760-753dd9df0084","species","Plantae","Rhus succedanea","","暫無危機（LC, Least Concern）","corrected_iucn"
"6688a313-80b8-4bc9-9285-16030a496ae7","species","Plantae","Semecarpus cuneiformis","","暫無危機（LC, Least Concern）","corrected_iucn"
"5b695cc6-5cbd-4e7f-a483-639db58c9975","species","Plantae","Spondias mombin","","暫無危機（LC, Least Concern）","corrected_iucn"
"c646b011-c096-4d58-8c81-169417c9904c","species","Plantae","Acer buergerianum","","暫無危機（LC, Least Concern）","corrected_iucn"
"31db2fba-6c9e-4920-a82c-161194edb607","species","Plantae","Acer serrulatum","","暫無危機（LC, Least Concern）","corrected_iucn"
"2bb2200b-ae4a-43b8-bb72-29cef51ad1cb","species","Plantae","Cardiospermum halicacabum","","暫無危機（LC, Least Concern）","corrected_iucn"
"5f59130a-3dc3-4ee9-b9f5-2e3df5f8f74d","species","Plantae","Eurycorymbus cavaleriei","","接近受脅（NT, Near Threatened）","corrected_iucn"
"b37a9482-5366-419f-bec7-5b73e31c4ea9","species","Plantae","Koelreuteria paniculata","","暫無危機（LC, Least Concern）","corrected_iucn"
"4e245ddc-bac5-45f3-80b8-601cf513327c","species","Plantae","Nephelium lappaceum","","暫無危機（LC, Least Concern）","corrected_iucn"
"11f31406-0df2-45ee-83e0-6cdc7194486a","species","Plantae","Sapindus rarak","","暫無危機（LC, Least Concern）","corrected_iucn"
"e85415bc-0c65-4bee-90a9-d011b81d0818","species","Plantae","Acronychia pedunculata","","暫無危機（LC, Least Concern）","corrected_iucn"
"d0ab5b31-c69c-4dc1-b39b-f5a35f71c698","species","Plantae","Citrus maxima","","暫無危機（LC, Least Concern）","corrected_iucn"
"e16b0fd7-3b23-460d-851c-c80296b68704","species","Plantae","Clausena excavata","","暫無危機（LC, Least Concern）","corrected_iucn"
"2f44dcbc-93a2-4f4f-b942-0ce904bd909b","species","Plantae","Glycosmis parviflora","","暫無危機（LC, Least Concern）","corrected_iucn"
"94876955-0e93-4813-a1f7-d56a5a3f1b9d","species","Plantae","Melicope semecarpifolia","","暫無危機（LC, Least Concern）","corrected_iucn"
"5e1612aa-e087-4897-9824-d3e002121a61","species","Plantae","Melicope triphylla","","暫無危機（LC, Least Concern）","corrected_iucn"
"f8462c2b-55a8-4c96-b49d-a3997d2b0ef7","species","Plantae","Phellodendron amurense","","資料缺乏（DD, Data Deficient）","corrected_iucn"
"cabb613d-a530-4ff6-8c56-2c2a86bb04d4","species","Plantae","Severinia buxifolia","","暫無危機（LC, Least Concern）","corrected_iucn"
"3ec9ac4f-c8da-47eb-ac38-2737d0bab423","species","Plantae","Tetradium ruticarpum","","暫無危機（LC, Least Concern）","corrected_iucn"
"29cbab8a-0c1c-46e2-801b-636638628d19","species","Plantae","Zanthoxylum acanthopodium","","暫無危機（LC, Least Concern）","corrected_iucn"
"25eef22d-2c49-4f8c-ae5a-ce624d34fe1a","species","Plantae","Zanthoxylum avicennae","","暫無危機（LC, Least Concern）","corrected_iucn"
"f32dfd8a-3d95-4546-90d1-ca94e37c21e1","species","Plantae","Zanthoxylum nitidum","","暫無危機（LC, Least Concern）","corrected_iucn"
"06d3e464-a566-450c-8ab4-3f36e707c68d","species","Plantae","Zanthoxylum simulans","","暫無危機（LC, Least Concern）","corrected_iucn"
"0c115c8a-8171-413b-8075-8cd193e9e7b1","species","Plantae","Aegle marmelos","","接近受脅（NT, Near Threatened）","corrected_iucn"
"bfaa82d7-210c-4541-b908-16a94a6bb545","species","Plantae","Melicope denhamii","","暫無危機（LC, Least Concern）","corrected_iucn"
"6ebb8605-35f4-411e-8c01-71fe05799e92","species","Plantae","Brucea javanica","","暫無危機（LC, Least Concern）","corrected_iucn"
"9e3b1b32-ed0a-4449-a773-2f095c327446","species","Plantae","Aglaia formosana","","暫無危機（LC, Least Concern）","corrected_iucn"
"acd02140-f56b-4104-ac12-c0aa5403fd0c","species","Plantae","Aphanamixis polystachya","","暫無危機（LC, Least Concern）","corrected_iucn"
"2b5e36e1-a5d0-48bb-8331-11d676963b68","species","Plantae","Dysoxylum arborescens","","暫無危機（LC, Least Concern）","corrected_iucn"
"791fab85-3202-4e82-892a-1e008f98107d","species","Plantae","Dysoxylum cumingianum","","暫無危機（LC, Least Concern）","corrected_iucn"
"53f3ddde-2d30-44db-9199-16c9bdf05315","species","Plantae","Dysoxylum hongkongense","","暫無危機（LC, Least Concern）","corrected_iucn"
"66a860dd-5f08-49ea-b41a-ec8ea5aaf537","species","Plantae","Sandoricum koetjape","","暫無危機（LC, Least Concern）","corrected_iucn"
"b496a4c1-029c-4603-9707-53cfa3868f29","species","Plantae","Swietenia macrophylla","","瀕危（EN, Endangered）","corrected_iucn"
"9641dcc7-ffbc-4528-a8f7-a12c792c8b3b","species","Plantae","Cedrela odorata","","易危（VU, Vulnerable）","corrected_iucn"
"6a8a5034-9aff-4fc0-ab49-b86b0c41e338","species","Plantae","Muntingia calabura","","暫無危機（LC, Least Concern）","corrected_iucn"
"bf082cd4-1e85-4d81-b2a6-9993fd79df8a","species","Plantae","Abelmoschus manihot","","資料缺乏（DD, Data Deficient）","corrected_iucn"
"bac3e8ee-43c1-4030-8678-51d20dd746c2","species","Plantae","Abelmoschus moschatus","","暫無危機（LC, Least Concern）","corrected_iucn"
"588ef17f-4ef5-410e-b6ad-501b0b1c4752","species","Plantae","Bombax ceiba","","暫無危機（LC, Least Concern）","corrected_iucn"
"43256dae-3a93-4bd9-90f5-eee5718f2ce1","species","Plantae","Durio zibethinus","","資料缺乏（DD, Data Deficient）","corrected_iucn"
"1b6c8ae8-8252-4dc8-823d-d6d3f2fde9d9","species","Plantae","Gossypium herbaceum","","資料缺乏（DD, Data Deficient）","corrected_iucn"
"801f56d3-2df2-45d1-8b9f-de25060ed1e9","species","Plantae","Gossypium hirsutum","","易危（VU, Vulnerable）","corrected_iucn"
"0dd33f7b-9e0f-4374-a9fb-d2f6688a7885","species","Plantae","Grewia eriocarpa","","暫無危機（LC, Least Concern）","corrected_iucn"
"7fbc67c2-6f03-438b-8ca8-5c1a24f6d83b","species","Plantae","Grewia asiatica","","暫無危機（LC, Least Concern）","corrected_iucn"
"1ccce352-cb7b-4e16-9c71-f8d43b1a557c","species","Plantae","Hibiscus tiliaceus","","暫無危機（LC, Least Concern）","corrected_iucn"
"d4efcb1d-21ec-4fc7-a9c5-09297f7f4b07","species","Plantae","Melochia corchorifolia","","暫無危機（LC, Least Concern）","corrected_iucn"
"a21ac8ff-ebfd-4220-9881-6212bcb596ae","species","Plantae","Pterospermum niveum","","資料缺乏（DD, Data Deficient）","corrected_iucn"
"a368ebc5-b6b3-4581-82eb-c2db5819e1dc","species","Plantae","Sterculia monosperma","","暫無危機（LC, Least Concern）","corrected_iucn"
"f543ad68-cf97-4712-8437-e57e25bd32ec","species","Plantae","Sterculia foetida","","暫無危機（LC, Least Concern）","corrected_iucn"
"a901522c-2f64-4f5e-924c-f9a11d97c31d","species","Plantae","Triumfetta semitriloba","","暫無危機（LC, Least Concern）","corrected_iucn"
"d3354c23-cfff-4679-9abb-af051fbb5d35","species","Plantae","Ceiba pentandra","","暫無危機（LC, Least Concern）","corrected_iucn"
"e884d5e4-2282-404b-a9df-df3caadae99d","species","Plantae","Brachychiton rupestris","","暫無危機（LC, Least Concern）","corrected_iucn"
"e789e559-68af-4bd8-81fe-e1174719cc27","species","Plantae","Bixa orellana","","暫無危機（LC, Least Concern）","corrected_iucn"
"42f12dce-da8b-4d85-b8d2-8dd2bdd2ecb9","species","Plantae","Bretschneidera sinensis","","瀕危（EN, Endangered）","corrected_iucn"
"ff50c53f-01fc-477c-a749-77ecb304e8ca","species","Plantae","Carica papaya","","資料缺乏（DD, Data Deficient）","corrected_iucn"
"7f68dcaa-2638-423a-9664-600921aa0a17","species","Plantae","Capparis micracantha","","暫無危機（LC, Least Concern）","corrected_iucn"
"0a6af1f3-0131-40f2-aa66-6fe75dea8a16","species","Plantae","Capparis pubiflora","","暫無危機（LC, Least Concern）","corrected_iucn"
"d2559f49-9a2f-459b-896a-17c0f814be24","species","Plantae","Armoracia rusticana","","暫無危機（LC, Least Concern）","corrected_iucn"
"41423fed-2548-42e5-8863-379990153e67","species","Plantae","Rorippa sylvestris","","暫無危機（LC, Least Concern）","corrected_iucn"
"b1f18f15-5c0f-4439-a3dd-357a77001d4d","species","Plantae","Olax imbricata","","暫無危機（LC, Least Concern）","corrected_iucn"
"deec24c2-e6a6-416f-8e80-f9ad0c0026f4","species","Plantae","Tamarix aphylla","","暫無危機（LC, Least Concern）","corrected_iucn"
"9c11e724-65a5-444a-868e-d4d41a5a09d9","species","Plantae","Persicaria dichotoma","","暫無危機（LC, Least Concern）","corrected_iucn"
"53d58053-4ba6-4b2f-a5c9-059cea5a65d2","species","Plantae","Persicaria lapathifolia","","暫無危機（LC, Least Concern）","corrected_iucn"
"ac849267-5cb7-45c3-8fac-90671c0d2bf0","species","Plantae","Persicaria pulchra","","暫無危機（LC, Least Concern）","corrected_iucn"
"597094e4-bc4e-4d7f-b566-c3606710f363","species","Plantae","Polygonum plebeium","","暫無危機（LC, Least Concern）","corrected_iucn"
"3771de11-cd70-4e66-9bbd-c9886226c2a5","species","Plantae","Alternanthera sessilis","","暫無危機（LC, Least Concern）","corrected_iucn"
"016405c6-18ea-405f-a755-261f116d6fad","species","Plantae","Celosia argentea","","暫無危機（LC, Least Concern）","corrected_iucn"
"95490619-7231-4d8a-be5a-e7ea908a52a0","species","Plantae","Pisonia umbellifera","","暫無危機（LC, Least Concern）","corrected_iucn"
"3cee90b1-b090-40d1-b482-e36eb20da763","species","Plantae","Pisonia grandis","","暫無危機（LC, Least Concern）","corrected_iucn"
"215d120d-df7b-4eb7-ad5e-c88937827d5e","species","Plantae","Glinus lotoides","","暫無危機（LC, Least Concern）","corrected_iucn"
"aa5a3976-2778-4948-8e34-e9ad4592ca7e","species","Plantae","Epiphyllum crenatum","","暫無危機（LC, Least Concern）","corrected_iucn"
"cd0e68bd-2bf9-4bd6-92ca-6266335469d9","species","Plantae","Opuntia ficus-indica","","資料缺乏（DD, Data Deficient）","corrected_iucn"
"44fd1048-284d-43df-bdd6-829668b01887","species","Plantae","Opuntia basilaris","","暫無危機（LC, Least Concern）","corrected_iucn"
"b04abba3-c07d-4f58-8089-68bbf068cc5c","species","Plantae","Opuntia lagunae","","暫無危機（LC, Least Concern）","corrected_iucn"
"8eb9c403-d1c2-421a-953c-fd0a5b054426","species","Plantae","Opuntia leucotricha","","暫無危機（LC, Least Concern）","corrected_iucn"
"881d05e3-ab79-4391-abd7-78aa5e099343","species","Plantae","Acanthocereus tetragonus","","暫無危機（LC, Least Concern）","corrected_iucn"
"f1f261ff-1433-4e2e-b9f7-7fa7606e4c91","species","Plantae","Echinocereus cinerascens","","暫無危機（LC, Least Concern）","corrected_iucn"
"407ec69d-6643-4864-abc3-520480b95880","species","Plantae","Echinocereus dasyacanthus","","暫無危機（LC, Least Concern）","corrected_iucn"
"8d7b28bf-2cde-481c-80db-3c4c94430975","species","Plantae","Echinocereus fendleri","","暫無危機（LC, Least Concern）","corrected_iucn"
"cc93d4f6-d9c6-4c62-b57f-3083f5707730","species","Plantae","Echinocereus triglochidiatus","","暫無危機（LC, Least Concern）","corrected_iucn"
"34cf9ac5-2c23-40ef-8983-968c8d572591","species","Plantae","Echinopsis calochlora","","暫無危機（LC, Least Concern）","corrected_iucn"
"a6c1c529-20c8-457d-a019-71dd0378f93d","species","Plantae","Ferocactus fordii","","易危（VU, Vulnerable）","corrected_iucn"
"6f292411-f10b-414f-9073-1894ec2ac5bd","species","Plantae","Ferocactus herrerae","","易危（VU, Vulnerable）","corrected_iucn"
"d5ceedb4-44de-435f-a323-574680dfa805","species","Plantae","Lophophora williamsii","","易危（VU, Vulnerable）","corrected_iucn"
"79adb7d9-e3c2-43a1-96c1-810ed5d58f89","species","Plantae","Mammillaria bombycina","","易危（VU, Vulnerable）","corrected_iucn"
"2c91a199-1939-4424-a696-f2c589d4c6e6","species","Plantae","Mammillaria perbella","","易危（VU, Vulnerable）","corrected_iucn"
"806ed323-e78f-46d6-b104-d3ba881fa8b9","species","Plantae","Mammillaria surculosa","","瀕危（EN, Endangered）","corrected_iucn"
"3a56732e-bd62-42b2-9af9-87c2add7aa94","species","Plantae","Thelocactus hexaedrophorus","","暫無危機（LC, Least Concern）","corrected_iucn"
"88fce000-f7dc-4001-a0fe-4636cd729ee4","species","Plantae","Astrophytum asterias","","易危（VU, Vulnerable）","corrected_iucn"
"a9e92f14-b48e-4d96-9def-8233226335b0","species","Plantae","Coryphantha clavata","","暫無危機（LC, Least Concern）","corrected_iucn"
"41d1cc88-09a3-451d-b157-7b93c4a563f1","species","Plantae","Coryphantha compacta","","暫無危機（LC, Least Concern）","corrected_iucn"
"8e1a8678-754a-405a-9248-c5a20f8255be","species","Plantae","Coryphantha erecta","","暫無危機（LC, Least Concern）","corrected_iucn"
"301a7d3f-f4e9-41b1-a35e-fb9832e07563","species","Plantae","Espostoa lanata","","暫無危機（LC, Least Concern）","corrected_iucn"
"f6ed902c-1f83-4e00-8ddf-3dde6540ddea","species","Plantae","Gymnocalycium denudatum","","瀕危（EN, Endangered）","corrected_iucn"
"4e70d3e3-17e3-4ec9-891c-9a81022c881d","species","Plantae","Leuchtenbergia principis","","暫無危機（LC, Least Concern）","corrected_iucn"
"8315673e-06fd-43db-9c32-6569c0f4b26c","species","Plantae","Nopalea cochenillifera","","資料缺乏（DD, Data Deficient）","corrected_iucn"
"e0741469-2a0b-4282-9d75-ac3d86fe3ca2","species","Plantae","Pachycereus pecten-aboriginum","","暫無危機（LC, Least Concern）","corrected_iucn"
"e19bd25e-d1e2-437d-b859-4df7da207feb","species","Plantae","Pereskia sacharosa","","暫無危機（LC, Least Concern）","corrected_iucn"
"32a11ef4-0b0c-46be-a5b3-ffe535bc56a9","species","Plantae","Polaskia chichipe","","暫無危機（LC, Least Concern）","corrected_iucn"
"664b373e-faee-430c-a540-cbcd417cf487","species","Plantae","Rebutia minuscula","","暫無危機（LC, Least Concern）","corrected_iucn"
"5701d87e-966a-4e80-838c-0146437bb2d9","species","Plantae","Selenicereus grandiflorus","","暫無危機（LC, Least Concern）","corrected_iucn"
"9243fd55-95c9-46fe-9c45-e27e73ee7d15","species","Plantae","Deutzia pulchra","","暫無危機（LC, Least Concern）","corrected_iucn"
"17e432c3-7762-43a4-817f-d45b9ba0e917","species","Plantae","Hydrangea aspera","","暫無危機（LC, Least Concern）","corrected_iucn"
"ed96d5ca-f147-438b-bfce-67690efff1d9","species","Plantae","Hydrangea paniculata","","暫無危機（LC, Least Concern）","corrected_iucn"
"2e314bb0-2800-4fdf-a2a7-e84aa94db42a","species","Plantae","Cornus florida","","暫無危機（LC, Least Concern）","corrected_iucn"
"9a1f28f4-88f8-4d42-9e17-4aa5c34f57cc","species","Plantae","Barringtonia racemosa","","暫無危機（LC, Least Concern）","corrected_iucn"
"d79b2bc6-42e8-4719-b248-cc28455a718b","species","Plantae","Bertholletia excelsa","","易危（VU, Vulnerable）","corrected_iucn"
"4e01100e-4afb-41b6-8a8e-0821266259c0","species","Plantae","Cleyera japonica","","暫無危機（LC, Least Concern）","corrected_iucn"
"ac7ebafa-6f33-462f-aea4-b58b41755316","species","Plantae","Eurya nitida","","暫無危機（LC, Least Concern）","corrected_iucn"
"839627c1-1f7f-462b-afdc-b98c720db87e","species","Plantae","Eurya macartneyi","","暫無危機（LC, Least Concern）","corrected_iucn"
"2f948f4f-bfc7-4dee-9872-ee64470e480c","species","Plantae","Eurya yaeyamensis","","暫無危機（LC, Least Concern）","corrected_iucn"
"e79daf2a-6bb1-406c-a739-1ae1f17e04e8","species","Plantae","Manilkara kauki","","資料缺乏（DD, Data Deficient）","corrected_iucn"
"d9af4843-0be2-4627-a870-86fc4d9707fa","species","Plantae","Palaquium formosanum","","易危（VU, Vulnerable）","corrected_iucn"
"7a8f5e5d-6d65-42c4-8dfb-eb82e27de7a7","species","Plantae","Pouteria sapota","","暫無危機（LC, Least Concern）","corrected_iucn"
"cb227471-45e0-404b-ab88-50c4021f9251","species","Plantae","Chrysophyllum cainito","","暫無危機（LC, Least Concern）","corrected_iucn"
"e10647da-06ed-4340-9ba7-7db5d35c0413","species","Plantae","Diospyros eriantha","","暫無危機（LC, Least Concern）","corrected_iucn"
"1073cc96-44a0-482b-9cbc-e74b27e68d17","species","Plantae","Diospyros rhombifolia","","暫無危機（LC, Least Concern）","corrected_iucn"
"0db4534b-fc2b-4680-8948-c9b696f86ed3","species","Plantae","Ardisia elliptica","","暫無危機（LC, Least Concern）","corrected_iucn"
"cf9a178a-7d21-4295-9986-d96b2e73b2c4","species","Plantae","Ardisia sieboldii","","暫無危機（LC, Least Concern）","corrected_iucn"
"3d2e6411-2f0e-401d-b452-af19acf66d6e","species","Plantae","Camellia brevistyla","","暫無危機（LC, Least Concern）","corrected_iucn"
"51919387-5f42-4d8c-9cca-475f73eb09fd","species","Plantae","Camellia furfuracea","","暫無危機（LC, Least Concern）","corrected_iucn"
"e6689a8b-569b-4527-872e-fad451ef9c93","species","Plantae","Camellia hengchunensis","","接近受脅（NT, Near Threatened）","corrected_iucn"
"d3251d2a-23a1-4042-bc67-c105051c02c3","species","Plantae","Camellia sinensis","","資料缺乏（DD, Data Deficient）","corrected_iucn"
"eb220d42-b8d1-4c6f-bb6e-1502bb520d3c","species","Plantae","Camellia transarisanensis","","易危（VU, Vulnerable）","corrected_iucn"
"b22f1fc4-497b-4d29-96f8-bd97e852d3b3","species","Plantae","Camellia oleifera","","暫無危機（LC, Least Concern）","corrected_iucn"
"8b5150cb-1f5d-4270-9870-c29b3c9d0f36","species","Plantae","Camellia reticulata","","資料缺乏（DD, Data Deficient）","corrected_iucn"
"68073da5-1b36-4d26-be6d-ea18f503ae0c","species","Plantae","Camellia sasanqua","","暫無危機（LC, Least Concern）","corrected_iucn"
"9c293d3c-2f67-49a9-920d-c07d63ff70a8","species","Plantae","Symplocos acuminata","","暫無危機（LC, Least Concern）","corrected_iucn"
"e175e0ec-be54-4f4a-b918-e002e5e7bb08","species","Plantae","Symplocos heishanensis","","暫無危機（LC, Least Concern）","corrected_iucn"
"ecc5eac4-ee54-4768-b878-2861bee28984","species","Plantae","Styrax formosanus","","暫無危機（LC, Least Concern）","corrected_iucn"
"a457cd9e-aa48-4646-a540-223d373f1ff2","species","Plantae","Styrax japonicus","","暫無危機（LC, Least Concern）","corrected_iucn"
"e69b8158-8d91-4522-87e6-fc63a816abc7","species","Plantae","Sarracenia leucophylla","","易危（VU, Vulnerable）","corrected_iucn"
"f2609cdd-0d62-4ab5-8cd0-cd271447994d","species","Plantae","Lyonia ovalifolia","","暫無危機（LC, Least Concern）","corrected_iucn"
"ed26407e-c1ec-48df-9df4-98fae271189d","species","Plantae","Vaccinium dunalianum","","暫無危機（LC, Least Concern）","corrected_iucn"
"0fbfaff4-79c8-44a1-8af2-a00a4f60663c","species","Plantae","Rhododendron mariesii","","暫無危機（LC, Least Concern）","corrected_iucn"
"bdbcbbd2-31a9-480b-9380-672f023f8eed","species","Plantae","Psychotria cephalophora","","瀕危（EN, Endangered）","corrected_iucn"
"5d0c8c0a-1e26-4153-8408-b38d14906994","species","Plantae","Psychotria rubra","","暫無危機（LC, Least Concern）","corrected_iucn"
"4b437b6c-ec69-4930-aff5-ea1a7035855f","species","Plantae","Dimetia hedyotidea","","暫無危機（LC, Least Concern）","corrected_iucn"
"6165569c-1f33-425e-9808-e99a0ca51f4e","species","Plantae","Aidia canthioides","","暫無危機（LC, Least Concern）","corrected_iucn"
"b6b118ff-47fd-4b54-b6ff-2f053ca165fa","species","Plantae","Gardenia jasminoides","","暫無危機（LC, Least Concern）","corrected_iucn"
"41164a27-be95-4d73-8dfc-1a898e7a9077","species","Plantae","Catesbaea spinosa","","暫無危機（LC, Least Concern）","corrected_iucn"
"271ca081-3b68-4f30-bcc6-b103b2d6c56d","species","Plantae","Guettarda speciosa","","暫無危機（LC, Least Concern）","corrected_iucn"
"b0723190-559d-45c1-a1a5-2634014b2105","species","Plantae","Morinda umbellata","","暫無危機（LC, Least Concern）","corrected_iucn"
"18248abf-1f2c-4c22-83c6-864019ea4011","species","Plantae","Coffea arabica","","瀕危（EN, Endangered）","corrected_iucn"
"7cd1775d-c3c5-4aff-a0ed-2d2279332a0e","species","Plantae","Cinchona pubescens","","暫無危機（LC, Least Concern）","corrected_iucn"
"70cf55ca-1fa2-4399-a586-2cfe74f2741b","species","Plantae","Canthium gynochodes","","暫無危機（LC, Least Concern）","corrected_iucn"
"2a2a1d13-6e41-4116-a787-722d105f3ce1","species","Plantae","Lasianthus chinensis","","暫無危機（LC, Least Concern）","corrected_iucn"
"af9fcbca-9315-493c-ba12-130bd79db46f","species","Plantae","Neonauclea reticulata","","暫無危機（LC, Least Concern）","corrected_iucn"
"0713bedc-0f9a-4084-af8c-b6c99d1c1c12","species","Plantae","Timonius arboreus","","暫無危機（LC, Least Concern）","corrected_iucn"
"9d5d0c5c-6966-45db-8b81-7c48707a9424","species","Plantae","Tricalysia dubia","","暫無危機（LC, Least Concern）","corrected_iucn"
"4edc64ea-6a47-48aa-b6a0-6b9b107dd2db","species","Plantae","Wendlandia formosana","","暫無危機（LC, Least Concern）","corrected_iucn"
"44f62622-85f9-4f9e-a1e1-074b5dd9b591","species","Plantae","Posoqueria longiflora","","暫無危機（LC, Least Concern）","corrected_iucn"
"0630c036-d829-414c-a416-a83ef44d7dd3","species","Plantae","Exacum affine","","暫無危機（LC, Least Concern）","corrected_iucn"
"73093367-7e90-4091-81bb-b8a64d65858f","species","Plantae","Tabernaemontana elegans","","暫無危機（LC, Least Concern）","corrected_iucn"
"196377e8-bc08-4ad1-ad36-563feae2760f","species","Plantae","Nerium oleander","","暫無危機（LC, Least Concern）","corrected_iucn"
"71197d0a-3d0b-4237-94b5-1ae17d6afe6d","species","Plantae","Plumeria rubra","","暫無危機（LC, Least Concern）","corrected_iucn"
"1d0e4581-0c92-4f03-a459-2f7841c21115","species","Plantae","Plumeria obtusa","","暫無危機（LC, Least Concern）","corrected_iucn"
"ff7e896a-63bc-49cf-acef-f3527de469dc","species","Plantae","Alyxia sinensis","","暫無危機（LC, Least Concern）","corrected_iucn"
"14579d0f-490e-4402-83c7-8f69b1a132b4","species","Plantae","Cerbera manghas","","暫無危機（LC, Least Concern）","corrected_iucn"
"dd520e1f-d6ad-4d07-b1d3-4e2612a28f5c","species","Plantae","Holarrhena pubescens","","暫無危機（LC, Least Concern）","corrected_iucn"
"aec9e085-cdc5-44b1-b6a4-85b1825025e0","species","Plantae","Stapelia hirsuta","","暫無危機（LC, Least Concern）","corrected_iucn"
"de92e6c4-b78e-44f2-9035-782804dfde38","species","Plantae","Stephanotis floribunda","","易危（VU, Vulnerable）","corrected_iucn"
"9a771f14-f391-44d2-8c5e-042b2a7cd4fa","species","Plantae","Heliotropium sarmentosum","","暫無危機（LC, Least Concern）","corrected_iucn"
"18f773e4-bb74-415a-96a6-fd0583b63711","species","Plantae","Ehretia dicksonii","","暫無危機（LC, Least Concern）","corrected_iucn"
"d0794730-7ed5-4dcd-b416-f3e9dd173358","species","Plantae","Ehretia philippinensis","","暫無危機（LC, Least Concern）","corrected_iucn"
"6845bcb2-7139-49a1-9696-1c3c32765ea6","species","Plantae","Ehretia resinosa","","暫無危機（LC, Least Concern）","corrected_iucn"
"18c190b7-75b6-42af-826a-6bad1dee5985","species","Plantae","Cordia dichotoma","","暫無危機（LC, Least Concern）","corrected_iucn"
"36115b98-1c89-40fa-a8bc-5aa91400afbf","species","Plantae","Coldenia procumbens","","暫無危機（LC, Least Concern）","corrected_iucn"
"a441f014-4568-4171-856d-a91df293af0e","species","Plantae","Ipomoea alba","","暫無危機（LC, Least Concern）","corrected_iucn"
"5c6e9d8a-48b8-4f6f-85dc-386e1b062816","species","Plantae","Ipomoea aquatica","","暫無危機（LC, Least Concern）","corrected_iucn"
"60ee5bfe-18e7-4d7d-ab29-54add130e27e","species","Plantae","Ipomoea batatas","","資料缺乏（DD, Data Deficient）","corrected_iucn"
"e23a20d8-a898-485e-8e5a-d7225d1ff25d","species","Plantae","Ipomoea biflora","","暫無危機（LC, Least Concern）","corrected_iucn"
"90cb2aef-0bfc-444f-b1bf-4862ef793b49","species","Plantae","Ipomoea cairica","","暫無危機（LC, Least Concern）","corrected_iucn"
"3e3d395d-ab22-4dd2-93bf-a74f9a666fca","species","Plantae","Ipomoea littoralis","","暫無危機（LC, Least Concern）","corrected_iucn"
"f6a7e751-2c9f-4496-8457-3765fbac282b","species","Plantae","Ipomoea pes-caprae","","暫無危機（LC, Least Concern）","corrected_iucn"
"6a333b18-b8df-418d-9ef0-7b47134fdeec","species","Plantae","Ipomoea trifida","","暫無危機（LC, Least Concern）","corrected_iucn"
"dece37a4-8f97-4c21-bca1-ef00d484a320","species","Plantae","Dichondra micrantha","","暫無危機（LC, Least Concern）","corrected_iucn"
"ebd584cd-9e41-45d5-8b33-d96ee8b927ce","species","Plantae","Solanum americanum","","暫無危機（LC, Least Concern）","corrected_iucn"
"86d647b3-28a8-4ad4-b589-c750bcf72c4c","species","Plantae","Solanum elaeagnifolium","","暫無危機（LC, Least Concern）","corrected_iucn"
"67f074c1-710e-4171-9d11-8ae828ed6c88","species","Plantae","Solanum erianthum","","暫無危機（LC, Least Concern）","corrected_iucn"
"14ae9feb-ae54-4e27-8e3d-78c0b4d4d7e1","species","Plantae","Solanum viarum","","暫無危機（LC, Least Concern）","corrected_iucn"
"2c980317-20cb-4ce8-9e71-1b7a10ee71dd","species","Plantae","Cestrum nocturnum","","暫無危機（LC, Least Concern）","corrected_iucn"
"ba7eaf42-1b9b-4a59-95a0-f6404957ff2a","species","Plantae","Physalis angulata","","暫無危機（LC, Least Concern）","corrected_iucn"
"847941bf-fe2f-4fd9-bb54-46a08e8b7d3a","species","Plantae","Capsicum frutescens","","暫無危機（LC, Least Concern）","corrected_iucn"
"b060dd16-1ea1-436d-a91e-30994be4c16b","species","Plantae","Brunfelsia uniflora","","暫無危機（LC, Least Concern）","corrected_iucn"
"4f46ea14-cecf-406d-bb79-f21ee3c58ae5","species","Plantae","Cyphomandra betacea","","資料缺乏（DD, Data Deficient）","corrected_iucn"
"a0b7f806-8d49-427a-9363-473237cfa875","species","Plantae","Tubocapsicum anomalum","","暫無危機（LC, Least Concern）","corrected_iucn"
"1f40d2ec-0db9-44f4-9604-a418580e790b","species","Plantae","Sphenoclea zeylanica","","暫無危機（LC, Least Concern）","corrected_iucn"
"3218b9c7-593b-43a4-8a3e-b8fb8afb5628","species","Plantae","Hydrolea zeylanica","","暫無危機（LC, Least Concern）","corrected_iucn"
"b911f9d0-fe00-41e0-a701-acf909939a72","species","Plantae","Chionanthus ramiflorus","","暫無危機（LC, Least Concern）","corrected_iucn"
"cc0541c6-a497-4f05-8660-fce0966904ab","species","Plantae","Ligustrum sinense","","暫無危機（LC, Least Concern）","corrected_iucn"
"3c2f9e00-bf51-4597-9076-e0e7dc566ca6","species","Plantae","Ligustrum ibota","","暫無危機（LC, Least Concern）","corrected_iucn"
"27625380-1952-4fe2-9e19-b9e707cb69f7","species","Plantae","Limnophila heterophylla","","暫無危機（LC, Least Concern）","corrected_iucn"
"293c39c9-6527-49aa-bf35-c55a06a72d3a","species","Plantae","Limnophila sessiliflora","","暫無危機（LC, Least Concern）","corrected_iucn"
"ec6c68d7-2f4c-4c37-a43a-2f4a41374503","species","Plantae","Callitriche palustris","","暫無危機（LC, Least Concern）","corrected_iucn"
"fa27d7e1-5491-44e0-8cee-ee774bd89d0b","species","Plantae","Microcarpaea minima","","暫無危機（LC, Least Concern）","corrected_iucn"
"4132820f-5d79-405d-ba34-11bfa37014a1","species","Plantae","Buddleja madagascariensis","","暫無危機（LC, Least Concern）","corrected_iucn"
"b0019923-277a-4fa2-8fa6-4c9fe522759c","species","Plantae","Bonnaya ruellioides","","暫無危機（LC, Least Concern）","corrected_iucn"
"8c3edbc1-a8dd-43b9-bf04-f8545693d100","species","Plantae","Bonnaya tenuifolia","","暫無危機（LC, Least Concern）","corrected_iucn"
"ee80e4e9-f8f3-41ce-b76b-e5d992ac15d0","species","Plantae","Lindernia rotundifolia","","暫無危機（LC, Least Concern）","corrected_iucn"
"55e344ce-648d-4ea2-a203-0edada16045c","species","Plantae","Torenia crustacea","","暫無危機（LC, Least Concern）","corrected_iucn"
"d3946b78-6c88-4884-adb2-b49c8b52eb40","species","Plantae","Hygrophila polysperma","","暫無危機（LC, Least Concern）","corrected_iucn"
"bbb9322e-5772-4469-8c60-ed0b86cfd443","species","Plantae","Acanthus ilicifolius","","暫無危機（LC, Least Concern）","corrected_iucn"
"fc9e29dc-9f72-445c-a0df-3d7e1b7b3d72","species","Plantae","Kudoacanthus albonervosa","","瀕危（EN, Endangered）","corrected_iucn"
"e1d0c699-809f-4c0c-98e6-31bd77aced52","species","Plantae","Nelsonia canescens","","暫無危機（LC, Least Concern）","corrected_iucn"
"f63aa2ea-0252-48a8-8204-a72ddf83afeb","species","Plantae","Catalpa speciosa","","暫無危機（LC, Least Concern）","corrected_iucn"
"bfe06a42-d33b-4885-b52b-7be08f824336","species","Plantae","Tecoma stans","","暫無危機（LC, Least Concern）","corrected_iucn"
"6dbf40e8-a553-4af9-9c03-55d8c54f6b99","species","Plantae","Spathodea campanulata","","暫無危機（LC, Least Concern）","corrected_iucn"
"a4bc5818-f68b-49ea-b22a-a6009c7269b5","species","Plantae","Crescentia alata","","暫無危機（LC, Least Concern）","corrected_iucn"
"f6cea4c5-1ad6-4ca5-bc7d-b2518651b0b3","species","Plantae","Crescentia cujete","","暫無危機（LC, Least Concern）","corrected_iucn"
"6a9f47fe-e7bd-4c4d-912f-cf01a4ba924b","species","Plantae","Oroxylum indicum","","暫無危機（LC, Least Concern）","corrected_iucn"
"fe6c233b-5142-4217-82cb-68355e07898c","species","Plantae","Utricularia aurea","","暫無危機（LC, Least Concern）","corrected_iucn"
"c6e7b99d-3a6b-48b8-a0e9-15dac5f75aad","species","Plantae","Utricularia graminifolia","","暫無危機（LC, Least Concern）","corrected_iucn"
"da3262bd-1168-430a-9eab-d3efa6e94f67","species","Plantae","Utricularia heterosepala","","暫無危機（LC, Least Concern）","corrected_iucn"
"43e1f888-9327-4f13-8645-2d73446f928c","species","Plantae","Utricularia uliginosa","","暫無危機（LC, Least Concern）","corrected_iucn"
"87b3ffe5-c4fb-4a5a-ad38-98e1c3acd16f","species","Plantae","Utricularia tricolor","","暫無危機（LC, Least Concern）","corrected_iucn"
"159cb292-80d3-4715-bf12-85cc0267138e","species","Plantae","Utricularia minutissima","","暫無危機（LC, Least Concern）","corrected_iucn"
"62e4ea9b-761c-429e-838a-b2312acd8d2c","species","Plantae","Lantana involucrata","","暫無危機（LC, Least Concern）","corrected_iucn"
"a7fc85b9-f6df-40dc-84ae-33826b40f266","species","Plantae","Clerodendrum trichotomum","","暫無危機（LC, Least Concern）","corrected_iucn"
"93e8c797-6a04-4a0e-a76a-cfd5ea9e59df","species","Plantae","Vitex quinata","","暫無危機（LC, Least Concern）","corrected_iucn"
"2d15d5ef-4ffe-42c7-b5cd-4650dc57f652","species","Plantae","Vitex trifolia","","暫無危機（LC, Least Concern）","corrected_iucn"
"9ded2c90-8597-43a1-8901-773991c0b1f3","species","Plantae","Premna serratifolia","","暫無危機（LC, Least Concern）","corrected_iucn"
"a4d04a19-0bcb-4faf-9fb0-6dd21227ef06","species","Plantae","Callicarpa macrophylla","","暫無危機（LC, Least Concern）","corrected_iucn"
"c4e2e382-9fea-4de6-8ed7-9ddf7da55b14","species","Plantae","Lycopus lucidus","","暫無危機（LC, Least Concern）","corrected_iucn"
"dbbbd962-9f52-4947-bfc1-5d6fd7bf802c","species","Plantae","Mentha canadensis","","暫無危機（LC, Least Concern）","corrected_iucn"
"90398acc-2602-48c9-b09b-e3443260234c","species","Plantae","Prunella vulgaris","","暫無危機（LC, Least Concern）","corrected_iucn"
"fff86654-c6bd-454a-a682-c33c5f7831c2","species","Plantae","Tectona grandis","","瀕危（EN, Endangered）","corrected_iucn"
"76775612-17b3-40b4-a7d1-6021ee1f01d9","species","Plantae","Perilla frutescens","","暫無危機（LC, Least Concern）","corrected_iucn"
"c89e91bb-4c80-42b2-8d2d-234e7f47a659","species","Plantae","Aeginetia indica","","暫無危機（LC, Least Concern）","corrected_iucn"
"ccca6e75-f0e4-41ae-9ddf-dce0561df776","species","Plantae","Gomphandra luzoniensis","","暫無危機（LC, Least Concern）","corrected_iucn"
"2254f921-320d-491e-a3ed-b0f8d98bbc7e","species","Plantae","Ilex arisanensis","","瀕危（EN, Endangered）","corrected_iucn"
"b3326ec2-487c-4f66-9e5b-33410c451cf6","species","Plantae","Ilex micrococca","","暫無危機（LC, Least Concern）","corrected_iucn"
"82a6acca-899e-4cb7-89ab-97963f04913e","species","Plantae","Ilex rarasanensis","","瀕危（EN, Endangered）","corrected_iucn"
"1af3dea0-8af2-491b-8c25-f1c9977a0468","species","Plantae","Ilex tugitakayamensis","","瀕危（EN, Endangered）","corrected_iucn"
"2faaa36d-29b6-42ff-9b7b-2a5d66841188","species","Plantae","Ilex yunnanensis","","暫無危機（LC, Least Concern）","corrected_iucn"
"68ab5915-1f56-4243-b9f0-fb1f7f197b73","species","Plantae","Ilex opaca","","暫無危機（LC, Least Concern）","corrected_iucn"
"3ec0a8dc-6db9-4a3d-adbf-10b0f2aabe07","species","Plantae","Lobelia cardinalis","","暫無危機（LC, Least Concern）","corrected_iucn"
"917d0e8d-73da-409f-9496-47797989665b","species","Plantae","Nymphoides aurantiaca","","暫無危機（LC, Least Concern）","corrected_iucn"
"f8c8a860-313b-4bc1-965d-e55f00ad041b","species","Plantae","Nymphoides indica","","暫無危機（LC, Least Concern）","corrected_iucn"
"ff4356ee-18f3-49ff-81f0-f22070b52e73","species","Plantae","Nymphoides peltata","","暫無危機（LC, Least Concern）","corrected_iucn"
"db3fe860-54d7-4fd3-8eba-b2eded92e528","species","Plantae","Acmella uliginosa","","暫無危機（LC, Least Concern）","corrected_iucn"
"065862cc-9aff-49d8-a306-aada0e98dbb5","species","Plantae","Elephantopus scaber","","暫無危機（LC, Least Concern）","corrected_iucn"
"5a1b206a-62cf-4887-a0ff-82014668ed49","species","Plantae","Erigeron annuus","資料缺乏（DD, Data Deficient）","","corrected_iucn"
"2bbfa172-407c-4744-bf5c-82cc0465e92a","species","Plantae","Helianthus debilis","","暫無危機（LC, Least Concern）","corrected_iucn"
"2dd3c21f-0225-4870-aefb-f4b05c93f013","species","Plantae","Achillea millefolium","","暫無危機（LC, Least Concern）","corrected_iucn"
"3561c4b6-9d34-422b-ab1b-4d6c8414ced1","species","Plantae","Blumea balsamifera","","暫無危機（LC, Least Concern）","corrected_iucn"
"35b526c2-4814-4e87-8e97-5aadccbae5d9","species","Plantae","Centipeda minima","","暫無危機（LC, Least Concern）","corrected_iucn"
"d85b0dc6-abc7-479e-930b-8b24a20d9bb9","species","Plantae","Clibadium surinamense","","暫無危機（LC, Least Concern）","corrected_iucn"
"aece28a8-b1dc-468f-9a8d-bc62d7e869fe","species","Plantae","Eclipta angustata","","暫無危機（LC, Least Concern）","corrected_iucn"
"e098fded-93c7-42df-b560-f877b0e6d090","species","Plantae","Grangea maderaspatana","","暫無危機（LC, Least Concern）","corrected_iucn"
"a3556668-6543-493c-a2f9-30a35e7cf44f","species","Plantae","Laggera alata","","暫無危機（LC, Least Concern）","corrected_iucn"
"48876d28-5e90-4374-b844-a4af6fbe0bf0","species","Plantae","Sphaeranthus africanus","","暫無危機（LC, Least Concern）","corrected_iucn"
"123d661a-263c-4142-9350-47ca1a78ab95","species","Plantae","Arnica montana","","暫無危機（LC, Least Concern）","corrected_iucn"
"9095ceaf-6f33-4159-9de3-973e3091327e","species","Plantae","Silybum marianum","","暫無危機（LC, Least Concern）","corrected_iucn"
"ed68574e-ca4c-47d8-b619-74d075aac7a1","species","Plantae","Viburnum betulifolium","","暫無危機（LC, Least Concern）","corrected_iucn"
"fb539c7b-08f8-4a19-883d-c2e75ad3253c","species","Plantae","Viburnum odoratissimum","","暫無危機（LC, Least Concern）","corrected_iucn"
"938b7b55-a3b2-46c2-89a9-52803661e644","species","Plantae","Viburnum sympodiale","","暫無危機（LC, Least Concern）","corrected_iucn"
"1a141451-0a4a-4b8a-abf4-975268269c5a","species","Plantae","Heptapleurum actinophyllum","","暫無危機（LC, Least Concern）","corrected_iucn"
"e99adc36-c944-44c1-92d1-308acfbe0b07","species","Plantae","Heptapleurum taiwanianum","","暫無危機（LC, Least Concern）","corrected_iucn"
"7fdc98f9-9345-433f-9c85-c00217443242","species","Plantae","Polyscias guilfoylei","","暫無危機（LC, Least Concern）","corrected_iucn"
"16ed77f1-2b10-40c6-acff-752939b90fa7","species","Plantae","Polyscias balfouriana","","資料缺乏（DD, Data Deficient）","corrected_iucn"
"017ce8a4-267e-4d67-90d1-9209c6462ac6","species","Plantae","Polyscias scutellaria","","暫無危機（LC, Least Concern）","corrected_iucn"
"c67343c9-442b-4827-afe1-a264e63b1591","species","Plantae","Hydrocotyle verticillata","","暫無危機（LC, Least Concern）","corrected_iucn"
"da7e311b-2ea6-489f-b80d-b8681424f797","species","Plantae","Fatsia polycarpa","","接近受脅（NT, Near Threatened）","corrected_iucn"
"3356de87-233d-40a6-9ab2-77690621c6d7","species","Plantae","Tetrapanax papyriferus","","暫無危機（LC, Least Concern）","corrected_iucn"
"4af4fa8e-3f86-4fd3-b1c2-52451953160b","species","Plantae","Apium graveolens","","暫無危機（LC, Least Concern）","corrected_iucn"
"3dc60883-37c8-42ef-940e-7282b98993eb","species","Plantae","Daucus carota","","暫無危機（LC, Least Concern）","corrected_iucn"
"54adf7d4-69cc-46e8-a280-6cce2edf4a3e","species","Plantae","Cochlospermum religiosum","","暫無危機（LC, Least Concern）","corrected_iucn"
"7a48134d-3581-4933-bb93-6787144368ab","species","Plantae","Silene vulgaris","","暫無危機（LC, Least Concern）","corrected_iucn"
"d55f3962-b4ad-4c95-93b9-bae834605abf","species","Plantae","Triglochin palustris","","暫無危機（LC, Least Concern）","corrected_iucn"
"16e5fc33-cc70-4b3d-b0d9-cc33ee33d912","species","Plantae","Sonneratia alba","","暫無危機（LC, Least Concern）","corrected_iucn"
"1cb97b72-1943-4585-baaa-e2e38c14a4b0","infraspecies","Plantae","Diplazium esculentum esculentum","","暫無危機（LC, Least Concern）","corrected_iucn"
"648abed4-e2bf-4b88-a2bb-63ce55a97a61","infraspecies","Plantae","Pinus armandii mastersiana","","瀕危（EN, Endangered）","corrected_iucn"
"11118108-8b1f-4aa9-bd4d-6063ce37da7b","infraspecies","Plantae","Chamaecyparis obtusa formosana","","易危（VU, Vulnerable）","corrected_iucn"
"a8a79422-6e4c-4052-b57d-30f917dd3fe3","infraspecies","Plantae","Myristica ceylanica cagayanensis","","易危（VU, Vulnerable）","corrected_iucn"
"61781142-2a06-4f99-aa08-daf623268060","infraspecies","Plantae","Litsea rotundifolia oblongifolia","","暫無危機（LC, Least Concern）","corrected_iucn"
"9514d58c-3210-4441-a61c-6f1cc9419bcb","infraspecies","Plantae","Neolitsea sericea aurata","","暫無危機（LC, Least Concern）","corrected_iucn"
"12f7c406-5425-4298-a63c-0fca3b382b76","infraspecies","Plantae","Colocasia esculenta esculenta","","暫無危機（LC, Least Concern）","corrected_iucn"
"a5f457d3-2b27-44f1-870f-db23994f5684","infraspecies","Plantae","Calanthe davidii davidii","","暫無危機（LC, Least Concern）","corrected_iucn"
"ef451aae-eb47-44de-8b3c-5be3fe14f830","infraspecies","Plantae","Calanthe davidii matsudae","","暫無危機（LC, Least Concern）","corrected_iucn"
"3c97417a-06c7-45bc-bb09-e501d4dbe2e3","infraspecies","Plantae","Agave americana variegata","","暫無危機（LC, Least Concern）","corrected_iucn"
"95932c91-37c0-46a6-a869-c19cdebebd48","infraspecies","Plantae","Musa itinerans kavalanensis","","暫無危機（LC, Least Concern）","corrected_iucn"
"0b7d348b-c89f-4c0b-83b9-f5caf913f210","infraspecies","Plantae","Juncus effusus decipiens","","暫無危機（LC, Least Concern）","corrected_iucn"
"05df72c5-0915-46b6-92ad-6340227fb54b","infraspecies","Plantae","Bolboschoenus maritimus affinis","","暫無危機（LC, Least Concern）","corrected_iucn"
"e2e6e4dc-5f4f-40c4-ae3e-adbe2f1d9565","infraspecies","Plantae","Cyperus nutans subprolixus","","暫無危機（LC, Least Concern）","corrected_iucn"
"5ee9c2e1-20a6-47af-96ef-b8b466d9b5b2","infraspecies","Plantae","Fimbristylis ferruginea ferruginea","","暫無危機（LC, Least Concern）","corrected_iucn"
"89c14b1f-d82b-4bcf-8d9b-de74b09dca49","infraspecies","Plantae","Buxus microphylla sinica","","暫無危機（LC, Least Concern）","corrected_iucn"
"c4706a97-d3fd-42bf-812f-d9fbdb62702e","infraspecies","Plantae","Lespedeza thunbergii formosa","","資料缺乏（DD, Data Deficient）","corrected_iucn"
"03be7af0-96e2-4ddc-9489-371034ee11b9","infraspecies","Plantae","Vicia sativa nigra","","暫無危機（LC, Least Concern）","corrected_iucn"
"ba386bdd-e988-46c5-b03d-285edade94e9","infraspecies","Plantae","Photinia serratifolia serratifolia","","暫無危機（LC, Least Concern）","corrected_iucn"
"6a31fc42-4dbd-4603-baea-458c14efc9b6","infraspecies","Plantae","Photinia serratifolia daphniphylloides","","暫無危機（LC, Least Concern）","corrected_iucn"
"c05f2dcf-7b6b-4bb1-a60f-677dccadcec1","infraspecies","Plantae","Prunus phaeosticta phaeosticta","","暫無危機（LC, Least Concern）","corrected_iucn"
"79f16c91-309c-484f-b04c-15067f207cd5","infraspecies","Plantae","Prunus phaeosticta ilicifolia","","暫無危機（LC, Least Concern）","corrected_iucn"
"53f53935-2a32-4eb1-b693-192a44ae4bec","infraspecies","Plantae","Ficus erecta erecta","","暫無危機（LC, Least Concern）","corrected_iucn"
"f81eb251-6f0f-4f23-af8b-16f351416200","infraspecies","Plantae","Ficus erecta beecheyana","","暫無危機（LC, Least Concern）","corrected_iucn"
"548be040-659d-475c-812d-b6fed9e75964","infraspecies","Plantae","Ficus fistulosa benguetensis","","暫無危機（LC, Least Concern）","corrected_iucn"
"7ced84fc-55cc-402d-8bd0-a72fd353dca5","infraspecies","Plantae","Ficus microcarpa microcarpa","","暫無危機（LC, Least Concern）","corrected_iucn"
"9d8bfcd7-e31f-4614-ad86-fe61022af27d","infraspecies","Plantae","Ficus microcarpa crassifolia","","暫無危機（LC, Least Concern）","corrected_iucn"
"5b1b8211-df7f-4c17-8ccb-37185674005b","infraspecies","Plantae","Ficus pedunculosa pedunculosa","","暫無危機（LC, Least Concern）","corrected_iucn"
"6d8dbb3e-41e3-485f-880f-20245a2341f7","infraspecies","Plantae","Ficus pedunculosa mearnsii","","暫無危機（LC, Least Concern）","corrected_iucn"
"2ed45ccd-88bd-454e-884d-dceead0cbb29","infraspecies","Plantae","Ficus ruficaulis antaoensis","","暫無危機（LC, Least Concern）","corrected_iucn"
"5a031ee0-8c3e-418b-b1f1-a80230cd7307","infraspecies","Plantae","Elaeocarpus sylvestris sylvestris","","暫無危機（LC, Least Concern）","corrected_iucn"
"22969265-de51-4589-9b07-9e5dec4ae92a","infraspecies","Plantae","Breynia officinalis accrescens","","暫無危機（LC, Least Concern）","corrected_iucn"
"9d35e43a-e48f-4d9a-9792-3bfe1842d73e","infraspecies","Plantae","Glycosmis parviflora parviflora","","暫無危機（LC, Least Concern）","corrected_iucn"
"d3068562-44c9-4404-b423-7ef0cd28a60a","infraspecies","Plantae","Phellodendron amurense wilsonii","","資料缺乏（DD, Data Deficient）","corrected_iucn"
"32da5c35-e626-4bf0-99db-66736158f391","infraspecies","Plantae","Cleyera japonica japonica","","暫無危機（LC, Least Concern）","corrected_iucn"
"4ea79f78-db4c-4656-92b7-8c139b99ccb0","infraspecies","Plantae","Cleyera japonica longicarpa","","暫無危機（LC, Least Concern）","corrected_iucn"
"d109ae2d-e7d5-4b98-8f82-e8537b94a84c","infraspecies","Plantae","Cleyera japonica taipinensis","","暫無危機（LC, Least Concern）","corrected_iucn"
"ad9ec200-bf6f-4280-93e8-d2328ae09a03","infraspecies","Plantae","Styrax formosanus formosanus","","暫無危機（LC, Least Concern）","corrected_iucn"
"4fa3001a-7ffc-4820-9632-6fbd9b458033","infraspecies","Plantae","Lyonia ovalifolia ovalifolia","","暫無危機（LC, Least Concern）","corrected_iucn"
"6c438b96-d6e2-4da7-ab1b-aadf33a264bd","infraspecies","Plantae","Vaccinium dunalianum caudatifolium","","暫無危機（LC, Least Concern）","corrected_iucn"
"8c7032dc-2e15-4141-85a0-fc6b344dd31a","infraspecies","Plantae","Ipomoea pes-caprae brasiliensis","","暫無危機（LC, Least Concern）","corrected_iucn"
"9a468d01-7bf0-4033-8eb5-40fd8d5e38c3","infraspecies","Plantae","Callitriche palustris palustris","","暫無危機（LC, Least Concern）","corrected_iucn"
"5d70d366-e75b-43d6-8bdd-7f9d9fd603b2","infraspecies","Plantae","Prunella vulgaris asiatica","","暫無危機（LC, Least Concern）","corrected_iucn"
"d94bae32-1c10-4711-b256-06316c202f6a","infraspecies","Plantae","Ilex yunnanensis parvifolia","","暫無危機（LC, Least Concern）","corrected_iucn"
"ac1fb651-8757-4cc3-b277-d6755e080239","species","Chromista","Turbinaria peltata","暫無危機（LC, Least Concern）","","corrected_iucn"
"ab1bd208-4d31-4c71-91b4-b199ccc5e123","species","Fungi","Coltricia perennis","暫無危機（LC, Least Concern）","","corrected_iucn"
"09cdf826-35d9-4ca6-92a7-1f02e8e038db","species","Fungi","Panus neostrigosus","暫無危機（LC, Least Concern）","","corrected_iucn"
"17254e71-8fe0-446e-a696-39efaccf655a","species","Fungi","Polyporus badius","暫無危機（LC, Least Concern）","","corrected_iucn"
"bd308b5c-e5c5-45c0-bb8a-ca614ad7e1f8","species","Fungi","Albatrellus cristatus","","暫無危機（LC, Least Concern）","corrected_iucn"
"85f299e4-1843-463f-887a-a58248cf615c","species","Fungi","Fomitopsis pinicola","暫無危機（LC, Least Concern）","","corrected_iucn"
"bb39f2b7-5f60-442c-8971-bf456a328ee5","species","Fungi","Dichopleuropus spathulatus","","資料缺乏（DD, Data Deficient）","corrected_iucn"
"c012c4e7-d208-450f-a798-3c9275faf262","species","Fungi","Lactarius camphoratus","","暫無危機（LC, Least Concern）","corrected_iucn"
"47750007-eb99-4922-b5e4-1ed4d806f946","species","Fungi","Lactarius controversus","","暫無危機（LC, Least Concern）","corrected_iucn"
"77ca869b-dda8-4abc-9bf4-a8a466b48c48","species","Fungi","Lactarius lignyotus","","暫無危機（LC, Least Concern）","corrected_iucn"
"fb8f6b6b-65af-47c6-ac78-50d7ffc7290e","species","Fungi","Lactifluus piperatus","","暫無危機（LC, Least Concern）","corrected_iucn"
"e408b323-c554-4f6e-b8e7-3e0f101cefc0","species","Fungi","Lactarius scrobiculatus","","暫無危機（LC, Least Concern）","corrected_iucn"
"21a5f322-c0b5-47bf-a030-7717802a2afa","species","Fungi","Lactarius torminosus","","暫無危機（LC, Least Concern）","corrected_iucn"
"ef730928-1d77-4552-9927-85b2edf03936","species","Fungi","Lactarius volemus","","暫無危機（LC, Least Concern）","corrected_iucn"
"12f1f155-6524-43e1-a2ae-e5d54ecf4cff","species","Fungi","Lactarius chrysorrheus","","暫無危機（LC, Least Concern）","corrected_iucn"
"de38776a-b6ed-443b-9ff7-a730c30df75a","species","Fungi","Russula adusta","","暫無危機（LC, Least Concern）","corrected_iucn"
"809e9e77-a5e1-4809-9e1b-215a09b0287d","species","Fungi","Russula cavipes","","暫無危機（LC, Least Concern）","corrected_iucn"
"63cc17b0-ba5b-441f-b27d-800e02f7a8b7","species","Fungi","Russula cyanoxantha","","暫無危機（LC, Least Concern）","corrected_iucn"
"d25ab76b-30b8-4683-8252-49146f2eeb5a","species","Fungi","Russula delica","","暫無危機（LC, Least Concern）","corrected_iucn"
"6e08a2b1-78bb-4040-9e67-52c4e0b7dd3e","species","Fungi","Russula densifolia","","暫無危機（LC, Least Concern）","corrected_iucn"
"6708abb6-b8bb-4082-9d41-932dce794513","species","Fungi","Russula emetica","","暫無危機（LC, Least Concern）","corrected_iucn"
"c1388357-5140-443b-8688-d74b043dc666","species","Fungi","Russula foetens","","暫無危機（LC, Least Concern）","corrected_iucn"
"b46a81c9-76ff-4e60-9306-c6ca627703be","species","Fungi","Russula fragilis","","暫無危機（LC, Least Concern）","corrected_iucn"
"1bf5af40-5ec6-408b-8910-9fe8d6653567","species","Fungi","Russula ochroleuca","","暫無危機（LC, Least Concern）","corrected_iucn"
"b1426505-7143-464f-8110-ae4dc011c593","species","Fungi","Russula sanguinea","","暫無危機（LC, Least Concern）","corrected_iucn"
"3897cca8-e51a-4b9d-a2a7-bd04169e9a7d","species","Fungi","Russula virescens","","暫無危機（LC, Least Concern）","corrected_iucn"
"752b1ffb-72c7-491a-897d-db62b9a9a8be","species","Fungi","Russula atropurpurea","","暫無危機（LC, Least Concern）","corrected_iucn"
"1013a761-a2d5-45a8-8fda-58bdc3a2d7f0","species","Fungi","Russula betularum","","暫無危機（LC, Least Concern）","corrected_iucn"
"0339f325-2732-4dbd-b2ad-b132beb8cf47","species","Fungi","Russula gracillima","","暫無危機（LC, Least Concern）","corrected_iucn"
"f8203e5b-7230-4def-9ef3-f636890a99ee","species","Fungi","Russula laurocerasi","","暫無危機（LC, Least Concern）","corrected_iucn"
"81fd4320-87ed-4c06-9eaa-bd1eef7eb8e7","species","Fungi","Russula pectinatoides","","暫無危機（LC, Least Concern）","corrected_iucn"
"0deafaf0-8cfc-41c3-9dc3-c3b35e9461a1","species","Fungi","Russula subfoetens","","暫無危機（LC, Least Concern）","corrected_iucn"
"c5043e23-dd74-4e1e-b88b-25600461a053","species","Fungi","Russula violeipes","","暫無危機（LC, Least Concern）","corrected_iucn"
"458d2e4e-cb62-4078-9fbf-015056deff7b","species","Fungi","Laurilia sulcata","","暫無危機（LC, Least Concern）","corrected_iucn"
"205f862b-96b1-4c05-8abc-edae732a147d","species","Fungi","Agaricus silvaticus","暫無危機（LC, Least Concern）","","corrected_iucn"
"85bfc124-b82c-4d10-9b76-0e7977873dc3","species","Fungi","Lepiota cristata","暫無危機（LC, Least Concern）","","corrected_iucn"
"31fb5da2-b3fa-4fa2-93f2-c2d21834a2b9","species","Fungi","Cyclocybe cylindracea","暫無危機（LC, Least Concern）","","corrected_iucn"
"e6a3dfc3-82eb-4727-bcb3-3673f7307f43","species","Fungi","Homophron spadiceum","易危（VU, Vulnerable）","","corrected_iucn"
"a10973e9-a5d0-4158-b18b-a009bf8b7295","species","Fungi","Armillaria matsutake","易危（VU, Vulnerable）","","corrected_iucn"
"5e16f5f7-a8ac-4bbb-a089-6169b545b0f5","species","Fungi","Descomyces albellus","暫無危機（LC, Least Concern）","","corrected_iucn"
"19925efd-46ca-430a-9d28-4ff3a406feb0","species","Fungi","Lycoperdon gemmatum","暫無危機（LC, Least Concern）","","corrected_iucn"
"b88755d3-8d70-4e81-bd27-daf3f9f761fa","species","Fungi","Hygrocybe miniata","","接近受脅（NT, Near Threatened）","corrected_iucn"
"d601117b-233e-4d9d-b8aa-79decbecb013","species","Fungi","Phaeolepiota aurea","暫無危機（LC, Least Concern）","","corrected_iucn"
"0f3debff-550c-4e1d-80de-22cbed32f97f","species","Fungi","Pseudoclitocybe cyathiformis","接近受脅（NT, Near Threatened）","","corrected_iucn"
"16dc0262-8506-45bf-a418-aa24f4ca8f66","species","Fungi","Pholiota lenta","暫無危機（LC, Least Concern）","","corrected_iucn"
"6c82d32f-b444-4b9f-b7d7-f3354658576a","species","Fungi","Laccaria laccata","","暫無危機（LC, Least Concern）","corrected_iucn"
"515ddfdf-fa7a-410b-979d-11d9a1168c1c","species","Fungi","Mycena leaiana","","暫無危機（LC, Least Concern）","corrected_iucn"
"6b7e2b73-97b1-4f28-81f7-58247f6dc842","species","Fungi","Mycena overholtsii","","暫無危機（LC, Least Concern）","corrected_iucn"
"f39f11a6-17f8-47b7-b3ca-f3097b64eeaf","species","Fungi","Boletellus obscurecoccineus","暫無危機（LC, Least Concern）","","corrected_iucn"
"0ff15077-ea44-428b-8079-cf25ca51c015","species","Fungi","Gastroleccinum scabrosum","","資料缺乏（DD, Data Deficient）","corrected_iucn"
"7b33d896-70af-498a-9be7-59c677ab16da","species","Fungi","Boletus badius","暫無危機（LC, Least Concern）","","corrected_iucn"
"eea80e98-e350-42b4-878b-6df6709f7e94","species","Fungi","Suillus americanus","","暫無危機（LC, Least Concern）","corrected_iucn"
"65a873de-5690-4f65-b941-2a29efc15ef7","species","Fungi","Cantharellus cibarius","","暫無危機（LC, Least Concern）","corrected_iucn"
"4f797055-e42b-45e6-8283-093618b14ff3","species","Fungi","Cantharellus cinereus","","暫無危機（LC, Least Concern）","corrected_iucn"
"94b33a59-025f-4a28-aa46-e775d5d741d1","species","Fungi","Craterellus aureus","","暫無危機（LC, Least Concern）","corrected_iucn"
"224d3222-05fc-4108-a344-5d749e311813","species","Fungi","Calostoma cinnabarinum","","暫無危機（LC, Least Concern）","corrected_iucn"
"1fefd919-9949-4d5d-bc05-8001cfccc003","species","Fungi","Hypoxylon vogesiacum","","接近受脅（NT, Near Threatened）","corrected_iucn"
"400732c8-f030-4b30-9ef1-ef09038e5c78","species","Fungi","Pseudoplectania vogesiaca","接近受脅（NT, Near Threatened）","","corrected_iucn"
"6134e303-d6cf-4423-9158-e020b15bae52","infraspecies","Fungi","Lactarius lignyotus marginatus","","暫無危機（LC, Least Concern）","corrected_iucn"
"1e02b4ce-179e-4869-a84f-116eed680f2c","infraspecies","Fungi","Armillaria matsutake formosana","易危（VU, Vulnerable）","","corrected_iucn"
"19689573-407f-4d9c-82dd-a7a1f42af3f7","infraspecies","Fungi","Hypoxylon vogesiacum microsporum","","接近受脅（NT, Near Threatened）","corrected_iucn"
"11bde8ad-c408-43a7-9cf2-523669f75382","species","Plantae","Mussaenda frondosa","","暫無危機（LC, Least Concern）","corrected_iucn"
"a8c250d9-3af1-40dc-811f-08c474f1ceab","species","Animalia","Gnatholepis davaoensis","暫無危機（LC, Least Concern）","","corrected_iucn"
"23d46e0b-c8c7-41da-87fa-c2399d393853","species","Animalia","Lamnostoma polyophthalmum","暫無危機（LC, Least Concern）","","corrected_iucn"
"0ed15ec6-c642-4fc2-b941-022677605934","species","Animalia","Bathycongrus macroporis","","資料缺乏（DD, Data Deficient）","corrected_iucn"
"71032ede-751e-4394-b718-d607b7ba727b","species","Animalia","Cephaloscyllium formosanum","接近受脅（NT, Near Threatened）","暫無危機（LC, Least Concern）","corrected_iucn"
"69044739-de3e-43da-b2b4-3165a46e4ab9","species","Animalia","Bathyuroconger albus","暫無危機（LC, Least Concern）","","corrected_iucn"
"25e17bd9-9455-4f45-bde9-ca870ccc7698","infraspecies","Animalia","Horornis canturians borealis","","暫無危機（LC, Least Concern）","corrected_iucn"
"6aea4758-bc1c-42f0-ae1e-077c13fc989f","infraspecies","Animalia","Anas crecca carolinensis","","暫無危機（LC, Least Concern）","corrected_iucn"
"08126258-4ba3-4f8a-b3eb-f9ea13a6e32f","species","Animalia","Antigone canadensis","暫無危機（LC, Least Concern）","","corrected_iucn"
"c7e5ba9a-a9e4-419d-a51f-7f9366bcec83","infraspecies","Animalia","Charadrius alexandrinus nihonensis","","暫無危機（LC, Least Concern）","corrected_iucn"
"68bcb39a-e245-4103-a94e-7254eba8db86","infraspecies","Animalia","Merops persicus persicus","","暫無危機（LC, Least Concern）","corrected_iucn"
"efd00b02-94bc-4dc5-9ee2-57c86de0ceeb","infraspecies","Animalia","Lanius isabellinus isabellinus","","暫無危機（LC, Least Concern）","corrected_iucn"
"e7667af8-d7bf-44de-a23f-5f7c86333aa6","infraspecies","Animalia","Lanius tephronotus tephronotus","","暫無危機（LC, Least Concern）","corrected_iucn"
"cc2c77d7-0598-41cf-abf0-e9a6e2dada7f","infraspecies","Animalia","Acrocephalus concinens concinens","","暫無危機（LC, Least Concern）","corrected_iucn"
"a979f434-40d5-44b7-b409-830ae619ac28","infraspecies","Animalia","Phylloscopus intermedius intermedius","","暫無危機（LC, Least Concern）","corrected_iucn"
"c74356e2-4bcc-43b0-a5ee-33d3e9820637","infraspecies","Animalia","Motacilla alba personata","","暫無危機（LC, Least Concern）","corrected_iucn"
"119c8407-8796-4866-9267-a5c49876f53d","species","Plantae","Pleurozia gigantea","","暫無危機（LC, Least Concern）","corrected_iucn"
"8503d296-980a-4919-964f-f1ca2463690f","species","Plantae","Ulota crispa","","暫無危機（LC, Least Concern）","corrected_iucn"
"74d1435e-b67c-41b8-aadf-9968aa594bc3","species","Plantae","Dendroceros japonicus","","瀕危（EN, Endangered）","corrected_iucn"
"83131693-7026-46e3-b12f-89b272a75a3c","infraspecies","Animalia","Loxia curvirostra japonica","","暫無危機（LC, Least Concern）","corrected_iucn"
"71e0d009-f8f2-43f6-8a8c-c136574d5546","infraspecies","Animalia","Balaenoptera edeni brydei","","暫無危機（LC, Least Concern）","corrected_iucn"
"cc2a88f6-28ce-43ea-8230-d4403462c47e","species","Animalia","Barbonymus schwanenfeldii","暫無危機（LC, Least Concern）","","corrected_iucn"
"e0781c13-9ad0-4713-ad3b-ad7d2a3861e4","species","Animalia","Delias acalis","暫無危機（LC, Least Concern）","","corrected_iucn"
"8cba35eb-61d5-45fb-9365-db31a3acdf21","species","Animalia","Eutaeniichthys gilli","","暫無危機（LC, Least Concern）","corrected_iucn"
"73c3501d-a938-4082-a0b0-8427cdf89015","species","Animalia","Willemoesia forceps","資料缺乏（DD, Data Deficient）","暫無危機（LC, Least Concern）","corrected_iucn"
"6a5f97a6-558e-4792-8dd9-24233b32ea00","infraspecies","Animalia","Delias acalis acalis","暫無危機（LC, Least Concern）","","corrected_iucn"
"eae6bbe2-15e1-43b9-9302-5f1119c01a25","infraspecies","Animalia","Artipe eryx eryx","","暫無危機（LC, Least Concern）","corrected_iucn"
"22e95ab8-8a11-4fa8-a68b-cea7317124a9","infraspecies","Animalia","Zizina otis otis","","暫無危機（LC, Least Concern）","corrected_iucn"
"1d17f804-1f7b-4628-b5bc-5fba5f669ee8","species","Plantae","Citrus × aurantium","","極危（CR, Critically Endangered）","corrected_iucn"
"f775a0d3-145a-4820-93a8-bacbaf2c8463","infraspecies","Animalia","Lanius excubitor pallidirostris","","暫無危機（LC, Least Concern）","corrected_iucn"
"cf1dcb7c-dcc8-4983-a71f-8a8d389c8125","species","Animalia","Orthetrum melania","暫無危機（LC, Least Concern）","","corrected_iucn"
"33c34481-e34d-47b6-a3d9-a903ffa90515","species","Animalia","Orthetrum triangulare","暫無危機（LC, Least Concern）","","corrected_iucn"
"738a647c-6118-4abb-81ef-658ba8ebed25","species","Plantae","Bidens frondosa","","暫無危機（LC, Least Concern）","corrected_iucn"
"d881e02a-3576-4ee0-91aa-f45c60c0cbca","species","Animalia","Caridina gracilirostris","","暫無危機（LC, Least Concern）","corrected_iucn"
"3d463226-e913-41aa-a1fa-aca2abe82d95","infraspecies","Animalia","Amaurornis phoenicurus leucomelana","","暫無危機（LC, Least Concern）","corrected_iucn"
"f59f7e58-ace4-4ba3-8b41-3c906e526e35","species","Plantae","Senna surattensis","","暫無危機（LC, Least Concern）","corrected_iucn"
"fcac0117-01f7-4b1f-a63f-50cfb2a9dd9f","species","Plantae","Grewia tiliifolia","","暫無危機（LC, Least Concern）","corrected_iucn"
"6390e827-5061-4f64-9c70-3f8340509ef9","species","Plantae","Rhus chinensis","","暫無危機（LC, Least Concern）","corrected_iucn"
"c8827b5e-878e-4f1f-af81-f8a5253f1997","species","Plantae","Heptapleurum ellipticum","","暫無危機（LC, Least Concern）","corrected_iucn"
"ec9a6051-2511-4e19-8fd3-6392e8149423","species","Plantae","Urochloa ramosa","","暫無危機（LC, Least Concern）","corrected_iucn"
"8857db55-cb86-4499-8621-4fa61060871d","species","Plantae","Jacaranda acutifolia","","暫無危機（LC, Least Concern）","corrected_iucn"
"e9d8724b-6ce1-4345-bd1c-622e71e79eb8","infraspecies","Plantae","Rhus chinensis chinensis","","暫無危機（LC, Least Concern）","corrected_iucn"
"ae63a1d0-7795-4542-814e-11a7f1a7bc2e","species","Animalia","Papilio polydorus","暫無危機（LC, Least Concern）","","corrected_iucn"
"05900483-949b-4ce6-b64c-00a57863750a","infraspecies","Animalia","Graphium sarpedon sarpedon","","暫無危機（LC, Least Concern）","corrected_iucn"
"4b37b23c-ab7c-4e13-bc0a-9ea333ce51ee","species","Animalia","Macrochelys temminckii","","瀕危（EN, Endangered）","corrected_iucn"
"435e630a-c310-47e3-bc23-d4e9a74cd014","infraspecies","Animalia","Pseudoxenodon stejnegeri stejnegeri","","暫無危機（LC, Least Concern）","corrected_iucn"
"276ef774-5250-4394-aa20-96abc01a9ee9","infraspecies","Animalia","Takydromus kuehnei kuehnei","","暫無危機（LC, Least Concern）","corrected_iucn"
"7b45175d-8bb9-464f-a1ba-a33c4a7dbac8","infraspecies","Animalia","Sibynophis chinensis chinensis","","暫無危機（LC, Least Concern）","corrected_iucn"
"52388e0a-4398-45c2-8512-74c9c7d6e3d5","infraspecies","Animalia","Lycodon ruhstrati ruhstrati","","暫無危機（LC, Least Concern）","corrected_iucn"
"a520128b-8965-46e0-9044-e9261ec980eb","infraspecies","Animalia","Achalinus formosanus formosanus","","暫無危機（LC, Least Concern）","corrected_iucn"
"fad8855a-c629-45ac-ba70-b5a7e97922a8","infraspecies","Animalia","Calamaria pavimentata pavimentata","","暫無危機（LC, Least Concern）","corrected_iucn"
"b8d20e1c-90ed-46c9-97e5-9fa7a47731c9","infraspecies","Animalia","Lycodon rufozonatus rufozonatus","","暫無危機（LC, Least Concern）","corrected_iucn"
"53dc200d-fcc9-4312-8254-e2e4ed084a16","infraspecies","Animalia","Trimeresurus stejnegeri stejnegeri","","暫無危機（LC, Least Concern）","corrected_iucn"
"3bf41844-d824-4126-89b7-35abd27ffadf","infraspecies","Animalia","Mareca strepera strepera","","暫無危機（LC, Least Concern）","corrected_iucn"
"eb1a7acd-50d8-45fb-b5ab-7f886b85b6dd","species","Animalia","Himantopus leucocephalus","暫無危機（LC, Least Concern）","","corrected_iucn"
"8989ce3a-1469-4e44-83e7-1d441abbf286","infraspecies","Animalia","Anser anser domesticus","","暫無危機（LC, Least Concern）","corrected_iucn"
"84abc7e0-53bf-4733-a52e-871cb611d1f3","infraspecies","Animalia","Sterna hirundo hirundo","","暫無危機（LC, Least Concern）","corrected_iucn"
"f79832ca-16e6-4af5-aa73-e712e2fea62c","infraspecies","Animalia","Sterna hirundo tibetana","","暫無危機（LC, Least Concern）","corrected_iucn"
"bedf71e6-7777-4b95-9dc0-336dee8d49c7","infraspecies","Animalia","Sula leucogaster brewsteri","","暫無危機（LC, Least Concern）","corrected_iucn"
"576ba9cc-0fa7-4948-a797-8b54a28522b8","infraspecies","Animalia","Lalage nigra nigra","","暫無危機（LC, Least Concern）","corrected_iucn"
"465651dc-8040-444c-b1a7-901e907636c9","infraspecies","Animalia","Locustella mandelli melanorhyncha","","暫無危機（LC, Least Concern）","corrected_iucn"
"9ed4efa4-197c-4b38-b2fe-86a816155b4e","infraspecies","Animalia","Muscicapa striata mongola","","暫無危機（LC, Least Concern）","corrected_iucn"
"24586434-f3a7-41d8-874c-f96e9f66e45a","infraspecies","Animalia","Myophonus caeruleus caeruleus","","暫無危機（LC, Least Concern）","corrected_iucn"
"a61058dc-a648-417c-91f3-dfd53dfbecb8","infraspecies","Animalia","Numenius phaeopus hudsonicus","","暫無危機（LC, Least Concern）","corrected_iucn"
"e8ffaea0-1894-4d87-814c-456a655f5529","infraspecies","Animalia","Rallus aquaticus korejewi","","暫無危機（LC, Least Concern）","corrected_iucn"
"a248e169-d506-41c9-8490-88a703fd733a","infraspecies","Animalia","Phasianus colchicus torquatus","","暫無危機（LC, Least Concern）","corrected_iucn"
"9353e0a9-af30-4a9d-ba41-7f50bf5ae90a","infraspecies","Animalia","Emberiza schoeniclus pyrrhulina","","暫無危機（LC, Least Concern）","corrected_iucn"
"878a3a2b-4df2-4816-a2dd-6520f911bc93","infraspecies","Animalia","Ficedula strophiata strophiata","","暫無危機（LC, Least Concern）","corrected_iucn"
"662dcd7c-8988-4df0-85bd-b2b6c6c73350","infraspecies","Animalia","Fulmarus glacialis rodgersii","","暫無危機（LC, Least Concern）","corrected_iucn"
"9187395c-6b33-48c6-9320-d5e71e9019ce","species","Animalia","Lentipes multiradiatus","暫無危機（LC, Least Concern）","","corrected_iucn"
"e548dbaf-ae46-432b-a09d-45d94c8ebf36","species","Animalia","Gygis alba","","暫無危機（LC, Least Concern）","corrected_iucn"
"b69ff208-7a37-4cd9-a136-5cc2067f1aea","species","Animalia","Platygyra carnosus","暫無危機（LC, Least Concern）","","corrected_iucn"
