"taxonUUID","taxonRank","parentUUID","taxon_id","simplifiedScientificName","kingdom","class","nativeness","endemism","protectedStatusTW","categoryRedlistTW","categoryIUCN","sensitiveCategory","categoryRedlistVersionTW","rank","new_simple_name","is_endemic","is_hybrid","alien_type","new_iucn","new_redlistTW","new_protected","genus","specificEpithet","infraspecies","corrected_iucn","corrected_redlistTW","corrected_protected","comparison_name","comparison_IUCN","comparison_redlistTW","comparison_protected"
"fa00e918-cc98-4457-8c2e-b272672908d0","species","1f819ca0-26db-444e-b543-fc16987b2612","t0030082","Paracalanidae tenuis","Animalia","Maxillopoda","native","","","","","",NA,"species","Calocalanus tenuis","FALSE","FALSE","native","","","","Calocalanus","tenuis",NA,"","","",FALSE,TRUE,TRUE,TRUE
"8369c7c1-8781-48e4-b994-db3110b97168","infraspecies","ade8ec95-3d1c-478f-af4c-bd9abc2787e5","t0087184","Florisphaera profunda elongata","Chromista","Prymnesiophyceae","native","","","","","",NA,"species","Florisphaera elongata","FALSE","FALSE","native","","","","Florisphaera","elongata",NA,"","","",FALSE,TRUE,TRUE,TRUE
"f54e2b4a-1897-4c41-b9e2-4298cd621fe3","species","5143fdf0-0ac0-461e-a421-710fc9148013","t0042577","Phanerochaete angustocystidiata","Fungi","Agaricomycetes","native","","","","","",NA,"species","Phanerochaetella angustocystidiata","FALSE","FALSE","native","","","","Phanerochaetella","angustocystidiata",NA,"","","",FALSE,TRUE,TRUE,TRUE
"b94444c1-baf6-42e8-91b2-8772247a3cd3","species","a63d18b4-b805-4968-a11e-7a79f046444d","t0042671","Phlebiopsis himalayensis","Fungi","Agaricomycetes","native","","","","","",NA,"species","Phaeophlebiopsis himalayensis","FALSE","FALSE","native","","","","Phaeophlebiopsis","himalayensis",NA,"","","",FALSE,TRUE,TRUE,TRUE
"ba8c2698-ce35-46cd-b3f6-8d43bb01a491","species","5143fdf0-0ac0-461e-a421-710fc9148013","t0042598","Phanerochaete intertexta","Fungi","Agaricomycetes","native","","","","","",NA,"species","Efibula intertexta","FALSE","FALSE","native","","","","Efibula","intertexta",NA,"","","",FALSE,TRUE,TRUE,TRUE
"e4a970e7-c33c-45d3-b688-621cd5d99cb6","species","5143fdf0-0ac0-461e-a421-710fc9148013","t0042599","Phanerochaete leptoderma","Fungi","Agaricomycetes","native","","","","","",NA,"species","Phanerochaetella leptoderma","FALSE","FALSE","native","","","","Phanerochaetella","leptoderma",NA,"","","",FALSE,TRUE,TRUE,TRUE
"caf662c7-6d6f-4467-8b20-8f7403a51b46","species","5143fdf0-0ac0-461e-a421-710fc9148013","t0042602","Phanerochaete odontoidea","Fungi","Agaricomycetes","native","","","","","",NA,"species","Hydnophanerochaete odontoidea","FALSE","FALSE","native","","","","Hydnophanerochaete","odontoidea",NA,"","","",FALSE,TRUE,TRUE,TRUE
"109575fe-81c0-43a6-9c92-61b8925f78e3","species","5143fdf0-0ac0-461e-a421-710fc9148013","t0042605","Phanerochaete rubescens","Fungi","Agaricomycetes","native","","","","","",NA,"species","Rhizochaete borneensis","FALSE","FALSE","native","","","","Rhizochaete","borneensis",NA,"","","",FALSE,TRUE,TRUE,TRUE
"6c192ceb-2d16-4037-aad8-6afba8425b7c","species","5143fdf0-0ac0-461e-a421-710fc9148013","t0042610","Phanerochaete subglobosa","Fungi","Agaricomycetes","native","","","","","",NA,"species","Luteochaete subglobosa","FALSE","FALSE","native","","","","Luteochaete","subglobosa",NA,"","","",FALSE,TRUE,TRUE,TRUE
"c57aa4c5-4bbe-48c6-b76d-f03c49245e49","species","5143fdf0-0ac0-461e-a421-710fc9148013","t0042614","Phanerochaete tropica","Fungi","Agaricomycetes","native","","","","","",NA,"species","Efibula tropica","FALSE","FALSE","native","","","","Efibula","tropica",NA,"","","",FALSE,TRUE,TRUE,TRUE
"46e9ae1c-f3f0-4b26-8002-1ff549acd636","species","73f42bb4-8ff5-4d6e-bef8-a1b9ae84c119","t0044616","Uredo coreana","Fungi","Pucciniomycetes","native","","","","","",NA,"species","Milesina coreana","FALSE","FALSE","native","","","","Milesina","coreana",NA,"","","",FALSE,TRUE,TRUE,TRUE
"47b7072e-9074-435f-9eec-38bf54e855dd","species","73f42bb4-8ff5-4d6e-bef8-a1b9ae84c119","t0044617","Uredo cryptogrammes","Fungi","Pucciniomycetes","native","","","","","",NA,"species","Hyalopsora cryptogrammes","FALSE","FALSE","native","","","","Hyalopsora","cryptogrammes",NA,"","","",FALSE,TRUE,TRUE,TRUE
"57b78637-827d-4019-83a4-403a7b6df5e5","species","73f42bb4-8ff5-4d6e-bef8-a1b9ae84c119","t0044651","Uredo morrisonensis","Fungi","Pucciniomycetes","native","","","","","",NA,"species","Milesina morrisonensis","FALSE","FALSE","native","","","","Milesina","morrisonensis",NA,"","","",FALSE,TRUE,TRUE,TRUE
"eca3e851-a749-4a69-87f2-73c430da3692","species","73f42bb4-8ff5-4d6e-bef8-a1b9ae84c119","t0044652","Uredo niitakensis","Fungi","Pucciniomycetes","native","","","","","",NA,"species","Milesina niitakensis","FALSE","FALSE","native","","","","Milesina","niitakensis",NA,"","","",FALSE,TRUE,TRUE,TRUE
"db065f55-03c9-4258-9a41-d7da2054bfee","species","bba1a1c8-24a3-4258-b1d6-054920402843","t0033567","Entrophospora kentinensis","Fungi","Glomeromycetes","native","","","","","",NA,"species","Acaulospora kentinensis","FALSE","FALSE","native","","","","Acaulospora","kentinensis",NA,"","","",FALSE,TRUE,TRUE,TRUE
"0475d075-6dc2-4be2-8596-929941facf28","species","57be5dd9-1eea-43e9-86f9-cfd8ee5f545d","t0043044","Bahusaganda toruloides","Fungi","Ascomycota classis incertae sedis","native","","","","","",NA,"species","Polyschema toruloides","FALSE","FALSE","native","","","","Polyschema","toruloides",NA,"","","",FALSE,TRUE,TRUE,TRUE
"977c87fe-ff08-4ef1-aeda-f33e8c9207b1","species","07162fa8-253e-4db2-bd80-9299cf011b7a","t0038354","Scaphidium shrakii","Animalia","Insecta","native","true","","","","",NA,"species","Scaphidium shirakii","TRUE","FALSE","native","","","","Scaphidium","shirakii",NA,"","","",FALSE,TRUE,TRUE,TRUE
"deec8490-0777-4853-8069-1b0fd60169e3","species","02b3468b-3a50-451f-b287-edc55a06c1dd","t0044216","Sterigmatobotrys uniseptata","Fungi","Sordariomycetes","native","","","","","",NA,"species","Sterigmatobotrys uniseptatus","FALSE","FALSE","native","","","","Sterigmatobotrys","uniseptatus",NA,"","","",FALSE,TRUE,TRUE,TRUE
"a5d8d265-2ff1-4f61-8522-ee9f6bf61257","species","1f990f65-b360-43c9-ab2c-2e7ec9b1917d","t0079448","Cosell falsus","Animalia","Arachnida","native","true","","","","",NA,"species","Cosella falsus","TRUE","FALSE","native","","","","Cosella","falsus",NA,"","","",FALSE,TRUE,TRUE,TRUE
"22cd7622-2a65-4084-a72c-87ecac96315a","species","1f990f65-b360-43c9-ab2c-2e7ec9b1917d","t0079449","Cosell kadsuriae","Animalia","Arachnida","native","true","","","","",NA,"species","Cosella kadsuriae","TRUE","FALSE","native","","","","Cosella","kadsuriae",NA,"","","",FALSE,TRUE,TRUE,TRUE
"53a80b03-a512-49d3-abb3-bf6ed0625dca","species","1f990f65-b360-43c9-ab2c-2e7ec9b1917d","t0079450","Cosell parvifloriae","Animalia","Arachnida","native","true","","","","",NA,"species","Cosella parvifloriae","TRUE","FALSE","native","","","","Cosella","parvifloriae",NA,"","","",FALSE,TRUE,TRUE,TRUE
"be1e131a-0f0a-4be6-afb9-2abda8a28eba","species","75f0abd1-97b6-4543-a45b-ab224bb92c2d","t0084237","Phthacarus clemens","Animalia","Arachnida","native","","","","","",NA,"species","Phthiracarus clemens","FALSE","FALSE","native","","","","Phthiracarus","clemens",NA,"","","",FALSE,TRUE,TRUE,TRUE
"73c4e94a-7ba8-4a9a-a950-0412281ff2f2","species","2e733415-0075-49ea-b5b1-1203b3d59efd","t0027314","Lariniaria argiopiformis","Animalia","Arachnida","native","","","","","",NA,"species","Larinia argiopiformis","FALSE","FALSE","native","","","","Larinia","argiopiformis",NA,"","","",FALSE,TRUE,TRUE,TRUE
"c38f0e4c-f986-43bc-be15-047a50bd49e3","species","d20f865f-92f1-4027-b466-9c56df747dc6","t0067609","Lipocrea fusiformis","Animalia","Arachnida","native","","","","","",NA,"species","Larinia fusiformis","FALSE","FALSE","native","","","","Larinia","fusiformis",NA,"","","",FALSE,TRUE,TRUE,TRUE
"dca7f9d6-781e-4445-abd9-587df5039c75","species","2dc6bbf3-1966-4a6a-b002-acc8d5aa1c9d","t0057753","Argyrodes miniaceus","Animalia","Arachnida","native","","","","","",NA,"species","Famakytta miniaceus","FALSE","FALSE","native","","","","Famakytta","miniaceus",NA,"","","",FALSE,TRUE,TRUE,TRUE
"57dc7b42-ee6d-4b2a-994a-fdc14c17de97","species","2dc6bbf3-1966-4a6a-b002-acc8d5aa1c9d","t0072216","Argyrodes lanyuensis","Animalia","Arachnida","native","true","","","","",NA,"species","Rhinoliparus lanyuensis","FALSE","FALSE","native","","","","Rhinoliparus","lanyuensis",NA,"","","",FALSE,TRUE,TRUE,TRUE
"f8f233cf-d4c5-4e92-865a-c654f0839246","species","0306f150-66ce-4566-9001-f4572df5fee8","t0078427","Chrysso trimaculata","Animalia","Arachnida","native","","","","","",NA,"species","Physcoa trimaculata","FALSE","FALSE","native","","","","Physcoa","trimaculata",NA,"","","",FALSE,TRUE,TRUE,TRUE
"400565a3-b9cd-4036-87c4-9adfb03cf713","species","0306f150-66ce-4566-9001-f4572df5fee8","t0097706","Chrysso scintillans","Animalia","Arachnida","native","","","","","",NA,"species","Physcoa scintillans","FALSE","FALSE","native","","","","Physcoa","scintillans",NA,"","","",FALSE,TRUE,TRUE,TRUE
"83152552-f5bc-41c5-9b37-8666cfdb0607","species","0f37059a-5eba-4428-90c8-4304c5fb9c7f","t0062920","Episinus nubilus","Animalia","Arachnida","native","true","","","","",NA,"species","Asiopisinus nubilus","FALSE","FALSE","native","","","","Asiopisinus","nubilus",NA,"","","",FALSE,TRUE,TRUE,TRUE
"d42b79de-8cc3-4c58-af5d-65cc37794e4e","species","e68b6e2a-f1f3-4232-b070-edd3b052b471","t0029177","Faiditus xiphias","Animalia","Arachnida","native","true","","","","",NA,"species","Rhinocosmetus xiphias","FALSE","FALSE","native","","","","Rhinocosmetus","xiphias",NA,"","","",FALSE,TRUE,TRUE,TRUE
"55152068-adc3-42a2-b0e3-642940331873","species","33f623ba-3bff-4d90-9b63-fa2513dad90e","t0047278","Theridion xianfengense","Animalia","Arachnida","native","","","","","",NA,"species","Platnickina xianfengensis","FALSE","FALSE","native","","","","Platnickina","xianfengensis",NA,"","","",FALSE,TRUE,TRUE,TRUE
"860301c1-91be-4f36-a4a8-69d45d93a712","species","13164382-1120-440d-8e20-876e6afa07f3","t0028573","Yaginumena mutilata","Animalia","Arachnida","native","","","","","",NA,"species","Lasaeola mutilata","FALSE","FALSE","native","","","","Lasaeola","mutilata",NA,"","","",FALSE,TRUE,TRUE,TRUE
"f8d0200f-84f5-4259-af12-d1b3bb8b4e17","species","27cf2b20-cb28-4f3d-95f4-eb4e6196aa5a","t0027661","Lycosa coelestis","Animalia","Arachnida","native","","","","","",NA,"species","Erranticosa coelestis","FALSE","FALSE","native","","","","Erranticosa","coelestis",NA,"","","",FALSE,TRUE,TRUE,TRUE
"2a4ff497-e8ed-4ebc-9e10-97767cd492a6","species","bf57d40e-206c-4270-a3f4-1daeffe875b4","t0031024","Dictyna felis","Animalia","Arachnida","native","","","","","",NA,"species","Shikibutyna felis","FALSE","FALSE","native","","","","Shikibutyna","felis",NA,"","","",FALSE,TRUE,TRUE,TRUE
"4b1058e6-24fd-4193-be43-1aaa4d1379e3","species","4bb4471d-2dd1-4775-b3c9-24682d7d7913","t0048891","Xestaspis shoushanensis","Animalia","Arachnida","native","true","","","","",NA,"species","Gamasomorpha shoushanensis","FALSE","FALSE","native","","","","Gamasomorpha","shoushanensis",NA,"","","",FALSE,TRUE,TRUE,TRUE
"0ca067ea-dc5a-4a75-92cf-e588f0ba9af1","species","336d84c6-b8fc-40a7-a23d-16057d946a02","t0049026","Yaginumaella lobata","Animalia","Arachnida","native","true","","","","",NA,"species","Pancorius lobatus","FALSE","FALSE","native","","","","Pancorius","lobatus",NA,"","","",FALSE,TRUE,TRUE,TRUE
"1e2ed76c-3825-4f40-a84d-ed4e8cd9cdbc","species","7ca06c8f-84fd-435e-b8ce-d1469db9f4ef","t0029135","Eutittha insulana","Animalia","Arachnida","native","","","","","",NA,"species","Cheiracanthium insulanum","FALSE","FALSE","native","","","","Cheiracanthium","insulanum",NA,"","","",FALSE,TRUE,TRUE,TRUE
"f96edf2a-5479-4bbf-9cba-a592c3e0b324","species","7ca06c8f-84fd-435e-b8ce-d1469db9f4ef","t0029136","Eutittha mordax","Animalia","Arachnida","native","","","","","",NA,"species","Cheiracanthium mordax","FALSE","FALSE","native","","","","Cheiracanthium","mordax",NA,"","","",FALSE,TRUE,TRUE,TRUE
"66eca753-5f9a-48c7-b908-199722e9998d","species","fdcfc7d0-f2fa-41eb-8e7e-128975e6df99","t0078788","Clubiona kayashimai","Animalia","Arachnida","native","","","","","",NA,"species","Femorbiona Kayashimai","FALSE","FALSE","native","","","","Femorbiona","Kayashimai",NA,"","","",FALSE,TRUE,TRUE,TRUE
"7a142df8-609a-4d38-969a-e32a47c2477f","species","89e352d9-056d-431a-8738-3db29b745b03","t0047065","Tetragnatha gracilis","Animalia","Arachnida","native","","","","","",NA,"species","Tetragnatha earmra","FALSE","FALSE","native","","","","Tetragnatha","earmra",NA,"","","",FALSE,TRUE,TRUE,TRUE
"ae97309f-02c9-4506-924b-22d1ed31bc65","species","1cc3b16c-5a5c-4213-a214-4c5073be663b","t0029178","Falcileptoneata taiwanensis","Animalia","Arachnida","native","true","","","","",NA,"species","Falcileptoneta taiwanensis","TRUE","FALSE","native","","","","Falcileptoneta","taiwanensis",NA,"","","",FALSE,TRUE,TRUE,TRUE
"8491828c-9e4a-476d-8c38-98ae707baa96","species","613297b4-844b-4e51-a0c6-e7f713aa874c","t0068321","Macrothele taiwanensis","Animalia","Arachnida","native","true","","","","",NA,"species","Vacrothele taiwanensis","TRUE","FALSE","native","","","","Vacrothele","taiwanensis",NA,"","","",FALSE,TRUE,TRUE,TRUE
"532bcc07-5f4c-4472-92c3-5fc4353e9563","species","60f432da-39a6-4ebc-99b7-de7516ec07eb","t0080849","Mysmena taiwanica","Animalia","Arachnida","native","true","","","","",NA,"species","Chimena taiwanica","TRUE","FALSE","native","","","","Chimena","taiwanica",NA,"","","",FALSE,TRUE,TRUE,TRUE
"648d31fb-5512-4511-be43-31db6a043701","species","d458fa5e-d256-4584-8ea6-6e72eb116554","t0029396","Grandilithus taiwanica","Animalia","Arachnida","native","","","","","",NA,"species","Grandilithus taiwanicus","FALSE","FALSE","native","","","","Grandilithus","taiwanicus",NA,"","","",FALSE,TRUE,TRUE,TRUE
"7b43fd52-40fd-4ac6-8c82-56e407f7d392","species","6fca193a-19aa-4888-9cbd-5f87a634de17","t0083904","Peucetia formosensis","Animalia","Arachnida","native","true","","","","",NA,"species","Peucetia latikae","FALSE","FALSE","native","","","","Peucetia","latikae",NA,"","","",FALSE,TRUE,TRUE,TRUE
"e7cd70fd-0fd4-4f66-adef-5132723d7d90","species","9d26f14f-02da-4596-8b48-5ff0b51efaad","t0072057","Aponomma varanese","Animalia","Arachnida","native","","","","","",NA,"species","Amblyomma varanense","FALSE","FALSE","native","","","","Amblyomma","varanense",NA,"","","",FALSE,TRUE,TRUE,TRUE
"5e39228e-b431-4a97-9c14-6520d1d63312","species","d3375284-ca33-421e-931b-8dc198b33819","t0037774","Rhipicephalus haemophysaloides","Animalia","Arachnida","native","","","","","",NA,"species","Rhipicephalus haemaphysaloides","FALSE","FALSE","native","","","","Rhipicephalus","haemaphysaloides",NA,"","","",FALSE,TRUE,TRUE,TRUE
"b29987be-60b1-45e5-924d-4114c2e4589d","species","3cfad227-c223-4ae4-8a85-cb05a7a98070","t0072715","Australimoosella êmaoi","Animalia","Ostracoda","native","","","","","",NA,"species","Australimoosella emaoi","FALSE","FALSE","native","","","","Australimoosella","emaoi",NA,"","","",FALSE,TRUE,TRUE,TRUE
"e223daa5-5719-422e-8fc5-a11bdd54211e","species","8ec65a0b-233a-4970-bc4c-96e46427c141","t0082564","Otocytherella êhêha","Animalia","Ostracoda","native","","","","","",NA,"species","Otocytherella eheha","FALSE","FALSE","native","","","","Otocytherella","eheha",NA,"","","",FALSE,TRUE,TRUE,TRUE
"550f9451-f34e-4e58-9396-cf7b0f0f28cc","species","78d80cef-018b-4be5-935e-2be05c4c68ae","t0083358","Parasesarma affine","Animalia","Malacostraca","native","","","","","",NA,"species","Parasesarma continentale","FALSE","FALSE","native","","","","Parasesarma","continentale",NA,"","","",FALSE,TRUE,TRUE,TRUE
"3361925a-e3ac-405f-a5f7-4d40ded7244e","species","737a1283-1a91-4f23-a4bb-acceb81fefc5","t0079949","Cyclodius granulosus","Animalia","Malacostraca","native","","","","","",NA,"species","Phymodius granulosus","FALSE","FALSE","native","","","","Phymodius","granulosus",NA,"","","",FALSE,TRUE,TRUE,TRUE
"28de627e-7d5d-4e4c-801c-1ac0c7d891a2","species","c8bfd724-9c8e-452f-b775-9d84483b97f3","t0036651","Prionocrangon brevirostris","Animalia","Malacostraca","native","true","","","","",NA,"species","Prionocrangon formosa","TRUE","FALSE","native","","","","Prionocrangon","formosa",NA,"","","",FALSE,TRUE,TRUE,TRUE
"6ac0699b-95ea-4a7d-a5e1-f5561fc1512e","species","7ef4bd75-696a-4c8b-89be-9532439f05e6","t0070593","Agononida soelae","Animalia","Malacostraca","native","","","","","",NA,"species","Munida soelae","FALSE","FALSE","native","","","","Munida","soelae",NA,"","","",FALSE,TRUE,TRUE,TRUE
"8465958f-4002-4bfa-9288-26f7f5b8526c","species","dc239d4c-64f8-4860-bd7f-0faf15502d84","t0046463","Synalpheus stimpsoni","Animalia","Malacostraca","native","","","","","",NA,"species","Synalpheus stimpsonii","FALSE","FALSE","native","","","","Synalpheus","stimpsonii",NA,"","","",FALSE,TRUE,TRUE,TRUE
"a769ca0e-caf1-4a9a-b4a1-81606f8e8b17","species","e3858360-3ba8-4361-addc-a748c87ee1dd","t0066584","Kishinouyepenaeopsis cornuta","Animalia","Malacostraca","native","","","","","",NA,"species","Parapenaeopsis cornuta","FALSE","FALSE","native","","","","Parapenaeopsis","cornuta",NA,"","","",FALSE,TRUE,TRUE,TRUE
"87da5b92-a2f6-4958-88ec-939cae94c00f","species","3c0db4dd-986e-4c68-8ea4-87a28141613f","t0065492","Heterocarpus hayashi","Animalia","Malacostraca","native","","","","","",NA,"species","Heterocarpus hayashii","FALSE","FALSE","native","","","","Heterocarpus","hayashii",NA,"","","",FALSE,TRUE,TRUE,TRUE
"ef3ef472-da14-416c-8d9f-b4271c2b1656","species","57f04a21-8ac8-419c-8b53-bf7696a9276c","t0078013","Charybdis obtusifrons","Animalia","Malacostraca","native","","","","","",NA,"species","Goniosupradens obtusifrons","FALSE","FALSE","native","","","","Goniosupradens","obtusifrons",NA,"","","",FALSE,TRUE,TRUE,TRUE
"9862ee1a-3fd2-4e8e-a3a6-796158c15d09","species","6e0f17ea-5aae-48c8-9786-a390d1824e47","t0033342","Thalamita demani","Animalia","Malacostraca","native","","","","","",NA,"species","Trierarchus demani","FALSE","FALSE","native","","","","Trierarchus","demani",NA,"","","",FALSE,TRUE,TRUE,TRUE
"8f4873b7-a2ed-4fe3-9e3e-5addd8c93538","species","ba15c58e-2972-42bd-a6f9-8cd8074c59d2","t0061813","Discoplax rotundum","Animalia","Malacostraca","native","","","","","",NA,"species","Tuerkayana rotundum","FALSE","FALSE","native","","","","Tuerkayana","rotundum",NA,"","","",FALSE,TRUE,TRUE,TRUE
"a0d75f53-d849-49a2-81bc-efaa76b33a82","species","155f341a-db8c-436a-9556-495cc318113f","t0079075","Conchodytes meleagrinea","Animalia","Malacostraca","native","","","","","",NA,"species","Conchodytes meleagrinae","FALSE","FALSE","native","","","","Conchodytes","meleagrinae",NA,"","","",FALSE,TRUE,TRUE,TRUE
"292249f6-369b-46ce-bbe5-7e9d02d7b592","species","d26e21cc-364b-4d43-99d5-05ebcca290f1","t0082939","Panulirus peniciliatus","Animalia","Malacostraca","native","","","","","",NA,"species","Panulirus penicillatus","FALSE","FALSE","native","LC","","","Panulirus","penicillatus",NA,"LC","","",FALSE,FALSE,TRUE,TRUE
"74ad851c-784c-4019-8825-fa48baf7c1cb","species","568b6a0c-3ac6-43ce-8c2a-0cd548629974","t0037872","Rhynchocinetes hendersoni","Animalia","Malacostraca","native","","","","","",NA,"species","Cinetorhynchus hendersoni","FALSE","FALSE","native","","","","Cinetorhynchus","hendersoni",NA,"","","",FALSE,TRUE,TRUE,TRUE
"4edc369b-3993-4877-b031-c5bd04febdb9","species","8b2e70f7-03f9-443b-b083-1415b39c3e9a","t0080306","Miyakea holoschista","Animalia","Malacostraca","native","","","","","",NA,"species","Miyakella holoschista","FALSE","FALSE","native","","","","Miyakella","holoschista",NA,"","","",FALSE,TRUE,TRUE,TRUE
"c209c92e-4ebd-4d87-96c3-ea7e025fc14e","species","4d4dd13d-57ee-459d-81bd-407ba9f0928d","t0046238","Totanus taiwanicus","Animalia","Maxillopoda","native","","","","","",NA,"species","Tortanus taiwanicus","FALSE","FALSE","native","","","","Tortanus","taiwanicus",NA,"","","",FALSE,TRUE,TRUE,TRUE
"2c31343a-7332-4a38-8124-d7be6d1ed89c","species","4d4dd13d-57ee-459d-81bd-407ba9f0928d","t0047600","Totanus spinicaudatus","Animalia","Maxillopoda","native","","","","","",NA,"species","Tortanus spinicaudatus","FALSE","FALSE","native","","","","Tortanus","spinicaudatus",NA,"","","",FALSE,TRUE,TRUE,TRUE
"fb2ac646-5754-4e70-9faf-cd545fee033e","species","4d4dd13d-57ee-459d-81bd-407ba9f0928d","t0047601","Totanus vermiculus","Animalia","Maxillopoda","native","","","","","",NA,"species","Tortanus vermiculus","FALSE","FALSE","native","","","","Tortanus","vermiculus",NA,"","","",FALSE,TRUE,TRUE,TRUE
"58c33ae0-c5c9-4212-995f-758db3923dd9","species","4d4dd13d-57ee-459d-81bd-407ba9f0928d","t0047591","Totanus barbatus","Animalia","Maxillopoda","native","","","","","",NA,"species","Tortanus barbatus","FALSE","FALSE","native","","","","Tortanus","barbatus",NA,"","","",FALSE,TRUE,TRUE,TRUE
"d53c6ced-1cd2-4167-a26d-74b256ced1f8","species","4d4dd13d-57ee-459d-81bd-407ba9f0928d","t0047595","Totanus forcipatus","Animalia","Maxillopoda","native","","","","","",NA,"species","Tortanus forcipatus","FALSE","FALSE","native","","","","Tortanus","forcipatus",NA,"","","",FALSE,TRUE,TRUE,TRUE
"0fcb3c6c-fb8d-4f0c-ac42-28a00a708c68","species","4d4dd13d-57ee-459d-81bd-407ba9f0928d","t0047596","Totanus gracilis","Animalia","Maxillopoda","native","","","","","",NA,"species","Tortanus gracilis","FALSE","FALSE","native","","","","Tortanus","gracilis",NA,"","","",FALSE,TRUE,TRUE,TRUE
"d62cadfe-a265-4f83-a4a9-1c6b4aeac149","species","4d4dd13d-57ee-459d-81bd-407ba9f0928d","t0047592","Totanus denticulata","Animalia","Maxillopoda","native","","","","","",NA,"species","Tortanus denticulata","FALSE","FALSE","native","","","","Tortanus","denticulata",NA,"","","",FALSE,TRUE,TRUE,TRUE
"b34fe742-54ac-469c-8137-b6b10a5679d3","species","9e8fa204-31c2-4cab-a221-435803e79287","t0078081","Cheloniba patulla","Animalia","Maxillopoda","native","","","","","",NA,"species","Chelonibia testudinaria","FALSE","FALSE","native","","","","Chelonibia","testudinaria",NA,"","","",FALSE,TRUE,TRUE,TRUE
"9699e96c-9310-44a1-b25a-b8f320b07f4b","species","eea88ac4-bdcc-487d-b31d-6e2204933069","t0030108","Cantherhines multilineatus","Animalia","Actinopterygii","native","","","","DD","",NA,"species","Thamnaconus multilineatus","FALSE","FALSE","native","DD","","","Thamnaconus","multilineatus",NA,"DD","","",FALSE,TRUE,TRUE,TRUE
"74854117-fa8b-4a4f-a113-e89d6581c7d9","species","6005ddcc-9f3d-4132-831a-570dd1cad550","t0031390","Ostracion cubicus","Animalia","Actinopterygii","native","","","","LC","",NA,"species","Ostracion cubicum","FALSE","FALSE","native","LC","","","Ostracion","cubicum",NA,"LC","","",FALSE,TRUE,TRUE,TRUE
"5fd2b2a1-0f60-4943-bf68-c86dabe3324d","species","bddabed3-2ac9-43a9-a8f5-673e46f080f2","t0030929","Dendrochirus bellus","Animalia","Actinopterygii","native","","","","LC","",NA,"species","Neochirus bella","FALSE","FALSE","native","LC","","","Neochirus","bella",NA,"LC","","",FALSE,TRUE,TRUE,TRUE
"0b80b00e-c140-4a92-b758-7774d27fc5b2","species","bddabed3-2ac9-43a9-a8f5-673e46f080f2","t0030930","Dendrochirus biocellatus","Animalia","Actinopterygii","native","","","","LC","",NA,"species","Nemapterois biocellatus","FALSE","FALSE","native","LC","","","Nemapterois","biocellatus",NA,"LC","","",FALSE,TRUE,TRUE,TRUE
"522db6dc-7ba3-4bfd-bff8-6cd036111a7d","species","1d979a2f-6c7b-4ef1-b3d2-b55bee0b00a0","t0052074","Neomerinthe rotunda","Animalia","Actinopterygii","native","","","","LC","",NA,"species","Neomerinthe erostris","FALSE","FALSE","native","LC","","","Neomerinthe","erostris",NA,"LC","","",FALSE,TRUE,TRUE,TRUE
"f81ac2b6-0785-447d-9d2b-a6e6e8a056a4","species","70b12770-98ec-4670-8d99-ce8aa1b18a09","t0031576","Parapterois heterura","Animalia","Actinopterygii","native","","","","LC","",NA,"species","Parapterois heterurus","FALSE","FALSE","native","LC","","","Parapterois","heterurus",NA,"LC","","",FALSE,TRUE,TRUE,TRUE
"0233dc43-b5d4-48c1-b6da-4e51639f0a21","species","02128b8f-f41c-43f4-8af2-169ab8f4c8fa","t0032340","Pterois antennata","Animalia","Actinopterygii","native","","","","LC","",NA,"species","Pteropterus antennatus","FALSE","FALSE","native","LC","","","Pteropterus","antennatus",NA,"LC","","",FALSE,TRUE,TRUE,TRUE
"d4cab5bd-bf57-4cc1-b122-70430eb6def0","species","02128b8f-f41c-43f4-8af2-169ab8f4c8fa","t0056003","Pterois radiata","Animalia","Actinopterygii","native","","","","LC","",NA,"species","Pteropterus radiatus","FALSE","FALSE","native","LC","","","Pteropterus","radiatus",NA,"LC","","",FALSE,TRUE,TRUE,TRUE
"a11caee8-4ee6-4b3b-b8e4-925296309345","species","02128b8f-f41c-43f4-8af2-169ab8f4c8fa","t0056002","Pterois paucispinula","Animalia","Actinopterygii","native","","","","LC","",NA,"species","Pteropterus paucispinula","FALSE","FALSE","native","LC","","","Pteropterus","paucispinula",NA,"LC","","",FALSE,TRUE,TRUE,TRUE
"775bc755-bd87-4742-a61e-53a8abe4e81b","species","57220ea7-a047-4983-9d34-235d445dd55d","t0056209","Scorpaena izensis","Animalia","Actinopterygii","native","","","","","",NA,"species","Scorpaena neglecta","FALSE","FALSE","native","","","","Scorpaena","neglecta",NA,"","","",FALSE,TRUE,TRUE,TRUE
"b110882c-ec87-4a71-9025-6ce8cab8f54d","species","e242782b-6dcd-478d-900f-de3ca3e6b90c","t0056214","Scorpaenodes crossotus","Animalia","Actinopterygii","native","","","","","",NA,"species","Thysanichthys crossotus","FALSE","FALSE","native","","","","Thysanichthys","crossotus",NA,"","","",FALSE,TRUE,TRUE,TRUE
"fb16b09b-9653-4c28-b90a-0a4afbab6bc8","species","a803b4ff-7ca3-4f40-87d7-f98bfcf04812","t0032812","Setarches longimanus","Animalia","Actinopterygii","native","","","","","",NA,"species","Lythrichthys longimanus","FALSE","FALSE","native","","","","Lythrichthys","longimanus",NA,"","","",FALSE,TRUE,TRUE,TRUE
"ea2dabf4-4788-4314-839e-aec4c619c321","species","5643c766-fa55-417f-b4d3-19ea2ccb6b46","t0033026","Pomacentrus altus","Animalia","Actinopterygii","native","","","","","",NA,"species","Plectroglyphidodon altus","FALSE","FALSE","native","","","","Plectroglyphidodon","altus",NA,"","","",FALSE,TRUE,TRUE,TRUE
"3334e304-dbb9-4ef0-8182-03fba117a472","species","5631b315-2acb-40fe-90f3-88740359dcb3","t0049989","Bembrops filifera","Animalia","Actinopterygii","native","","","","","",NA,"species","Bembrops filifer","FALSE","FALSE","native","","","","Bembrops","filifer",NA,"","","",FALSE,TRUE,TRUE,TRUE
"32734f7f-e42a-4a66-9edf-479b7f6a70aa","species","d2c87bc5-d1cf-45f5-8032-7465ace60728","t0056816","Amoya janthinopterus","Animalia","Actinopterygii","native","","","","LC","",NA,"species","Acentrogobius janthinopterus","FALSE","FALSE","native","LC","","","Acentrogobius","janthinopterus",NA,"LC","","",FALSE,TRUE,TRUE,TRUE
"8dca2863-4cda-45c2-ac9d-20bbb757af9b","species","cb3eeb39-b3d4-43d1-8ba4-2b6f27bb5e11","t0052306","Oxyurichthys formosanus","Animalia","Actinopterygii","native","","","","","",NA,"species","Oligolepis formosanus","FALSE","FALSE","native","DD","","","Oligolepis","formosanus",NA,"DD","","",FALSE,FALSE,TRUE,TRUE
"e3837603-7004-481b-b7a0-2393e719f1be","species","a97c2a31-2054-4e56-a971-d6a3165deb56","t0032112","Priolepis cinctus","Animalia","Actinopterygii","native","","","","LC","",NA,"species","Priolepis cincta","FALSE","FALSE","native","LC","","","Priolepis","cincta",NA,"LC","","",FALSE,TRUE,TRUE,TRUE
"590172ec-9a19-4aea-a702-406e9f92742c","species","5a2c5df0-9d99-4587-8141-1e2b053f794c","t0051582","Jaydia lineatus","Animalia","Actinopterygii","native","","","","","",NA,"species","Jaydia lineata","FALSE","FALSE","native","LC","","","Jaydia","lineata",NA,"LC","","",FALSE,FALSE,TRUE,TRUE
"16e325ac-6a35-4fe1-b3b1-199fa6991ad0","species","c6cf55af-4031-4531-989a-24b02c1af1e9","t0027353","Leiognathus equulus","Animalia","Actinopterygii","native","","","","LC","",NA,"species","Leiognathus equula","FALSE","FALSE","native","LC","","","Leiognathus","equula",NA,"LC","","",FALSE,TRUE,TRUE,TRUE
"b77b7b07-7229-4a10-a0e1-c63f3b68ec1c","species","982aad3f-5cda-41fa-b3a5-1324e438ec55","t0030060","Calliurichthys izuensis","Animalia","Actinopterygii","native","","","","","",NA,"infraspecies","Callionymus persicus izuensis","FALSE","FALSE","native","","","","Callionymus","persicus","izuensis","","","",FALSE,TRUE,TRUE,TRUE
"4424d841-7a8f-4646-842e-4473be31b550","species","dcc3eab0-49d5-4abe-a8ba-8764f2673ac1","t0049952","Bathyclupea argentea","Animalia","Actinopterygii","native","","","","","",NA,"species","Neobathyclupea argentea","FALSE","FALSE","native","LC","","","Neobathyclupea","argentea",NA,"LC","","",FALSE,FALSE,TRUE,TRUE
"375f0a8b-e8c0-4c43-9db8-3f6b2e77b27c","species","b9db721d-5711-4930-bef3-03099a6ed4c7","t0050833","Epigonus denticulatus","Animalia","Actinopterygii","native","","","","LC","",NA,"species","Epigonus fragilis","FALSE","FALSE","native","","","","Epigonus","fragilis",NA,"","","",FALSE,FALSE,TRUE,TRUE
"bb9015f1-beab-489a-ace1-4d84294ef49d","species","0589a81d-b40c-4210-be6f-46d26fdb2dfb","t0056189","Scolopsis xenochroa","Animalia","Actinopterygii","native","","","","LC","",NA,"species","Scolopsis xenochrous","FALSE","FALSE","native","LC","","","Scolopsis","xenochrous",NA,"LC","","",FALSE,TRUE,TRUE,TRUE
"cb3461a3-6a9f-451b-9e03-189d80354931","species","74fbdf3f-74a2-4f6b-9cf6-ae2afbd2b38a","t0033387","Thryssa chefuensis","Animalia","Actinopterygii","native","","","","DD","",NA,"species","Thrissina chefuensis","FALSE","FALSE","native","DD","","","Thrissina","chefuensis",NA,"DD","","",FALSE,TRUE,TRUE,TRUE
"c026f5c8-76ef-495b-9372-51696f8d9b57","species","74fbdf3f-74a2-4f6b-9cf6-ae2afbd2b38a","t0033388","Thryssa dussumieri","Animalia","Actinopterygii","native","","","","LC","",NA,"species","Thrissina dussumieri","FALSE","FALSE","native","LC","","","Thrissina","dussumieri",NA,"LC","","",FALSE,TRUE,TRUE,TRUE
"3f59a1f3-60d6-4a18-9670-3d029c2938dc","species","74fbdf3f-74a2-4f6b-9cf6-ae2afbd2b38a","t0033389","Thryssa hamiltonii","Animalia","Actinopterygii","native","","","","LC","",NA,"species","Thrissina hamiltonii","FALSE","FALSE","native","LC","","","Thrissina","hamiltonii",NA,"LC","","",FALSE,TRUE,TRUE,TRUE
"a49cd266-442a-462b-8a8d-42b6d52486b6","species","74fbdf3f-74a2-4f6b-9cf6-ae2afbd2b38a","t0033391","Thryssa setirostris","Animalia","Actinopterygii","native","","","","LC","",NA,"species","Thrissina setirostris","FALSE","FALSE","native","LC","","","Thrissina","setirostris",NA,"LC","","",FALSE,TRUE,TRUE,TRUE
"f9c16e6d-4c0f-449c-91fd-2ea734148c47","species","596f085d-0294-4e67-822f-8d08ae0c4cb9","t0030661","Congriscus megastomus","Animalia","Actinopterygii","native","","","","LC","",NA,"species","Congriscus megastoma","FALSE","FALSE","native","LC","","","Congriscus","megastoma",NA,"LC","","",FALSE,TRUE,TRUE,TRUE
"4daebf1e-0533-4cce-ac91-682beaecdc20","species","7a75746f-efae-4fd7-be2d-cf54df14d9f0","t0057120","Laemonema nana","Animalia","Actinopterygii","native","","","","","",NA,"species","Guttigadus nana","FALSE","FALSE","native","","","","Guttigadus","nana",NA,"","","",FALSE,TRUE,TRUE,TRUE
"8d02cfe5-46ae-4989-b27d-c28d454d932d","species","7abb9fad-f5e4-4d8c-8712-64c38ac96a36","t0049844","Astronesthes indicus","Animalia","Actinopterygii","native","","","","LC","",NA,"species","Astronesthes indica","FALSE","FALSE","native","LC","","","Astronesthes","indica",NA,"LC","","",FALSE,TRUE,TRUE,TRUE
"57e59748-b7ca-49f0-826f-37370e3a32f0","species","443b684c-57a0-43cb-8da1-b032c93e71b1","t0028139","Myctophum asperum","Animalia","Actinopterygii","native","","","","LC","",NA,"species","Dasyscopelus asper","FALSE","FALSE","native","LC","","","Dasyscopelus","asper",NA,"LC","","",FALSE,TRUE,TRUE,TRUE
"e7a640ac-e23f-40d5-9f0e-48d50ffe39c6","species","443b684c-57a0-43cb-8da1-b032c93e71b1","t0028140","Myctophum obtusirostre","Animalia","Actinopterygii","native","","","","LC","",NA,"species","Dasyscopelus obtusirostris","FALSE","FALSE","native","LC","","","Dasyscopelus","obtusirostris",NA,"LC","","",FALSE,TRUE,TRUE,TRUE
"03cc6c3d-b432-4bcf-b1fa-9a9f852f6fcc","species","1a0de9dc-18d8-4643-b7f3-448b5b2fc8e7","t0052000","Nannobrachium nigrum","Animalia","Actinopterygii","native","","","","LC","",NA,"species","Lampanyctus niger","FALSE","FALSE","native","LC","","","Lampanyctus","niger",NA,"LC","","",FALSE,TRUE,TRUE,TRUE
"586aff73-9c95-4e22-9937-84732b793a0f","species","82b15adb-f2c7-465e-8508-84337ff29c09","t0030384","Chelon affinis","Animalia","Actinopterygii","native","","","","","",NA,"species","Planiliza affinis","FALSE","FALSE","native","","","","Planiliza","affinis",NA,"","","",FALSE,TRUE,TRUE,TRUE
"1219cfa8-35d1-4b31-b054-0d23c9caed04","species","6b376710-a5c9-4b5f-a65d-916351a42a19","t0066567","Kerilia jerdonii","Animalia","Reptilia","native","","","","","",NA,"species","Hydrophis jerdonii","FALSE","FALSE","native","LC","","","Hydrophis","jerdonii",NA,"LC","","",FALSE,FALSE,TRUE,TRUE
"465eee4f-f2eb-4dca-ace2-3d7e5be84fa3","species","04db26bc-36a3-4b2f-83f1-38efb8dfd339","t0083658","Anguis platura","Animalia","Reptilia","native","","","","","",NA,"species","Hydrophis platurus","FALSE","FALSE","native","LC","","","Hydrophis","platurus",NA,"LC","","",FALSE,FALSE,TRUE,TRUE
"b71e0364-cb43-4264-9b8e-4c1e001e2201","species","ec4551c1-44f2-45dd-9852-d4ea2af2939a","t0032102","Praescutata viperina","Animalia","Reptilia","native","","","","LC","",NA,"species","Hydrophis viperinus","FALSE","FALSE","native","LC","","","Hydrophis","viperinus",NA,"LC","","",FALSE,TRUE,TRUE,TRUE
"d4a4a2b6-f048-4c30-8c44-1988a7134784","species","da3e6885-ce60-4fa2-b718-1f126de31095","t0037535","Python reticulatus","Animalia","Reptilia","non-native","","","","","",NA,"species","Malayopython reticulatus","FALSE","FALSE","non-native","LC","","II","Malayopython","reticulatus",NA,"LC","","II",FALSE,FALSE,TRUE,FALSE
"13e6dd9f-e076-443f-9759-45c36603b087","species","dae01b2c-0e30-4f75-9483-9874e6281cc2","t0028061","Mobula birostris","Animalia","Chondrichthyes","native","","I","","EN","輕度",NA,"species","Manta birostris","FALSE","FALSE","","EN","","I","Manta","birostris",NA,"EN","","I",FALSE,TRUE,TRUE,TRUE
"0949cd09-097b-441d-ba95-4d26344a653f","species","dae01b2c-0e30-4f75-9483-9874e6281cc2","t0028060","Mobula alfredi","Animalia","Chondrichthyes","native","","I","","VU","輕度",NA,"species","Manta alfredi","FALSE","FALSE","","VU","","I","Manta","alfredi",NA,"VU","","I",FALSE,TRUE,TRUE,TRUE
"68b9e86e-d9de-4e68-aae4-b3c098edb251","species","8f9354de-e894-4f6c-af23-6d3125a593ac","t0031625","Parmaturus melanobranchus","Animalia","Chondrichthyes","native","","","","LC","",NA,"species","Dichichthys melanobranchus","FALSE","FALSE","native","LC","","","Dichichthys","melanobranchus",NA,"LC","","",FALSE,TRUE,TRUE,TRUE
"afe841ea-276b-45ea-8b57-dc56f812c3ca","species","5ba82f2b-c606-40e3-ae77-03dbdc172cb3","t0096916","Eptesicus pachyomus","Animalia","Mammalia","native","","","LC","LC","",NA,"species","Cnephaeus pachyomus","FALSE","FALSE","native","LC","LC","","Cnephaeus","pachyomus",NA,"LC","LC","",FALSE,TRUE,TRUE,TRUE
"6f4a6ba3-c2e3-4f26-b021-04b4c8e941fd","species","37cc0139-655c-465d-a961-cc5d030ebb44","t0101489","Meretrix meretrix","Animalia","Bivalvia","native","","","","","",NA,"species","Meretrix taiwanica","FALSE","FALSE","native","","","","Meretrix","taiwanica",NA,"","","",FALSE,TRUE,TRUE,TRUE
"2b372471-f5c1-46fd-8db4-1cda4ca4bca6","species","47a16b7d-8e58-4aed-8349-fee7ad1bba83","t0048593","Venus toreuma","Animalia","Bivalvia","native","","","","","",NA,"species","Globivenus toreuma","FALSE","FALSE","native","","","","Globivenus","toreuma",NA,"","","",FALSE,TRUE,TRUE,TRUE
"14cccbb5-9032-4529-814f-0d547f8f6f9c","species","19ac28c5-4eb5-4a59-9bb0-11daecd3eee5","t0078228","Chlamys squamata","Animalia","Bivalvia","native","","","","","",NA,"species","Scaeochlamys squamea","FALSE","FALSE","native","","","","Scaeochlamys","squamea",NA,"","","",FALSE,TRUE,TRUE,TRUE
"ab7d41fa-7bbc-46dd-bee2-79380077f46d","species","d4d0117a-f787-4f71-bbf1-d8463531fc25","t0061207","Delectopecten fluctuatus","Animalia","Bivalvia","native","","","","","",NA,"species","Ciclopecten fluctuatus","FALSE","FALSE","native","","","","Ciclopecten","fluctuatus",NA,"","","",FALSE,TRUE,TRUE,TRUE
"16e52ca3-62df-486e-b34a-c74cda43a10d","species","b4231a54-a7e5-4f64-9a3d-a7e0ffdcd1b0","t0066900","Laternula marilina","Animalia","Bivalvia","native","","","","","",NA,"species","Parilaternula liautaudi","FALSE","FALSE","native","","","","Parilaternula","liautaudi",NA,"","","",FALSE,TRUE,TRUE,TRUE
"db7cbf8a-a0c7-4e31-93a9-bc9cdcd69b86","species","b4231a54-a7e5-4f64-9a3d-a7e0ffdcd1b0","t0066902","Laternula truncata","Animalia","Bivalvia","native","","","","","",NA,"species","Exolaternula spengleri","FALSE","FALSE","native","","","","Exolaternula","spengleri",NA,"","","",FALSE,TRUE,TRUE,TRUE
"747e7a6c-d605-438a-beb9-1e27caf02bf9","species","b4231a54-a7e5-4f64-9a3d-a7e0ffdcd1b0","t0027333","Laternula attenuata","Animalia","Bivalvia","native","","","","","",NA,"species","Laternula creccina","FALSE","FALSE","native","","","","Laternula","creccina",NA,"","","",FALSE,TRUE,TRUE,TRUE
"513997ed-bd65-4e11-84dc-d2f49f638017","species","a7f9a09e-2e18-4a45-9dbf-ed421b279c62","t0029932","Brachidontes striatulus","Animalia","Bivalvia","native","","","","","",NA,"species","Byssogerdius striatulus","FALSE","FALSE","native","","","","Byssogerdius","striatulus",NA,"","","",FALSE,TRUE,TRUE,TRUE
"537ffe60-b5f1-4a9c-bfd8-cd77d66bc984","species","9b3be10b-f427-4849-b100-f66b4090dd9b","t0065856","Hormomya mutabilis","Animalia","Bivalvia","native","","","","","",NA,"species","Brachidontes mutabilis","FALSE","FALSE","native","","","","Brachidontes","mutabilis",NA,"","","",FALSE,TRUE,TRUE,TRUE
"9c8f05e8-c2ed-4ac3-b3a6-1dc542dc2263","species","3c5d95f4-b219-4060-8fab-7397e0e9d534","t0048881","Xenostrobus atratus","Animalia","Bivalvia","native","","","","","",NA,"species","Vignadula mangle","FALSE","FALSE","native","","","","Vignadula","mangle",NA,"","","",FALSE,TRUE,TRUE,TRUE
"f9f065dc-5bf0-418d-83d4-d26990d7ffb0","species","456d6d60-b54a-4b99-a9bb-693c00b27f69","t0036246","Pliarcularia bellula","Animalia","Gastropoda","native","","","","","",NA,"species","Nassarius bellulus","FALSE","FALSE","native","","","","Nassarius","bellulus",NA,"","","",FALSE,TRUE,TRUE,TRUE
"86d39141-57bb-4fad-b078-719578b8a969","species","e5003a70-763c-49a4-91c8-906fa83c59a1","t0069475","Mitra pellisserpentis","Animalia","Gastropoda","native","","","","","",NA,"species","Nebularia pellisserpentis","FALSE","FALSE","native","","","","Nebularia","pellisserpentis",NA,"","","",FALSE,TRUE,TRUE,TRUE
"c99d2050-3780-4ade-820c-81131df6507c","species","e5003a70-763c-49a4-91c8-906fa83c59a1","t0069478","Mitra vexillum","Animalia","Gastropoda","native","","","","","",NA,"species","Strigatella vexillum","FALSE","FALSE","native","","","","Strigatella","vexillum",NA,"","","",FALSE,TRUE,TRUE,TRUE
"be790daf-24be-4e62-9841-f832cea56f04","species","b720f459-0491-4a1b-89f8-08e290ca0959","t0038319","Scabricola yokoyamai","Animalia","Gastropoda","native","","","","","",NA,"species","Cancilla isabella","FALSE","FALSE","native","","","","Cancilla","isabella",NA,"","","",FALSE,TRUE,TRUE,TRUE
"43fa9466-6cb2-4097-b0ce-c52936b8a2cc","species","8afd17c7-4cd3-48c8-a3d7-5e6fe12a6c68","t0062129","Drupinia grossularia","Animalia","Gastropoda","native","","","","","",NA,"species","Drupina grossularia","FALSE","FALSE","native","","","","Drupina","grossularia",NA,"","","",FALSE,TRUE,TRUE,TRUE
"c6ae175a-9ac1-4ba2-ad54-15229eec7d5a","species","0e5da835-ff6b-4fa4-9479-fe891c4cfe21","t0080577","Morula anaxares","Animalia","Gastropoda","native","","","","","",NA,"species","Muricodrupa anaxares","FALSE","FALSE","native","","","","Muricodrupa","anaxares",NA,"","","",FALSE,TRUE,TRUE,TRUE
"fdd16329-c54f-4ffe-a894-ba7c367dafb9","species","c9dcd09c-d838-47b2-aa5d-9f92cf0caa4e","t0080938","Nass francolina","Animalia","Gastropoda","native","","","","","",NA,"species","Nassa francolina","FALSE","FALSE","native","","","","Nassa","francolina",NA,"","","",FALSE,TRUE,TRUE,TRUE
"246cea67-15ca-471c-8242-7f2f473024ae","species","8ee06543-0ce7-4f5e-a341-978d0172d53d","t0065372","Hemiphaedusa minutus","Animalia","Gastropoda","native","","","","","",NA,"species","Hemiphaedusa changi","FALSE","FALSE","native","","","","Hemiphaedusa","changi",NA,"","","",FALSE,TRUE,TRUE,TRUE
"2a8a7a77-1778-4e64-acf5-3a3ca726ec86","species","05844593-19aa-478f-915d-acce4ac7f837","t0096913","Epitonium pallasii","Animalia","Gastropoda","native","","","","","",NA,"species","Epitonium pallasi","FALSE","FALSE","","","","","Epitonium","pallasi",NA,"","","",FALSE,TRUE,TRUE,TRUE
"41752fb1-9278-471d-9e6e-da0f5f2b2b57","species","0dc96fd4-bb1a-4c77-b933-26678a428432","t0076320","Batillaria cumingi","Animalia","Gastropoda","native","","","","","",NA,"species","Batillaria cumingii","FALSE","FALSE","native","","","","Batillaria","cumingii",NA,"","","",FALSE,TRUE,TRUE,TRUE
"a8e5f24a-9aba-49f2-bf4f-1a1af8644287","species","aa62c5fc-53c0-4a8c-ab9d-15b3ef7e0283","t0102722","Cerithidea djadjariensis","Animalia","Gastropoda","native","","","","","",NA,"species","Pirenella pupiformis","FALSE","FALSE","native","","","","Pirenella","pupiformis",NA,"","","",FALSE,TRUE,TRUE,TRUE
"0c6e4000-cd23-41d2-b47f-e567c5d96138","species","5b688a42-7dfc-4409-b697-e42d857caf49","t0030859","Cypraea mauritiana","Animalia","Gastropoda","native","","","","","",NA,"species","Mauritia mauritiana","FALSE","FALSE","native","","","","Mauritia","mauritiana",NA,"","","",FALSE,TRUE,TRUE,TRUE
"8e379ba3-5d41-4c76-8ea6-93fe6922a66f","species","a785d99a-4d17-4878-89d5-ab51ff8f6476","t0027878","Melanoides maculata","Animalia","Gastropoda","native","","","","","",NA,"species","Stenomelania macilenta","FALSE","FALSE","native","LC","","","Stenomelania","macilenta",NA,"LC","","",FALSE,FALSE,TRUE,TRUE
"d0d851a9-67a1-448b-bd5c-8f232f9f3753","species","806d91af-81d9-4fbf-b5df-03b3e8b86da7","t0064043","Fossarus trochleris","Animalia","Gastropoda","native","","","","","",NA,"species","Fossarus trochlearis","FALSE","FALSE","native","","","","Fossarus","trochlearis",NA,"","","",FALSE,TRUE,TRUE,TRUE
"843cff6c-04d7-4bda-b029-dfba8abeb6a2","species","750bcfe3-b5df-47a8-aa4f-9f42727597ed","t0080330","Modulus tectum","Animalia","Gastropoda","native","","","","","",NA,"species","Indomodulus tectum","FALSE","FALSE","native","","","","Indomodulus","tectum",NA,"","","",FALSE,TRUE,TRUE,TRUE
"10634130-462e-45ac-97af-0950e9b51b75","species","729c040e-57dd-4543-9022-321c2b838112","t0064569","Glossodoris atromarginata","Animalia","Gastropoda","native","","","","","",NA,"species","Doriprismatica atromarginata","FALSE","FALSE","native","","","","Doriprismatica","atromarginata",NA,"","","",FALSE,TRUE,TRUE,TRUE
"5d84e000-5f1d-42ed-84bc-356b9b165d29","species","47bdcdd1-0d67-432f-a9ec-11828b1a4516","t0084026","Phidiana indica","Animalia","Gastropoda","native","","","","","",NA,"species","Caloria indica","FALSE","FALSE","native","","","","Caloria","indica",NA,"","","",FALSE,TRUE,TRUE,TRUE
"071e2b93-feb0-4d32-a311-1c74ef1d27e5","species","2627b231-3278-4ae7-a532-0da8ebff7c80","t0081812","Notoacmea boninensis","Animalia","Gastropoda","native","","","","","",NA,"infraspecies","Notoacmea schrenckii boninensis","FALSE","FALSE","native","","","","Notoacmea","schrenckii","boninensis","","","",FALSE,TRUE,TRUE,TRUE
"1ee65a71-943b-49e3-a31c-7c8e20de4365","species","3689cba9-666d-4fd9-9fe9-c3db1f2b497c","t0063359","Eulima peasei","Animalia","Gastropoda","native","","","","","",NA,"species","Hemiliostraca peasei","FALSE","FALSE","native","","","","Hemiliostraca","peasei",NA,"","","",FALSE,TRUE,TRUE,TRUE
"8e92e329-637d-4b0c-b1e3-9122d7ab9463","species","cf935371-a6e2-4874-b632-140dd1a0d96e","t0065608","Hippeutis umbilicalis","Animalia","Gastropoda","native","","","","","",NA,"species","Hippeutis (Helicorbis) umbilicalis","FALSE","FALSE","native","","","","Hippeutis","(Helicorbis)","umbilicalis","","","",FALSE,TRUE,TRUE,TRUE
"5323e024-890a-4df4-9a4f-2605c8e33d41","species","cf935371-a6e2-4874-b632-140dd1a0d96e","t0065607","Hippeutis carntori","Animalia","Gastropoda","native","","","","","",NA,"species","Helicorbis cantori","FALSE","FALSE","native","LC","","","Helicorbis","cantori",NA,"LC","","",FALSE,FALSE,TRUE,TRUE
"9238a8f7-483e-44de-a9c5-d1102b9164b0","species","9f6903db-461a-4f45-ad5e-23ff84ab01ec","t0077639","Caulastrea curvata","Animalia","Hexacorallia","native","","","","","",NA,"species","Caulastraea curvata","FALSE","FALSE","native","","","","Caulastraea","curvata",NA,"","","",FALSE,TRUE,TRUE,TRUE
"571f27c1-0f90-4a3d-a93f-61a1b884d52b","species","4dce41e2-4922-4c82-8fd6-7615f3a82b5d","t0072097","Aquilonastra burtoni","Animalia","Asteroidea","native","","","","","",NA,"species","Asterina burtoni","FALSE","FALSE","native","","","","Asterina","burtoni",NA,"","","",FALSE,TRUE,TRUE,TRUE
"5c8a0417-a861-4b7f-8484-0eefc33b6538","species","c09c407b-3ff6-4d91-a4ae-084277d00ea1","t0078997","Colobocentrotus mertensi","Animalia","Echinoidea","native","","","","","",NA,"species","Colobocentrotus mertensii","FALSE","FALSE","native","","","","Colobocentrotus","mertensii",NA,"","","",FALSE,TRUE,TRUE,TRUE
"3a8f0183-4d10-440d-97d8-f79e9a75e67f","species","b7e7e69d-16f6-4f8a-bcb5-40b971bd9864","t0031320","Ophiocoma pica","Animalia","Ophiuroidea","native","","","","","",NA,"species","Breviturma pica","FALSE","FALSE","native","","","","Breviturma","pica",NA,"","","",FALSE,TRUE,TRUE,TRUE
"629b5622-c771-42b5-9ee2-b8b1484366f3","species","b7e7e69d-16f6-4f8a-bcb5-40b971bd9864","t0082310","Ophiocoma brevipes","Animalia","Ophiuroidea","native","","","","","",NA,"species","Breviturma brevipes","FALSE","FALSE","native","","","","Breviturma","brevipes",NA,"","","",FALSE,TRUE,TRUE,TRUE
"b962a499-9d45-462d-95b4-2b7d9c234170","species","65069555-b7b9-4eea-a1ca-0f74991675d3","t0076713","Brachylaima tokudae","Animalia","Trematoda","native","","","","","",NA,"species","Brachylaima tokudai","FALSE","FALSE","native","","","","Brachylaima","tokudai",NA,"","","",FALSE,TRUE,TRUE,TRUE
"c4beb152-6332-44c0-bef5-b23592ca29e3","species","5f919922-76d6-4ae5-85b3-8615ef840227","t0067334","Leucochloridium taiwanensis","Animalia","Trematoda","native","","","","","",NA,"species","Leucochloridium taiwanense","FALSE","FALSE","native","","","","Leucochloridium","taiwanense",NA,"","","",FALSE,TRUE,TRUE,TRUE
"fbb8d820-e1bd-4f94-9590-cfcac6c8205e","species","81846da1-ff51-42cf-9890-c769df487cd5","t0037609","Raillietina cebelensis","Animalia","Cestoda","native","","","","","",NA,"species","Raillietina celebensis","FALSE","FALSE","native","","","","Raillietina","celebensis",NA,"","","",FALSE,TRUE,TRUE,TRUE
"ad1289fd-65e1-476b-97a9-566eda19e268","species","10576c92-38ca-4241-abce-2f79ef7aacdc","t0046765","Taneia taeniaeformis","Animalia","Cestoda","native","","","","","",NA,"species","Taenia taeniaeformis","FALSE","FALSE","native","","","","Taenia","taeniaeformis",NA,"","","",FALSE,TRUE,TRUE,TRUE
"ebe594d3-14bc-4528-a538-c8f2c9ad5be7","species","391b4e98-956f-427a-ad37-32c5e92ae2a2","t0065957","Hydroides dirampha","Animalia","Polychaeta","native","","","","","",NA,"species","Hydroides diramphus","FALSE","FALSE","native","","","","Hydroides","diramphus",NA,"","","",FALSE,TRUE,TRUE,TRUE
"b00fcac4-c6f5-4439-9a31-97730c24da06","species","7e9d0c25-d61f-4902-b0f6-5be4247a68b8","t0048152","Trypanosyllis taeniaformis","Animalia","Polychaeta","native","","","","","",NA,"species","Trypanosyllis taeniaeformis","FALSE","FALSE","native","","","","Trypanosyllis","taeniaeformis",NA,"","","",FALSE,TRUE,TRUE,TRUE
"7b40eb7c-1780-435d-bccc-a38079dbed31","species","6517e621-ed85-4e63-98b2-e371358e4bc0","t0036479","Pompholys sulcata","Animalia","Monogononta","native","","","","","",NA,"species","Pompholyx sulcata","FALSE","FALSE","native","","","","Pompholyx","sulcata",NA,"","","",FALSE,TRUE,TRUE,TRUE
"2034d458-0dc0-4347-ab60-68ebe1cf9503","infraspecies","baf0de17-634c-4fb1-923c-0c9584586670","t0027927","Metadentobunus formosae garampiensis","Animalia","Arachnida","native","","","","","",NA,"species","Metadentobunus garampiensis","TRUE","FALSE","native","","","","Metadentobunus","garampiensis",NA,"","","",FALSE,TRUE,TRUE,TRUE
"0972fa7d-e0d8-4dbb-b0ec-34d296000059","infraspecies","50cdf9b2-217c-44e3-94a0-755d0810ffc3","t0105687","Passer cinnamomeus rutilans","Animalia","Aves","native","","I","EN","","輕度",NA,"species","Passer rutilans","FALSE","FALSE","native","","","I","Passer","rutilans",NA,"LC","EN","I",FALSE,FALSE,TRUE,TRUE
"c02dc244-6ec4-40bf-bc35-5493d7390081","infraspecies","adaafb8e-5c5d-445a-a8e6-261cb901a627","t0099066","Tamiops maritimus formosanus","Animalia","Mammalia","native","true","","LC","","",NA,"species","Tamiops maritimus","FALSE","FALSE","native","LC","LC","","Tamiops","maritimus",NA,"LC","LC","",FALSE,FALSE,TRUE,TRUE
"97004abd-9e65-4274-b392-c7d9f1d9fb9b","infraspecies","15f37547-68fe-4bf6-8204-1055270ba1ae","t0086271","Spondylus squamosus cruentus","Animalia","Bivalvia","native","","","","","",NA,"infraspecies","Spondylus barbatus cruentus","FALSE","FALSE","native","","","","Spondylus","barbatus","cruentus","","","",FALSE,TRUE,TRUE,TRUE
"dd2a2537-194c-4e41-b065-4d6abc638c16","infraspecies","f13393a0-315f-4e36-b9f6-9bd3009b5fa9","t0085486","Conus musicus ceylonensis","Animalia","Gastropoda","native","","","","","",NA,"infraspecies","Conus musicus ceylanensis","FALSE","FALSE","native","","","","Conus","musicus","ceylanensis","LC","","",FALSE,FALSE,TRUE,TRUE
"84397ffe-32aa-4e08-87d3-12b5fd85f38c","infraspecies","8217ff28-809c-4de8-848e-23095b66c46d","t0085374","Camaena succincta amblytropis","Animalia","Gastropoda","native","","","","","",NA,"infraspecies","Satsuma succincta amblytropis","TRUE","FALSE","native","","","","Satsuma","succincta","amblytropis","","","",FALSE,TRUE,TRUE,TRUE
"4820ffd5-e8c2-4137-b72e-63961bf757c8","infraspecies","52a618fb-6fa2-4e85-a9ba-22640c0c651a","t0085641","Epitonium pallasi pallasii","Animalia","Gastropoda","native","","","","","",NA,"infraspecies","Epitonium pallasii pallasii","FALSE","FALSE","native","","","","Epitonium","pallasii","pallasii","","","",FALSE,TRUE,TRUE,TRUE
"f3638514-0258-4bed-80cf-325c4d2f2cd5","infraspecies","a6d1e31f-4232-4778-a469-ac853cacc6cb","t0102854","Cerithidea cingulata microptera","Animalia","Gastropoda","native","","","","","",NA,"species","Pirenella microptera","FALSE","FALSE","native","","","","Pirenella","microptera",NA,"","","",FALSE,TRUE,TRUE,TRUE
"ef3557ae-4785-4507-904a-f00cba333831","infraspecies","a6d1e31f-4232-4778-a469-ac853cacc6cb","t0102860","Cerithidea cingulata cingulata","Animalia","Gastropoda","native","","","","","",NA,"species","Pirenella cingulata","FALSE","FALSE","native","","","","Pirenella","cingulata",NA,"","","",FALSE,TRUE,TRUE,TRUE
"f2b08997-01c7-40b7-a4a4-7a626c9b86e4","infraspecies","224b8f2b-3d37-4782-b181-1243c2b9b16a","t0085706","Ginebis argenteonitens argenteonitens tosana","Animalia","Gastropoda","native","","","","","",NA,"infraspecies","Ginebis convexiuscula tosana","FALSE","FALSE","native","","","","Ginebis","convexiuscula","tosana",NA,NA,NA,FALSE,TRUE,TRUE,TRUE
"2e7acb57-0aa3-4a8d-8ad8-0e39fd90b5ff","infraspecies","40c59304-db37-4090-af28-0ae4b0fc808c","t0085271","Aphanoconia hungerfordianum hainanensis","Animalia","Gastropoda","native","","","","","",NA,"infraspecies","Aphanoconia hungerfordiana hainanensis","FALSE","FALSE","native","","","","Aphanoconia","hungerfordiana","hainanensis","","","",FALSE,TRUE,TRUE,TRUE
"1831e137-2822-418c-9c1e-c47225a571e3","species","32c04962-8208-441a-9b12-7e969203e86a","t0079289","Coptodera taiwana","Animalia","Insecta","native","","","","","",NA,"infraspecies","Coptodera flexuosa taiwana","FALSE","FALSE","native","","","","Coptodera","flexuosa","taiwana","","","",FALSE,TRUE,TRUE,TRUE
"c0659b0a-f54a-466f-a688-a9548bb3152a","species","abdfc271-5dcd-40f1-8105-4624339e32af","t0046163","Agoniella sonani","Animalia","Insecta","native","true","","","","",NA,"species","Agonia sonani","TRUE","FALSE","native","","","","Agonia","sonani",NA,"","","",FALSE,TRUE,TRUE,TRUE
"7452fcb1-904a-47df-96f2-21e34621e61b","species","e02d818e-3d0f-4550-bf75-c3d5b90de368","t0072208","Argopistes coccinelliformis","Animalia","Insecta","native","","","","","",NA,"species","Argopistes rufus","FALSE","FALSE","native","","","","Argopistes","rufus",NA,"","","",FALSE,TRUE,TRUE,TRUE
"0b33ce1b-c01a-4c83-8c86-fe8461129d19","species","f987626d-74ba-4e3f-8f8f-66f690da8b7a","t0078989","Colobaspis elegans","Animalia","Insecta","native","true","","","","",NA,"species","Temnaspis elegans","TRUE","FALSE","native","","","","Temnaspis","elegans",NA,"","","",FALSE,TRUE,TRUE,TRUE
"cf514d91-4390-476f-aaf4-9eb62ccff476","species","f987626d-74ba-4e3f-8f8f-66f690da8b7a","t0078990","Colobaspis formosana","Animalia","Insecta","native","true","","","","",NA,"species","Temnaspis formosana","TRUE","FALSE","native","","","","Temnaspis","formosana",NA,"","","",FALSE,TRUE,TRUE,TRUE
"5e1ce47c-d55f-4e7a-b207-33db9ba415e3","species","f987626d-74ba-4e3f-8f8f-66f690da8b7a","t0078991","Colobaspis fraxini","Animalia","Insecta","native","true","","","","",NA,"species","Temnaspis fraxini","TRUE","FALSE","native","","","","Temnaspis","fraxini",NA,"","","",FALSE,TRUE,TRUE,TRUE
"fa7ff7ba-a7de-4cb7-8394-4b3bb855e66b","species","f987626d-74ba-4e3f-8f8f-66f690da8b7a","t0078992","Colobaspis rubi","Animalia","Insecta","native","true","","","","",NA,"species","Temnaspis sauteri","TRUE","FALSE","native","","","","Temnaspis","sauteri",NA,"","","",FALSE,TRUE,TRUE,TRUE
"286f6590-8a48-4bf6-a900-73834ce772f7","species","f987626d-74ba-4e3f-8f8f-66f690da8b7a","t0078994","Colobaspis shirakii","Animalia","Insecta","native","true","","","","",NA,"species","Temnaspis shirakii","TRUE","FALSE","native","","","","Temnaspis","shirakii",NA,"","","",FALSE,TRUE,TRUE,TRUE
"2c4bb590-be26-4216-b1de-e0d1b6e7e8e6","species","08e2e108-e5b4-4c54-bfd4-ebf0c0a6f020","t0065094","Halticorcus smetanai","Animalia","Insecta","native","true","","","","",NA,"species","Schenklingia smetanai","TRUE","FALSE","native","","","","Schenklingia","smetanai",NA,"","","",FALSE,TRUE,TRUE,TRUE
"3f322a06-6402-4947-b1a6-85967ca3289f","species","72883144-e935-4377-a440-e044779e5a7e","t0078167","Chirozetes formosanus","Animalia","Insecta","native","","","","","",NA,"species","Mesochirozetes formosanus","TRUE","FALSE","native","","","","Mesochirozetes","formosanus",NA,"","","",FALSE,TRUE,TRUE,TRUE
"e80714a7-70aa-4df5-b113-554776b130a5","species","f50221e0-16a0-4722-871f-1fdf08e9ee40","t0061146","Darumazo distinctus","Animalia","Insecta","native","","","","","",NA,"species","Aphanerostethus taiwanus","TRUE","FALSE","native","","","","Aphanerostethus","taiwanus",NA,"","","",FALSE,TRUE,TRUE,TRUE
"f29c9bed-110b-4845-8ed3-5a05559b67f4","species","d2f3f0e6-12c5-4238-8abe-6716735909e5","t0070417","Aeolesthes oenochrous","Animalia","Insecta","native","true","III","","","輕度",NA,"species","Hemadius oenochrous","FALSE","FALSE","native","","","III","Hemadius","oenochrous",NA,"","","III",FALSE,TRUE,TRUE,TRUE
"8b5cf27c-7841-455a-ba86-855c3debcbf3","species","d47e1bcf-757d-400e-93da-584e31784f32","t0069195","Metopoplectus taiwanensis","Animalia","Insecta","native","true","","","","",NA,"species","Cleptometopus taiwanensis","TRUE","FALSE","native","","","","Cleptometopus","taiwanensis",NA,"","","",FALSE,TRUE,TRUE,TRUE
"d151db81-22a9-45e9-8733-963c25a5cb42","species","61757c9b-eaef-4ce8-84cb-f7f8a99552b6","t0037037","Pseudokamikiria gressitti","Animalia","Insecta","native","true","","","","",NA,"species","Notomulciber gressitti","TRUE","FALSE","native","","","","Notomulciber","gressitti",NA,"","","",FALSE,TRUE,TRUE,TRUE
"97c8c284-79b4-4793-b4ae-d51d3cc7ea8c","species","","t0037319","Pterolophia (Pterolophia) variantennalis","Animalia","Insecta","native","true","","","","",NA,"species","Pterolophia variantennalis","TRUE","FALSE","native","","","","Pterolophia","variantennalis",NA,"","","",FALSE,TRUE,TRUE,TRUE
"5a8ed772-e6c5-4a81-83c3-11fc256ea94e","species","cf8d7276-fce9-40b4-95a8-738e098261f8","t0037316","Pterolophia riantennalis","Animalia","Insecta","native","true","","","","",NA,"species","Pterolophia variantennalis","TRUE","FALSE","native","","","","Pterolophia","variantennalis",NA,"","","",FALSE,TRUE,TRUE,TRUE
"75f2b84f-4094-4ca9-a71f-cbc4bc77676a","species","24a17677-22d3-4dec-a08a-bf561c9075a9","t0037988","Rondibilis femorata","Animalia","Insecta","native","","","","","",NA,"species","Rondibilis femoratus","FALSE","FALSE","native","","","","Rondibilis","femoratus",NA,"","","",FALSE,TRUE,TRUE,TRUE
"faf77adf-0add-44ae-9dc2-8c6d6bc1437b","species","981a465c-16ad-455d-a342-9334084373b6","t0033086","Strangaliella lateristriata","Animalia","Insecta","native","true","","","","",NA,"species","Parastrangalis lateristriata","TRUE","FALSE","native","","","","Parastrangalis","lateristriata",NA,"","","",FALSE,TRUE,TRUE,TRUE
"1e20c24c-355c-46e4-989c-a12bb1c16981","species","981a465c-16ad-455d-a342-9334084373b6","t0039950","Strangaliella puliensis","Animalia","Insecta","native","true","","","","",NA,"species","Parastrangalis puliensis","TRUE","FALSE","native","","","","Parastrangalis","puliensis",NA,"","","",FALSE,TRUE,TRUE,TRUE
"61e7d21d-a56d-4b49-b17e-f13c3f5094c0","species","fb3e42a8-8248-48bc-b6d9-93f84d6b8b69","t0039951","Strangalomorpha mitonoi","Animalia","Insecta","native","true","","","","",NA,"species","Parastrangalis mitonoi","TRUE","FALSE","native","","","","Parastrangalis","mitonoi",NA,"","","",FALSE,TRUE,TRUE,TRUE
"b0a62517-517c-469d-a30c-d44f7d699eb1","species","7999400b-5024-47da-9b7c-afe0fc50db8d","t0065727","Homalota granigera","Animalia","Insecta","native","","","","","",NA,"species","Coenonica granigera","FALSE","FALSE","native","","","","Coenonica","granigera",NA,"","","",FALSE,TRUE,TRUE,TRUE
"df0b496d-0a29-4e9a-bb91-44422de32b90","species","67c9ddcb-bf02-4776-9f0b-b74b6c8f6b83","t0029623","Henosepilachna subfasciata","Animalia","Insecta","native","","","","","",NA,"species","Epilachna subfasciata","FALSE","FALSE","native","","","","Epilachna","subfasciata",NA,"","","",FALSE,TRUE,TRUE,TRUE
"b784d827-6af8-4db1-b337-a2ddf6945358","species","4a1eb1a7-078f-4afd-bbd8-fe9fc5ca342c","t0067033","Lemnia biplagiata","Animalia","Insecta","native","","","","","",NA,"species","Coelophora biplagiata","FALSE","FALSE","native","","","","Coelophora","biplagiata",NA,"","","",FALSE,TRUE,TRUE,TRUE
"9dce97b4-3e4a-4286-a943-dc7b0afef080","species","4a1eb1a7-078f-4afd-bbd8-fe9fc5ca342c","t0067036","Lemnia saucia","Animalia","Insecta","native","","","","","",NA,"species","Coelophora saucia","FALSE","FALSE","native","","","","Coelophora","saucia",NA,"","","",FALSE,TRUE,TRUE,TRUE
"71f01a4e-cf85-4ab4-8658-bd7ff204c6bd","species","4a1eb1a7-078f-4afd-bbd8-fe9fc5ca342c","t0067035","Lemnia duvauceli","Animalia","Insecta","native","","","","","",NA,"species","Coelophora duvaucelii","FALSE","FALSE","native","","","","Coelophora","duvaucelii",NA,"","","",FALSE,TRUE,TRUE,TRUE
"1c9a32e2-e787-486e-a86a-ef3e5f643755","species","4a1eb1a7-078f-4afd-bbd8-fe9fc5ca342c","t0067034","Lemnia circumvelata","Animalia","Insecta","native","","","","","",NA,"species","Coelophora circumvelata","FALSE","FALSE","native","","","","Coelophora","circumvelata",NA,"","","",FALSE,TRUE,TRUE,TRUE
"fb9c012a-a208-417c-82fa-b88f10c3e675","species","342e1d29-42c3-42f8-aac0-a3d3f02795d6","t0068259","Macrolleis hauseri","Animalia","Insecta","native","","","","","",NA,"species","Macroailleis hauser","FALSE","FALSE","native","","","","Macroailleis","hauser",NA,"","","",FALSE,TRUE,TRUE,TRUE
"5e9e2f9c-fe04-4e79-beda-67ecae7d0ad8","species","cfabccaf-164c-4943-94c9-42ec48f99635","t0071958","Aphodius reichei","Animalia","Insecta","native","","","","","",NA,"species","Gilletianus reichei","FALSE","FALSE","native","","","","Gilletianus","reichei",NA,"","","",FALSE,TRUE,TRUE,TRUE
"a254a7b4-9e79-4ff9-8a26-fab71b66cfd4","species","b39657ea-af4b-4ec6-a7fe-1991ea5aa65d","t0061573","Dicronocephalus bourgoini","Animalia","Insecta","native","true","","","","",NA,"infraspecies","Dicronocephalus wallichii bourgoini","TRUE","FALSE","native","","","","Dicronocephalus","wallichii","bourgoini","","","",FALSE,TRUE,TRUE,TRUE
"fffc00b2-1c95-4625-8e9d-271f7bc48b1b","species","c89dd6c0-77f6-4294-bb1f-39aafa37d308","t0099021","Synapsis davidi","Animalia","Insecta","native","","","","","",NA,"species","Synapsis davidis","FALSE","FALSE","native","","","","Synapsis","davidis",NA,"","","",FALSE,TRUE,TRUE,TRUE
"34bc3db2-9516-428d-bb99-1c36271699b5","species","c598abd1-b4ce-4db5-9247-fb771118cf27","t0102410","Cyclommatus scutellaris","Animalia","Insecta","native","true","","","","",NA,"species","Cyclommatinus scutellaris","TRUE","FALSE","native","","","","Cyclommatinus","scutellaris",NA,"","","",FALSE,TRUE,TRUE,TRUE
"b91366e8-8d5f-482e-b5fc-b178cc7a48b1","species","c598abd1-b4ce-4db5-9247-fb771118cf27","t0105413","Cyclommatus asahinai","Animalia","Insecta","native","true","","","","",NA,"infraspecies","Cyclommatinus asahinai asahinai","TRUE","FALSE","native","","","","Cyclommatinus","asahinai","asahinai","","","",FALSE,TRUE,TRUE,TRUE
"6ee5b743-8fff-4634-b59f-93e485e0eec7","species","3dd5c0a9-1ec2-40b9-8004-51759f92bc04","t0061970","Dorcus taiwanicus","Animalia","Insecta","native","true","","","","",NA,"species","Velutinodorcus taiwanicus","TRUE","FALSE","native","","","","Velutinodorcus","taiwanicus",NA,"","","",FALSE,TRUE,TRUE,TRUE
"4d55b92e-747b-4c09-a601-781eedebc79d","species","3dd5c0a9-1ec2-40b9-8004-51759f92bc04","t0028711","Dorcus kyanrauensis","Animalia","Insecta","native","true","","","","",NA,"species","Serrognathus kyanrauensis","TRUE","FALSE","native","","","","Serrognathus","kyanrauensis",NA,"","","",FALSE,TRUE,TRUE,TRUE
"7ef0b59f-e630-419e-9636-1e4c19433a09","species","3dd5c0a9-1ec2-40b9-8004-51759f92bc04","t0028712","Dorcus mochizukii","Animalia","Insecta","native","true","","","","",NA,"infraspecies","Falcicornis pieli mochizukii","TRUE","FALSE","native","","","","Falcicornis","pieli","mochizukii","","","",FALSE,TRUE,TRUE,TRUE
"37e20424-7254-48ad-8d89-cb7c91e27eee","species","3dd5c0a9-1ec2-40b9-8004-51759f92bc04","t0061969","Dorcus parvulus","Animalia","Insecta","native","","","","","",NA,"species","Metallactulus parvulus","FALSE","FALSE","native","","","","Metallactulus","parvulus",NA,"","","",FALSE,TRUE,TRUE,TRUE
"8f1de207-2ccb-4db1-81d6-236ee8486ab2","species","3dd5c0a9-1ec2-40b9-8004-51759f92bc04","t0102459","Dorcus titanus","Animalia","Insecta","native","","","","","",NA,"species","Serrognathus titanus","FALSE","FALSE","","","","","Serrognathus","titanus",NA,"","","",FALSE,TRUE,TRUE,TRUE
"4856b50e-6410-49e1-8478-7070c3ae4301","species","b665b809-df6e-42ae-8b01-37622f7f2d4e","t0068015","Lucanus kurosawai","Animalia","Insecta","native","true","","","","",NA,"species","Lucanus chuyunshanus","TRUE","FALSE","native","","","","Lucanus","chuyunshanus",NA,"","","",FALSE,TRUE,TRUE,TRUE
"c143d773-9d86-4bdd-8cec-d14cbaf22e2d","species","44d9f114-9f77-4072-b564-22242a6a6649","t0096537","Neolucanus maxinus","Animalia","Insecta","native","","","","","",NA,"species","Neolucanus maximus","FALSE","FALSE","native","","","","Neolucanus","maximus",NA,"","","",FALSE,TRUE,TRUE,TRUE
"a2b4eb87-ea90-47f9-81e5-21f0dffd5dc7","species","2c25d208-5ec2-4185-9424-d334e38041fd","t0105414","Prosopocoilus formosanus","Animalia","Insecta","native","","","","","",NA,"infraspecies","Miwanus formosanus formosanus","TRUE","FALSE","native","","","","Miwanus","formosanus","formosanus","","","",FALSE,TRUE,TRUE,TRUE
"76750196-649a-400f-af58-8e55798ccfe3","species","3176216b-d264-427a-94ce-03a4ca1c9446","t0068257","Macrohyliota cryptolucidus","Animalia","Insecta","native","true","","","","",NA,"species","Megahyliota cryptolucidus","TRUE","FALSE","native","","","","Megahyliota","cryptolucidus",NA,"","","",FALSE,TRUE,TRUE,TRUE
"a7729fab-d668-423f-915a-13608092402e","species","d5a83005-3ebf-4ef6-8dbc-629473a90d0b","t0038948","Silvanophus longicollis","Animalia","Insecta","native","","","","","",NA,"species","Silvanoprus longicollis","FALSE","FALSE","native","","","","Silvanoprus","longicollis",NA,"","","",FALSE,TRUE,TRUE,TRUE
"f901e8d8-60c3-4623-8858-8ef6a4105e33","species","d5a83005-3ebf-4ef6-8dbc-629473a90d0b","t0038949","Silvanophus scuticollis","Animalia","Insecta","native","","","","","",NA,"species","Silvanoprus scuticollis","FALSE","FALSE","native","","","","Silvanoprus","scuticollis",NA,"","","",FALSE,TRUE,TRUE,TRUE
"98c5bd34-9d6f-4204-9372-baa69cd69e35","species","50ffaaed-3a4a-45b9-9bf2-153f3f15528f","t0038958","Silvanus reticollis","Animalia","Insecta","native","","","","","",NA,"species","Silvanus recticollis","FALSE","FALSE","native","","","","Silvanus","recticollis",NA,"","","",FALSE,TRUE,TRUE,TRUE
"3f965095-2ee0-49dd-81f4-cb608fbf97eb","species","e6100036-3f9c-48b1-8f96-b2d93b655c65","t0083199","Paralichas bicolorpes","Animalia","Insecta","native","true","","","","",NA,"species","Paralichas bicoloripes","TRUE","FALSE","native","","","","Paralichas","bicoloripes",NA,"","","",FALSE,TRUE,TRUE,TRUE
"a1bd50e0-3455-4f17-bbbe-a17538a6f2ff","species","f31453f2-2148-4198-8cb0-338fdc69dfeb","t0047908","Trigonodera tokejii","Animalia","Insecta","native","","","","","",NA,"species","Pelecotoides tokejii","FALSE","FALSE","native","","","","Pelecotoides","tokejii",NA,"","","",FALSE,TRUE,TRUE,TRUE
"338da9f7-7478-479d-bac2-e24a4efaffd1","species","c7193fab-bf5f-4fba-8292-813bfab1afad","t0048121","Trox formosanus","Animalia","Insecta","native","","","","","",NA,"species","Glyptotrox formosanus","FALSE","FALSE","native","","","","Glyptotrox","formosanus",NA,"","","",FALSE,TRUE,TRUE,TRUE
"979317bf-c2fd-4cf3-b97c-418e76228749","species","c7193fab-bf5f-4fba-8292-813bfab1afad","t0048122","Trox taiwanus","Animalia","Insecta","native","true","","","","",NA,"species","Glyptotrox taiwanus","TRUE","FALSE","native","","","","Glyptotrox","taiwanus",NA,"","","",FALSE,TRUE,TRUE,TRUE
"ed4ab023-c30d-4d4a-9f62-c2ae49d3dba0","species","c7193fab-bf5f-4fba-8292-813bfab1afad","t0048123","Trox tibialis","Animalia","Insecta","native","true","","","","",NA,"species","Glyptotrox tibialis","TRUE","FALSE","native","","","","Glyptotrox","tibialis",NA,"","","",FALSE,TRUE,TRUE,TRUE
"7cc72108-0dcf-49f3-8a97-23bca7d85ad9","species","c7193fab-bf5f-4fba-8292-813bfab1afad","t0048124","Trox yangi","Animalia","Insecta","native","true","","","","",NA,"species","Glyptotrox yangi","TRUE","FALSE","native","","","","Glyptotrox","yangi",NA,"","","",FALSE,TRUE,TRUE,TRUE
"01044a3e-1e17-4659-a198-1df4935ca379","species","080d79c5-f1c9-4b60-9b71-13d0a56da73f","t0029680","Hilarographa mesostigmatias","Animalia","Insecta","native","","","","","",NA,"species","Thaumatographa mesostigmatias","FALSE","FALSE","native","","","","Thaumatographa","mesostigmatias",NA,"","","",FALSE,TRUE,TRUE,TRUE
"1541e746-602f-45d5-a2fa-0fbf84a1c1ae","species","d8295516-3ec6-42e0-8d49-b71fd7b64643","t0050759","Eilema tricolor","Animalia","Insecta","native","","","","","",NA,"species","Teulisna tricolor","TRUE","FALSE","native","","","","Teulisna","tricolor",NA,"","","",FALSE,TRUE,TRUE,TRUE
"3cf4abe9-6fd8-408e-ac18-297993f39e4d","species","a3c569a0-2a7a-4384-8473-20aa132a290a","t0051014","Euproctis croceola","Animalia","Insecta","native","","","","","",NA,"species","Toxoproctis croceola","FALSE","FALSE","native","","","","Toxoproctis","croceola",NA,"","","",FALSE,TRUE,TRUE,TRUE
"4d218faa-8d8f-4389-8d9d-7ad58ac9d8f2","species","a3c569a0-2a7a-4384-8473-20aa132a290a","t0051037","Euproctis taiwana","Animalia","Insecta","native","","","","","",NA,"species","Orvasca taiwana","FALSE","FALSE","native","","","","Orvasca","taiwana",NA,"","","",FALSE,TRUE,TRUE,TRUE
"e7730c66-3ab5-4334-ade1-38519002001c","species","47e77bb4-6c49-4f21-ac6d-6d7d9ae89688","t0031013","Dichromia trigonalis","Animalia","Insecta","native","","","","","",NA,"species","Hypena trigonalis","FALSE","FALSE","native","","","","Hypena","trigonalis",NA,"","","",FALSE,TRUE,TRUE,TRUE
"8187038b-4744-4505-a2c7-4d8c90042613","species","257f39cd-2f75-4adf-ba43-05902c9b60d2","t0031255","Olene dudgeoni","Animalia","Insecta","native","","","","","",NA,"species","Cyclomacula dudgeoni","FALSE","FALSE","native","","","","Cyclomacula","dudgeoni",NA,"","","",FALSE,TRUE,TRUE,TRUE
"a0810129-a60d-42fa-9b7f-25297bea7d21","species","257f39cd-2f75-4adf-ba43-05902c9b60d2","t0031257","Olene suisharyonis","Animalia","Insecta","native","","","","","",NA,"species","Cyclomacula suisharyonis","FALSE","FALSE","native","","","","Cyclomacula","suisharyonis",NA,"","","",FALSE,TRUE,TRUE,TRUE
"4f3c293d-6231-4391-bc9f-def27441ec21","species","8f86dc09-e17f-49c5-95cf-1368872d4d56","t0052511","Pericyma basalis","Animalia","Insecta","native","","","","","",NA,"species","Pericyma subbasalis","TRUE","FALSE","native","","","","Pericyma","subbasalis",NA,"","","",FALSE,TRUE,TRUE,TRUE
"c0cc008c-0731-4f01-bb77-0c8c140e7f48","species","bf57f891-cf41-4c51-8d68-000851cfa233","t0049928","Balataea taiwana","Animalia","Insecta","native","true","","","","",NA,"species","Artona taiwana","TRUE","FALSE","native","","","","Artona","taiwana",NA,"","","",FALSE,TRUE,TRUE,TRUE
"299d2fe6-5e77-4682-a07d-dde28e0138dd","species","cb412121-2185-419a-b396-490b27bb01e5","t0029248","Fuscartona martini","Animalia","Insecta","native","true","","","","",NA,"species","Artona martini","FALSE","FALSE","native","","","","Artona","martini",NA,"","","",FALSE,TRUE,TRUE,TRUE
"26e98a5d-6b67-4c39-b09a-4961522713c4","species","7a45fabe-6a44-4f40-98be-a3efa6086a6e","t0055866","Pollanista inconspicua","Animalia","Insecta","native","true","","","","",NA,"species","Inope inconspicua","TRUE","FALSE","native","","","","Inope","inconspicua",NA,"","","",FALSE,TRUE,TRUE,TRUE
"fdb8a78c-686f-4b8f-81ef-1ec9c3648ed9","species","8f1be650-fc95-4347-8478-1bd19483a4fc","t0050432","Conobathra aphidivora","Animalia","Insecta","native","","","","","",NA,"species","Dipha aphidivora","FALSE","FALSE","native","","","","Dipha","aphidivora",NA,"","","",FALSE,TRUE,TRUE,TRUE
"22ba1a37-44c7-4f83-a5da-2855839f65c4","species","b9a84b35-f5db-4020-94b8-746d888e6f4c","t0050906","Etiella zinchenella","Animalia","Insecta","native","","","","","",NA,"species","Etiella zinckenella","FALSE","FALSE","native","","","","Etiella","zinckenella",NA,"","","",FALSE,TRUE,TRUE,TRUE
"72f0125c-34ec-49b5-a64f-fc1aceb16c54","species","76b2cf03-f137-4c9c-85e0-7c8413860da9","t0049580","Agrotera leucostola","Animalia","Insecta","native","","","","","",NA,"species","Leucinodella leucostola","FALSE","FALSE","native","","","","Leucinodella","leucostola",NA,"","","",FALSE,TRUE,TRUE,TRUE
"61511e0f-d56b-405c-a7b9-0d8cfd13f319","species","a8a49174-fccb-45b5-b277-f955fa9cb60a","t0050925","Euchromius lushanus","Animalia","Insecta","native","true","","","","",NA,"species","Miyakea lushanus","TRUE","FALSE","native","","","","Miyakea","lushanus",NA,"","","",FALSE,TRUE,TRUE,TRUE
"57f06f39-b309-48e7-b2fe-703ff931b26d","species","ea3ce786-95d5-4a2e-a4b3-bb0131f36c89","t0056267","Sinibotys habisalis","Animalia","Insecta","native","","","","","",NA,"species","Nephelobotys habisalis","FALSE","FALSE","native","","","","Nephelobotys","habisalis",NA,"","","",FALSE,TRUE,TRUE,TRUE
"30655fe3-fb46-45a5-9515-d50771fcef1b","species","6facfdd0-828a-4462-be75-2da96daac839","t0033443","Torulisquama evenoralis","Animalia","Insecta","native","","","","","",NA,"species","Nephelobotys evenoralis","FALSE","FALSE","native","","","","Nephelobotys","evenoralis",NA,"","","",FALSE,TRUE,TRUE,TRUE
"73c44afd-6e22-4362-9aca-c3862f1f7cde","species","5b19e728-b3c4-4ab6-8f3c-dcf63e104267","t0050571","Deuterocopus lophopteryx","Animalia","Insecta","native","","","","","",NA,"species","Deuterocopus melanota","FALSE","FALSE","native","","","","Deuterocopus","melanota",NA,"","","",FALSE,TRUE,TRUE,TRUE
"98f5e734-d268-42fd-8242-07aaabd4d3bc","species","6891c2b5-6511-43a7-b782-82e628af4652","t0055831","Platyptilia shirozui","Animalia","Insecta","native","true","","","","",NA,"species","Amblyptilia shirozui","TRUE","FALSE","native","","","","Amblyptilia","shirozui",NA,"","","",FALSE,TRUE,TRUE,TRUE
"516e8fa1-1bc5-43b5-9cbf-d35ebcbf968c","species","9a41ab60-476c-40c9-9b2a-8de8c2245bf5","t0031219","Ochlodes niitakana","Animalia","Insecta","native","true","","","","",NA,"species","Ochlodes niitakanus","TRUE","FALSE","native","","NT","","Ochlodes","niitakanus",NA,"","NT","",FALSE,TRUE,FALSE,TRUE
"335a6170-fe19-4351-a93f-dd4679713387","species","9b898263-2990-4d64-bd81-cc22bce0bc86","t0031627","Parnara guttatus","Animalia","Insecta","native","","","","","",NA,"species","Parnara guttata","FALSE","FALSE","native","","LC","","Parnara","guttata",NA,"","LC","",FALSE,TRUE,FALSE,TRUE
"a1d034e0-d397-4016-b4fe-910b29af5345","species","d53f81a8-6c73-494e-be67-ad2ea7cb9254","t0055869","Polyhymno pancratiastis","Animalia","Insecta","native","","","","","",NA,"species","Thiotricha pancratiastis","FALSE","FALSE","native","","","","Thiotricha","pancratiastis",NA,"","","",FALSE,TRUE,TRUE,TRUE
"0e59379e-dc14-48a2-b00e-adec99879cb7","species","d53f81a8-6c73-494e-be67-ad2ea7cb9254","t0055870","Polyhymno synodonta","Animalia","Insecta","native","","","","","",NA,"species","Thiotricha trichoma","FALSE","FALSE","native","","","","Thiotricha","trichoma",NA,"","","",FALSE,TRUE,TRUE,TRUE
"fbe1ac89-a7ba-43ab-84bb-3ac4c34536c5","species","8093c2f8-e4f3-4652-9d2e-6e98204da502","t0032631","Satyrium austrinus","Animalia","Insecta","native","","","","","",NA,"species","Satyrium austrinum","FALSE","FALSE","native","","NT","","Satyrium","austrinum",NA,"","NT","",FALSE,TRUE,FALSE,TRUE
"6cb115e2-1844-4f74-9a5a-5ccce8b66588","species","74e85e68-7d51-417c-ba35-823fab33cf6a","t0056476","Tajuria caerulea","Animalia","Insecta","native","true","","","","",NA,"infraspecies","Tajuria yajna caerulea","TRUE","FALSE","native","","NT","","Tajuria","yajna","caerulea","","NT","",FALSE,TRUE,FALSE,TRUE
"b7191015-26ca-4138-962c-36d2170901e4","species","4ba0e24a-f6b1-4c35-bd25-6a608cba12ae","t0056760","Ypthima okurai","Animalia","Insecta","native","true","","","","",NA,"infraspecies","Ypthima argus okurai","TRUE","FALSE","native","","NT","","Ypthima","argus","okurai","","NT","",FALSE,TRUE,FALSE,TRUE
"d5c65d0f-b72a-42d8-a942-0e9efddc97d7","species","24ab3ac7-3aa9-4386-8689-cbfb2d943216","t0052337","Palionebris bacteriota","Animalia","Insecta","native","true","","","","",NA,"species","Trachydora bacteriota","TRUE","FALSE","native","","","","Trachydora","bacteriota",NA,"","","",FALSE,TRUE,TRUE,TRUE
"51e5c171-4682-499f-ae59-c2ba93bb0d22","species","646188b2-e3bc-4390-aaab-2c14ec7b5e67","t0049881","Atrophaneura horishanus","Animalia","Insecta","native","true","III","","NT","輕度",NA,"species","Atrophaneura horishana","TRUE","FALSE","native","NT","NT","III","Atrophaneura","horishana",NA,"NT","NT","III",FALSE,TRUE,FALSE,TRUE
"63bcf96c-0d15-4bc2-b69f-d24ebeaab394","species","355d5b13-626b-479d-9b6f-de2f3239be11","t0051186","Glyphipterix rekoae","Animalia","Insecta","native","true","","","","",NA,"species","Glyphipterix reikoae","TRUE","FALSE","native","","","","Glyphipterix","reikoae",NA,"","","",FALSE,TRUE,TRUE,TRUE
"fc851ca1-0d8a-4212-a8d3-8bd9321eace2","species","94dd78e0-6bb3-4b05-bc71-5b56ff71702a","t0051294","Haplotinea subochraceella","Animalia","Insecta","native","","","","","",NA,"species","Edosa subochraceella","FALSE","FALSE","native","","","","Edosa","subochraceella",NA,"","","",FALSE,TRUE,TRUE,TRUE
"3ff05c47-c046-48e1-bee5-d786aec88eb1","species","967401f4-eed0-4e22-9054-b7d1468d6ed1","t0033527","Acia exsultans","Animalia","Insecta","native","true","","","","",NA,"species","Helionides exsultans","TRUE","FALSE","native","","","","Helionides","exsultans",NA,"","","",FALSE,TRUE,TRUE,TRUE
"965fd237-715c-4827-9ee5-1dd214ea2c14","species","bb16bdf6-fdf6-48e4-a579-e098403b7c50","t0028634","Bicoloratum pingtungisis","Animalia","Insecta","native","true","","","","",NA,"species","Scaphoideus pingtungisis","TRUE","FALSE","native","","","","Scaphoideus","pingtungisis",NA,"","","",FALSE,TRUE,TRUE,TRUE
"f6fa8f2d-f783-48cc-bba1-af2dd4b0eea1","species","576edde7-99f1-42d8-9701-100fa5ad6c33","t0062845","Epiacanthus guttiger","Animalia","Insecta","native","","","","","",NA,"species","Pagaronia aurantia","FALSE","FALSE","native","","","","Pagaronia","aurantia",NA,"","","",FALSE,TRUE,TRUE,TRUE
"44e5d810-c427-4e2d-9108-777bd86d68dc","species","2bcd862f-323e-4268-acf3-2559c05a4c7f","t0068314","Macrosteles orientalis","Animalia","Insecta","native","true","","","","",NA,"species","Macrosteles striifrons","TRUE","FALSE","native","","","","Macrosteles","striifrons",NA,"","","",FALSE,TRUE,TRUE,TRUE
"acad3e7f-0ad4-4923-b067-95ecd174e6f3","species","e4e43d4e-0f99-42f1-9beb-008ad4184a54","t0028635","Nesophrosyne orientalis","Animalia","Insecta","native","","","","","",NA,"species","Orosius orientalis","TRUE","FALSE","native","","","","Orosius","orientalis",NA,"","","",FALSE,TRUE,TRUE,TRUE
"8cb3c793-2869-4420-8ce0-9fc45d48547b","species","30a59b24-4531-4c75-98e6-7a1985500561","t0101342","Tettigella formosana","Animalia","Insecta","native","true","","","","",NA,"species","Bothrogonia formosana","TRUE","FALSE","native","","","","Bothrogonia","formosana",NA,"","","",FALSE,TRUE,TRUE,TRUE
"bc5b7480-2e8a-42df-9e75-11ee2debfd42","species","30a59b24-4531-4c75-98e6-7a1985500561","t0101911","Tettigella hoozanensis","Animalia","Insecta","native","true","","","","",NA,"species","Kolla hoozanensis","TRUE","FALSE","native","","","","Kolla","hoozanensis",NA,"","","",FALSE,TRUE,TRUE,TRUE
"753d1a23-55e4-491d-ab17-e017e11c40bb","species","30a59b24-4531-4c75-98e6-7a1985500561","t0047155","Tettigella pallidiola","Animalia","Insecta","native","true","","","","",NA,"species","Cicadella pallidiola","TRUE","FALSE","native","","","","Cicadella","pallidiola",NA,"","","",FALSE,TRUE,TRUE,TRUE
"655c0dc8-9d07-455b-abdc-028a00a12d33","species","30a59b24-4531-4c75-98e6-7a1985500561","t0047156","Tettigella rubropunctata","Animalia","Insecta","native","","","","","",NA,"species","Cicadella rubropunctata","FALSE","FALSE","native","","","","Cicadella","rubropunctata",NA,"","","",FALSE,TRUE,TRUE,TRUE
"aa44d0ce-32e6-42b2-b4b4-b63248f2a0a8","species","30a59b24-4531-4c75-98e6-7a1985500561","t0047157","Tettigella suisharyoensis","Animalia","Insecta","native","true","","","","",NA,"species","Cicadella suisharyoensis","TRUE","FALSE","native","","","","Cicadella","suisharyoensis",NA,"","","",FALSE,TRUE,TRUE,TRUE
"2e939325-a6cd-4a2a-becd-ee6cece2419b","species","5f01b63e-9c9b-403a-8a61-90f733df21d2","t0048305","Typhlocyba quadri","Animalia","Insecta","native","true","","","","",NA,"species","Typhlocyba quadriappendicula","TRUE","FALSE","native","","","","Typhlocyba","quadriappendicula",NA,"","","",FALSE,TRUE,TRUE,TRUE
"18ae7578-b95c-484a-94d1-89abd5607377","species","","t0028648","Zygina (Zygina) bisignatella","Animalia","Insecta","native","","","","","",NA,"species","Empoascanara bisignatella","FALSE","FALSE","native","","","","Empoascanara","bisignatella",NA,"","","",FALSE,TRUE,TRUE,TRUE
"63b73c1e-6dff-462b-90c9-173b75530148","species","dcad5af8-1613-437d-ad81-d43289e998ff","t0072047","Apolygus eous","Animalia","Insecta","native","true","","","","",NA,"species","Apolygopsis eoa","TRUE","FALSE","native","","","","Apolygopsis","eoa",NA,"","","",FALSE,TRUE,TRUE,TRUE
"31f0009a-6fd2-40de-ad21-25b004aaa024","species","554768ab-1213-4340-8f13-096ab31be449","t0068650","Megacoelum minutum","Animalia","Insecta","native","","","","","",NA,"species","Adelphocorisella minutum","FALSE","FALSE","native","","","","Adelphocorisella","minutum",NA,"","","",FALSE,TRUE,TRUE,TRUE
"aee01a87-3918-4ee2-85d8-fa1db8a60d34","species","c9628d55-7c89-48ec-a165-ca64883becbf","t0081265","Neolygus v-nigrum","Animalia","Insecta","native","true","","","","",NA,"species","Neolygus v-nigrus","TRUE","FALSE","native","","","","Neolygus","v-nigrus",NA,"","","",FALSE,TRUE,TRUE,TRUE
"030412b1-daab-42b7-83ad-af552f117586","species","c9628d55-7c89-48ec-a165-ca64883becbf","t0081260","Neolygus bui","Animalia","Insecta","native","","","","","",NA,"species","Miyamotolygus bui","FALSE","FALSE","native","","","","Miyamotolygus","bui",NA,"","","",FALSE,TRUE,TRUE,TRUE
"95c55112-c96b-4887-a598-62c7e6d2a1c8","species","0b03fbff-a949-4804-a1a5-d25528a8d35b","t0036756","Prolygus niger","Animalia","Insecta","native","","","","","",NA,"species","Apolygopsis nigra","FALSE","FALSE","native","","","","Apolygopsis","nigra",NA,"","","",FALSE,TRUE,TRUE,TRUE
"d171e6b6-a482-48f6-9d74-229a65bf4e16","species","221a7a39-1da3-43dd-9236-42a2337d3d3b","t0039705","Stenotus longiceps","Animalia","Insecta","native","true","","","","",NA,"species","Zalmunna longiceps","TRUE","FALSE","native","","","","Zalmunna","longiceps",NA,"","","",FALSE,TRUE,TRUE,TRUE
"ced81554-d6ea-4e59-ac6f-32f7c8eaba3b","species","93e7775c-e5e6-4222-a618-fda8396bce22","t0047412","Tinginotopsis formosanum","Animalia","Insecta","native","","","","","",NA,"species","Tinginotum formosanum","FALSE","FALSE","native","","","","Tinginotum","formosanum",NA,"","","",FALSE,TRUE,TRUE,TRUE
"73dc771a-08b5-4c73-a614-280c6df4b63b","species","31ba6106-5b2a-44a1-a403-5cdb881bab4d","t0070119","Aconura biglumis","Animalia","Insecta","native","","","","","",NA,"species","Changwhania biglumis","FALSE","FALSE","native","","","","Changwhania","biglumis",NA,"","","",FALSE,TRUE,TRUE,TRUE
"d74b5d76-ee61-4c78-a4fc-bf0bc7bb01af","species","31ba6106-5b2a-44a1-a403-5cdb881bab4d","t0070120","Aconura bipunctella","Animalia","Insecta","native","","","","","",NA,"species","Stirellus indrus","FALSE","FALSE","native","","","","Stirellus","indrus",NA,"","","",FALSE,TRUE,TRUE,TRUE
"9eabc701-c0e0-4e8f-9f4e-f05753eda713","species","31ba6106-5b2a-44a1-a403-5cdb881bab4d","t0099771","Aconura breviceps","Animalia","Insecta","native","true","","","","",NA,"species","Stirellus breviceps","TRUE","FALSE","native","","","","Stirellus","breviceps",NA,"","","",FALSE,TRUE,TRUE,TRUE
"6de875fd-0fb1-4ffa-8153-710613f40a87","species","31ba6106-5b2a-44a1-a403-5cdb881bab4d","t0070122","Aconura grandis","Animalia","Insecta","native","","","","","",NA,"species","Stirellus grandis","FALSE","FALSE","native","","","","Stirellus","grandis",NA,"","","",FALSE,TRUE,TRUE,TRUE
"77b0612d-23b0-4cbb-b7f9-073465c085bc","species","31ba6106-5b2a-44a1-a403-5cdb881bab4d","t0070123","Aconura producta","Animalia","Insecta","native","","","","","",NA,"species","Stirellus productus","FALSE","FALSE","native","","","","Stirellus","productus",NA,"","","",FALSE,TRUE,TRUE,TRUE
"9732bedb-686d-4d63-be14-f1dc40a20bd1","species","31ba6106-5b2a-44a1-a403-5cdb881bab4d","t0070124","Aconura rubuofasciata","Animalia","Insecta","native","true","","","","",NA,"species","Stirellus rubrolineatus","TRUE","FALSE","native","","","","Stirellus","rubrolineatus",NA,"","","",FALSE,TRUE,TRUE,TRUE
"67e60f59-a220-4836-acdf-290495d2f9d2","species","31ba6106-5b2a-44a1-a403-5cdb881bab4d","t0099772","Aconura diminuta","Animalia","Insecta","native","true","","","","",NA,"species","Doratulina diminuta","TRUE","FALSE","native","","","","Doratulina","diminuta",NA,"","","",FALSE,TRUE,TRUE,TRUE
"9f3739f6-2360-4010-b142-dc29bbd5a801","species","b16feb16-d551-4cb8-8ed9-6f0d51930334","t0076189","Balclutha smaragdula","Animalia","Insecta","native","","","","","",NA,"species","Balclutha thea","FALSE","FALSE","native","","","","Balclutha","thea",NA,"","","",FALSE,TRUE,TRUE,TRUE
"737b1253-e478-4c6b-b6d1-9e0a2ee6b7d7","species","8940fa57-bbd3-449b-a81d-67641b1dbea6","t0078458","Cicadula bipunctella","Animalia","Insecta","native","","","","","",NA,"species","Cicadulina bipunctata","FALSE","FALSE","native","","","","Cicadulina","bipunctata",NA,"","","",FALSE,TRUE,TRUE,TRUE
"411f2178-282a-4444-9ec5-bf46ed29f41c","species","4f80d13c-b2a6-41ab-a05d-540c6e605987","t0061224","Deltocephalus formosanus","Animalia","Insecta","native","true","","","","",NA,"species","Futasujinus candidus","TRUE","FALSE","native","","","","Futasujinus","candidus",NA,"","","",FALSE,TRUE,TRUE,TRUE
"a5512012-d4c3-4997-87c5-c5c7ba5526a2","species","4f80d13c-b2a6-41ab-a05d-540c6e605987","t0061226","Deltocephalus maritimus","Animalia","Insecta","native","","","","","",NA,"species","Takagiella tezuyae","FALSE","FALSE","native","","","","Takagiella","tezuyae",NA,"","","",FALSE,TRUE,TRUE,TRUE
"c7cf65c8-56b3-4fb1-b6b3-96bef4757345","species","85787a73-af09-4cf7-b464-1d88ed8b0d76","t0061966","Doratulina orientalis","Animalia","Insecta","native","","","","","",NA,"species","Aconurella prolixa","FALSE","FALSE","native","","","","Aconurella","prolixa",NA,"","","",FALSE,TRUE,TRUE,TRUE
"bc7da648-0a91-44c1-ad90-4bc7000394b4","species","817e4619-fe1b-4708-9e96-76c381e76d7f","t0104534","Exitianus simillimus","Animalia","Insecta","native","","","","","",NA,"species","Exitianus nanus","FALSE","FALSE","native","","","","Exitianus","nanus",NA,"","","",FALSE,TRUE,TRUE,TRUE
"a7d1c945-d285-4e66-a9be-8592d2e6e972","species","e583b569-4e83-42e7-a21c-9563500560bc","t0066263","Inemadara oryzae","Animalia","Insecta","native","","","","","",NA,"species","Maiestas oryzae","FALSE","FALSE","native","","","","Maiestas","oryzae",NA,"","","",FALSE,TRUE,TRUE,TRUE
"c753d7dd-f729-44eb-97de-9c9472cf2fd6","species","fa5992c8-0f1f-4396-947a-a74a63ea091d","t0066330","Irinula erythrocephala","Animalia","Insecta","native","","","","","",NA,"species","Nesoclutha erythrocephala","FALSE","FALSE","native","","","","Nesoclutha","erythrocephala",NA,"","","",FALSE,TRUE,TRUE,TRUE
"6a624dff-35a0-49eb-b467-9fd83c77b7c3","species","63988261-f314-4155-9b6b-4915b7f5286b","t0068877","Melichariella formosana","Animalia","Insecta","native","true","","","","",NA,"species","Carvaka formosana","TRUE","FALSE","native","","","","Carvaka","formosana",NA,"","","",FALSE,TRUE,TRUE,TRUE
"3258fd6f-df10-4e04-a00c-f1efdc6729d6","species","55599601-7512-4d04-a134-5875726a9658","t0069423","Mimotettix kawamurae","Animalia","Insecta","native","","","","","",NA,"species","Mimotettix alboguttulatus","FALSE","FALSE","native","","","","Mimotettix","alboguttulatus",NA,"","","",FALSE,TRUE,TRUE,TRUE
"f487efbf-b523-40ed-8ed0-f6d3c71276fc","species","a22fc1ef-f4e3-4c45-8cad-8b8207b44722","t0083232","Paramesodes albinervosa","Animalia","Insecta","native","","","","","",NA,"species","Paramesodes albinervosus","FALSE","FALSE","native","","","","Paramesodes","albinervosus",NA,"","","",FALSE,TRUE,TRUE,TRUE
"f4124ca0-f812-41bc-a298-d85a5d8ac657","species","fbf3ca1d-5122-4b27-9b48-9339bb73e6b9","t0083234","Paramesus lineaticollis","Animalia","Insecta","native","","","","","",NA,"species","Paramesodes lineaticollis","FALSE","FALSE","native","","","","Paramesodes","lineaticollis",NA,"","","",FALSE,TRUE,TRUE,TRUE
"0bc1c5a5-48b2-42ef-ade1-9c095b4034ea","species","da9e157f-1ae3-4ab8-90b0-404426be4f09","t0084148","Phlepsius guttatus","Animalia","Insecta","native","true","","","","",NA,"species","Parallygus guttatus","TRUE","FALSE","native","","","","Parallygus","guttatus",NA,"","","",FALSE,TRUE,TRUE,TRUE
"e678220e-3bd9-4f49-9e9e-cdfb924b613c","species","f3dc9917-6db0-4ef2-8842-15603f80faa9","t0036904","Psammotettix striatus","Animalia","Insecta","native","","","","","",NA,"species","Psammotettix alienus","FALSE","FALSE","native","","","","Psammotettix","alienus",NA,"","","",FALSE,TRUE,TRUE,TRUE
"ba2c31ee-87b9-4d98-a131-a9da4ae2df52","species","0b692afd-cedc-445b-86ca-2910df03e4d1","t0037431","Purpuranus rubrostriatus","Animalia","Insecta","native","","","","","",NA,"species","Varta rubrostriata","FALSE","FALSE","native","","","","Varta","rubrostriata",NA,"","","",FALSE,TRUE,TRUE,TRUE
"a37370cf-2cdb-4776-ab72-de37e3732012","species","37c21677-436c-4e27-a717-023529e19b3a","t0047216","Thamnotettix formosanus","Animalia","Insecta","native","true","","","","",NA,"species","Alishania formosana","TRUE","FALSE","native","","","","Alishania","formosana",NA,"","","",FALSE,TRUE,TRUE,TRUE
"6bfd363a-cb45-4299-9e87-48c716e5ebe3","species","37c21677-436c-4e27-a717-023529e19b3a","t0047217","Thamnotettix hokutonis","Animalia","Insecta","native","true","","","","",NA,"species","Peitouellus hokutonis","TRUE","FALSE","native","","","","Peitouellus","hokutonis",NA,"","","",FALSE,TRUE,TRUE,TRUE
"690abaa8-a40d-475d-bcb7-e59126d9dd8b","species","37c21677-436c-4e27-a717-023529e19b3a","t0047218","Thamnotettix hopponis","Animalia","Insecta","native","true","","","","",NA,"species","Maiestas hopponis","TRUE","FALSE","native","","","","Maiestas","hopponis",NA,"","","",FALSE,TRUE,TRUE,TRUE
"74956bb6-69d4-4241-856b-2b7fbf69dad7","species","37c21677-436c-4e27-a717-023529e19b3a","t0047219","Thamnotettix koshunensis","Animalia","Insecta","native","true","","","","",NA,"species","Hengchunia koshunensis","TRUE","FALSE","native","","","","Hengchunia","koshunensis",NA,"","","",FALSE,TRUE,TRUE,TRUE
"e7ae91ad-13a9-4f2b-9a36-ca4324575d3c","species","37c21677-436c-4e27-a717-023529e19b3a","t0047222","Thamnotettix wanrianus","Animalia","Insecta","native","true","","","","",NA,"species","Wanritettix wanrianus","TRUE","FALSE","native","","","","Wanritettix","wanrianus",NA,"","","",FALSE,TRUE,TRUE,TRUE
"115f449e-dd4b-46c5-84d3-bd765629e367","species","4a3be3dd-4214-4b68-a668-5fb6b860f365","t0047301","Thomsoniella porrecta","Animalia","Insecta","native","","","","","",NA,"species","Thomsonia porrecta","FALSE","FALSE","native","","","","Thomsonia","porrecta",NA,"","","",FALSE,TRUE,TRUE,TRUE
"95c35dcf-8a13-4053-841e-820721072b4a","species","75f958e0-8681-482e-b656-a6444261aae9","t0047509","Togacephalus botelensis","Animalia","Insecta","native","true","","","","",NA,"species","Maiestas botelensis","TRUE","FALSE","native","","","","Maiestas","botelensis",NA,"","","",FALSE,TRUE,TRUE,TRUE
"aeca382c-a1c0-4169-a551-86e517c312bf","species","75f958e0-8681-482e-b656-a6444261aae9","t0047510","Togacephalus distinctus","Animalia","Insecta","native","","","","","",NA,"species","Maiestas distincta","FALSE","FALSE","native","","","","Maiestas","distincta",NA,"","","",FALSE,TRUE,TRUE,TRUE
"38ce6410-d6ed-43bf-9445-cb908872eb1a","species","75f958e0-8681-482e-b656-a6444261aae9","t0047511","Togacephalus formosiellus","Animalia","Insecta","native","true","","","","",NA,"species","Maiestas formosiella","TRUE","FALSE","native","","","","Maiestas","formosiella",NA,"","","",FALSE,TRUE,TRUE,TRUE
"62673f83-c079-433e-973e-099eb7a08160","species","75f958e0-8681-482e-b656-a6444261aae9","t0047512","Togacephalus jamiensis","Animalia","Insecta","native","true","","","","",NA,"species","Maiestas jamiensis","TRUE","FALSE","native","","","","Maiestas","jamiensis",NA,"","","",FALSE,TRUE,TRUE,TRUE
"f43c10e6-7790-4ce2-acb7-60ac4ef8c1d9","species","6807e765-4c1c-488e-b857-8713729b6dcd","t0047728","Triantennaria distylia","Animalia","Insecta","native","","","","","",NA,"species","Tripartita formosana","TRUE","FALSE","native","","","","Tripartita","formosana",NA,"","","",FALSE,TRUE,TRUE,TRUE
"c5ae4812-bace-4be9-9dd4-b19d6ff0215c","species","e17c29ef-7a72-4edc-bca5-975f77aedf22","t0082097","Oliarus formosanus","Animalia","Insecta","native","true","","","","",NA,"species","Siniarus formosanus","TRUE","FALSE","native","","","","Siniarus","formosanus",NA,"","","",FALSE,TRUE,TRUE,TRUE
"5b733cfc-1ac8-4a33-9c0a-9ce015aa12b1","species","e17c29ef-7a72-4edc-bca5-975f77aedf22","t0082099","Oliarus horishanus","Animalia","Insecta","native","","","","","",NA,"species","Atretus harishanus","FALSE","FALSE","native","","","","Atretus","harishanus",NA,"","","",FALSE,TRUE,TRUE,TRUE
"a2e49a27-85b1-4fae-ad16-c703120d446d","species","e17c29ef-7a72-4edc-bca5-975f77aedf22","t0082098","Oliarus hopponis","Animalia","Insecta","native","true","","","","",NA,"species","Arosinus hopponis","TRUE","FALSE","native","","","","Arosinus","hopponis",NA,"","","",FALSE,TRUE,TRUE,TRUE
"8c2300c6-6bfd-4364-afd1-c638c6e2aa02","species","e17c29ef-7a72-4edc-bca5-975f77aedf22","t0082100","Oliarus hsui","Animalia","Insecta","native","true","","","","",NA,"species","Atretus hsui","TRUE","FALSE","native","","","","Atretus","hsui",NA,"","","",FALSE,TRUE,TRUE,TRUE
"64b727f8-7661-402c-a2dc-07d1da386997","species","e17c29ef-7a72-4edc-bca5-975f77aedf22","t0082101","Oliarus oryzae","Animalia","Insecta","native","","","","","",NA,"species","Oteana oryzae","FALSE","FALSE","native","","","","Oteana","oryzae",NA,"","","",FALSE,TRUE,TRUE,TRUE
"a34edf23-2b54-4fa0-b48e-b201528fc5cf","species","e17c29ef-7a72-4edc-bca5-975f77aedf22","t0082102","Oliarus scalenus","Animalia","Insecta","native","true","","","","",NA,"species","Siniarus scalenus","TRUE","FALSE","native","","","","Siniarus","scalenus",NA,"","","",FALSE,TRUE,TRUE,TRUE
"73d4019a-1044-403b-a40e-f9661ca8620f","species","e17c29ef-7a72-4edc-bca5-975f77aedf22","t0082103","Oliarus shiaoi","Animalia","Insecta","native","true","","","","",NA,"species","Atretus shiaoi","TRUE","FALSE","native","","","","Atretus","shiaoi",NA,"","","",FALSE,TRUE,TRUE,TRUE
"d32539a6-df57-4c4e-af33-72ba65a87537","species","e17c29ef-7a72-4edc-bca5-975f77aedf22","t0082106","Oliarus velox","Animalia","Insecta","native","true","","","","",NA,"species","Arosinus velox","TRUE","FALSE","native","","","","Arosinus","velox",NA,"","","",FALSE,TRUE,TRUE,TRUE
"01007098-6ad3-48fe-82ea-4c5f18d82bd4","species","e17c29ef-7a72-4edc-bca5-975f77aedf22","t0082107","Oliarus yangi","Animalia","Insecta","native","true","","","","",NA,"species","Atretus yangi","TRUE","FALSE","native","","","","Atretus","yangi",NA,"","","",FALSE,TRUE,TRUE,TRUE
"9345cdf5-b5e4-4a33-98d7-32cc5526bf5a","species","26006791-e937-4d10-850e-42b83ea65528","t0083870","Petalolyma fujianensis","Animalia","Insecta","native","","","","","",NA,"species","Petalolyma castanopsis","FALSE","FALSE","native","","","","Petalolyma","castanopsis",NA,"","","",FALSE,TRUE,TRUE,TRUE
"78bc04e6-9312-4769-9ff8-b4e3c5d2435a","species","0e99f1a1-4208-40d0-bfd0-3215ec725c1b","t0047808","Trichochermes hyalina","Animalia","Insecta","native","true","","","","",NA,"species","Petalolyma hyalina","TRUE","FALSE","native","","","","Petalolyma","hyalina",NA,"","","",FALSE,TRUE,TRUE,TRUE
"37ef6410-27e0-40f0-a208-d5b64effea89","species","2dbae184-8d50-4c98-af82-adafcfa8517e","t0082084","Okiscarta kotoensis","Animalia","Insecta","native","","","","","",NA,"species","Cosmoscarta uchidae","FALSE","FALSE","native","","","","Cosmoscarta","uchidae",NA,"","","",FALSE,TRUE,TRUE,TRUE
"d1c0ff02-adb1-4280-bddd-9bcacc9cd77d","species","5f2509f8-df35-48b7-bdff-29dbced8916c","t0064370","Gelastyrella litaoensis","Animalia","Insecta","native","","","","","",NA,"species","Thabena litaoensis","FALSE","FALSE","native","","","","Thabena","litaoensis",NA,"","","",FALSE,TRUE,TRUE,TRUE
"cd7e938b-92ae-43d0-9e0c-9f52a4caf6fd","species","41cfa9b8-fc8d-4aec-928b-fa2800505271","t0032527","Ricania fumosa","Animalia","Insecta","native","","","","","",NA,"species","Trigonrecava fumosa","FALSE","FALSE","native","","","","Trigonrecava","fumosa",NA,"","","",FALSE,TRUE,TRUE,TRUE
"c4d8e432-544d-460a-86ca-615d29dab5b6","species","41cfa9b8-fc8d-4aec-928b-fa2800505271","t0037908","Ricania taeniata","Animalia","Insecta","native","","","","","",NA,"species","Trigonrecava taeniata","FALSE","FALSE","native","","","","Trigonrecava","taeniata",NA,"","","",FALSE,TRUE,TRUE,TRUE
"d784785a-ee47-4b59-86e1-d420279d1d94","species","76e94c13-c39d-448a-83b7-1e764ab2391d","t0028638","Evacanthus formosanus","Animalia","Insecta","native","true","","","","",NA,"species","Onukiades formosanus","TRUE","FALSE","native","","","","Onukiades","formosanus",NA,"","","",FALSE,TRUE,TRUE,TRUE
"894aadc7-15c2-49f6-b8fe-c8938bd2dba1","species","d4b4a0b5-aba1-42d9-8f24-9c92cd612894","t0028639","Onukia arisana","Animalia","Insecta","native","","","","","",NA,"species","Paraonukia arisana","FALSE","FALSE","native","","","","Paraonukia","arisana",NA,"","","",FALSE,TRUE,TRUE,TRUE
"182ef78f-52c7-48cb-839b-3f5628633780","species","d4b4a0b5-aba1-42d9-8f24-9c92cd612894","t0028643","Onukia flavimacula","Animalia","Insecta","native","","","","","",NA,"species","Bentus flavomaculatus","FALSE","FALSE","native","","","","Bentus","flavomaculatus",NA,"","","",FALSE,TRUE,TRUE,TRUE
"c863b4d9-8c0d-4a5e-87c2-5bb343601fb4","species","9962e6c0-f1ab-46ce-aaf7-3c41fc5798b0","t0065221","Hecalus formosanus","Animalia","Insecta","native","true","","","","",NA,"species","Glossocratus formosanus","TRUE","FALSE","native","","","","Glossocratus","formosanus",NA,"","","",FALSE,TRUE,TRUE,TRUE
"d31c2e13-18eb-4334-b77a-bb834b3d5e32","species","9962e6c0-f1ab-46ce-aaf7-3c41fc5798b0","t0065222","Hecalus lefroyi","Animalia","Insecta","native","","","","","",NA,"species","Glossocratus lefroyi","FALSE","FALSE","native","","","","Glossocratus","lefroyi",NA,"","","",FALSE,TRUE,TRUE,TRUE
"415052f3-304c-4334-9aaa-982c6598f37f","species","0ed1d233-87dd-423a-a770-0e526383b8f3","t0082976","Parabolocratus nitobei","Animalia","Insecta","native","true","","","","",NA,"species","Thomsonia nitobei","TRUE","FALSE","native","","","","Thomsonia","nitobei",NA,"","","",FALSE,TRUE,TRUE,TRUE
"9990e904-7209-49ed-9f6c-f8c3eef42656","species","0ed1d233-87dd-423a-a770-0e526383b8f3","t0082977","Parabolocratus okinawensis","Animalia","Insecta","native","","","","","",NA,"species","Hecalus okinawensis","FALSE","FALSE","native","","","","Hecalus","okinawensis",NA,"","","",FALSE,TRUE,TRUE,TRUE
"ba62f481-bc8b-4908-8e2c-8865e164eca5","species","0ed1d233-87dd-423a-a770-0e526383b8f3","t0082978","Parabolocratus taiwanus","Animalia","Insecta","native","true","","","","",NA,"species","Hecalus wallengrenii","TRUE","FALSE","native","","","","Hecalus","wallengrenii",NA,"","","",FALSE,TRUE,TRUE,TRUE
"74495e21-f13e-44d0-b4b7-763ef449c0ad","species","2e3d179d-f422-43c8-9111-10842d62c15e","t0027914","Moonia guttulinervis","Animalia","Insecta","native","","","","","",NA,"species","Mesoparopia guttulinervis","FALSE","FALSE","native","","","","Mesoparopia","guttulinervis",NA,"","","",FALSE,TRUE,TRUE,TRUE
"4fb50ef1-2e6d-4039-8909-cb3f87d9f4fa","species","2e3d179d-f422-43c8-9111-10842d62c15e","t0027915","Moonia lata","Animalia","Insecta","native","","","","","",NA,"species","Mesoparopia lata","FALSE","FALSE","native","","","","Mesoparopia","lata",NA,"","","",FALSE,TRUE,TRUE,TRUE
"7ca55d33-ee29-44ca-84d2-01de452cca2c","species","9c8c3e6e-049d-4d5d-be8d-0bc97af3a80a","t0039647","Stenometopius formosanus","Animalia","Insecta","native","true","","","","",NA,"species","Hodoedocus formosanus","TRUE","FALSE","native","","","","Hodoedocus","formosanus",NA,"","","",FALSE,TRUE,TRUE,TRUE
"373acb61-23a2-45a5-bb23-199e394d0bfc","species","dfcd5376-4449-44ab-b00b-2bcb6f9192ce","t0070860","Allantus melanocoxa","Animalia","Insecta","native","","","","","",NA,"infraspecies","Allantus luctifer melanocoxus","FALSE","FALSE","native","","","","Allantus","luctifer","melanocoxus","","","",FALSE,TRUE,TRUE,TRUE
"81e6ee14-54e0-42b3-b528-1fcc0942085f","species","fc41bf51-1673-4b73-8e3a-2feb1aa792aa","t0081543","Nesoselandria formosana","Animalia","Insecta","native","","","","","",NA,"species","Corrugia formosana","FALSE","FALSE","native","","","","Corrugia","formosana",NA,"","","",FALSE,TRUE,TRUE,TRUE
"b23c0b2a-9fea-4b81-8e18-07c09a85bdf3","species","c4be613e-86e6-43e7-ba50-3546eb8d1f28","t0047546","Tomostethus formosanus","Animalia","Insecta","native","","","","","",NA,"species","Eutomostethus formosanus","FALSE","FALSE","native","","","","Eutomostethus","formosanus",NA,"","","",FALSE,TRUE,TRUE,TRUE
"a3563d82-590e-48d3-a8f1-18d79604f9d9","species","b32c33ca-b409-4431-ac19-c8fd7412225c","t0076750","Bracon hispae","Animalia","Insecta","native","","","","","",NA,"species","Scutibracon hispae","FALSE","FALSE","native","","","","Scutibracon","hispae",NA,"","","",FALSE,TRUE,TRUE,TRUE
"e45458af-9e01-42b3-8dc0-22ae8c381b10","species","11b773ed-a718-4510-a1c6-af4721c623f8","t0038117","Saphonecrus lithocarpii","Animalia","Insecta","non-native","","","","","",NA,"species","Saphonecrus taiwanensis","TRUE","FALSE","native","","","","Saphonecrus","taiwanensis",NA,"","","",FALSE,TRUE,TRUE,TRUE
"76030882-a8b4-42cf-8211-6ceb955f7bcd","species","8946176c-12bc-46b5-af84-d8074e8cc993","t0036386","Pollinia luteola","Animalia","Insecta","native","","","","","",NA,"species","Dexopollenia luteola","TRUE","FALSE","native","","","","Dexopollenia","luteola",NA,"","","",FALSE,TRUE,TRUE,TRUE
"8072fd25-ccb2-486e-b5f3-f2c2914cb3aa","species","","t0070377","Aedes (Neomelaniconion) lineatopennis","Animalia","Insecta","native","","","","","",NA,"species","Neomelaniconion lineatopenne","FALSE","FALSE","native","","","","Neomelaniconion","lineatopenne",NA,"","","",FALSE,TRUE,TRUE,TRUE
"9f9ae253-2519-40b3-8da2-6f10cab00d67","species","","t0102400","Aedes (Scutomyia) albolineatus","Animalia","Insecta","native","","","","","",NA,"species","Scutomyia albolineata","FALSE","FALSE","native","","","","Scutomyia","albolineata",NA,"","","",FALSE,TRUE,TRUE,TRUE
"af1f784a-8810-41c8-804c-ab1995500f10","species","","t0070378","Aedes (Stegomyia) malikuli","Animalia","Insecta","native","","","","","",NA,"species","Stegomyia malikuli","FALSE","FALSE","native","","","","Stegomyia","malikuli",NA,"","","",FALSE,TRUE,TRUE,TRUE
"821d19cc-41c9-43f1-82f5-e459b359dbeb","species","","t0081937","Ochlerotatus (Finlaya) sinensis","Animalia","Insecta","native","","","","","",NA,"species","Downsiomyia sinensis","FALSE","FALSE","native","","","","Downsiomyia","sinensis",NA,"","","",FALSE,TRUE,TRUE,TRUE
"4150a3f5-6e09-4b45-a46a-1704a84ba381","species","","t0079812","Culicoides (Beltranmyia) arakawai","Animalia","Insecta","native","","","","","",NA,"species","Culicoides arakawae","FALSE","FALSE","native","","","","Culicoides","arakawae",NA,"","","",FALSE,TRUE,TRUE,TRUE
"ec80a4fa-60c2-437f-bc82-59440f634173","species","c1ee3f9a-af68-4dc9-86ec-1d00dc632bbc","t0063975","Forcipomyia propoia","Animalia","Insecta","native","","","","","",NA,"species","Forcipomyia propria","FALSE","FALSE","native","","","","Forcipomyia","propria",NA,"","","",FALSE,TRUE,TRUE,TRUE
"e9d7a4a9-28d8-4462-8912-2786ea3215c8","species","2e10b280-5617-40ff-b62e-049b8fc21946","t0071199","Amobina distorta","Animalia","Insecta","native","","","","","",NA,"species","Amobia oculata","FALSE","FALSE","native","","","","Amobia","oculata",NA,"","","",FALSE,TRUE,TRUE,TRUE
"d3d012a0-e28e-4e8f-bd20-575de93b437f","species","b8c1a631-95ef-449d-909b-c6feec7c8468","t0065170","Harpagophalla phoenicopterus","Animalia","Insecta","native","","","","","",NA,"species","Seniorwhitea phoenicopterus","FALSE","FALSE","native","","","","Seniorwhitea","phoenicopterus",NA,"","","",FALSE,TRUE,TRUE,TRUE
"9d3cd7a3-9eeb-4365-8031-665c8ad11b7f","species","65123a0f-9df8-4566-bcdc-c5c6840bcd03","t0069183","Metopia instruens","Animalia","Insecta","native","","","","","",NA,"species","Metopia argentata","FALSE","FALSE","native","","","","Metopia","argentata",NA,"","","",FALSE,TRUE,TRUE,TRUE
"0f3128c7-bd31-4a1e-bdc0-1052501d8dfe","species","a952e767-8f63-45fa-a5ec-61207a119c6b","t0037273","Pterella fasciata","Animalia","Insecta","native","","","","","",NA,"species","Protomiltogramma fasciata","FALSE","FALSE","native","","","","Protomiltogramma","fasciata",NA,"","","",FALSE,TRUE,TRUE,TRUE
"0bf4773f-e79d-448b-9f19-39bb5d822d1c","species","3fc2cde3-26da-4515-bc12-c11998bd0b01","t0032587","Sarcophaga albiceps","Animalia","Insecta","native","","","","","",NA,"species","Parasarcophaga albiceps","FALSE","FALSE","native","","","","Parasarcophaga","albiceps",NA,"","","",FALSE,TRUE,TRUE,TRUE
"38ca38ee-5a4f-4f55-b8ae-57ea59dce4be","species","3fc2cde3-26da-4515-bc12-c11998bd0b01","t0038168","Sarcophaga anchoriformes","Animalia","Insecta","native","","","","","",NA,"species","Robineauella anchoriformis","FALSE","FALSE","native","","","","Robineauella","anchoriformis",NA,"","","",FALSE,TRUE,TRUE,TRUE
"9ebf7a69-c897-44b6-888f-374567ec67a8","species","3fc2cde3-26da-4515-bc12-c11998bd0b01","t0038169","Sarcophaga antilope","Animalia","Insecta","native","","","","","",NA,"species","Sarcorohdendorfia antilope","FALSE","FALSE","native","","","","Sarcorohdendorfia","antilope",NA,"","","",FALSE,TRUE,TRUE,TRUE
"3bd77c17-0f6c-496b-85d0-09558c229909","species","3fc2cde3-26da-4515-bc12-c11998bd0b01","t0038170","Sarcophaga basiseta","Animalia","Insecta","native","","","","","",NA,"species","Hoa basiseta","FALSE","FALSE","native","","","","Hoa","basiseta",NA,"","","",FALSE,TRUE,TRUE,TRUE
"d581d404-8104-4ad2-b77f-c15a003adc49","species","3fc2cde3-26da-4515-bc12-c11998bd0b01","t0038171","Sarcophaga beesoni","Animalia","Insecta","native","","","","","",NA,"species","Lioproctia beesoni","FALSE","FALSE","native","","","","Lioproctia","beesoni",NA,"","","",FALSE,TRUE,TRUE,TRUE
"afc0b6e2-ec38-4598-b347-30f696c8d5b5","species","3fc2cde3-26da-4515-bc12-c11998bd0b01","t0038172","Sarcophaga breicornis","Animalia","Insecta","native","","","","","",NA,"species","Liosarcophaga kohla","FALSE","FALSE","native","","","","Liosarcophaga","kohla",NA,"","","",FALSE,TRUE,TRUE,TRUE
"f9d12da3-874f-4926-bf71-25f7c7494673","species","3fc2cde3-26da-4515-bc12-c11998bd0b01","t0038173","Sarcophaga calicifera","Animalia","Insecta","native","","","","","",NA,"species","Asceloctella calicifera","FALSE","FALSE","native","","","","Asceloctella","calicifera",NA,"","","",FALSE,TRUE,TRUE,TRUE
"1410098f-4af4-4cba-9fae-a45f0abe479d","species","3fc2cde3-26da-4515-bc12-c11998bd0b01","t0038174","Sarcophaga caudagalli","Animalia","Insecta","native","","","","","",NA,"species","Pseudothyrsocnema caudagalli","FALSE","FALSE","native","","","","Pseudothyrsocnema","caudagalli",NA,"","","",FALSE,TRUE,TRUE,TRUE
"cc113da1-63fb-459c-a17f-8baad50dd603","species","3fc2cde3-26da-4515-bc12-c11998bd0b01","t0038176","Sarcophaga concreata","Animalia","Insecta","native","","","","","",NA,"species","Parasarcophaga concreata","FALSE","FALSE","native","","","","Parasarcophaga","concreata",NA,"","","",FALSE,TRUE,TRUE,TRUE
"b01f0eb6-b917-40d4-993e-898e072d84b1","species","3fc2cde3-26da-4515-bc12-c11998bd0b01","t0032588","Sarcophaga crinita","Animalia","Insecta","native","","","","","",NA,"species","Sarcosolomonia crinita","FALSE","FALSE","native","","","","Sarcosolomonia","crinita",NA,"","","",FALSE,TRUE,TRUE,TRUE
"52fab617-1cac-4ca4-af6d-0d496e2efafb","species","3fc2cde3-26da-4515-bc12-c11998bd0b01","t0032589","Sarcophaga dux","Animalia","Insecta","native","","","","","",NA,"species","Liosarcophaga dux","FALSE","FALSE","native","","","","Liosarcophaga","dux",NA,"","","",FALSE,TRUE,TRUE,TRUE
"2ef88e11-0c91-41a4-a56d-9cf82ab5df60","species","3fc2cde3-26da-4515-bc12-c11998bd0b01","t0038177","Sarcophaga fenchihuensis","Animalia","Insecta","native","","","","","",NA,"species","Sugiyamamyia fenchihuensis","FALSE","FALSE","native","","","","Sugiyamamyia","fenchihuensis",NA,"","","",FALSE,TRUE,TRUE,TRUE
"abd46257-4ac7-469b-b1f5-f808b886b9bf","species","3fc2cde3-26da-4515-bc12-c11998bd0b01","t0038178","Sarcophaga formosensis","Animalia","Insecta","native","","","","","",NA,"species","Boettcherisca formosensis","FALSE","FALSE","native","","","","Boettcherisca","formosensis",NA,"","","",FALSE,TRUE,TRUE,TRUE
"8d139a43-4d0f-4a46-859c-b082ceac7faa","species","3fc2cde3-26da-4515-bc12-c11998bd0b01","t0038179","Sarcophaga gracilior","Animalia","Insecta","native","","","","","",NA,"species","Sarcorohdendorfia gracilior","FALSE","FALSE","native","","","","Sarcorohdendorfia","gracilior",NA,"","","",FALSE,TRUE,TRUE,TRUE
"cb595dfe-98ad-45a0-be1e-5b011a4f8589","species","3fc2cde3-26da-4515-bc12-c11998bd0b01","t0038180","Sarcophaga gravelyi","Animalia","Insecta","native","","","","","",NA,"species","Phallosphaera gravelyi","FALSE","FALSE","native","","","","Phallosphaera","gravelyi",NA,"","","",FALSE,TRUE,TRUE,TRUE
"f77e3ff4-174e-4389-b227-64b1a3ca22c4","species","3fc2cde3-26da-4515-bc12-c11998bd0b01","t0038181","Sarcophaga hainanensis","Animalia","Insecta","native","","","","","",NA,"species","Parasarcophaga hainanensis","FALSE","FALSE","native","","","","Parasarcophaga","hainanensis",NA,"","","",FALSE,TRUE,TRUE,TRUE
"78d9562b-bc01-47bf-8fe6-2d3890150b54","species","3fc2cde3-26da-4515-bc12-c11998bd0b01","t0038182","Sarcophaga hervebazini","Animalia","Insecta","native","","","","","",NA,"species","Parasarcophaga hervebazini","FALSE","FALSE","native","","","","Parasarcophaga","hervebazini",NA,"","","",FALSE,TRUE,TRUE,TRUE
"ab79e586-2b3f-4943-8d2e-d6450bcbe587","species","3fc2cde3-26da-4515-bc12-c11998bd0b01","t0038183","Sarcophaga idmais","Animalia","Insecta","native","","","","","",NA,"species","Liosarcophaga idmais","FALSE","FALSE","native","","","","Liosarcophaga","idmais",NA,"","","",FALSE,TRUE,TRUE,TRUE
"7908aa41-113f-4726-8c26-bf754436d442","species","3fc2cde3-26da-4515-bc12-c11998bd0b01","t0038185","Sarcophaga iwuensis","Animalia","Insecta","native","","","","","",NA,"species","Liosarcophaga iwuensis","FALSE","FALSE","native","","","","Liosarcophaga","iwuensis",NA,"","","",FALSE,TRUE,TRUE,TRUE
"db6edce1-b115-41f4-8926-c44c25c14247","species","3fc2cde3-26da-4515-bc12-c11998bd0b01","t0032590","Sarcophaga josephi","Animalia","Insecta","native","","","","","",NA,"species","Bellieriomima josephi","FALSE","FALSE","native","","","","Bellieriomima","josephi",NA,"","","",FALSE,TRUE,TRUE,TRUE
"35dec07f-a285-49a7-aa62-742ce3bddd14","species","3fc2cde3-26da-4515-bc12-c11998bd0b01","t0038186","Sarcophaga krameri","Animalia","Insecta","native","","","","","",NA,"species","Seniorwhitea princeps","FALSE","FALSE","native","","","","Seniorwhitea","princeps",NA,"","","",FALSE,TRUE,TRUE,TRUE
"4c72dd87-228d-4a0f-a41f-8f4b91b88606","species","3fc2cde3-26da-4515-bc12-c11998bd0b01","t0038187","Sarcophaga lini","Animalia","Insecta","native","","","","","",NA,"species","Myorhina lini","FALSE","FALSE","native","","","","Myorhina","lini",NA,"","","",FALSE,TRUE,TRUE,TRUE
"1f28d994-f9d3-45c1-880b-ee70a5b6c9aa","species","3fc2cde3-26da-4515-bc12-c11998bd0b01","t0038188","Sarcophaga melanura","Animalia","Insecta","native","","","","","",NA,"species","Helicophagella melanura","FALSE","FALSE","native","","","","Helicophagella","melanura",NA,"","","",FALSE,TRUE,TRUE,TRUE
"c77e54f0-0096-4df6-b512-71aa78f50116","species","3fc2cde3-26da-4515-bc12-c11998bd0b01","t0038189","Sarcophaga membranocorporis","Animalia","Insecta","native","","","","","",NA,"species","Membranophalla membranocorporis","FALSE","FALSE","native","","","","Membranophalla","membranocorporis",NA,"","","",FALSE,TRUE,TRUE,TRUE
"85fcba59-9ab8-48f5-868d-bde02d219e47","species","3fc2cde3-26da-4515-bc12-c11998bd0b01","t0032591","Sarcophaga misera","Animalia","Insecta","native","","","","","",NA,"species","Parasarcophaga misera","FALSE","FALSE","native","","","","Parasarcophaga","misera",NA,"","","",FALSE,TRUE,TRUE,TRUE
"976f2845-9e98-4b8f-a4ab-62f1b71d1735","species","3fc2cde3-26da-4515-bc12-c11998bd0b01","t0038190","Sarcophaga nigribasicosta","Animalia","Insecta","native","","","","","",NA,"species","Dinemomyia nigribasicosta","FALSE","FALSE","native","","","","Dinemomyia","nigribasicosta",NA,"","","",FALSE,TRUE,TRUE,TRUE
"89c8c7b0-8d45-44fe-862b-920c875c2664","species","3fc2cde3-26da-4515-bc12-c11998bd0b01","t0038192","Sarcophaga ostindicae","Animalia","Insecta","native","","","","","",NA,"species","Fengia ostindicae","FALSE","FALSE","native","","","","Fengia","ostindicae",NA,"","","",FALSE,TRUE,TRUE,TRUE
"421622d4-b112-4fb0-ae8b-94340f22ba5e","species","3fc2cde3-26da-4515-bc12-c11998bd0b01","t0038193","Sarcophaga pattoni","Animalia","Insecta","native","","","","","",NA,"species","Lioproctia pattoni","FALSE","FALSE","native","","","","Lioproctia","pattoni",NA,"","","",FALSE,TRUE,TRUE,TRUE
"000ecdb8-04b3-4722-96ca-a8b39c06145b","species","3fc2cde3-26da-4515-bc12-c11998bd0b01","t0032592","Sarcophaga peregrina","Animalia","Insecta","native","","","","","",NA,"species","Boettcherisca peregrina","FALSE","FALSE","native","","","","Boettcherisca","peregrina",NA,"","","",FALSE,TRUE,TRUE,TRUE
"2061701a-6969-4f14-91ad-8623c56ec05f","species","3fc2cde3-26da-4515-bc12-c11998bd0b01","t0038194","Sarcophaga prosbaliina","Animalia","Insecta","native","","","","","",NA,"species","Parathyrsocnema prosballiina","FALSE","FALSE","native","","","","Parathyrsocnema","prosballiina",NA,"","","",FALSE,TRUE,TRUE,TRUE
"11b6fa1b-3b81-47c4-8964-d727cfef32c7","species","3fc2cde3-26da-4515-bc12-c11998bd0b01","t0032593","Sarcophaga ruficornis","Animalia","Insecta","native","","","","","",NA,"species","Liopygia ruficornis","FALSE","FALSE","native","","","","Liopygia","ruficornis",NA,"","","",FALSE,TRUE,TRUE,TRUE
"f188f9a8-7867-4ea5-a6f4-5695bf0a4bad","species","3fc2cde3-26da-4515-bc12-c11998bd0b01","t0038195","Sarcophaga schuetzei","Animalia","Insecta","native","","","","","",NA,"species","Kramerea schuetzei","FALSE","FALSE","native","","","","Kramerea","schuetzei",NA,"","","",FALSE,TRUE,TRUE,TRUE
"02f198c8-3792-47de-bac3-163a291cad59","species","3fc2cde3-26da-4515-bc12-c11998bd0b01","t0038196","Sarcophaga scopariiformes","Animalia","Insecta","native","","","","","",NA,"species","Liosarcophaga scopariiformis","FALSE","FALSE","native","","","","Liosarcophaga","scopariiformis",NA,"","","",FALSE,TRUE,TRUE,TRUE
"eccb53e6-1105-419e-8064-75f50c927f19","species","3fc2cde3-26da-4515-bc12-c11998bd0b01","t0032594","Sarcophaga sericea","Animalia","Insecta","native","","","","","",NA,"species","Parasarcophaga taenionota","FALSE","FALSE","native","","","","Parasarcophaga","taenionota",NA,"","","",FALSE,TRUE,TRUE,TRUE
"2905cb15-e4ca-40ac-9e72-5b41423c65c7","species","3fc2cde3-26da-4515-bc12-c11998bd0b01","t0032595","Sarcophaga serrata","Animalia","Insecta","native","","","","","",NA,"species","Hosarcophaga serrata","FALSE","FALSE","native","","","","Hosarcophaga","serrata",NA,"","","",FALSE,TRUE,TRUE,TRUE
"54d75cb7-0909-42b8-b0d9-833b02c981e2","species","3fc2cde3-26da-4515-bc12-c11998bd0b01","t0038197","Sarcophaga taiwanensis","Animalia","Insecta","native","","","","","",NA,"species","Johnstonimyia taiwanensis","FALSE","FALSE","native","","","","Johnstonimyia","taiwanensis",NA,"","","",FALSE,TRUE,TRUE,TRUE
"7ec32710-dec9-48b7-beee-ae9841b6b705","species","3fc2cde3-26da-4515-bc12-c11998bd0b01","t0038198","Sarcophaga tristylata","Animalia","Insecta","native","","","","","",NA,"species","Liosarcophaga tristylata","FALSE","FALSE","native","","","","Liosarcophaga","tristylata",NA,"","","",FALSE,TRUE,TRUE,TRUE
"79782ffc-7366-4c72-84b3-f1cdcec4f657","species","3fc2cde3-26da-4515-bc12-c11998bd0b01","t0038199","Sarcophaga tsengi","Animalia","Insecta","native","","","","","",NA,"species","Sugiyamamyia tsengi","FALSE","FALSE","native","","","","Sugiyamamyia","tsengi",NA,"","","",FALSE,TRUE,TRUE,TRUE
"ab2c9f79-e769-4ce4-90e8-0ed9999b2ac4","species","3fc2cde3-26da-4515-bc12-c11998bd0b01","t0038200","Sarcophaga tuberosa","Animalia","Insecta","native","","","","","",NA,"species","Liosarcophaga tuberosa","FALSE","FALSE","native","","","","Liosarcophaga","tuberosa",NA,"","","",FALSE,TRUE,TRUE,TRUE
"c39bb5cb-5848-4700-89cf-eb775ba03843","species","b3070d75-42ed-49dc-926f-98bb5ae7da18","t0038231","Sarcotakaops arnaudiella","Animalia","Insecta","native","","","","","",NA,"species","Sarcophaga okazakii","FALSE","FALSE","native","","","","Sarcophaga","okazakii",NA,"","","",FALSE,TRUE,TRUE,TRUE
"07e5d6ee-cf0d-4048-933e-16a986180662","species","3979579f-ef1c-4caa-9d6b-02579e1e02d0","t0062461","Elephantomyia luculenta","Animalia","Insecta","native","","","","","",NA,"species","Elephantomyia (Elephantomyia) luculenta","FALSE","FALSE","native","","","","Elephantomyia","(Elephantomyia)","luculenta","","","",FALSE,TRUE,TRUE,TRUE
"8ce908ab-06eb-4702-b2d8-bfc6c1685c71","species","3979579f-ef1c-4caa-9d6b-02579e1e02d0","t0062462","Elephantomyia serotina","Animalia","Insecta","native","","","","","",NA,"species","Elephantomyia (Elephantomyia) serotina","FALSE","FALSE","native","","","","Elephantomyia","(Elephantomyia)","serotina","","","",FALSE,TRUE,TRUE,TRUE
"2c73d68e-6e62-4099-bbb6-91fb865fb5dd","species","d0e5d24d-1e18-45b0-90e9-6cc44cb2ed95","t0067429","Limnophlia excelsa","Animalia","Insecta","native","","","","","",NA,"species","Limnophila excelsa","FALSE","FALSE","native","","","","Limnophila","excelsa",NA,"","","",FALSE,TRUE,TRUE,TRUE
"36ec7cee-ff65-463b-af41-6d73e4ce0dd6","species","d0e5d24d-1e18-45b0-90e9-6cc44cb2ed95","t0067431","Limnophlia ferocia","Animalia","Insecta","native","","","","","",NA,"species","Limnophila ferocia","FALSE","FALSE","native","","","","Limnophila","ferocia",NA,"","","",FALSE,TRUE,TRUE,TRUE
"3f8e6ff3-b6a7-4d99-a4cd-e8fca81a0d0a","species","d0e5d24d-1e18-45b0-90e9-6cc44cb2ed95","t0067438","Limnophlia platystyla","Animalia","Insecta","native","","","","","",NA,"species","Limnophila platystyla","FALSE","FALSE","native","","","","Limnophila","platystyla",NA,"","","",FALSE,TRUE,TRUE,TRUE
"5e2d93c4-f1dd-4317-a11f-6f1b47cbd5f3","species","d0e5d24d-1e18-45b0-90e9-6cc44cb2ed95","t0067439","Limnophlia rantaizana","Animalia","Insecta","native","","","","","",NA,"species","Limnophila rantaizana","FALSE","FALSE","native","","","","Limnophila","rantaizana",NA,"","","",FALSE,TRUE,TRUE,TRUE
"3ea50080-70ec-4798-a6c9-f44cfd710312","species","d0e5d24d-1e18-45b0-90e9-6cc44cb2ed95","t0067434","Limnophlia inaequalis","Animalia","Insecta","native","","","","","",NA,"species","Limnophila inaequalis","FALSE","FALSE","native","","","","Limnophila","inaequalis",NA,"","","",FALSE,TRUE,TRUE,TRUE
"5ee67b19-6a0e-4a89-87dc-8b1a1653e072","species","d0e5d24d-1e18-45b0-90e9-6cc44cb2ed95","t0067435","Limnophlia nesonemoralis","Animalia","Insecta","native","","","","","",NA,"species","Limnophila nesonemoralis","FALSE","FALSE","native","","","","Limnophila","nesonemoralis",NA,"","","",FALSE,TRUE,TRUE,TRUE
"a797b0eb-f4b9-4344-81fd-eccd58390bed","species","d0e5d24d-1e18-45b0-90e9-6cc44cb2ed95","t0067428","Limnophlia dorsolineata","Animalia","Insecta","native","","","","","",NA,"species","Limnophila dorsolineata","FALSE","FALSE","native","","","","Limnophila","dorsolineata",NA,"","","",FALSE,TRUE,TRUE,TRUE
"c2f44dca-5d0b-44eb-849b-3e47403ea3b3","species","d0e5d24d-1e18-45b0-90e9-6cc44cb2ed95","t0067432","Limnophlia formosa","Animalia","Insecta","native","","","","","",NA,"species","Limnophila formosa","FALSE","FALSE","native","","","","Limnophila","formosa",NA,"","","",FALSE,TRUE,TRUE,TRUE
"db14c173-6383-4f80-9259-6f24e7f97636","species","d0e5d24d-1e18-45b0-90e9-6cc44cb2ed95","t0067441","Limnophlia taiwanensis","Animalia","Insecta","native","","","","","",NA,"species","Limnophila taiwanensis","FALSE","FALSE","native","","","","Limnophila","taiwanensis",NA,"","","",FALSE,TRUE,TRUE,TRUE
"dd9537b3-3282-4297-a540-f7e4b8dd0b5d","species","d0e5d24d-1e18-45b0-90e9-6cc44cb2ed95","t0067430","Limnophlia fascipennis","Animalia","Insecta","native","","","","","",NA,"species","Limnophila fascipennis","FALSE","FALSE","native","","","","Limnophila","fascipennis",NA,"","","",FALSE,TRUE,TRUE,TRUE
"fa211335-ee95-4f39-aada-c88985868c72","species","d0e5d24d-1e18-45b0-90e9-6cc44cb2ed95","t0067433","Limnophlia harukonis","Animalia","Insecta","native","","","","","",NA,"species","Limnophila harukonis","FALSE","FALSE","native","","","","Limnophila","harukonis",NA,"","","",FALSE,TRUE,TRUE,TRUE
"454838be-9924-468c-a5eb-86531de91e01","species","d0e5d24d-1e18-45b0-90e9-6cc44cb2ed95","t0067436","Limnophlia nigronitida","Animalia","Insecta","native","","","","","",NA,"species","Limnophila nigronitida","FALSE","FALSE","native","","","","Limnophila","nigronitida",NA,"","","",FALSE,TRUE,TRUE,TRUE
"4f533a56-5d11-45d9-a644-95fb094fe905","species","d0e5d24d-1e18-45b0-90e9-6cc44cb2ed95","t0067437","Limnophlia oritropha","Animalia","Insecta","native","","","","","",NA,"species","Limnophila oritropha","FALSE","FALSE","native","","","","Limnophila","oritropha",NA,"","","",FALSE,TRUE,TRUE,TRUE
"d7465076-fa0f-4a3c-bf50-7c7fa6b41fe9","species","d0e5d24d-1e18-45b0-90e9-6cc44cb2ed95","t0067440","Limnophlia serridentata","Animalia","Insecta","native","","","","","",NA,"species","Limnophila serridentata","FALSE","FALSE","native","","","","Limnophila","serridentata",NA,"","","",FALSE,TRUE,TRUE,TRUE
"3281eb02-c6d5-4c2a-ac76-b21a50fa277b","species","e9b37c93-b7eb-4bfb-b09f-92eacd6a542b","t0047488","Tipula ruformedia","Animalia","Insecta","native","","","","","",NA,"species","Tipula rufomedia","FALSE","FALSE","native","","","","Tipula","rufomedia",NA,"","","",FALSE,TRUE,TRUE,TRUE
"54f949a0-d2dc-4077-8fe3-e1c35c581783","species","c1ebe001-5606-4a0f-b0bc-09bba0eb5e38","t0046565","Tabanus sexcictus","Animalia","Insecta","native","","","","","",NA,"species","Tabanus sexcinctus","FALSE","FALSE","native","","","","Tabanus","sexcinctus",NA,"","","",FALSE,TRUE,TRUE,TRUE
"86644044-f2b3-41f6-9c4b-2005408cdfe4","species","","t0083930","Phalacrotophora (Omapanta) quardrimaculata","Animalia","Insecta","native","","","","","",NA,"species","Phalacrotophora quadrimaculata","FALSE","FALSE","native","","","","Phalacrotophora","quadrimaculata",NA,"","","",FALSE,TRUE,TRUE,TRUE
"45e2d73a-2c32-4a7f-b17a-c284615c4428","species","","t0083929","Phalacrotophora (Phalacrotophora) puncifrons","Animalia","Insecta","native","","","","","",NA,"species","Phalacrotophora punctifrons","FALSE","FALSE","native","","","","Phalacrotophora","punctifrons",NA,"","","",FALSE,TRUE,TRUE,TRUE
"aea48a10-d211-48bd-83f1-1e5b5279274f","species","20f10778-cd2c-46d9-b6d0-9003539c4ba3","t0040039","Stronglyophthalmyia immaculata","Animalia","Insecta","native","","","","","",NA,"species","Strongylophthalmyia immaculata","FALSE","FALSE","native","","","","Strongylophthalmyia","immaculata",NA,"","","",FALSE,TRUE,TRUE,TRUE
"1fd59c1b-1238-4d4c-a95a-8d4b753d9967","species","8d6d8102-f5ed-4b61-baf6-d8f528193516","t0057882","Baliga sagax","Animalia","Insecta","native","","","","","",NA,"species","Baliga brunneipennis","FALSE","FALSE","native","","","","Baliga","brunneipennis",NA,"","","",FALSE,TRUE,TRUE,TRUE
"feb03584-a022-408d-8519-ce0326fb36c2","species","7b09dda0-a98f-4415-84fb-56808c67b0fb","t0080831","Myrmeleon formicalynx","Animalia","Insecta","native","","","","","",NA,"species","Myrmeleon wangi","TRUE","FALSE","native","","","","Myrmeleon","wangi",NA,"","","",FALSE,TRUE,TRUE,TRUE
"205282bf-60e8-434b-b90b-5d56d6172a9c","species","3906b19b-c222-44c8-a0c7-db337ec6db10","t0064897","Gynacantha hyalina","Animalia","Insecta","native","","","","DD","",NA,"species","Gynacantha subinterrupta","FALSE","FALSE","native","LC","LC","","Gynacantha","subinterrupta",NA,"LC","LC","",FALSE,FALSE,FALSE,TRUE
"a9e969c3-90d1-438f-9cae-b4b13a7d7efb","species","d760d979-4934-4979-a276-1df08f19aa5c","t0035950","Planaeschna taiwana","Animalia","Insecta","native","true","","","LC","",NA,"species","Aeschnophlebia taiwana","TRUE","FALSE","native","","LC","","Aeschnophlebia","taiwana",NA,"","LC","",FALSE,FALSE,FALSE,TRUE
"a6239ced-04e5-470d-93bc-f3059319a53d","species","d760d979-4934-4979-a276-1df08f19aa5c","t0098513","Planaeschna ishigakiana","Animalia","Insecta","native","","","","","",NA,"species","Aeschnophlebia ishigakiana","FALSE","FALSE","native","","NT","","Aeschnophlebia","ishigakiana",NA,"","NT","",FALSE,TRUE,FALSE,TRUE
"d94851ff-9abb-4814-8c76-e3a32b991513","species","d760d979-4934-4979-a276-1df08f19aa5c","t0098514","Planaeschna risi","Animalia","Insecta","native","","","","LC","",NA,"species","Aeschnophlebia risi","FALSE","FALSE","native","","LC","","Aeschnophlebia","risi",NA,"","LC","",FALSE,FALSE,FALSE,TRUE
"1692bc52-21d4-4635-9f7c-3418a0cb9cb8","species","a738f507-f451-4766-a343-e80e7c1a28f5","t0036392","Polycanthagyna erythromelas","Animalia","Insecta","native","","","","LC","",NA,"species","Indaeschna erythromelas","FALSE","FALSE","native","","LC","","Indaeschna","erythromelas",NA,"","LC","",FALSE,FALSE,FALSE,TRUE
"bde427d2-2374-4a6d-828f-e6f712f9c575","species","a738f507-f451-4766-a343-e80e7c1a28f5","t0036393","Polycanthagyna melanictera","Animalia","Insecta","native","","","","LC","",NA,"species","Indaeschna melanictera","FALSE","FALSE","native","","NT","","Indaeschna","melanictera",NA,"","NT","",FALSE,FALSE,FALSE,TRUE
"c1939d1a-bee6-4a8c-87ae-dafa2bba1f85","species","a738f507-f451-4766-a343-e80e7c1a28f5","t0036394","Polycanthagyna ornithocephala","Animalia","Insecta","native","","","","LC","",NA,"species","Indaeschna ornithocephala","FALSE","FALSE","native","","NT","","Indaeschna","ornithocephala",NA,"","NT","",FALSE,FALSE,FALSE,TRUE
"bbca84f0-ff9c-4c50-afe0-adad9b17ce28","species","504ede7f-e0ba-4bfc-ad7d-2d86fdff5590","t0071539","Anisogomphus koxingai","Animalia","Insecta","native","","","","LC","",NA,"species","Euthygomphus koxingai","FALSE","FALSE","native","","VU","","Euthygomphus","koxingai",NA,"","VU","",FALSE,FALSE,FALSE,TRUE
"1bd82e00-a7f8-432b-b9fd-3a979e2b7dec","species","b9e68500-550b-4003-8db5-724838ffe61c","t0078244","Chlorogomphus splendidus","Animalia","Insecta","native","","","","DD","",NA,"species","Chlorogomphus suzukii","FALSE","FALSE","native","","LC","","Chlorogomphus","suzukii",NA,"","LC","",FALSE,FALSE,FALSE,TRUE
"120cf5a9-6994-4957-b698-c339dcb076dd","species","ecac7d02-3411-45f5-a179-8b663196ecd5","t0032518","Rhyothemis fuliginosa","Animalia","Insecta","native","","","","LC","",NA,"species","Rhyothemis regia","FALSE","FALSE","native","","LC","","Rhyothemis","regia",NA,"","LC","",FALSE,FALSE,FALSE,TRUE
"f72c970e-717c-4598-9cda-0f5f60697d30","species","bfe89c3f-54b7-454e-b2de-3beb38c1053e","t0077062","Calicnemis eximia","Animalia","Insecta","native","","","","","",NA,"species","Calicnemia eximia","FALSE","FALSE","native","","","","Calicnemia","eximia",NA,"","","",FALSE,TRUE,TRUE,TRUE
"09d65873-e37e-4e45-98bc-2f9a617ffc12","species","ac4b3029-4fa1-4e37-8555-e7e981b75756","t0079260","Copera ciliata","Animalia","Insecta","native","","","","LC","",NA,"species","Pseudocopera ciliata","FALSE","FALSE","native","","LC","","Pseudocopera","ciliata",NA,"","LC","",FALSE,FALSE,FALSE,TRUE
"a0fc262e-b8b0-4280-9701-6e46c6d0ffe3","species","bfd7e30b-3e12-453c-a89a-ee3d633676ad","t0068271","Macromia berlandi","Animalia","Insecta","native","","","","LC","",NA,"infraspecies","Macromia cupricincta berlandi","FALSE","FALSE","native","","DD","","Macromia","cupricincta","berlandi","","DD","",FALSE,FALSE,FALSE,TRUE
"4c4da32f-e92f-4804-9ac4-fe862991aead","species","0465a7e6-bcbd-47c8-b0f5-4cdb020680c7","t0068660","Megalestes maai","Animalia","Insecta","native","","","","LC","",NA,"species","Megalestes riccii","FALSE","FALSE","native","LC","LC","","Megalestes","riccii",NA,"LC","LC","",FALSE,TRUE,FALSE,TRUE
"ea690096-135f-4aa5-93c0-d7eece999c7b","species","2c258482-76c1-44a7-9c30-1e6beaa8e1f7","t0031883","Phyllothelys cornutum","Animalia","Insecta","native","","","","","",NA,"species","Phyllothelys cornutus","FALSE","FALSE","native","","","","Phyllothelys","cornutus",NA,"","","",FALSE,TRUE,TRUE,TRUE
"01026e8a-5f3d-45c9-b4a9-a3fd5ccddb7d","species","e17a4632-b493-4091-ab35-a6681644adf9","t0046932","Tenodera capitata","Animalia","Insecta","native","","","","","",NA,"species","Epitenodera capitata","FALSE","FALSE","native","","","","Epitenodera","capitata",NA,"","","",FALSE,TRUE,TRUE,TRUE
"825b3200-e440-49a8-96f0-2b6deda54061","species","d2e6d53d-3acb-47f8-810a-4a10b8272850","t0070472","Agapetus japonicus","Animalia","Insecta","native","","","","","",NA,"species","Agapetus sibiricus","FALSE","FALSE","native","","","","Agapetus","sibiricus",NA,"","","",FALSE,TRUE,TRUE,TRUE
"c64081d6-adea-4618-b702-68a72353d8b1","species","ce05dd9b-e533-4648-b822-9948276861a4","t0080850","Mystacides dentatus","Animalia","Insecta","native","","","","","",NA,"species","Mystacides dentata","FALSE","FALSE","native","","","","Mystacides","dentata",NA,"","","",FALSE,TRUE,TRUE,TRUE
"f6717853-6d31-444b-a2c6-3e0084ac4212","species","ce05dd9b-e533-4648-b822-9948276861a4","t0080851","Mystacides elongatus","Animalia","Insecta","native","","","","","",NA,"species","Mystacides elongata","FALSE","FALSE","native","","","","Mystacides","elongata",NA,"","","",FALSE,TRUE,TRUE,TRUE
"d7634073-f83e-4e3c-8844-8cd69ed44398","species","a95370e6-0ed8-4480-b26a-dca13c83d13e","t0082015","Oecetis evigra","Animalia","Insecta","native","true","","","","",NA,"species","Oecetis evirga","TRUE","FALSE","native","","","","Oecetis","evirga",NA,"","","",FALSE,TRUE,TRUE,TRUE
"64251a1c-581f-48e4-8650-d917c0ba3d15","species","a95370e6-0ed8-4480-b26a-dca13c83d13e","t0082017","Oecetis prolixus","Animalia","Insecta","native","true","","","","",NA,"species","Oecetis prolixa","TRUE","FALSE","native","","","","Oecetis","prolixa",NA,"","","",FALSE,TRUE,TRUE,TRUE
"d28dcf2c-e59f-439c-939d-298753abab7f","species","294c6125-8300-4c5a-9e4b-514b20c97e65","t0078100","Cheumatopsyche wuchidai","Animalia","Insecta","native","true","","","","",NA,"species","Cheumatopsyche uchidai","TRUE","FALSE","native","","","","Cheumatopsyche","uchidai",NA,"","","",FALSE,TRUE,TRUE,TRUE
"1f854b1d-082f-43c3-bd72-be668151b936","species","deded63c-a4e2-462f-85a8-8c3c5b0d4276","t0065958","Hydromanicus wulaina","Animalia","Insecta","native","true","","","","",NA,"species","Hydromanicus wulaiana","TRUE","FALSE","native","","","","Hydromanicus","wulaiana",NA,"","","",FALSE,TRUE,TRUE,TRUE
"042ddad2-58a1-42e6-a080-0cf42e9822ea","species","9a7ef8c0-f6ec-474d-a701-e61b3744f1db","t0061939","Dolophilodes minchiensis","Animalia","Insecta","native","true","","","","",NA,"species","Kisaura minchiensis","TRUE","FALSE","native","","","","Kisaura","minchiensis",NA,"","","",FALSE,TRUE,TRUE,TRUE
"1e99aba6-f5f4-44b2-8d13-57da69c11c71","species","b31f452f-7330-40d6-9e2b-50f86e5ab449","t0061624","Dinarthrum taiwanense","Animalia","Insecta","native","true","","","","",NA,"species","Lepidostoma taiwanense","TRUE","FALSE","native","","","","Lepidostoma","taiwanense",NA,"","","",FALSE,TRUE,TRUE,TRUE
"5c0cfe57-188f-4977-b88c-f80835280dc7","species","0633c289-9190-4e2a-b718-7887816aa24f","t0064701","Goerodes doligung","Animalia","Insecta","native","","","","","",NA,"species","Lepidostoma doligung","FALSE","FALSE","native","","","","Lepidostoma","doligung",NA,"","","",FALSE,TRUE,TRUE,TRUE
"9b736c96-e53c-4b4f-9f58-ab751a821909","species","0633c289-9190-4e2a-b718-7887816aa24f","t0064702","Goerodes ebenacanthus","Animalia","Insecta","native","","","","","",NA,"species","Lepidostoma ebenacanthus","FALSE","FALSE","native","","","","Lepidostoma","ebenacanthus",NA,"","","",FALSE,TRUE,TRUE,TRUE
"0faa7979-354e-4197-badc-cc4fe099d366","species","0633c289-9190-4e2a-b718-7887816aa24f","t0064703","Goerodes quadrispinus","Animalia","Insecta","native","true","","","","",NA,"species","Lepidostoma quadrispinus","TRUE","FALSE","native","","","","Lepidostoma","quadrispinus",NA,"","","",FALSE,TRUE,TRUE,TRUE
"e9a32122-7544-4561-a975-895feb234b8b","species","0633c289-9190-4e2a-b718-7887816aa24f","t0064704","Goerodes taichungensis","Animalia","Insecta","native","true","","","","",NA,"species","Lepidostoma taichungensis","TRUE","FALSE","native","","","","Lepidostoma","taichungensis",NA,"","","",FALSE,TRUE,TRUE,TRUE
"5632db95-ea56-448c-a5c3-958e0b1aa734","species","0633c289-9190-4e2a-b718-7887816aa24f","t0064705","Goerodes tanmounensis","Animalia","Insecta","native","true","","","","",NA,"species","Lepidostoma tanmounensis","TRUE","FALSE","native","","","","Lepidostoma","tanmounensis",NA,"","","",FALSE,TRUE,TRUE,TRUE
"f7d445f4-b708-4e67-9d6e-d052405bbbc4","species","0633c289-9190-4e2a-b718-7887816aa24f","t0064706","Goerodes weirjinensis","Animalia","Insecta","native","true","","","","",NA,"species","Lepidostoma weirjinensis","TRUE","FALSE","native","","","","Lepidostoma","weirjinensis",NA,"","","",FALSE,TRUE,TRUE,TRUE
"a11c2482-f044-4bcd-8941-ab7749e8a616","species","7e5baebc-6009-4772-ac68-e6d83c7d05ed","t0064475","Gibosia lucida","Animalia","Insecta","native","true","","","","",NA,"species","Flavoperla lucida","TRUE","FALSE","native","","","","Flavoperla","lucida",NA,"","","",FALSE,TRUE,TRUE,TRUE
"3ea73087-38d8-4418-b5af-ec499e10cf05","species","ddf0eb40-fa84-4d26-bd2b-33e6ad462215","t0063570","Euscyrtus ogatai","Animalia","Insecta","native","","","","","",NA,"species","Euscyrtodes ogatai","FALSE","FALSE","native","","","","Euscyrtodes","ogatai",NA,"","","",FALSE,TRUE,TRUE,TRUE
"8b187740-91ef-45ed-b143-b98ae1653d04","species","ae455942-6889-411b-9b9c-06e1ddb29af3","t0069465","Mitius minutulus","Animalia","Insecta","native","","","","","",NA,"species","Stephoblemmus minutulus","FALSE","FALSE","native","","","","Stephoblemmus","minutulus",NA,"","","",FALSE,TRUE,TRUE,TRUE
"141722fa-203d-445b-b184-70c1aa11caa6","species","ae455942-6889-411b-9b9c-06e1ddb29af3","t0069466","Mitius splendens","Animalia","Insecta","native","","","","","",NA,"species","Stephoblemmus minor","FALSE","FALSE","native","","","","Stephoblemmus","minor",NA,"","","",FALSE,TRUE,TRUE,TRUE
"bb72f03f-de08-441b-8756-a772bd23a3db","species","24f969e6-60ac-4fca-9ee8-9b90203b5bc9","t0048577","Velarifictorus koshunensis","Animalia","Insecta","native","","","","","",NA,"species","Turanogryllus koshunensis","FALSE","FALSE","native","","","","Turanogryllus","koshunensis",NA,"","","",FALSE,TRUE,TRUE,TRUE
"3d403f02-11f9-4acf-8f43-5bad7dd26021","species","4482fe99-1d86-4162-bf15-d5b802981b19","t0081019","Neanias magnus","Animalia","Insecta","native","true","","","","",NA,"species","Metriogryllacris magna","FALSE","FALSE","native","","","","Metriogryllacris","magna",NA,"","","",FALSE,TRUE,TRUE,TRUE
"d41f296c-4dd8-4112-bddd-378dec4d9ee4","species","eb9cd872-f959-44cc-87de-637138584a85","t0084233","Phryganogryllacris subrectis","Animalia","Insecta","native","true","","","","",NA,"species","Bicornisgryllacris subrectis","TRUE","FALSE","native","","","","Bicornisgryllacris","subrectis",NA,"","","",FALSE,TRUE,TRUE,TRUE
"e05fbebd-6c01-48ed-9871-493343cffc17","species","1f2c596f-d24d-4ac7-a703-8c28ee3ebbfb","t0031742","Periplaneta brunnea","Animalia","Insecta","native","","","","","",NA,"species","Validiblatta brunnea","FALSE","FALSE","native","","","","Validiblatta","brunnea",NA,"","","",FALSE,TRUE,TRUE,TRUE
"19954dd6-7ef4-41ab-88de-5e32be57e215","species","1f2c596f-d24d-4ac7-a703-8c28ee3ebbfb","t0046274","Periplaneta fuliginosa","Animalia","Insecta","native","","","","","",NA,"species","Validiblatta fuliginosa","FALSE","FALSE","native","","","","Validiblatta","fuliginosa",NA,"","","",FALSE,TRUE,TRUE,TRUE
"34624f66-bf4d-44f8-9c3e-c62e035a1136","species","1f2c596f-d24d-4ac7-a703-8c28ee3ebbfb","t0031743","Periplaneta karnyi","Animalia","Insecta","native","","","","","",NA,"species","Hobbitoblatta karnyi","FALSE","FALSE","native","","","","Hobbitoblatta","karnyi",NA,"","","",FALSE,TRUE,TRUE,TRUE
"25a7a78f-e70b-4da8-9c9e-ef7cc325d8af","species","1f2c596f-d24d-4ac7-a703-8c28ee3ebbfb","t0103436","Periplaneta svenhedini","Animalia","Insecta","native","","","","","",NA,"species","Arcicaulis svenhedini","FALSE","FALSE","native","","","","Arcicaulis","svenhedini",NA,"","","",FALSE,TRUE,TRUE,TRUE
"471cc9d4-ab8c-4ab7-99b9-a82890525aa8","species","c8e88282-2c27-478a-97bd-ee1f1cc2c9c8","t0032821","Shelfordina flavomarginata","Animalia","Insecta","native","","","","","",NA,"species","Phyllodromia flavomarginata","FALSE","FALSE","native","","","","Phyllodromia","flavomarginata",NA,"","","",FALSE,TRUE,TRUE,TRUE
"8ab3d015-a95a-4f85-99e0-f211295b0a9a","species","d2c4f34e-36cb-45c0-8a86-e167fa6c80ff","t0031061","Neopanorpa ophthalmica","Animalia","Insecta","native","true","","","","",NA,"species","Panorpa ophthalmica","TRUE","FALSE","native","","","","Panorpa","ophthalmica",NA,"","","",FALSE,TRUE,TRUE,TRUE
"444c490d-0b37-4111-bb2e-0491a2f1edc1","species","001eade4-40ec-4e97-9ad7-dc17b1a7cbec","t0082914","Panorpa japonica","Animalia","Insecta","native","","","","","",NA,"species","Mavropanorpa japonica","FALSE","FALSE","native","","","","Mavropanorpa","japonica",NA,"","","",FALSE,TRUE,TRUE,TRUE
"894c15e8-5b35-4dad-84ea-dcb5d12fffb9","species","001eade4-40ec-4e97-9ad7-dc17b1a7cbec","t0082917","Panorpa longiramina","Animalia","Insecta","native","true","","","","",NA,"species","Wornorpa longiramina","TRUE","FALSE","native","","","","Wornorpa","longiramina",NA,"","","",FALSE,TRUE,TRUE,TRUE
"e3ed8bbe-d736-4b6f-875b-715acaaeb5d4","species","001eade4-40ec-4e97-9ad7-dc17b1a7cbec","t0082920","Panorpa nudiramus","Animalia","Insecta","native","true","","","","",NA,"species","Wornorpa nudiramus","TRUE","FALSE","native","","","","Wornorpa","nudiramus",NA,"","","",FALSE,TRUE,TRUE,TRUE
"9d92c99a-81d5-436c-8afb-8cfb2026d694","species","001eade4-40ec-4e97-9ad7-dc17b1a7cbec","t0082921","Panorpa ochraceocauda","Animalia","Insecta","native","true","","","","",NA,"species","Wornorpa ochraceocauda","TRUE","FALSE","native","","","","Wornorpa","ochraceocauda",NA,"","","",FALSE,TRUE,TRUE,TRUE
"81fc643c-9c1f-4dc5-b3f0-a5003e11abcf","species","001eade4-40ec-4e97-9ad7-dc17b1a7cbec","t0082924","Panorpa peterseana","Animalia","Insecta","native","true","","","","",NA,"species","Wornorpa peterseana","TRUE","FALSE","native","","","","Wornorpa","peterseana",NA,"","","",FALSE,TRUE,TRUE,TRUE
"69aee946-11ba-4ae4-9c90-948173daa525","species","e2043e5d-fec4-4a4f-b2b7-8bfb6bb24a32","t0079752","Ctenolepisma longicaudata","Animalia","Insecta","native","","","","","",NA,"species","Ctenolepisma longicaudatum","FALSE","FALSE","native","","","","Ctenolepisma","longicaudatum",NA,"","","",FALSE,TRUE,TRUE,TRUE
"119b3c63-f1b2-468b-95a4-fe5ec0f3119d","species","443d63f2-80ea-434b-afe8-39953ee3e925","t0067126","Lepisma saccharina","Animalia","Insecta","native","","","","","",NA,"species","Lepisma saccharinum","FALSE","FALSE","native","","","","Lepisma","saccharinum",NA,"","","",FALSE,TRUE,TRUE,TRUE
"5c89461e-1e23-4527-bf10-e29f76986f31","species","d37bb6f8-53b9-4098-bb8f-ac1033a3075e","t0037623","Ramulus granulatus","Animalia","Insecta","native","","","","","",NA,"species","Ramulus artemis","FALSE","FALSE","native","","","","Ramulus","artemis",NA,"","","",FALSE,TRUE,TRUE,TRUE
"74eb3a1d-03c0-41f8-9fe4-35aee9647908","species","c2cde4f9-ac06-46d1-9094-cea898830dbe","t0032874","Sinophasma truncatum","Animalia","Insecta","native","","","","","",NA,"species","Micadina truncatum","TRUE","FALSE","native","","","","Micadina","truncatum",NA,"","","",FALSE,TRUE,TRUE,TRUE
"7b636e63-86f3-48ce-8c39-3439ab552623","species","c2cde4f9-ac06-46d1-9094-cea898830dbe","t0098885","Sinophasma hoenei","Animalia","Insecta","native","","","","","",NA,"species","Micadina hoenei","FALSE","FALSE","native","","","","Micadina","hoenei",NA,"","","",FALSE,TRUE,TRUE,TRUE
"39bff950-e5d7-4720-93e3-9af42e241688","species","19ed7709-48a5-47e6-87a9-63e853a66f13","t0039227","Sipyloidea okunii","Animalia","Insecta","native","","","","","",NA,"species","Otraleus okunii","TRUE","FALSE","native","","","","Otraleus","okunii",NA,"","","",FALSE,TRUE,TRUE,TRUE
"92dd10d7-457b-4ef7-a345-48f84472eb5f","infraspecies","cd819b6b-8ce0-4150-a505-58f0d77d925b","t0086183","Pterolophia kaleea inflexa","Animalia","Insecta","native","","","","","",NA,"infraspecies","Pterolophia kaleea inftexa","FALSE","FALSE","native","","","","Pterolophia","kaleea","inftexa","","","",FALSE,TRUE,TRUE,TRUE
"9f357184-4816-4254-bdef-e267f4436c17","infraspecies","6cc4a524-250b-444f-bc06-2b76aa698c94","t0105419","Priotyrranus closteroides closteroides","Animalia","Insecta","native","","","","","",NA,"infraspecies","Priotyrannus closteroides closteroides","FALSE","FALSE","native","","","","Priotyrannus","closteroides","closteroides","","","",FALSE,TRUE,TRUE,TRUE
"284a8745-887d-4c46-87bc-b70215cec60b","infraspecies","6cc4a524-250b-444f-bc06-2b76aa698c94","t0085130","Priotyrranus closteroides lutauensis","Animalia","Insecta","native","true","","","","",NA,"infraspecies","Priotyrannus closteroides lutauensis","FALSE","FALSE","native","","","","Priotyrannus","closteroides","lutauensis","","","",FALSE,TRUE,TRUE,TRUE
"9ab28aff-8784-4520-8080-df3d27ef24d0","infraspecies","ba5cd57f-d20b-4332-aedd-08c72140de12","t0086443","Xylotrupes mniszechi tonkinensis","Animalia","Insecta","native","","","","","",NA,"infraspecies","Xylotrupes philippinensis peregrinus","TRUE","FALSE","native","","","","Xylotrupes","philippinensis","peregrinus","","","",FALSE,TRUE,TRUE,TRUE
"a2ba3d83-a843-46fa-ac9e-3a8dfe5ef746","infraspecies","573811aa-2fef-42c2-a4b5-661723e45a55","t0028710","Dorcus curvidens formosanus","Animalia","Insecta","native","","III","","","輕度",NA,"infraspecies","Dorcus hopei formosanus","TRUE","FALSE","native","","","III","Dorcus","hopei","formosanus","","","III",FALSE,TRUE,TRUE,TRUE
"01b57b4e-08de-4165-8a80-7a1367cd1e31","infraspecies","8f1de207-2ccb-4db1-81d6-236ee8486ab2","t0085589","Dorcus titanus sika","Animalia","Insecta","native","","","","","",NA,"infraspecies","Serrognathus titanus sika","TRUE","FALSE","native","","","","Serrognathus","titanus","sika","","","",FALSE,TRUE,TRUE,TRUE
"7327d484-8cf8-4e40-8147-a2d6699fe1b6","infraspecies","abb7a88d-34d4-4774-894a-7c5032b2089b","t0085862","Lucanus kanoi piceus","Animalia","Insecta","native","true","","","","",NA,"species","Lucanus piceus","TRUE","FALSE","native","","","","Lucanus","piceus",NA,"","","",FALSE,TRUE,TRUE,TRUE
"e572c5fa-f87f-4fbe-b362-d9867dfa168a","infraspecies","abb7a88d-34d4-4774-894a-7c5032b2089b","t0085861","Lucanus kanoi ogakii","Animalia","Insecta","native","true","","","","",NA,"species","Lucanus ogakii","TRUE","FALSE","native","","","","Lucanus","ogakii",NA,"","","",FALSE,TRUE,TRUE,TRUE
"8a42d182-e989-4862-9d6c-cc564b4add2e","infraspecies","41c5d3af-03fd-4a46-8097-81a72e3f84a8","t0027594","Lucanus maculifemoratus taiwanus","Animalia","Insecta","native","","","","","",NA,"infraspecies","Lucanus dybowski taiwanus","FALSE","FALSE","native","","","","Lucanus","dybowski","taiwanus","","","",FALSE,TRUE,TRUE,TRUE
"faaa7f62-a740-40c3-abb7-aa4c65f7eef1","infraspecies","b235440d-923f-4f53-8df0-a7aa312779ee","t0085259","Omonadus floralis quisguilius","Animalia","Insecta","native","","","","","",NA,"infraspecies","Anthicus floralis quisguilius","FALSE","FALSE","native","","","","Anthicus","floralis","quisguilius","","","",FALSE,TRUE,TRUE,TRUE
"b959e901-9025-4624-bdd1-c900f90bfb2f","infraspecies","7c1589e6-feed-4b2d-9ad6-cf7335675adf","t0085629","Eobia curticornis curticornis","Animalia","Insecta","native","true","","","","",NA,"infraspecies","Eobia cinereipennis curticornis","TRUE","FALSE","native","","","","Eobia","cinereipennis","curticornis","","","",FALSE,TRUE,TRUE,TRUE
"e9092246-8e13-42ae-ab89-3e4b36913393","infraspecies","cbd2ae13-cc5b-493c-a402-46837fc1d90e","t0098550","Pogonopygia pavida pavida","Animalia","Insecta","native","","","","","",NA,"species","Pogonopygia pavida",NA,"FALSE","","","","","Pogonopygia","pavida",NA,"","","",FALSE,TRUE,TRUE,TRUE
"85dad353-5fc4-41e4-bd74-30635f0695ff","infraspecies","6cfab3d9-fe44-4449-aa3b-51b1f2309580","t0033226","Tagiades tethys moori","Animalia","Insecta","native","","","","","",NA,"infraspecies","Daimio tethys moori","FALSE","FALSE","native","","LC","","Daimio","tethys","moori","","LC","",FALSE,TRUE,FALSE,TRUE
"e7129bcc-9f74-451a-9db0-0a3660fba08a","infraspecies","3b166100-1a7c-4f97-9b58-278c8fb8aa9b","t0084984","Pseudocoladenia dan sadakoe","Animalia","Insecta","native","","","","","",NA,"species","Pseudocoladenia sadakoe","FALSE","FALSE","native","","NT","","Pseudocoladenia","sadakoe",NA,"","NT","",FALSE,TRUE,FALSE,TRUE
"92d13a2c-8d22-448d-8f4a-350fe11b36a7","infraspecies","c7f59b1d-d104-4a7b-8dd0-fc909703efd2","t0084728","Chilades lajus koshunensis","Animalia","Insecta","native","","","NT","","",NA,"infraspecies","Chilades lajus koshuensis","FALSE","FALSE","native","","NT","","Chilades","lajus","koshuensis","","NT","",FALSE,TRUE,TRUE,TRUE
"2855bca0-6b52-49be-9e18-8d462e2241da","infraspecies","c0f27f99-07a6-4d0a-beff-6b310b983d68","t0057828","Athyma cama zoroastres","Animalia","Insecta","native","","","","","",NA,"infraspecies","Athyma cama zoroastes","FALSE","FALSE","native","","LC","","Athyma","cama","zoroastes","","LC","",FALSE,TRUE,FALSE,TRUE
"e8879e45-e87e-4492-b1b8-1477a721ed94","infraspecies","98bf4954-a511-48c2-bf35-ce4e9db0dd35","t0084684","Athyma jina sauteri","Animalia","Insecta","native","","","","","",NA,"infraspecies","Limenitis jina sauteri","FALSE","FALSE","native","","NT","","Limenitis","jina","sauteri","","NT","",FALSE,TRUE,FALSE,TRUE
"25ffa1bf-adc6-4d55-bddc-715ecbb73fc1","infraspecies","324a481d-7c26-4b85-b6df-22037747f6c5","t0084884","Neptis hesione podarces","Animalia","Insecta","native","","","","","",NA,"species","Neptis podarces","FALSE","FALSE","native","","NT","","Neptis","podarces",NA,"","NT","",FALSE,TRUE,FALSE,TRUE
"da2f7568-b4dc-4f1c-b9c0-40b786d28f1d","infraspecies","ecb7d6ae-89b7-4e25-a92b-ac7e7885a83d","t0085010","Symbrenthia lilaea formosanus","Animalia","Insecta","native","","","LC","","",NA,"species","Symbrenthia formosanus","TRUE","FALSE","native","","LC","","Symbrenthia","formosanus",NA,"","LC","",FALSE,TRUE,TRUE,TRUE
"ee8a60d6-705c-4559-b2ce-f6ffa4280ae4","infraspecies","ecb7d6ae-89b7-4e25-a92b-ac7e7885a83d","t0033144","Symbrenthia lilaea lunica","Animalia","Insecta","native","","","LC","","",NA,"infraspecies","Symbrenthia lilaea lilaea","FALSE","FALSE","non-native","","LC","","Symbrenthia","lilaea","lilaea","","LC","",FALSE,TRUE,TRUE,TRUE
"bd297b34-8b6a-4844-990a-290071b13e30","infraspecies","93e5e2c4-b205-46ed-b1a4-964d14ae2b93","t0084939","Papilio machaon sylvinus","Animalia","Insecta","native","","","CR","","輕度",NA,"infraspecies","Papilio machaon sylvina","FALSE","FALSE","native","","CR","","Papilio","machaon","sylvina","","CR","",FALSE,TRUE,TRUE,TRUE
"3dfad919-1c28-4477-a4e2-f67be832b4f2","infraspecies","e55396c3-7ff9-472f-839e-b1fb1d06b4c2","t0029104","Eurema brigitta hainana","Animalia","Insecta","native","","","","","輕度",NA,"infraspecies","Eurema drona hainana","FALSE","FALSE","native","","VU","","Eurema","drona","hainana","LC","VU","",FALSE,FALSE,FALSE,TRUE
"0e89f1b7-cede-412d-8cc9-c030800a0387","infraspecies","d531d769-6e92-455f-a97f-bce498acbdf1","t0084664","Aporia agathon moltrechti","Animalia","Insecta","native","","","","","",NA,"species","Aporia moltrechti","FALSE","FALSE","native","","NT","","Aporia","moltrechti",NA,"","NT","",FALSE,TRUE,FALSE,TRUE
"1b97f4c9-1d7f-410e-acd5-1230cc66da6d","infraspecies","5d0847b6-4791-4048-b264-c6a4fe9a8667","t0084665","Aporia gigantea cheni","Animalia","Insecta","native","true","","","","輕度",NA,"infraspecies","Aporia kuangtungensis cheni","TRUE","FALSE","native","","VU","","Aporia","kuangtungensis","cheni","","VU","",FALSE,TRUE,FALSE,TRUE
"5a5bcc8a-04da-4f90-9735-563bd9d30ec2","infraspecies","f52035d9-2e98-4867-ae2c-5e6033a539d3","t0087513","Okiscarta uchidae ratonis","Animalia","Insecta","native","","","","","",NA,"infraspecies","Cosmoscarta uchidae ratonis","FALSE","FALSE","native","","","","Cosmoscarta","uchidae","ratonis","","","",FALSE,TRUE,TRUE,TRUE
"8454f093-f851-4af9-b0a0-eef93a136e43","infraspecies","f310ba75-79af-45b0-9a48-ad9be9fd4189","t0085993","Ochlerotatus elsiae vicarious","Animalia","Insecta","native","","","","","",NA,"infraspecies","Ochlerotatus elsiae vicarius","FALSE","FALSE","native","","","","Ochlerotatus","elsiae","vicarius","","","",FALSE,TRUE,TRUE,TRUE
"985d1296-4d74-4da5-b45c-f87030fc997b","infraspecies","3f8e6ff3-b6a7-4d99-a4cd-e8fca81a0d0a","t0085118","Limnophlia platystyla parallela","Animalia","Insecta","native","","","","","",NA,"infraspecies","Limnophila platystyla parallela","FALSE","FALSE","native","","","","Limnophila","platystyla","parallela","","","",FALSE,TRUE,TRUE,TRUE
"a5b2b7d7-bf82-4692-9217-48bddbb82eab","infraspecies","b2e94a81-5bb1-43dd-8539-82a93165be24","t0085241","Anax parthenope julius","Animalia","Insecta","native","","","","","",NA,"species","Anax julius","FALSE","FALSE","native","","NE","","Anax","julius",NA,"LC","NE","",FALSE,FALSE,FALSE,TRUE
"612dcd10-3e43-4f06-97f5-c462e854cfd5","infraspecies","d94851ff-9abb-4814-8c76-e3a32b991513","t0086123","Planaeschna risi risi","Animalia","Insecta","native","true","","","","",NA,"infraspecies","Aeschnophlebia risi risi","TRUE","FALSE","native","","LC","","Aeschnophlebia","risi","risi","","LC","",FALSE,TRUE,FALSE,TRUE
"48f4f144-dc14-4072-a9f6-87b5fa8cb261","infraspecies","ef8b662f-5ec7-4a69-a43a-2470698a833c","t0086012","Onychothemis testacea tonkinensis","Animalia","Insecta","native","","","","","",NA,"species","Onychothemis tonkinensis","FALSE","FALSE","native","","LC","","Onychothemis","tonkinensis",NA,"LC","LC","",FALSE,FALSE,FALSE,TRUE
"5e0ecb60-70f2-4c6c-b0c0-0f881278daca","infraspecies","7c28ca48-33ba-4c6f-8696-7d9e28004a6f","t0086415","Velarifictorus ornatus caudatus","Animalia","Insecta","native","","","","","",NA,"species","Velarifictorus ornatus","FALSE","FALSE","native","","","","Velarifictorus","ornatus",NA,"","","",FALSE,TRUE,TRUE,TRUE
"15486798-df1f-4da1-8470-5d838603edbc","species","e6aa46cd-bdea-4bdd-95ff-2d9d5419ea13","t0087768","Odontosoria ×intermedia","Plantae","Polypodiopsida","native","","","NA","","",NA,"species","Odontosoria × intermedia","FALSE","TRUE","native","",NA,"","Odontosoria","×","intermedia","",NA,"",FALSE,TRUE,FALSE,TRUE
"33094dc8-d85a-4874-9b10-42048a61969e","species","e6aa46cd-bdea-4bdd-95ff-2d9d5419ea13","t0087769","Odontosoria ×yaeyamensis","Plantae","Polypodiopsida","native","","","NA","","",NA,"species","Odontosoria × yaeyamensis","FALSE","TRUE","native","",NA,"","Odontosoria","×","yaeyamensis","",NA,"",FALSE,TRUE,FALSE,TRUE
"8c0a8b2a-1963-4115-8179-3274e6c4c0c0","species","225f61a6-b54c-4b81-893f-3604b8506e64","t0026560","Adiantum ×meishanianum","Plantae","Polypodiopsida","native","true","","NA","","",NA,"species","Adiantum × meishanianum","FALSE","TRUE","native","",NA,"","Adiantum","×","meishanianum","",NA,"",FALSE,TRUE,FALSE,TRUE
"44727e0d-0a56-45a9-94cd-3bb4a8d01d4f","species","42aee496-e06c-4ad9-a8a9-298da8a67a5a","t0026926","Asplenium ×shikokianum","Plantae","Polypodiopsida","native","","","NA","","",NA,"species","Asplenium × shikokianum","FALSE","TRUE","native","",NA,"","Asplenium","×","shikokianum","",NA,"",FALSE,TRUE,FALSE,TRUE
"244119ce-1bb4-4384-8918-7ae352ff64e9","species","1be5892b-2a4d-4507-aa32-134b042d2cec","t0102147","Athyrium ×pseudocryptogrammoides","Plantae","Polypodiopsida","native","","","NA","","",NA,"species","Athyrium × pseudocryptogrammoides","FALSE","TRUE","native","",NA,"","Athyrium","×","pseudocryptogrammoides","",NA,"",FALSE,TRUE,FALSE,TRUE
"46940008-580c-4c4e-b85b-6df6dcbc082d","species","5d13d7ad-f525-4e28-9ccf-02577051e2e2","t0026699","Dryopteris toyamae","Plantae","Polypodiopsida","native","","","EN","","重度",NA,"species","Dryopteris × toyamae","FALSE","TRUE","native","","EN","","Dryopteris","×","toyamae","","EN","",FALSE,TRUE,TRUE,TRUE
"32eda556-2861-46fe-b17b-c3473e823731","species","5d13d7ad-f525-4e28-9ccf-02577051e2e2","t0026707","Dryopteris ×subreflexipinna","Plantae","Polypodiopsida","native","","","NA","","",NA,"species","Dryopteris × subreflexipinna","FALSE","TRUE","native","",NA,"","Dryopteris","×","subreflexipinna","",NA,"",FALSE,TRUE,FALSE,TRUE
"5dc3ee17-cb3b-4cbf-b0a6-5c36d4019863","species","0d57b726-a080-4773-adf2-1c46ce6cecd5","t0026618","Bolbitis ×laxireticulata","Plantae","Polypodiopsida","native","","","NA","","",NA,"species","Bolbitis × laxireticulata","FALSE","TRUE","native","",NA,"","Bolbitis","×","laxireticulata","",NA,"",FALSE,TRUE,FALSE,TRUE
"dfbb3555-7ed0-4dbc-86ad-9250b7cc711f","species","1bf1e597-e86a-4c25-aa6a-e2a4e2fde4ae","t0026752","Nephrolepis ×copelandii","Plantae","Polypodiopsida","native","","","NA","","",NA,"species","Nephrolepis × copelandii","FALSE","TRUE","native","",NA,"","Nephrolepis","×","copelandii","",NA,"",FALSE,TRUE,FALSE,TRUE
"a62bf0fc-dda1-4057-8a2c-b75609b9cd30","species","1bf1e597-e86a-4c25-aa6a-e2a4e2fde4ae","t0026753","Nephrolepis ×hipocrepicis","Plantae","Polypodiopsida","native","","","NA","","",NA,"species","Nephrolepis × hippocrepicis","FALSE","TRUE","native","",NA,"","Nephrolepis","×","hippocrepicis","",NA,"",FALSE,TRUE,FALSE,TRUE
"b9b2d2d5-4817-4858-bef3-956ca6bbf7c9","species","1bf1e597-e86a-4c25-aa6a-e2a4e2fde4ae","t0026754","Nephrolepis ×pseudobiserrata","Plantae","Polypodiopsida","native","","","NA","","",NA,"species","Nephrolepis × pseudobiserrata","FALSE","TRUE","native","",NA,"","Nephrolepis","×","pseudobiserrata","",NA,"",FALSE,TRUE,FALSE,TRUE
"91b364a5-96f3-40f7-9bf2-f50591d32772","species","81dda6d9-2440-48ab-b7ee-ad3b953015c5","t0026844","Leptochilus ×shintenensis","Plantae","Polypodiopsida","native","","","NA","","",NA,"species","Leptochilus × shintenensis","FALSE","TRUE","native","",NA,"","Leptochilus","×","shintenensis","",NA,"",FALSE,TRUE,FALSE,TRUE
"4ade34bf-806e-482d-8c66-29632c11a0fb","species","85757e43-d32d-476e-b784-236ab8594ba6","t0073605","Cymodocea serrulata","Plantae","Spermatopsida","non-native","","","","","",NA,"species","Oceana serrulata","FALSE","FALSE","non-native","","","","Oceana","serrulata",NA,"","","",FALSE,TRUE,TRUE,TRUE
"a50b7b1b-0349-4969-bb38-630e9738848d","species","a1f3ffa3-2f5a-484f-8b3b-208a65b0b0f1","t0074588","Lilium formolongo","Plantae","Spermatopsida","non-native","","","","","",NA,"species","Lilium × formolongo","FALSE","TRUE","non-native","","","","Lilium","×","formolongo","","","",FALSE,TRUE,TRUE,TRUE
"f2a6428a-2512-4e17-8e64-516f20a9d140","species","66549a06-cb49-47a5-83da-3935fe57bd77","t0073081","Cattleya bowringiana","Plantae","Spermatopsida","non-native","","","","","",NA,"species","Guarianthe bowringiana","FALSE","FALSE","non-native","","","","Guarianthe","bowringiana",NA,"","","",FALSE,TRUE,TRUE,TRUE
"9708f7e8-c601-4a00-af99-f95fd376182f","species","2dcb9a4a-d7bf-4c95-9f03-0838a307586d","t0053536","Epidendrum obrienianum","Plantae","Spermatopsida","non-native","","","NA","","",NA,"species","Epidendrum × obrienianum","FALSE","TRUE","native","",NA,"","Epidendrum","×","obrienianum","",NA,"",FALSE,TRUE,FALSE,TRUE
"ae8b077d-ac42-493f-a55e-0e1fc033630f","species","a5247a8b-3263-4519-afbe-2e894456a0a6","t0074262","Hemipilia alpestroides","Plantae","Spermatopsida","native","true","","NA","","",NA,"species","Hemipilia × alpestroides","FALSE","TRUE","native","",NA,"","Hemipilia","×","alpestroides","",NA,"",FALSE,TRUE,FALSE,TRUE
"c4599a5a-85fc-4e9e-b584-a2900ed521b4","species","a04cb472-de7f-4895-9494-40750410aef2","t0086925","Oreorchis indica","Plantae","Spermatopsida","native","","","NT","","",NA,"species","Kitigorchis indica","FALSE","FALSE","native","","NT","","Kitigorchis","indica",NA,"","NT","",FALSE,TRUE,TRUE,TRUE
"b4b0ee77-9171-41e7-b494-46df1c39af61","species","2412723f-d174-4db5-8f10-704d241a0347","t0053820","Gladiolus ×gandavensis","Plantae","Spermatopsida","non-native","","","","","",NA,"species","Gladiolus × gandavensis","FALSE","TRUE","non-native","","","","Gladiolus","×","gandavensis","","","",FALSE,TRUE,TRUE,TRUE
"f93e7890-e843-4a97-8699-9ce4ec169b1d","species","11046f32-627f-4055-8bf6-de3c812d2ab5","t0052565","Aloe saponaria","Plantae","Spermatopsida","non-native","","","","","",NA,"infraspecies","Aloe perfoliata saponaria","FALSE","FALSE","non-native","","","","Aloe","perfoliata","saponaria","","","",FALSE,TRUE,TRUE,TRUE
"00d732ff-6163-49e7-bc60-5793308806cf","species","14462a95-1738-4bf8-abda-8c5bd1b22251","t0033713","Alpinia ×ilanensis","Plantae","Spermatopsida","native","true","","NA","","",NA,"species","Alpinia × ilanensis","TRUE","TRUE","native","",NA,"","Alpinia","×","ilanensis","",NA,"",FALSE,TRUE,FALSE,TRUE
"9c8a6945-d080-4314-b105-82036d7669de","species","14462a95-1738-4bf8-abda-8c5bd1b22251","t0052567","Alpinia ×kusshakuensis","Plantae","Spermatopsida","native","true","","NA","","",NA,"species","Alpinia × kusshakuensis","TRUE","TRUE","native","",NA,"","Alpinia","×","kusshakuensis","",NA,"",FALSE,TRUE,FALSE,TRUE
"2f583908-9d57-44ec-beac-94de116eae80","species","14462a95-1738-4bf8-abda-8c5bd1b22251","t0052568","Alpinia ×mesanthera","Plantae","Spermatopsida","native","true","","NA","","",NA,"species","Alpinia × mesanthera","TRUE","TRUE","native","",NA,"","Alpinia","×","mesanthera","",NA,"",FALSE,TRUE,FALSE,TRUE
"e44d7bd0-23a8-4def-9167-966170a71787","species","14462a95-1738-4bf8-abda-8c5bd1b22251","t0052571","Alpinia ×tonrokuensis","Plantae","Spermatopsida","native","true","","NA","","",NA,"species","Alpinia × tonrokuensis","TRUE","TRUE","native","",NA,"","Alpinia","×","tonrokuensis","",NA,"",FALSE,TRUE,FALSE,TRUE
"4f3a1fcf-3c0f-4206-bc53-ddbe247dfa79","species","271446ee-d1a6-4ff0-8631-d5ffb5612576","t0084634","Sorghum bicolor","Plantae","Spermatopsida","non-native","","","","","",NA,"infraspecies","Sorghum bicolor arundinaceum","FALSE","FALSE","non-native","",NA,"","Sorghum","bicolor","arundinaceum","",NA,"",FALSE,TRUE,TRUE,TRUE
"4cbc5416-01d9-436d-a7a2-0fc23b19aac1","species","caed6877-ffe7-4b4f-82cb-3de4983d6ec7","t0040354","Bauhinia blakeana","Plantae","Spermatopsida","non-native","","","","","",NA,"species","Bauhinia × blakeana","FALSE","TRUE","non-native","","","","Bauhinia","×","blakeana","","","",FALSE,TRUE,TRUE,TRUE
"0fcac39c-57a7-458c-84cd-f2c26c91fc84","species","5155fd28-f5a0-45f7-96f6-d1687b83dfbd","t0058712","Pellionia radicans","Plantae","Spermatopsida","native","","","LC","","",NA,"species","Elatostema radicans","FALSE","FALSE","native","","LC","","Elatostema","radicans",NA,"","LC","",FALSE,TRUE,TRUE,TRUE
"79fc32d1-7b58-4750-9312-a38b9d7a2726","species","50e93b3f-af23-4fc3-aad3-a1f29e016061","t0055128","Rourea minor","Plantae","Spermatopsida","native","","","VU","","輕度",NA,"species","Santaloides minor","FALSE","FALSE","native","","VU","","Santaloides","minor",NA,"","VU","",FALSE,TRUE,TRUE,TRUE
"d5e3880a-3161-458b-948c-5137e693482e","species","3dbfe5d7-39e9-4eac-9429-714279c9a38d","t0055026","Combretum indicum","Plantae","Spermatopsida","non-native","","","","","",NA,"species","Quisqualis indica","FALSE","FALSE","non-native","","","","Quisqualis","indica",NA,"","","",FALSE,TRUE,TRUE,TRUE
"433a20f1-a490-4a37-ad9e-0e33c600d40b","species","25127167-8204-4cd6-9910-35c2a5396e6d","t0075698","Rotala indica","Plantae","Spermatopsida","native","","","","","",NA,"species","Peplis indica",NA,"FALSE","native","","LC","","Peplis","indica",NA,"","LC","",FALSE,TRUE,FALSE,TRUE
"a9c92fef-aef7-432e-9716-f11094d17908","species","670d3dfd-13d8-43a8-b40d-fb2f9090dc5e","t0055225","Sapindus mukorossii","Plantae","Spermatopsida","native","","","LC","","",NA,"species","Sapindus mukorossi","FALSE","FALSE","native","LC","LC","","Sapindus","mukorossi",NA,"LC","LC","",FALSE,FALSE,TRUE,TRUE
"2be3799a-51c7-41f9-a449-5061c8856d4f","species","cf81ebae-0097-4ac7-8af3-e7c55b66065f","t0053838","Gomphostemma callicarpoides","Plantae","Spermatopsida","native","true","","LC","","",NA,"species","Gomphostemma chinense","TRUE","FALSE","native","","LC","","Gomphostemma","chinense",NA,"","LC","",FALSE,TRUE,TRUE,TRUE
"c4ae3863-45dd-45ef-a20a-484dbb868e94","species","f339160b-a488-463b-ae9f-1b75a6090215","t0075135","Paulownia ×taiwaniana","Plantae","Spermatopsida","native","","","NA","","",NA,"species","Paulownia × taiwaniana","FALSE","TRUE","native","",NA,"","Paulownia","×","taiwaniana","",NA,"",FALSE,TRUE,FALSE,TRUE
"f8f20b95-c4c2-47f9-8a52-873a6d0ef41c","species","a4152199-c8de-4377-9f8d-3573a5719bd9","t0053017","Cirsium brevicaule","Plantae","Spermatopsida","native","","","LC","","",NA,"infraspecies","Cirsium japonicum australe","FALSE","FALSE","native","","LC","","Cirsium","japonicum","australe","","LC","",FALSE,TRUE,TRUE,TRUE
"7b7ca25b-80a8-489a-81f5-c31b214af98d","species","3fd9cf54-785a-49af-b9e8-fbd1683320b1","t0054157","Pterocypsela ×mansuensis","Plantae","Spermatopsida","native","","","NA","","",NA,"species","Pterocypsela × mansuensis","FALSE","TRUE","native","",NA,"","Pterocypsela","×","mansuensis","",NA,"",FALSE,TRUE,FALSE,TRUE
"8bf86877-b614-4636-8f10-2da7c859e6d0","infraspecies","569aac0e-23cd-4598-85ec-48c944fd3888","t0058695","Paris fargesii brevipetalata","Plantae","Spermatopsida","native","","","DD","","",NA,"species","Paris fargesii","FALSE","FALSE","native","","DD","","Paris","fargesii",NA,NA,"DD",NA,FALSE,TRUE,TRUE,TRUE
"bcfd456a-a449-41b2-809d-173e09ea752b","infraspecies","163f13dd-975e-4589-a822-dcca68c50dc1","t0086656","Bulbophyllum kuanwuense peitawuense","Plantae","Spermatopsida","native","true","","NT","","",NA,"infraspecies","Bulbophyllum kuanwuensis peitawuense","TRUE","FALSE","native","","NT","","Bulbophyllum","kuanwuensis","peitawuense",NA,"NT",NA,FALSE,TRUE,TRUE,TRUE
"af7db6d3-e237-48a2-afb9-f99aca8e2b38","infraspecies","c2062984-6111-4d55-aeec-a10059cfdb72","t0086530","Digitaria leptalea reticulmis","Plantae","Spermatopsida","native","","","LC","","",NA,"infraspecies","Digitaria leptalea recticulmis","FALSE","FALSE","native","","LC","","Digitaria","leptalea","recticulmis","","LC","",FALSE,TRUE,TRUE,TRUE
"3e7404a6-6312-4440-8f17-63d4a4ba5fb3","infraspecies","050f4606-42c2-4f87-b7bf-5b5a753fb77b","t0084633","Skimmia japonica distincte-venulosa orthoclada","Plantae","Spermatopsida","native","","","DD","","",NA,"infraspecies","Skimmia japonica distincte-venulosa","TRUE","FALSE","native","","DD","","Skimmia","japonica","distincte-venulosa",NA,"DD",NA,FALSE,TRUE,TRUE,TRUE
"d3bd9a77-3d8d-430d-858f-21df3ffee9e8","infraspecies","b31630c3-46f9-4739-ba2c-54b32f2ee60a","t0084579","Ardisia cornudentata morrisonensis stenosepala","Plantae","Spermatopsida","native","true","","LC","","",NA,"infraspecies","Ardisia cornudentata morrisonensis","TRUE","FALSE","native","","LC","","Ardisia","cornudentata","morrisonensis","","LC","",FALSE,TRUE,TRUE,TRUE
"d8bee5ee-a108-42eb-a15a-dee9b3d06267","species","ddf47d8f-aa1a-420f-a9b8-d4b0bdb1187c","t0060690","Peronospora aparines","Chromista","Peronosporea","native","","","","","",NA,"infraspecies","Peronospora calotheca aparines",NA,"FALSE","","","","","Peronospora","calotheca","aparines","","","",FALSE,TRUE,TRUE,TRUE
"dfd26c36-8e95-4ae6-a1f2-3d2f95a9ef8a","species","51220966-1ade-4c93-9a1e-c302cc47fe7d","t0059255","Achnanthes delicatula","Chromista","Bacillariophyceae","native","","","","","",NA,"species","Pseudoplanothidium delicatulum","FALSE","FALSE","native","","","","Pseudoplanothidium","delicatulum",NA,"","","",FALSE,TRUE,TRUE,TRUE
"ebaf6dc9-155b-4903-ba96-37adb0d7b47c","species","51220966-1ade-4c93-9a1e-c302cc47fe7d","t0059260","Achnanthes linearis","Chromista","Bacillariophyceae","native","","","","","",NA,"species","Achnanthidium lineare","FALSE","FALSE","native","","","","Achnanthidium","lineare",NA,"","","",FALSE,TRUE,TRUE,TRUE
"9f70cea9-105f-43c6-8e2d-b9225eadc5eb","species","909e4d68-e1f2-494e-8d28-e55d35fd6e43","t0058594","Navicula anglica","Chromista","Bacillariophyceae","native","","","","","",NA,"species","Navicula elginensis","FALSE","FALSE","native","","","","Navicula","elginensis",NA,"","","",FALSE,TRUE,TRUE,TRUE
"f44fc401-ca96-4335-8e74-19288ae24138","species","68f5d79e-08d9-4ab7-b8b3-3e8a9138c7f9","t0060757","Tropidoneis lepidoptera","Chromista","Bacillariophyceae","native","","","","","",NA,"species","Plagiotropis lepidoptera","FALSE","FALSE","native","","","","Plagiotropis","lepidoptera",NA,"","","",FALSE,TRUE,TRUE,TRUE
"3738dcb3-c19a-4457-bd75-3edd5fdb8c81","species","3e011cda-39ea-4282-9faf-f501dae9217a","t0060677","Gomphonema subclavatum","Chromista","Bacillariophyceae","native","","","","","",NA,"infraspecies","Gomphonema longiceps subclavata","FALSE","FALSE","native","","","","Gomphonema","longiceps","subclavata","","","",FALSE,TRUE,TRUE,TRUE
"21dc6771-dd8c-4afd-84e6-76d8f66ad64c","species","6313698d-4b66-4542-89a1-cfb682c82a66","t0060686","Nitzschia fonticola","Chromista","Bacillariophyceae","native","","","","","",NA,"infraspecies","Nitzschia kutzingiana fonticola",NA,"FALSE","","","","","Nitzschia","kutzingiana","fonticola","","","",FALSE,TRUE,TRUE,TRUE
"c4ba519f-040c-4c05-865c-557e6c6d3286","species","6313698d-4b66-4542-89a1-cfb682c82a66","t0060688","Nitzschia perminuta","Chromista","Bacillariophyceae","native","","","","","",NA,"infraspecies","Nitzschia frustulum perminuta",NA,"FALSE","","","","","Nitzschia","frustulum","perminuta","","","",FALSE,TRUE,TRUE,TRUE
"d8f7c634-593d-4893-bf22-4a9a143e212d","species","525c555b-c8c9-457e-853c-8dc32e5385bd","t0059679","Dictyota divaricata","Chromista","Phaeophyceae","native","","","","","",NA,"species","Dictyota implexa","FALSE","FALSE","native","","","","Dictyota","implexa",NA,"","","",FALSE,TRUE,TRUE,TRUE
"513b00bf-0575-4381-be58-904684260fe3","species","5ccbeaef-e8bf-4c3a-a329-e536e1e8864a","t0058274","Spatoglossum pacificum","Chromista","Phaeophyceae","native","","","","","",NA,"species","Dictyopteris pacifica","FALSE","FALSE","native","","","","Dictyopteris","pacifica",NA,"","","",FALSE,TRUE,TRUE,TRUE
"048d2641-7ac9-4702-a2db-3d23552c17ac","species","d2dd8642-d808-48a9-b5a0-ebcaeacbb69d","t0060649","Zonaria stipitata","Chromista","Phaeophyceae","native","","","","","",NA,"species","Spatoglossum stipitatum","FALSE","FALSE","native","","","","Spatoglossum","stipitatum",NA,"","","",FALSE,TRUE,TRUE,TRUE
"40fdb077-3c80-4687-9b8b-8acac6c9b331","species","737e1c7f-0d3e-4bb8-a99f-05f065269aa7","t0060697","Turbinaria conoides","Chromista","Phaeophyceae","native","","","","","",NA,"infraspecies","Turbinaria vulgaris conoides",NA,"FALSE","","","","","Turbinaria","vulgaris","conoides","","","",FALSE,TRUE,TRUE,TRUE
"5e0f2ff0-2500-4478-bdad-f1e7915716d5","species","737e1c7f-0d3e-4bb8-a99f-05f065269aa7","t0060699","Turbinaria ornata","Chromista","Phaeophyceae","native","","","","","",NA,"infraspecies","Fucus turbinatus ornata",NA,"FALSE","","","","","Fucus","turbinatus","ornata","","","",FALSE,TRUE,TRUE,TRUE
"148d1539-5f42-408b-957c-6c8a9862be2a","species","c339f80e-454c-4259-8f03-43991f30a60f","t0035790","Ganoderma lingzhi","Fungi","Agaricomycetes","native","","","","","",NA,"species","Ganoderma sichuanense","FALSE","FALSE","native","","","","Ganoderma","sichuanense",NA,"","","",FALSE,TRUE,TRUE,TRUE
"0e8347b8-e077-4242-8313-96e9c2f468ea","species","22ff9d1a-7445-4fa0-ae69-a32bc8795741","t0040928","Hjortstamia laxa","Fungi","Agaricomycetes","native","","","","","",NA,"species","Phlebiopsis laxa","FALSE","FALSE","native","","","","Phlebiopsis","laxa",NA,"","","",FALSE,TRUE,TRUE,TRUE
"28c061be-725d-4b99-a74d-da5d246c6aa0","species","b624f46d-45bf-479f-a29e-0d86d0269a64","t0034717","Ceriporia lacerata","Fungi","Agaricomycetes","native","","","","","",NA,"species","Irpex laceratus","FALSE","FALSE","native","","","","Irpex","laceratus",NA,"","","",FALSE,TRUE,TRUE,TRUE
"c8a94496-fb2a-407b-9b67-a6c7d1854ffe","species","b2849552-4592-4a06-b5c0-afb3fba1b2e1","t0035521","Duportella miranda","Fungi","Agaricomycetes","native","","","","","",NA,"species","Peniophora miranda","FALSE","FALSE","native","","","","Peniophora","miranda",NA,"","","",FALSE,TRUE,TRUE,TRUE
"e1fffcdb-de5e-4b72-9940-7ef402e3bf7a","species","b2849552-4592-4a06-b5c0-afb3fba1b2e1","t0035520","Duportella kuehneroides","Fungi","Agaricomycetes","native","","","","","",NA,"species","Peniophora kuehneroides","FALSE","FALSE","native","","","","Peniophora","kuehneroides",NA,"","","",FALSE,TRUE,TRUE,TRUE
"e2e856f7-cf92-41e5-8a85-06715b83de20","species","b2849552-4592-4a06-b5c0-afb3fba1b2e1","t0035523","Duportella tristiculoides","Fungi","Agaricomycetes","native","","","","","",NA,"species","Peniophora tristiculoides","TRUE","FALSE","native","","","","Peniophora","tristiculoides",NA,"","","",FALSE,TRUE,TRUE,TRUE
"a1ab349a-3725-460d-9501-0926a71c672b","species","aa73eb77-a5fe-44b7-8140-c4c690471390","t0043922","Sclerotium cinnamomi","Fungi","Basidiomycetes","native","","","","","",NA,"species","Grovesinia moricola","FALSE","FALSE","native","","","","Grovesinia","moricola",NA,"","","",FALSE,TRUE,TRUE,TRUE
"b877f345-b928-491f-8a8a-1f98ebcfde9b","species","52cb7600-48cf-43e6-a869-a116a8a4ec32","t0041132","Inonotus flavidus","Fungi","Basidiomycetes","native","","","","","",NA,"species","Cylindrosporus flavidus","FALSE","FALSE","native","","","","Cylindrosporus","flavidus",NA,"","","",FALSE,TRUE,TRUE,TRUE
"59df120a-82e2-49d9-b700-c1ea9632c13d","species","52cb7600-48cf-43e6-a869-a116a8a4ec32","t0041133","Inonotus fushanus","Fungi","Basidiomycetes","native","","","","","",NA,"species","Inonotus fushanianus","FALSE","FALSE","native","","","","Inonotus","fushanianus",NA,"","","",FALSE,TRUE,TRUE,TRUE
"7a28fd92-3e05-4b8c-a547-37201999bd46","species","52cb7600-48cf-43e6-a869-a116a8a4ec32","t0041134","Inonotus iodinus","Fungi","Basidiomycetes","native","","","","","",NA,"species","Hymenochaete iodina","FALSE","FALSE","native","","","","Hymenochaete","iodina",NA,"","","",FALSE,TRUE,TRUE,TRUE
"c7f1bbbc-3a3b-44f6-ada2-fa6371d45a13","species","52cb7600-48cf-43e6-a869-a116a8a4ec32","t0041136","Inonotus radiatus","Fungi","Basidiomycetes","native","","","","","",NA,"species","Mensularia radiata","FALSE","FALSE","native","","","","Mensularia","radiata",NA,"","","",FALSE,TRUE,TRUE,TRUE
"81cbbdbb-8446-4fea-ae00-041db35c2ee3","species","6f3115c9-b0fc-423d-b7a7-4a245384f055","t0042627","Phellinus gilvus","Fungi","Basidiomycetes","native","","","","","",NA,"species","Fuscoporia gilva","FALSE","FALSE","native","","","","Fuscoporia","gilva",NA,"","","",FALSE,TRUE,TRUE,TRUE
"d96f660d-4070-468d-ab3e-30a71068f45d","species","87966158-b092-474f-a2d9-64d93bded524","t0041000","Hyphodontia dimorpha","Fungi","Basidiomycetes","native","","","","","",NA,"species","Scopuloides dimorpha","FALSE","FALSE","native","","","","Scopuloides","dimorpha",NA,"","","",FALSE,TRUE,TRUE,TRUE
"f91ce346-90a5-4b40-bbb4-ea36e7a90fd5","species","87966158-b092-474f-a2d9-64d93bded524","t0041021","Hyphodontia taiwaniana","Fungi","Basidiomycetes","native","","","","","",NA,"species","Xylodon taiwanianus","FALSE","FALSE","native","","","","Xylodon","taiwanianus",NA,"","","",FALSE,TRUE,TRUE,TRUE
"ebac71a6-0448-407b-9f30-2b9b2bdc552a","species","87966158-b092-474f-a2d9-64d93bded524","t0040998","Hyphodontia capitatocystidiata","Fungi","Basidiomycetes","native","","","","","",NA,"species","Lyomyces capitatocystidiatus","FALSE","FALSE","native","","","","Lyomyces","capitatocystidiatus",NA,"","","",FALSE,TRUE,TRUE,TRUE
"80ab96c5-ae2b-408b-9ef5-b0d90dec8d5f","species","87966158-b092-474f-a2d9-64d93bded524","t0041003","Hyphodontia flavipora","Fungi","Basidiomycetes","native","","","","","",NA,"species","Xylodon flaviporus","FALSE","FALSE","native","","","","Xylodon","flaviporus",NA,"","","",FALSE,TRUE,TRUE,TRUE
"580c7ca9-7abe-4853-a115-2ea748195f67","species","87966158-b092-474f-a2d9-64d93bded524","t0041004","Hyphodontia heterocystidiata","Fungi","Basidiomycetes","native","","","","","",NA,"species","Xylodon heterocystidiatus","FALSE","FALSE","native","","","","Xylodon","heterocystidiatus",NA,"","","",FALSE,TRUE,TRUE,TRUE
"126fa450-013d-4ad4-98c7-eb1599f5e218","species","87966158-b092-474f-a2d9-64d93bded524","t0041012","Hyphodontia septocystidiata","Fungi","Basidiomycetes","native","","","","","",NA,"species","Xylodon septocystidiatus","FALSE","FALSE","native","","","","Xylodon","septocystidiatus",NA,"","","",FALSE,TRUE,TRUE,TRUE
"6bc902ba-738d-4659-960f-27ae593840f7","species","87966158-b092-474f-a2d9-64d93bded524","t0040996","Hyphodontia anmashanensis","Fungi","Basidiomycetes","native","","","","","",NA,"species","Xylodon anmashanensis","FALSE","FALSE","native","","","","Xylodon","anmashanensis",NA,"","","",FALSE,TRUE,TRUE,TRUE
"1d98f6c8-b872-4a60-b403-c7cee86905cc","species","87966158-b092-474f-a2d9-64d93bded524","t0041001","Hyphodontia echinata","Fungi","Basidiomycetes","native","","","","","",NA,"species","Xylodon echinatus","FALSE","FALSE","native","","","","Xylodon","echinatus",NA,"","","",FALSE,TRUE,TRUE,TRUE
"1de5eda3-5d09-42ed-b4e5-d51f6923e701","species","87966158-b092-474f-a2d9-64d93bded524","t0041005","Hyphodontia microfasciculata","Fungi","Basidiomycetes","native","","","","","",NA,"species","Lyomyces microfasciculatus","FALSE","FALSE","native","","","","Lyomyces","microfasciculatus",NA,"","","",FALSE,TRUE,TRUE,TRUE
"89fb2ea8-7d92-461b-b749-195d5a097e71","species","87966158-b092-474f-a2d9-64d93bded524","t0041016","Hyphodontia subclavata","Fungi","Basidiomycetes","native","","","","","",NA,"species","Xylodon subclavatus","FALSE","FALSE","native","","","","Xylodon","subclavatus",NA,"","","",FALSE,TRUE,TRUE,TRUE
"3179f840-d5e0-4def-8ac0-20ae5bd390bb","species","87966158-b092-474f-a2d9-64d93bded524","t0041022","Hyphodontia tenuissima","Fungi","Basidiomycetes","native","","","","","",NA,"species","Lyomyces tenuissimus","FALSE","FALSE","native","","","","Lyomyces","tenuissimus",NA,"","","",FALSE,TRUE,TRUE,TRUE
"a4979424-b67d-4e0b-99b8-ca9b9942b1ad","species","3753ebe3-03e0-4f91-9896-f3db1b75cb66","t0041771","Microbotryum emodense","Fungi","Urediniomycetes","native","","","","","",NA,"species","Microbotryum emodensis","FALSE","FALSE","native","","","","Microbotryum","emodensis",NA,"","","",FALSE,TRUE,TRUE,TRUE
"e60f1e05-b621-40c8-9305-6ff2f75a36d1","species","2580b95a-d1d7-428b-a12b-798f9469dd0d","t0044378","Thielavia terricola","Fungi","Sordariomycetes","native","","","","","",NA,"species","Pseudothielavia terricola","FALSE","FALSE","native","","","","Pseudothielavia","terricola",NA,"","","",FALSE,TRUE,TRUE,TRUE
"5e069113-b5bf-45ba-991c-571c618f4b2e","species","42a33f4b-746d-42ff-891e-8b6070a57b6a","t0044363","Thelebolus stercorus","Fungi","Ascomycetes","native","","","","","",NA,"species","Thelebolus stercoreus","FALSE","FALSE","native","","","","Thelebolus","stercoreus",NA,"","","",FALSE,TRUE,TRUE,TRUE
"1c0b4f79-bf85-49b0-afa4-2425f4e954e4","species","e8b264fe-122b-48c9-852d-4f4766867d61","t0042360","Penicillium assiutense","Fungi","Eurotiomycetes","native","","","","","",NA,"species","Talaromyces assiutensis","FALSE","FALSE","native","","","","Talaromyces","assiutensis",NA,"","","",FALSE,TRUE,TRUE,TRUE
"e6c4cecb-4b99-4747-8a23-52a304de914b","species","e8b264fe-122b-48c9-852d-4f4766867d61","t0042374","Penicillium dangeardii","Fungi","Eurotiomycetes","native","","","","","",NA,"species","Talaromyces flavus","FALSE","FALSE","native","","","","Talaromyces","flavus",NA,"","","",FALSE,TRUE,TRUE,TRUE
"04b530c0-3032-450a-b85d-449388996bde","species","e8b264fe-122b-48c9-852d-4f4766867d61","t0042379","Penicillium erythromellis","Fungi","Eurotiomycetes","native","","","","","",NA,"species","Talaromyces erythromellis","FALSE","FALSE","native","","","","Talaromyces","erythromellis",NA,"","","",FALSE,TRUE,TRUE,TRUE
"e85f3be8-99de-4af9-8e8a-57789ccbc40c","species","e8b264fe-122b-48c9-852d-4f4766867d61","t0042390","Penicillium islandicum","Fungi","Eurotiomycetes","native","","","","","",NA,"species","Talaromyces islandicus","FALSE","FALSE","native","","","","Talaromyces","islandicus",NA,"","","",FALSE,TRUE,TRUE,TRUE
"ea1a67b4-2715-445a-a91b-4c69f025e6aa","species","e8b264fe-122b-48c9-852d-4f4766867d61","t0042397","Penicillium marneffei","Fungi","Eurotiomycetes","native","","","","","",NA,"species","Talaromyces marneffei","FALSE","FALSE","native","","","","Talaromyces","marneffei",NA,"","","",FALSE,TRUE,TRUE,TRUE
"23a7aa54-c521-4936-9061-beba20360c73","species","e8b264fe-122b-48c9-852d-4f4766867d61","t0042400","Penicillium minioluteum","Fungi","Eurotiomycetes","native","","","","","",NA,"species","Talaromyces minioluteus","FALSE","FALSE","native","","","","Talaromyces","minioluteus",NA,"","","",FALSE,TRUE,TRUE,TRUE
"0f1cef0e-aa39-4c0a-b1ce-853c52794ce0","species","e8b264fe-122b-48c9-852d-4f4766867d61","t0042407","Penicillium pinophilum","Fungi","Eurotiomycetes","native","","","","","",NA,"species","Talaromyces pinophilus","FALSE","FALSE","native","","","","Talaromyces","pinophilus",NA,"","","",FALSE,TRUE,TRUE,TRUE
"a60eeb81-d65d-40a7-9044-6bd2abf68243","species","e8b264fe-122b-48c9-852d-4f4766867d61","t0042409","Penicillium purpurogenum","Fungi","Eurotiomycetes","native","","","","","",NA,"species","Talaromyces purpureogenus","FALSE","FALSE","native","","","","Talaromyces","purpureogenus",NA,"","","",FALSE,TRUE,TRUE,TRUE
"22656a35-a82f-496c-b1bb-e94332e374a6","species","e8b264fe-122b-48c9-852d-4f4766867d61","t0042413","Penicillium rugulosum","Fungi","Eurotiomycetes","native","","","","","",NA,"species","Talaromyces rugulosus","FALSE","FALSE","native","","","","Talaromyces","rugulosus",NA,"","","",FALSE,TRUE,TRUE,TRUE
"2362d418-bee5-4532-9447-e4aba603003d","species","e8b264fe-122b-48c9-852d-4f4766867d61","t0042422","Penicillium unicum","Fungi","Eurotiomycetes","native","","","","","",NA,"species","Talaromyces unicus","FALSE","FALSE","native","","","","Talaromyces","unicus",NA,"","","",FALSE,TRUE,TRUE,TRUE
"f4415da0-46e0-4ef9-82da-296666132e4b","species","e8b264fe-122b-48c9-852d-4f4766867d61","t0042423","Penicillium variabile","Fungi","Eurotiomycetes","native","","","","","",NA,"species","Talaromyces variabilis","FALSE","FALSE","native","","","","Talaromyces","variabilis",NA,"","","",FALSE,TRUE,TRUE,TRUE
"0effb29b-6372-4157-b7a3-b47ba59765f2","species","e8b264fe-122b-48c9-852d-4f4766867d61","t0042365","Penicillium calidicanium","Fungi","Eurotiomycetes","native","","","","","",NA,"species","Talaromyces calidicanius","FALSE","FALSE","native","","","","Talaromyces","calidicanius",NA,"","","",FALSE,TRUE,TRUE,TRUE
"5d4583fd-5c04-4975-9ece-2376c72987d7","species","e8b264fe-122b-48c9-852d-4f4766867d61","t0042358","Penicillium albobiverticillium","Fungi","Eurotiomycetes","native","","","","","",NA,"species","Talaromyces albobiverticillius","FALSE","FALSE","native","","","","Talaromyces","albobiverticillius",NA,"","","",FALSE,TRUE,TRUE,TRUE
"5098992c-5965-494c-835a-7ba49790dcf3","species","1c2f85d2-84dc-4755-9d2b-31fb7db89a27","t0045237","Diplotheca costata","Protozoa","Zoomastigophora","native","","","","","",NA,"species","Volkanus costatus","FALSE","FALSE","native","","","","Volkanus","costatus",NA,"","","",FALSE,TRUE,TRUE,TRUE
"a9b0a2ba-f2c8-4b31-953e-1993c3b6f25c","species","e6134be1-3ee9-4cd7-aa74-8b5fe85dfa6b","t0045723","Platypleura cercophora","Protozoa","Zoomastigophora","native","","","","","",NA,"species","Thomsenella cercophora","FALSE","FALSE","native","","","","Thomsenella","cercophora",NA,"","","",FALSE,TRUE,TRUE,TRUE
"a65e627c-01d1-41f9-917d-4115b3d8840b","species","e6134be1-3ee9-4cd7-aa74-8b5fe85dfa6b","t0045724","Platypleura infundibuliformis","Protozoa","Zoomastigophora","native","","","","","",NA,"species","Thomsenella infundibuliformis","FALSE","FALSE","native","","","","Thomsenella","infundibuliformis",NA,"","","",FALSE,TRUE,TRUE,TRUE
"d06ed91d-8b09-4590-92ac-5b084e6c66da","species","b1269202-8884-4ffb-b998-af0435067efe","t0045321","Gallitellia vivans","Protozoa","Granuloreticulosea","native","","","","","",NA,"species","Neogallitellia vivans","FALSE","FALSE","native","","","","Neogallitellia","vivans",NA,"","","",FALSE,TRUE,TRUE,TRUE
"c1672052-04f7-4912-a720-66808efd60de","species","2df406ea-0c05-4ca0-afcb-af37ffbefe69","t0045779","Quadrula symmetrica","Protozoa","Granuloreticulosea","native","","","","","",NA,"species","Quadrulella symmetrica","FALSE","FALSE","native","","","","Quadrulella","symmetrica",NA,"","","",FALSE,TRUE,TRUE,TRUE
"5b525069-1a18-437b-b4b2-5ee69552d08f","species","7f7f4db9-6a67-4996-947d-049f5d760e36","t0045820","Sigmoidella bacomensis","Protozoa","Granuloreticulosea","native","","","","","",NA,"species","Sigmoidella bakomensis","FALSE","FALSE","native","","","","Sigmoidella","bakomensis",NA,"","","",FALSE,TRUE,TRUE,TRUE
"c6f50e3a-4b9e-4a97-9b1f-ee8d56d738e9","infraspecies","40a92bbe-078e-47fd-a8cc-32c11f01ca33","t0086496","Praeorbulina glomerosa circularis","Protozoa","Granuloreticulosea","native","","","","","",NA,"species","Praeorbulina circularis","FALSE","FALSE","native","","","","Praeorbulina","circularis",NA,"","","",FALSE,TRUE,TRUE,TRUE
"6d111bc9-fd7f-4813-8ade-751d9f2a4cda","species","ac514e16-8889-466e-854f-69dcf4e29bef","t0045623","Peridinium longipes","Protozoa","Dinophyceae","native","","","","","",NA,"species","Protoperidinium longipes","FALSE","FALSE","native","","","","Protoperidinium","longipes",NA,"","","",FALSE,TRUE,TRUE,TRUE
"1604d828-ec10-47d4-abad-3dce7e0bec26","species","6c24c42b-bba6-4c1a-9e3a-d9a3d8b766d4","t0045109","Ceratium arcuatum","Protozoa","Dinophyceae","native","","","","","",NA,"species","Tripos arcuatus","FALSE","FALSE","native","","","","Tripos","arcuatus",NA,"","","",FALSE,TRUE,TRUE,TRUE
"417ae972-269b-4d9d-a1ec-00e84ffbdbfb","species","6c24c42b-bba6-4c1a-9e3a-d9a3d8b766d4","t0045112","Ceratium belone","Protozoa","Dinophyceae","native","","","","","",NA,"species","Tripos belone","FALSE","FALSE","native","","","","Tripos","belone",NA,"","","",FALSE,TRUE,TRUE,TRUE
"05f2580b-50f8-4699-9fb6-67b8d1badf1d","species","6c24c42b-bba6-4c1a-9e3a-d9a3d8b766d4","t0045117","Ceratium declinatum","Protozoa","Dinophyceae","native","","","","","",NA,"species","Tripos gracilis","FALSE","FALSE","native","","","","Tripos","gracilis",NA,"","","",FALSE,TRUE,TRUE,TRUE
"65706c5e-1802-4010-a976-88ceae1afe08","species","6c24c42b-bba6-4c1a-9e3a-d9a3d8b766d4","t0045118","Ceratium deflexum","Protozoa","Dinophyceae","native","","","","","",NA,"species","Tripos gallicus","FALSE","FALSE","native","","","","Tripos","gallicus",NA,"","","",FALSE,TRUE,TRUE,TRUE
"35f064cb-6959-4088-b529-3a7012b3f8ce","species","6c24c42b-bba6-4c1a-9e3a-d9a3d8b766d4","t0045119","Ceratium dens","Protozoa","Dinophyceae","native","","","","","",NA,"species","Tripos dens","FALSE","FALSE","native","","","","Tripos","dens",NA,"","","",FALSE,TRUE,TRUE,TRUE
"cbaf7f9b-8284-43dc-8aa2-e53dbf2de5ec","species","6c24c42b-bba6-4c1a-9e3a-d9a3d8b766d4","t0045121","Ceratium extensum","Protozoa","Dinophyceae","native","","","","","",NA,"species","Tripos extensus","FALSE","FALSE","native","","","","Tripos","extensus",NA,"","","",FALSE,TRUE,TRUE,TRUE
"78cf091a-e7ac-4bc6-946e-de8b5ce797d2","species","6c24c42b-bba6-4c1a-9e3a-d9a3d8b766d4","t0045122","Ceratium falcatum","Protozoa","Dinophyceae","native","","","","","",NA,"species","Tripos falcatus","FALSE","FALSE","native","","","","Tripos","falcatus",NA,"","","",FALSE,TRUE,TRUE,TRUE
"3b4bec19-8b43-4885-9d54-e781af701ab3","species","6c24c42b-bba6-4c1a-9e3a-d9a3d8b766d4","t0045123","Ceratium furca","Protozoa","Dinophyceae","native","","","","","",NA,"species","Tripos furca","FALSE","FALSE","native","","","","Tripos","furca",NA,"","","",FALSE,TRUE,TRUE,TRUE
"d8ace203-ec4c-4c7c-8886-c988cf3fa3fc","species","6c24c42b-bba6-4c1a-9e3a-d9a3d8b766d4","t0045125","Ceratium gravidum","Protozoa","Dinophyceae","native","","","","","",NA,"species","Tripos gravidus","FALSE","FALSE","native","","","","Tripos","gravidus",NA,"","","",FALSE,TRUE,TRUE,TRUE
"63dbd52d-9bea-4e7e-8576-8455dc539580","species","6c24c42b-bba6-4c1a-9e3a-d9a3d8b766d4","t0045128","Ceratium humile","Protozoa","Dinophyceae","native","","","","","",NA,"species","Tripos muelleri","FALSE","FALSE","native","","","","Tripos","muelleri",NA,"","","",FALSE,TRUE,TRUE,TRUE
"0dcafc1f-db09-4a64-a6f2-b76135dc06e9","species","6c24c42b-bba6-4c1a-9e3a-d9a3d8b766d4","t0045130","Ceratium inflatum","Protozoa","Dinophyceae","native","","","","","",NA,"species","Tripos inflatus","FALSE","FALSE","native","","","","Tripos","inflatus",NA,"","","",FALSE,TRUE,TRUE,TRUE
"fd3aa7c0-3419-4bfa-a32c-7bd9b47913fc","species","6c24c42b-bba6-4c1a-9e3a-d9a3d8b766d4","t0045131","Ceratium karstenii","Protozoa","Dinophyceae","native","","","","","",NA,"species","Tripos karstenii","FALSE","FALSE","native","","","","Tripos","karstenii",NA,"","","",FALSE,TRUE,TRUE,TRUE
"bb4b6a33-abde-40e6-9123-cc8f64597252","species","6c24c42b-bba6-4c1a-9e3a-d9a3d8b766d4","t0045132","Ceratium limulus","Protozoa","Dinophyceae","native","","","","","",NA,"species","Tripos limulus","FALSE","FALSE","native","","","","Tripos","limulus",NA,"","","",FALSE,TRUE,TRUE,TRUE
"8e04e013-ce30-45ac-87b6-cf1f6ebe77e5","species","6c24c42b-bba6-4c1a-9e3a-d9a3d8b766d4","t0045133","Ceratium lineatum","Protozoa","Dinophyceae","native","","","","","",NA,"species","Tripos lineatus","FALSE","FALSE","native","","","","Tripos","lineatus",NA,"","","",FALSE,TRUE,TRUE,TRUE
"9b3a778a-1845-477c-9de3-22fc6a433675","species","6c24c42b-bba6-4c1a-9e3a-d9a3d8b766d4","t0045134","Ceratium longissimum","Protozoa","Dinophyceae","native","","","","","",NA,"species","Tripos longissimus","FALSE","FALSE","native","","","","Tripos","longissimus",NA,"","","",FALSE,TRUE,TRUE,TRUE
"984a9e81-7d17-4bfd-a710-59d71304fd48","species","6c24c42b-bba6-4c1a-9e3a-d9a3d8b766d4","t0045135","Ceratium lunulus","Protozoa","Dinophyceae","native","","","","","",NA,"species","Tripos lunula","FALSE","FALSE","native","","","","Tripos","lunula",NA,"","","",FALSE,TRUE,TRUE,TRUE
"cf9da4cb-1080-462f-a44e-e0ed2262edd1","species","6c24c42b-bba6-4c1a-9e3a-d9a3d8b766d4","t0045137","Ceratium massiliense","Protozoa","Dinophyceae","native","","","","","",NA,"species","Tripos massiliensis","FALSE","FALSE","native","","","","Tripos","massiliensis",NA,"","","",FALSE,TRUE,TRUE,TRUE
"97f14e46-8626-4ac2-832f-a59118494c70","species","6c24c42b-bba6-4c1a-9e3a-d9a3d8b766d4","t0045138","Ceratium platycorne","Protozoa","Dinophyceae","native","","","","","",NA,"species","Tripos platycornis","FALSE","FALSE","native","","","","Tripos","platycornis",NA,"","","",FALSE,TRUE,TRUE,TRUE
"64770104-f2c7-4ac6-8528-ea3256463ac7","species","6c24c42b-bba6-4c1a-9e3a-d9a3d8b766d4","t0045142","Ceratium teres","Protozoa","Dinophyceae","native","","","","","",NA,"species","Tripos teres","FALSE","FALSE","native","","","","Tripos","teres",NA,"","","",FALSE,TRUE,TRUE,TRUE
"74c5a121-9c98-424a-935f-82c6eb5793dc","species","6c24c42b-bba6-4c1a-9e3a-d9a3d8b766d4","t0045143","Ceratium trichoceros","Protozoa","Dinophyceae","native","","","","","",NA,"species","Tripos trichoceros","FALSE","FALSE","native","","","","Tripos","trichoceros",NA,"","","",FALSE,TRUE,TRUE,TRUE
"b20fbdbb-9002-4780-a81e-31e2f11cde5a","species","6c24c42b-bba6-4c1a-9e3a-d9a3d8b766d4","t0045114","Ceratium carriense","Protozoa","Dinophyceae","native","","","","","",NA,"species","Tripos carriensis",NA,"FALSE","","","","","Tripos","carriensis",NA,"","","",FALSE,TRUE,TRUE,TRUE
"c908be94-a537-4e70-985b-0e09272983a2","species","6c24c42b-bba6-4c1a-9e3a-d9a3d8b766d4","t0045126","Ceratium hexacanthum","Protozoa","Dinophyceae","native","","","","","",NA,"species","Tripos hexacanthus",NA,"FALSE","native","","","","Tripos","hexacanthus",NA,"","","",FALSE,TRUE,TRUE,TRUE
"deb3f7a4-35d0-453a-902b-bb9f2666439b","species","6c24c42b-bba6-4c1a-9e3a-d9a3d8b766d4","t0045140","Ceratium pulchellum","Protozoa","Dinophyceae","native","","","","","",NA,"species","Tripos pulchellus","FALSE","FALSE","native","","","","Tripos","pulchellus",NA,"","","",FALSE,TRUE,TRUE,TRUE
"764deb76-b073-43ed-8f60-cb1a4abf823f","species","1faccb0a-06f4-492c-9ad1-6d76cfef47dd","t0045568","Neoceratium breve","Protozoa","Dinophyceae","native","","","","","",NA,"species","Tripos brevis","FALSE","FALSE","native","","","","Tripos","brevis",NA,"","","",FALSE,TRUE,TRUE,TRUE
"593830e5-010c-4d1a-a7cf-cac593eadce5","species","aeb5fd44-78c4-4003-b9d2-a0c19a2cf2eb","t0045294","Euglena saguinea","Protozoa","Euglenida","native","","","","","",NA,"species","Euglena sanguinea","FALSE","FALSE","native","","","","Euglena","sanguinea",NA,"","","",FALSE,TRUE,TRUE,TRUE
"ce4fdadc-1f6a-49b5-8a5b-9d26b73c3acb","infraspecies","aceccc41-85de-457d-8900-ad91995adc1e","t0087337","Caloneis silicula minuta","Chromista","Bacillariophyceae","native","","","","","",NA,"infraspecies","Caloneis ventricosa minuta","FALSE","FALSE","native","","","","Caloneis","ventricosa","minuta","","","",FALSE,TRUE,TRUE,TRUE
"a589df2e-bc57-41d0-8920-f7a97862ab7e","infraspecies","aceccc41-85de-457d-8900-ad91995adc1e","t0087251","Caloneis silicula subundulata","Chromista","Bacillariophyceae","native","","","","","",NA,"infraspecies","Caloneis ventricosa subundulata","FALSE","FALSE","native","","","","Caloneis","ventricosa","subundulata","","","",FALSE,TRUE,TRUE,TRUE
"a1f6f3bf-8b0d-45d9-b274-18572db10f08","infraspecies","97779c06-a3ce-4887-8ad0-21085a4795c5","t0053724","Frustulia rhomboides saxonica itata","Chromista","Bacillariophyceae","native","","","","","",NA,"species","Flaveria bidentis","FALSE","FALSE","non-native","",NA,"","Flaveria","bidentis",NA,"","","",FALSE,TRUE,TRUE,TRUE
"b3bce1c4-20db-42d9-90ed-6a168aa291e6","infraspecies","b7151da5-572c-42d7-ab90-d4a1aeb6ba25","t0087216","Navicula elginensis subsalsa","Chromista","Bacillariophyceae","native","","","","","",NA,"infraspecies","Navicula anglica subsalsa","FALSE","FALSE","native","","","","Navicula","anglica","subsalsa","","","",FALSE,TRUE,TRUE,TRUE
"bb8375f8-8444-4ee8-9464-be2374dc03bc","infraspecies","ed95f181-8e02-46a5-b7fe-6f8d7998bf04","t0087229","Navicula hungarica luneburgensis","Chromista","Bacillariophyceae","native","","","","","",NA,"infraspecies","Navicula capitata luneburgensis","FALSE","FALSE","native","","","","Navicula","capitata","luneburgensis","","","",FALSE,TRUE,TRUE,TRUE
"e750a90a-8219-449f-be4d-8817c7a72bc5","infraspecies","dc95bb94-eaa2-4bf9-afdf-d5b9b420c082","t0101136","Fallacia forcipata densestriata","Chromista","Bacillariophyceae","native","","","","","",NA,"infraspecies","Fallacia forcipata densistriata","FALSE","FALSE","native","","","","Fallacia","forcipata","densistriata","","","",FALSE,TRUE,TRUE,TRUE
"37913b30-eb2a-441a-8734-1bd0ab310c30","infraspecies","dc95bb94-eaa2-4bf9-afdf-d5b9b420c082","t0087226","Fallacia forcipata nummularioides","Chromista","Bacillariophyceae","native","","","","","",NA,"infraspecies","Navicula forcipata nummularioides","FALSE","FALSE","native","","","","Navicula","forcipata","nummularioides","","","",FALSE,TRUE,TRUE,TRUE
"7d0d5acc-1735-4cf9-9576-bdcdf99103a1","infraspecies","5d968ea7-45d1-4219-839d-15e397cb3468","t0087333","Plagiotropis lepidoptera javanica","Chromista","Bacillariophyceae","native","","","","","",NA,"infraspecies","Tropidoneis lepidoptera javanica","FALSE","FALSE","native","","","","Tropidoneis","lepidoptera","javanica","","","",FALSE,TRUE,TRUE,TRUE
"3ee3525e-6827-4e90-8db8-c73d59db8f3c","infraspecies","6a3c15e0-594f-4e11-824a-231b8fd24961","t0087197","Gomphonema longiceps mexicanum","Chromista","Bacillariophyceae","native","","","","","",NA,"infraspecies","Gomphonema subclavatum mexicanum","FALSE","FALSE","native","","","","Gomphonema","subclavatum","mexicanum","","","",FALSE,TRUE,TRUE,TRUE
"2d0550f8-a5d7-41f2-8083-38880510ecfc","infraspecies","eb949a51-8d60-4f20-93d1-ebaa8ced15d7","t0086550","Synedra rumpen familaris","Chromista","Coscinodiscophyceae","native","","","","","",NA,"infraspecies","Synedra rumpens familaris","FALSE","FALSE","native","","","","Synedra","rumpens","familaris","","","",FALSE,TRUE,TRUE,TRUE
"9b987261-41d3-4a86-a153-3381cb522c36","infraspecies","eb949a51-8d60-4f20-93d1-ebaa8ced15d7","t0086551","Synedra rumpen meneghiniana","Chromista","Coscinodiscophyceae","native","","","","","",NA,"infraspecies","Synedra rumpens meneghiniana","FALSE","FALSE","native","","","","Synedra","rumpens","meneghiniana","","","",FALSE,TRUE,TRUE,TRUE
"ee10bc38-faa7-4c8d-8ba8-411d2d52879a","infraspecies","eb949a51-8d60-4f20-93d1-ebaa8ced15d7","t0086552","Synedra rumpen rumpens","Chromista","Coscinodiscophyceae","native","","","","","",NA,"infraspecies","Synedra rumpens rumpens","FALSE","FALSE","native","","","","Synedra","rumpens","rumpens","","","",FALSE,TRUE,TRUE,TRUE
"1659e076-12a1-41c6-b620-58ca6f5c0ed8","infraspecies","7aa5d2d3-f1e6-4203-a8fa-4182d5537fed","t0087342","Nitzschia lanceolata incrustans","Chromista","Bacillariophyceae","native","","","","","",NA,"infraspecies","Nitzschia lanceolata incrustoms",NA,"FALSE","","","","","Nitzschia","lanceolata","incrustoms","","","",FALSE,TRUE,TRUE,TRUE
"990b7ce5-708c-45bd-aa68-86a596e3ed6f","infraspecies","a53e1000-4e93-4243-981e-b5b5d3afa526","t0087268","Tryblionella marginulata didyma","Chromista","Bacillariophyceae","native","","","","","",NA,"infraspecies","Nitzschia marginulata didyma","FALSE","FALSE","native","","","","Nitzschia","marginulata","didyma","","","",FALSE,TRUE,TRUE,TRUE
"1cec31bf-6751-45bd-b0f2-30330cce3f5e","infraspecies","a53e1000-4e93-4243-981e-b5b5d3afa526","t0087269","Tryblionella marginulata subconstricta","Chromista","Bacillariophyceae","native","","","","","",NA,"infraspecies","Nitzschia marginulata subconstricta","FALSE","FALSE","native","","","","Nitzschia","marginulata","subconstricta","","","",FALSE,TRUE,TRUE,TRUE
"a650f20b-7692-49a9-8551-1135a46d6aba","infraspecies","1e332b87-64ea-429a-9edc-5a2b735bbbfa","t0060465","Sargassum aquifolium prolongatum","Chromista","Phaeophyceae","native","","","","","",NA,"infraspecies","Sargassum coriifolium prolongatum","FALSE","FALSE","native","","","","Sargassum","coriifolium","prolongatum","","","",FALSE,TRUE,TRUE,TRUE
"d4a7f20b-0a2d-45a0-8c1c-9d662bb26de3","infraspecies","9cde6072-426b-43f8-97ed-40c1f1d0db28","t0087760","Uromyces fabae pisi-sativae","Fungi","Pucciniomycetes","native","","","","","",NA,"infraspecies","Uromyces fabae f.sp. pisi-sativae","FALSE","FALSE","native","","","","Uromyces","fabae","f.sp.","","","",FALSE,TRUE,TRUE,TRUE
"f4ef3563-b2c3-4f1c-8fe5-1644845a56e2","infraspecies","66157c6d-01fd-44ad-b9ea-9e0a93cf13f7","t0087476","Rhizopus microsporus chinensis rugosporus","Fungi","Mucoromycetes","native","","","","","",NA,"infraspecies","Rhizopus chinensis rugosporus","FALSE","FALSE","native","","","","Rhizopus","chinensis","rugosporus",NA,NA,NA,FALSE,TRUE,TRUE,TRUE
"a6d64ac6-344a-45e8-bdb6-d42dc18d1a94","infraspecies","62ea342d-5d7e-439b-b970-162cdae94918","t0087477","Rhizopus microsporus oligosporus glaher","Fungi","Mucoromycetes","native","","","","","",NA,"infraspecies","Rhizopus oligosporus glaher","FALSE","FALSE","native","","","","Rhizopus","oligosporus","glaher",NA,NA,NA,FALSE,TRUE,TRUE,TRUE
"b6af1e1b-f0d2-45f4-bf0e-1de9d94c8abb","infraspecies","a36ba4e3-4332-473e-93c0-7af30554aad1","t0087481","Sphaerulina westendorpii brevispora","Fungi","Dothideomycetes","native","","","","","",NA,"infraspecies","Septoria rubi brevispora","FALSE","FALSE","native","","","","Septoria","rubi","brevispora","","","",FALSE,TRUE,TRUE,TRUE
"b053b2d8-ba95-40ff-9d52-7e734081e9dd","infraspecies","67063e87-68d9-46e1-8c46-89752e44319e","t0087492","Talaromyces flavus macrosporus","Fungi","Eurotiomycetes","native","","","","","",NA,"species","Talaromyces macrosporus","FALSE","FALSE","native","","","","Talaromyces","macrosporus",NA,"","","",FALSE,TRUE,TRUE,TRUE
"6c65d670-a948-4c73-8345-6b5120749fe5","infraspecies","d8ace203-ec4c-4c7c-8886-c988cf3fa3fc","t0087523","Ceratium gravidum angustum","Protozoa","Dinophyceae","native","","","","","",NA,"infraspecies","Tripos gravidus angustus","FALSE","FALSE","native","","","","Tripos","gravidus","angustus","","","",FALSE,TRUE,TRUE,TRUE
"09771f1c-6ad6-4117-9820-62735294e390","infraspecies","70703b18-1c05-4790-b08a-41d7cee8f27c","t0087527","Ceratium tripos atlanticum","Protozoa","Dinophyceae","native","","","","","",NA,"infraspecies","Tripos muelleri atlantica","FALSE","FALSE","native","","","","Tripos","muelleri","atlantica","","","",FALSE,TRUE,TRUE,TRUE
"dd43a99b-6a73-46ec-8b8a-3dc2625d5942","infraspecies","b20fbdbb-9002-4780-a81e-31e2f11cde5a","t0087521","Ceratium carriense volans","Protozoa","Dinophyceae","native","","","","","",NA,"species","Tripos volans","FALSE","FALSE","native","","","","Tripos","volans",NA,"","","",FALSE,TRUE,TRUE,TRUE
"dd9995a5-0933-4e2c-a127-797a655b4103","infraspecies","bfd576e1-c801-4c40-be5e-4d28aa8fba98","t0087522","Tripos gibberum dispar","Protozoa","Dinophyceae","native","","","","","",NA,"infraspecies","Tripos gibberus dispar","FALSE","FALSE","native","","","","Tripos","gibberus","dispar","","","",FALSE,TRUE,TRUE,TRUE
"0ad65425-528a-4df6-9c1e-62c8ebffaf66","infraspecies","c908be94-a537-4e70-985b-0e09272983a2","t0087747","Ceratium hexacanthum spirale","Protozoa","Dinophyceae","native","","","","","",NA,"infraspecies","Tripos hexacanthus spiralis","FALSE","FALSE","native","","","","Tripos","hexacanthus","spiralis","","","",FALSE,TRUE,TRUE,TRUE
"e9826bc2-50fe-4b22-a36a-ece91ab6226d","infraspecies","4b36213a-e1b7-4f97-b760-607f4896c9a3","t0087525","Tripos pentagonus longisetum","Protozoa","Dinophyceae","native","","","","","",NA,"infraspecies","Tripos pentagonus longisetus","FALSE","FALSE","native","","","","Tripos","pentagonus","longisetus","","","",FALSE,TRUE,TRUE,TRUE
"3d9639c4-7284-4007-98ed-23a0e816583c","infraspecies","deb3f7a4-35d0-453a-902b-bb9f2666439b","t0087748","Ceratium pulchellum ipulchellum","Protozoa","Dinophyceae","native","","","","","",NA,"infraspecies","Ceratium pulchellum semipulchellum","FALSE","FALSE","native","","","","Ceratium","pulchellum","semipulchellum","","","",FALSE,TRUE,TRUE,TRUE
"28d14191-5166-469b-a2bd-8696bde93af2","infraspecies","c35b5d43-15c1-4449-8fc7-c4dbc1efec44","t0087526","Tripos symmetricus coarctatum","Protozoa","Dinophyceae","native","","","","","",NA,"species","Tripos coarctatus","FALSE","FALSE","native","","","","Tripos","coarctatus",NA,"","","",FALSE,TRUE,TRUE,TRUE
"de0bfe85-0baa-4509-ae0d-542f0c4cb74d","infraspecies","abccbed5-e211-4d2e-864f-9fe319e18984","t0087553","Perichaena corticalis liceoides","Protozoa","Myxomycetes","native","","","","","",NA,"species","Perichaena liceoides","FALSE","FALSE","native","","","","Perichaena","liceoides",NA,"","","",FALSE,TRUE,TRUE,TRUE
"2b307b10-f67e-4a13-8a7d-490f136ed586","infraspecies","c3bd0261-e9fd-4afb-8792-5c4c2d6f8948","t0086583","Physarum album rubrum","Protozoa","Myxomycetes","native","","","","","",NA,"infraspecies","Physarum nutans rubrum","FALSE","FALSE","native","","","","Physarum","nutans","rubrum","","","",FALSE,TRUE,TRUE,TRUE
"cff0f6de-de82-47a2-847c-952ac6481257","infraspecies","0f050dd6-3cb9-4ecb-9e72-af8dc684b31b","t0031023","Cribraria cancellata fuscum","Protozoa","Myxomycetes","native","","","","","",NA,"infraspecies","Dictydium cancellatum fuscum","FALSE","FALSE","native","","","","Dictydium","cancellatum","fuscum","","","",FALSE,TRUE,TRUE,TRUE
"235ad000-f455-4c03-9044-92890c03225e","species","2860a168-5cfc-41d4-b808-b22e1c102ca2","t0032019","Plexippoides guangxi","Animalia","Arachnida","native","","","","","",NA,"species","Epeus guangxi","FALSE","FALSE","native","","","","Epeus","guangxi",NA,"","","",FALSE,TRUE,TRUE,TRUE
"a0b2e60d-1acf-4b61-acbc-dcb2434bd114","species","0306f150-66ce-4566-9001-f4572df5fee8","t0078425","Chrysso lingchuanensis","Animalia","Arachnida","native","","","","","",NA,"species","Meotipa lingchuanensis","FALSE","FALSE","native","","","","Meotipa","lingchuanensis",NA,"","","",FALSE,TRUE,TRUE,TRUE
"ef26fc6f-1ac6-48d2-97b6-d5cb6c9598a7","species","0306f150-66ce-4566-9001-f4572df5fee8","t0078422","Chrysso bimaculata","Animalia","Arachnida","native","","","","","",NA,"species","Megama bimaculata","FALSE","FALSE","native","","","","Megama","bimaculata",NA,"","","",FALSE,TRUE,TRUE,TRUE
"7644e723-a9a8-4488-a409-32ecf5adbbea","species","0812b2dd-0e08-4a4e-b6e5-470bbb00a4eb","t0061744","Dipoena pelorosa","Animalia","Arachnida","native","","","","","",NA,"species","Gushangzao pelorosa","FALSE","FALSE","native","","","","Gushangzao","pelorosa",NA,"","","",FALSE,TRUE,TRUE,TRUE
"be1b0714-c349-4a5f-a263-1c93570cb819","species","86949f33-6aed-4d1c-93d8-3ea9417ee01d","t0082677","Ozptila nongae","Animalia","Arachnida","native","","","","","",NA,"species","Ozyptila nongae","FALSE","FALSE","native","","","","Ozyptila","nongae",NA,"","","",FALSE,TRUE,TRUE,TRUE
"37d6e01a-aa3a-43f3-acc1-16b1830877d0","species","86949f33-6aed-4d1c-93d8-3ea9417ee01d","t0082676","Ozptila matsumotoi","Animalia","Arachnida","native","","","","","",NA,"species","Ozyptila matsumotoi","FALSE","FALSE","native","","","","Ozyptila","matsumotoi",NA,"","","",FALSE,TRUE,TRUE,TRUE
"0ad67ca9-33e3-48e9-a059-eae5fc80f501","species","506e7ecb-4a7f-4e3e-b3a4-b2fef6399cb8","t0076307","Bathyphantes tongluensis","Animalia","Arachnida","native","","","","","",NA,"species","Wuliphantes tongluensis","FALSE","FALSE","native","","","","Wuliphantes","tongluensis",NA,"","","",FALSE,TRUE,TRUE,TRUE
"7b675d44-5433-4df3-b30a-4567eb668853","species","510c982a-d7ed-45f6-912f-516752d1856a","t0081240","Neolinyphia nigripectoris","Animalia","Arachnida","native","","","","","",NA,"species","Ketambea nigripectoris","FALSE","FALSE","native","","","","Ketambea","nigripectoris",NA,"","","",FALSE,TRUE,TRUE,TRUE
"ca718211-ab90-4a06-8a63-c3943e1896ea","species","fe765146-6700-4e6c-8b63-c0523fdad50c","t0062213","Ebrechtella forcipata","Animalia","Arachnida","native","","","","","",NA,"species","Ebelingia forcipata","FALSE","FALSE","native","","","","Ebelingia","forcipata",NA,"","","",FALSE,TRUE,TRUE,TRUE
"8aacd5f2-f294-4e27-ba0a-3b42ad7e80a6","species","d9a33a42-21cb-4786-9ff1-facbc4726f91","t0081956","Ocrisiona frenata","Animalia","Arachnida","native","","","","","",NA,"species","Kelawakaju frenata","FALSE","FALSE","native","","","","Kelawakaju","frenata",NA,"","","",FALSE,TRUE,TRUE,TRUE
"2ed56247-87ac-4629-a306-a6259e878b3f","species","7e5a5a90-7f10-4d92-93b2-f0ab8ce374f7","t0089287","Oscillatoria subtilissima","Bacteria","Cyanophyceae","native","","","","","",NA,"species","Jaaginema subtilissimum","FALSE","FALSE","native","","","","Jaaginema","subtilissimum",NA,"","","",FALSE,TRUE,TRUE,TRUE
"8943043d-8c86-4448-adf0-961a514e5812","species","20165825-6bef-4846-af93-1768cb818603","t0075794","Scenedesmus longispina","Plantae","Chlorophyceae","native","","","","","",NA,"infraspecies","Desmodesmus armatus longispina","FALSE","FALSE","native","","","","Desmodesmus","armatus","longispina","","","",FALSE,TRUE,TRUE,TRUE
"b076c81f-0dbd-4396-93fe-bec78efa993a","species","4cacfb1d-d6a4-4eea-875b-c256d5d2a9db","t0058369","Tetrastrum heterocanthum","Plantae","Chlorophyceae","native","","","","","",NA,"species","Tetrastrum heteracanthum","FALSE","FALSE","native","","","","Tetrastrum","heteracanthum",NA,"","","",FALSE,TRUE,TRUE,TRUE
"e656060c-d321-4ea1-a4d6-260aefe03a8e","species","6ab90674-b1ef-45e8-a120-fd90298fbaa6","t0074323","Hyaloraphidium contotum","Plantae","Chlorophyceae","native","","","","","",NA,"species","Hyaloraphidium contortum","FALSE","FALSE","native","","","","Hyaloraphidium","contortum",NA,"","","",FALSE,TRUE,TRUE,TRUE
"86b9f737-2e20-406d-9916-99bb571f48b7","species","ffa1dad8-7009-4aa5-b626-1427ee83400e","t0074124","Glossadelphus lingulatus","Plantae","Bryopsida","native","","","","","",NA,"species","Phyllodon lingulatus","FALSE","FALSE","native","","","","Phyllodon","lingulatus",NA,"","","",FALSE,TRUE,TRUE,TRUE
"ec3ab158-60ac-439a-9954-ff55ef5b6fc1","species","b2d0c0e2-0859-436d-8013-30351f9bc9a5","t0081921","Obrium yuejunae","Animalia","Insecta","native","","","","","",NA,"species","Obrium yueyunae","TRUE","FALSE","native","","","","Obrium","yueyunae",NA,"","","",FALSE,TRUE,TRUE,TRUE
"12bc084f-29e9-4bdc-a3dd-6ccf1d0ed71d","species","49ab95b0-afd6-47c7-af2a-f013d1ef63dc","t0040357","Begonia ×buimontana","Plantae","Spermatopsida","native","true","","NA","","",NA,"species","Begonia × buimontana","TRUE","TRUE","native","",NA,"","Begonia","×","buimontana","",NA,"",FALSE,TRUE,FALSE,TRUE
"a4cc4655-4246-46d5-80f2-04ad9df08040","species","49ab95b0-afd6-47c7-af2a-f013d1ef63dc","t0072826","Begonia ×chungii","Plantae","Spermatopsida","native","true","","NA","","",NA,"species","Begonia × chungii","TRUE","TRUE","native","",NA,"","Begonia","×","chungii","",NA,"",FALSE,TRUE,FALSE,TRUE
"3a002432-99fc-46fe-aad3-a851eb0bbdf8","species","3e0e0826-06b0-42cc-8413-a2def8efd748","t0074647","Ludwigia ×taiwanensis","Plantae","Spermatopsida","native","true","","NA","","",NA,"species","Ludwigia × taiwanensis","TRUE","TRUE","native","",NA,"","Ludwigia","×","taiwanensis","",NA,"",FALSE,TRUE,FALSE,TRUE
"fea61d06-9da8-4f2b-b454-ae5556be295f","species","70a84aaa-9c19-4d5d-81bc-f108d34d67fb","t0026481","Osmolindsaea ×yakushimensis","Plantae","Polypodiopsida","native","","","NA","","",NA,"species","Osmolindsaea japonica × Osmolindsaea odorata","FALSE","TRUE","native","","","","Osmolindsaea","japonica","×","","","",FALSE,TRUE,FALSE,TRUE
"485d2995-9adb-42cf-b3cd-d95918509017","species","f8d5ce32-c41d-497b-a57a-613e4383fbb5","t0096799","Drupa ricina","Animalia","Gastropoda","native","","","","","",NA,"species","Sistrum ricinus","FALSE","FALSE","native","","","","Sistrum","ricinus",NA,"","","",FALSE,TRUE,TRUE,TRUE
"7028d6f8-37d1-4ac4-a76c-15e75f029bf7","species","7dd8ebaf-0356-465c-8629-7c25af6d97d2","t0097875","Cusiala boarmoides","Animalia","Insecta","native","","","","","",NA,"species","Cusiala boarmioides","FALSE","FALSE","native","","","","Cusiala","boarmioides",NA,"","","",FALSE,TRUE,TRUE,TRUE
"3fbadc15-5309-4b31-8136-459e9aec368a","infraspecies","7127d749-f1d6-477b-bedc-3aaeb1b7f174","t0059188","Rhododendron × pulchrum Shu","Plantae","Spermatopsida","non-native","","","NE","","",NA,"species","Rhododendron × pulchrum","FALSE","TRUE","non-native","","","","Rhododendron","×","pulchrum",NA,NA,NA,FALSE,TRUE,FALSE,TRUE
"f267f9f2-5b58-4b69-a853-48ebbff0f733","species","0963eb68-f086-4cb5-aced-8b9056b69ce1","t0099182","Tirumala ishimoides","Animalia","Insecta","native","","","","","",NA,"species","Tirumala ishmoides","FALSE","FALSE","native","","","","Tirumala","ishmoides",NA,"","","",FALSE,TRUE,TRUE,TRUE
"90d29aad-2c5d-4053-8f23-dfe2e792c747","infraspecies","f267f9f2-5b58-4b69-a853-48ebbff0f733","t0100998","Tirumala ishimoides sontinus","Animalia","Insecta","native","","","","","",NA,"infraspecies","Tirumala ishmoides sontinus","FALSE","FALSE","native","","","","Tirumala","ishmoides","sontinus","","","",FALSE,TRUE,TRUE,TRUE
"3aea498c-a638-4e2b-99f8-ea9077952794","infraspecies","47978396-8340-4201-a766-c3c79e9bd4c1","t0102329","Pseudagkistrodon rudis rudis","Animalia","Reptilia","native","","","LC","","",NA,"infraspecies","Macropisthodon rudis rudis",NA,"FALSE","native","","LC","","Macropisthodon","rudis","rudis","LC","LC","",FALSE,FALSE,TRUE,TRUE
"9591ead2-8052-4758-99b9-3f801db24ef9","infraspecies","0d710e9d-a114-48fc-bc1c-e23047efa39a","t0074122","Gloriosa superba Greenii","Plantae","Spermatopsida","native","","","","","",NA,"species","Gloriosa superba","FALSE","FALSE","non-native","LC","","","Gloriosa","superba",NA,"LC","","",FALSE,FALSE,TRUE,TRUE
